{"type":"FeatureCollection","features":[{"type":"Feature","properties":{"layer":"Road Area","_tile":"6/26/32"},"geometry":{"type":"Polygon","coordinates":[[[-76.6249411,39.3293473],[-76.6249334,39.3293284],[-76.624927,39.3293134],[-76.6249261,39.3293116],[-76.6249203,39.3292988],[-76.6249118,39.3292803],[-76.6248712,39.3291928],[-76.6248558,39.3291637],[-76.6248367,39.3291279],[-76.6247881,39.3290376],[-76.6247585,39.3289797],[-76.6247442,39.3289519],[-76.6247409,39.3289455],[-76.6248124,39.3289457],[-76.6248418,39.3290014],[-76.6248502,39.3290174],[-76.6248988,39.3291077],[-76.6249277,39.3291617],[-76.6249438,39.3291931],[-76.6249696,39.3292443],[-76.6249813,39.3292683],[-76.6249904,39.3292875],[-76.6249967,39.3293019],[-76.625006,39.3293233],[-76.625011,39.3293355],[-76.6250189,39.329356],[-76.6250219,39.3293647],[-76.6250252,39.3293758],[-76.6250274,39.3293857],[-76.6250289,39.3293931],[-76.6250304,39.3294014],[-76.6250318,39.3294098],[-76.6250329,39.3294176],[-76.6250346,39.3294314],[-76.6250353,39.3294441],[-76.6250352,39.3294497],[-76.6249654,39.3294495],[-76.6249651,39.3294457],[-76.6249643,39.3294363],[-76.6249634,39.329429],[-76.6249612,39.3294158],[-76.6249555,39.3293907],[-76.6249512,39.3293754],[-76.6249475,39.3293641],[-76.6249453,39.3293583],[-76.6249411,39.3293473]]]}},{"type":"Feature","properties":{"layer":"Road Area","_tile":"6/26/33"},"geometry":{"type":"Polygon","coordinates":[[[-76.6247488,39.3289607],[-76.6247442,39.3289519],[-76.6247056,39.3288784],[-76.6246929,39.3288536],[-76.6246898,39.3288472],[-76.6246886,39.328845],[-76.624683,39.3288336],[-76.6246599,39.3287843],[-76.6246487,39.3287617],[-76.6246411,39.3287485],[-76.6246314,39.3287327],[-76.6246274,39.3287267],[-76.6246279,39.328635],[-76.6246314,39.3286386],[-76.624646,39.3286545],[-76.6246582,39.3286685],[-76.6246675,39.3286802],[-76.6246697,39.3286831],[-76.6246894,39.3287159],[-76.6246977,39.3287302],[-76.6247174,39.3287688],[-76.6247428,39.3288163],[-76.6247534,39.3288354],[-76.6247659,39.3288592],[-76.6248052,39.3289323],[-76.6248204,39.328961],[-76.6247488,39.3289607]]]}},{"type":"Feature","properties":{"layer":"Road Area","_tile":"6/26/37"},"geometry":{"type":"Polygon","coordinates":[[[-76.6246379,39.3267408],[-76.6246497,39.3268285],[-76.6246374,39.3268294],[-76.6246379,39.3267408]]]}},{"type":"Feature","properties":{"layer":"Road Area","_tile":"6/26/38"},"geometry":{"type":"Polygon","coordinates":[[[-76.6252897,39.3260187],[-76.6252898,39.3260188],[-76.6252887,39.3262304],[-76.6252053,39.326122],[-76.6251253,39.3260201],[-76.6251238,39.3260182],[-76.6252897,39.3260187]]]}},{"type":"Feature","properties":{"layer":"Road Area","_tile":"6/26/39"},"geometry":{"type":"Polygon","coordinates":[[[-76.6248906,39.3257523],[-76.6248914,39.3257475],[-76.6248919,39.3257416],[-76.6248921,39.3257368],[-76.6248918,39.3257344],[-76.6248916,39.3257332],[-76.6248906,39.3257294],[-76.6248886,39.3257246],[-76.6248813,39.3257109],[-76.6248507,39.3256705],[-76.6248484,39.3256677],[-76.624833,39.3256475],[-76.6248239,39.3256353],[-76.6248167,39.3256263],[-76.6247387,39.3255289],[-76.6249045,39.3255294],[-76.6249734,39.3256173],[-76.6250019,39.3256539],[-76.6250063,39.3256591],[-76.625015,39.3256697],[-76.6250236,39.3256804],[-76.6250281,39.3256843],[-76.6250306,39.325686],[-76.6250361,39.3256879],[-76.6250033,39.3257615],[-76.6248906,39.3257523]]]}},{"type":"Feature","properties":{"layer":"Road Area","_tile":"6/26/39"},"geometry":{"type":"Polygon","coordinates":[[[-76.6250033,39.3257615],[-76.6250361,39.3256879],[-76.6250409,39.325689],[-76.6250439,39.325689],[-76.6250478,39.3256887],[-76.6250524,39.3256879],[-76.6250567,39.3256868],[-76.62506,39.3256857],[-76.6250633,39.3256846],[-76.6250716,39.3256811],[-76.6250828,39.3256759],[-76.6250943,39.3256701],[-76.6251287,39.3256519],[-76.6251417,39.3256445],[-76.6251516,39.3256386],[-76.6251687,39.3256273],[-76.6251898,39.3256123],[-76.6252123,39.3255954],[-76.6252317,39.32558],[-76.6252571,39.3255586],[-76.6252798,39.3255386],[-76.6252881,39.3255306],[-76.6252924,39.3255306],[-76.6252918,39.3256485],[-76.6252864,39.3256527],[-76.6252722,39.3256628],[-76.6252542,39.325675],[-76.6252222,39.3256959],[-76.6251997,39.3257104],[-76.6251229,39.3257517],[-76.6251163,39.3257554],[-76.6251131,39.3257572],[-76.6251089,39.3257603],[-76.625105,39.3257643],[-76.6251032,39.3257671],[-76.6251026,39.3257695],[-76.6250059,39.3257616],[-76.6250033,39.3257615]]]}},{"type":"Feature","properties":{"layer":"Road Area","_tile":"6/26/39"},"geometry":{"type":"Polygon","coordinates":[[[-76.6248531,39.3257933],[-76.6248587,39.3257902],[-76.6248699,39.3257838],[-76.6248739,39.325781],[-76.624877,39.3257781],[-76.6248813,39.3257726],[-76.6248846,39.3257675],[-76.6248883,39.3257595],[-76.6248906,39.3257523],[-76.6250033,39.3257615],[-76.6249782,39.3258182],[-76.6249653,39.325847],[-76.6249579,39.3258458],[-76.624951,39.3258449],[-76.6249357,39.3258438],[-76.6249302,39.3258438],[-76.6249259,39.325844],[-76.6249216,39.3258447],[-76.6249165,39.3258459],[-76.6249016,39.32585],[-76.6248993,39.325851],[-76.6248912,39.3258548],[-76.6248006,39.3258955],[-76.624642,39.32597],[-76.6246424,39.3258925],[-76.6246646,39.325882],[-76.6247867,39.3258258],[-76.6248513,39.3257943],[-76.6248531,39.3257933]]]}},{"type":"Feature","properties":{"layer":"Road Area","_tile":"6/26/39"},"geometry":{"type":"Polygon","coordinates":[[[-76.6249653,39.325847],[-76.6249782,39.3258182],[-76.6250033,39.3257615],[-76.6250059,39.3257616],[-76.6251026,39.3257695],[-76.6251019,39.3257719],[-76.6251019,39.3257763],[-76.625103,39.3257793],[-76.6251054,39.3257844],[-76.6251746,39.3258731],[-76.6252636,39.3259858],[-76.6252898,39.3260188],[-76.6252897,39.3260339],[-76.6251358,39.3260335],[-76.6251253,39.3260201],[-76.6250423,39.325913],[-76.625035,39.3259037],[-76.6250211,39.3258866],[-76.6250083,39.3258713],[-76.625004,39.3258668],[-76.625,39.3258633],[-76.6249942,39.325859],[-76.6249878,39.3258551],[-76.6249835,39.3258527],[-76.624982,39.3258518],[-76.6249771,39.3258498],[-76.624972,39.3258485],[-76.6249653,39.325847]]]}},{"type":"Feature","properties":{"layer":"Road Area","_tile":"6/26/40"},"geometry":{"type":"Polygon","coordinates":[[[-76.6247657,39.3253523],[-76.624778,39.3253514],[-76.6248055,39.32534],[-76.6248333,39.3253268],[-76.6248311,39.3253241],[-76.6249752,39.325256],[-76.624973,39.3252534],[-76.6250047,39.3252385],[-76.6250542,39.3252159],[-76.625063,39.3252061],[-76.6250651,39.3252011],[-76.6250636,39.3251939],[-76.6250226,39.3251416],[-76.6250204,39.3251389],[-76.6250175,39.3251354],[-76.6249997,39.3251126],[-76.6249924,39.3251034],[-76.6249738,39.3250798],[-76.6249689,39.3250736],[-76.6249494,39.3250488],[-76.6249436,39.3250414],[-76.6250342,39.3250417],[-76.6250395,39.3250491],[-76.6250707,39.32509],[-76.625102,39.3251308],[-76.6251289,39.3251663],[-76.625151,39.3252025],[-76.6251128,39.3252211],[-76.6251062,39.3252243],[-76.6250339,39.3252593],[-76.6250268,39.3252627],[-76.6249902,39.3252805],[-76.6249853,39.3252829],[-76.6249338,39.325308],[-76.6249262,39.3253116],[-76.6249049,39.3253219],[-76.6248983,39.3253251],[-76.6248672,39.3253403],[-76.6248636,39.3253423],[-76.6248127,39.3253729],[-76.6247962,39.3253853],[-76.6247953,39.3253902],[-76.6247657,39.3253523]]]}},{"type":"Feature","properties":{"layer":"Road Area","_tile":"6/26/40"},"geometry":{"type":"Polygon","coordinates":[[[-76.6246461,39.3252001],[-76.6246919,39.3252576],[-76.6247657,39.3253523],[-76.6247953,39.3253902],[-76.6248018,39.3253986],[-76.6248201,39.3254217],[-76.6248264,39.3254299],[-76.6248549,39.3254661],[-76.6249164,39.3255447],[-76.6247509,39.3255441],[-76.6247285,39.3255161],[-76.6247062,39.3254876],[-76.624645,39.3254087],[-76.6246461,39.3252001]]]}},{"type":"Feature","properties":{"layer":"Road Area","_tile":"6/26/40"},"geometry":{"type":"Polygon","coordinates":[[[-76.6252716,39.3255458],[-76.6252798,39.3255386],[-76.6252924,39.3255266],[-76.6252923,39.3255459],[-76.6252716,39.3255458]]]}},{"type":"Feature","properties":{"layer":"Road Area","_tile":"6/26/40"},"geometry":{"type":"Polygon","coordinates":[[[-76.6250934,39.3250419],[-76.6250635,39.325055],[-76.6250562,39.3250582],[-76.6250434,39.3250417],[-76.6250934,39.3250419]]]}},{"type":"Feature","properties":{"layer":"Road Area","_tile":"6/26/40"},"geometry":{"type":"Polygon","coordinates":[[[-76.6249436,39.3250414],[-76.6249494,39.3250488],[-76.6249357,39.3250551],[-76.6248488,39.3250955],[-76.6248456,39.3250914],[-76.6248666,39.3250814],[-76.6248498,39.3250599],[-76.6248905,39.3250412],[-76.6249436,39.3250414]]]}},{"type":"Feature","properties":{"layer":"Road Area","_tile":"6/26/40"},"geometry":{"type":"Polygon","coordinates":[[[-76.6247953,39.3253902],[-76.6247962,39.3253853],[-76.6248127,39.3253729],[-76.6248636,39.3253423],[-76.624879,39.3253649],[-76.624822,39.3253921],[-76.6248072,39.3253953],[-76.6248018,39.3253986],[-76.6247953,39.3253902]]]}},{"type":"Feature","properties":{"layer":"Road Area","_tile":"6/26/40"},"geometry":{"type":"Polygon","coordinates":[[[-76.6248201,39.3254217],[-76.6248261,39.3254187],[-76.6248167,39.325407],[-76.6248284,39.3254001],[-76.6248258,39.325397],[-76.6248825,39.3253701],[-76.6248971,39.3253915],[-76.6248781,39.3254018],[-76.6248647,39.3254091],[-76.6248442,39.3254202],[-76.6248264,39.3254299],[-76.6248201,39.3254217]]]}},{"type":"Feature","properties":{"layer":"Road Area","_tile":"6/26/41"},"geometry":{"type":"Polygon","coordinates":[[[-76.6249487,39.3249917],[-76.6249746,39.3249787],[-76.6249856,39.3249733],[-76.6249928,39.32497],[-76.6251275,39.3249065],[-76.6251494,39.3248962],[-76.6251512,39.3248987],[-76.6251526,39.3249004],[-76.6251693,39.3249227],[-76.625129,39.3249416],[-76.6251193,39.3249462],[-76.6250669,39.3249706],[-76.6250092,39.3249977],[-76.6250043,39.3249999],[-76.6249487,39.3249917]]]}},{"type":"Feature","properties":{"layer":"Road Area","_tile":"6/26/41"},"geometry":{"type":"Polygon","coordinates":[[[-76.6249557,39.3250567],[-76.6249494,39.3250488],[-76.6249295,39.3250234],[-76.6249205,39.3250119],[-76.6249095,39.3249983],[-76.6249069,39.3249948],[-76.6248859,39.3249685],[-76.6248754,39.324955],[-76.6248621,39.3249383],[-76.6248513,39.3249248],[-76.624847,39.3249194],[-76.6248272,39.3248945],[-76.624824,39.3248903],[-76.6248188,39.324884],[-76.6248017,39.3248623],[-76.6247949,39.3248535],[-76.6247367,39.324779],[-76.6247315,39.3247724],[-76.624724,39.3247629],[-76.6247194,39.3247571],[-76.6247182,39.3247554],[-76.6246993,39.3247314],[-76.6246946,39.3247252],[-76.624687,39.3247156],[-76.6246737,39.3246987],[-76.6246693,39.3246931],[-76.6246489,39.3246671],[-76.6246492,39.3246126],[-76.6247761,39.3247726],[-76.6248306,39.3248396],[-76.6248415,39.3248532],[-76.6248478,39.3248612],[-76.6249487,39.3249917],[-76.6250043,39.3249999],[-76.6250395,39.3250491],[-76.6250456,39.325057],[-76.6249557,39.3250567]]]}},{"type":"Feature","properties":{"layer":"Road Area","_tile":"6/26/41"},"geometry":{"type":"Polygon","coordinates":[[[-76.625129,39.3249416],[-76.6251693,39.3249227],[-76.6252114,39.3249807],[-76.6251735,39.3249987],[-76.625129,39.3249416]]]}},{"type":"Feature","properties":{"layer":"Road Area","_tile":"6/26/41"},"geometry":{"type":"Polygon","coordinates":[[[-76.6250092,39.3249977],[-76.6250669,39.3249706],[-76.6251193,39.3249462],[-76.6251317,39.3249624],[-76.6250978,39.3249786],[-76.6250905,39.3249812],[-76.6250879,39.3249823],[-76.6251277,39.3250268],[-76.6251163,39.3250318],[-76.6250635,39.325055],[-76.6250589,39.325057],[-76.6250552,39.325057],[-76.6250092,39.3249977]]]}},{"type":"Feature","properties":{"layer":"Road Area","_tile":"6/26/41"},"geometry":{"type":"Polygon","coordinates":[[[-76.6249295,39.3250234],[-76.6249494,39.3250488],[-76.6249357,39.3250551],[-76.6249324,39.3250566],[-76.6248575,39.3250564],[-76.6249295,39.3250234]]]}},{"type":"Feature","properties":{"layer":"Road Area","_tile":"6/26/41"},"geometry":{"type":"Polygon","coordinates":[[[-76.6248478,39.3248612],[-76.6248735,39.3248492],[-76.6248998,39.3248824],[-76.6249338,39.3249252],[-76.6249423,39.3249358],[-76.6249559,39.324953],[-76.624968,39.324968],[-76.6249746,39.3249787],[-76.6249487,39.3249917],[-76.6248478,39.3248612]]]}},{"type":"Feature","properties":{"layer":"Road Area","_tile":"6/26/41"},"geometry":{"type":"Polygon","coordinates":[[[-76.6246494,39.3245617],[-76.6246597,39.3245748],[-76.624707,39.3246361],[-76.6247317,39.324668],[-76.6247555,39.3246987],[-76.6247677,39.3247146],[-76.6247793,39.3247294],[-76.6247651,39.3247447],[-76.6247798,39.3247688],[-76.6247761,39.3247726],[-76.6246492,39.3246126],[-76.6246494,39.3245617]]]}},{"type":"Feature","properties":{"layer":"Road Area","_tile":"6/26/42"},"geometry":{"type":"Polygon","coordinates":[[[-76.6246503,39.3244073],[-76.6246689,39.3244308],[-76.6246639,39.3244391],[-76.62465,39.324449],[-76.6246503,39.3244073]],[[-76.6246494,39.3245617],[-76.6246542,39.3245677],[-76.6246494,39.3245676],[-76.6246494,39.3245617]]]}},{"type":"Feature","properties":{"layer":"Road Area","_tile":"6/26/43"},"geometry":{"type":"Polygon","coordinates":[[[-76.6249562,39.3236513],[-76.624923,39.3236014],[-76.6248983,39.323577],[-76.6249423,39.3235772],[-76.624983,39.3236367],[-76.6250283,39.3237042],[-76.6250585,39.3237484],[-76.6250346,39.3237608],[-76.625032,39.3237571],[-76.6249666,39.323667],[-76.6249562,39.3236513]]]}},{"type":"Feature","properties":{"layer":"Road Area","_tile":"6/26/43"},"geometry":{"type":"Polygon","coordinates":[[[-76.6246547,39.3235762],[-76.6247165,39.3235764],[-76.6246851,39.3235909],[-76.6246545,39.3236054],[-76.6246547,39.3235762]]]}},{"type":"Feature","properties":{"layer":"Road Area","_tile":"6/26/43"},"geometry":{"type":"Polygon","coordinates":[[[-76.6249562,39.3236513],[-76.6249666,39.323667],[-76.625032,39.3237571],[-76.6250346,39.3237608],[-76.6250274,39.323765],[-76.6250097,39.3237748],[-76.6249965,39.3237813],[-76.6249905,39.3237737],[-76.6249887,39.3237712],[-76.6249939,39.3237689],[-76.6249964,39.323764],[-76.6249961,39.3237593],[-76.6249771,39.3237346],[-76.624952,39.3237465],[-76.6249369,39.3237536],[-76.6249354,39.3237516],[-76.6248997,39.3237683],[-76.6248804,39.3237434],[-76.6249639,39.3237081],[-76.6249588,39.3237017],[-76.6249121,39.3237234],[-76.6248988,39.3237051],[-76.6248944,39.3236989],[-76.6248899,39.3236926],[-76.6249394,39.3236673],[-76.6249562,39.3236513]]]}},{"type":"Feature","properties":{"layer":"Road Area","_tile":"6/27/33"},"geometry":{"type":"Polygon","coordinates":[[[-76.6246469,39.3287586],[-76.6246411,39.3287485],[-76.6246314,39.3287327],[-76.6246212,39.3287174],[-76.6246126,39.3287053],[-76.6246047,39.3286954],[-76.6245937,39.3286828],[-76.62458,39.3286679],[-76.6245653,39.3286527],[-76.6245515,39.3286395],[-76.6245285,39.328619],[-76.624513,39.3286057],[-76.624494,39.3285903],[-76.6244748,39.3285759],[-76.6244278,39.3285423],[-76.6244089,39.3285283],[-76.6243912,39.3285145],[-76.6243765,39.3285028],[-76.6243657,39.3284935],[-76.6243551,39.3284833],[-76.6243429,39.3284704],[-76.6243312,39.3284568],[-76.6243306,39.3284561],[-76.624409,39.3284563],[-76.6244142,39.3284613],[-76.624423,39.328469],[-76.6244365,39.3284798],[-76.6244534,39.3284928],[-76.6244715,39.3285062],[-76.6245184,39.3285398],[-76.6245332,39.3285509],[-76.6245392,39.3285554],[-76.6245596,39.328572],[-76.6245813,39.3285906],[-76.6246004,39.3286077],[-76.6246155,39.3286223],[-76.6246314,39.3286386],[-76.624646,39.3286545],[-76.6246474,39.3286561],[-76.6246469,39.3287586]]]}},{"type":"Feature","properties":{"layer":"Road Area","_tile":"6/27/34"},"geometry":{"type":"Polygon","coordinates":[[[-76.6242124,39.3279676],[-76.6242131,39.3279731],[-76.6242286,39.3280748],[-76.6242303,39.3280842],[-76.6241736,39.3280862],[-76.624166,39.3280067],[-76.6241621,39.3279674],[-76.6242124,39.3279676]],[[-76.6240745,39.3279672],[-76.6240695,39.3279725],[-76.6240643,39.3279775],[-76.62406,39.3279811],[-76.6240546,39.327985],[-76.6240484,39.327989],[-76.6240415,39.3279933],[-76.6240347,39.3279969],[-76.624028,39.3280004],[-76.624022,39.3280031],[-76.6240167,39.328005],[-76.6240101,39.3280069],[-76.6240027,39.3280084],[-76.624003,39.3279669],[-76.6240745,39.3279672]]]}},{"type":"Feature","properties":{"layer":"Road Area","_tile":"6/27/34"},"geometry":{"type":"Polygon","coordinates":[[[-76.6243438,39.3284714],[-76.6243429,39.3284704],[-76.6243312,39.3284568],[-76.6243219,39.3284452],[-76.6243159,39.3284365],[-76.6243089,39.3284249],[-76.6243013,39.3284113],[-76.6242951,39.3283988],[-76.6242895,39.328385],[-76.6242838,39.3283673],[-76.6242778,39.3283457],[-76.6242724,39.3283225],[-76.6242701,39.3283112],[-76.6242677,39.3282963],[-76.6242595,39.3282356],[-76.6242545,39.3282089],[-76.624242,39.3281489],[-76.6242303,39.3280842],[-76.6242286,39.3280748],[-76.6242131,39.3279731],[-76.6242124,39.3279676],[-76.6242776,39.3279678],[-76.624284,39.3280103],[-76.6242841,39.3280109],[-76.6242911,39.3280562],[-76.6242929,39.3280686],[-76.6243049,39.328141],[-76.6243108,39.3281693],[-76.624317,39.3281989],[-76.6243227,39.3282294],[-76.6243311,39.3282908],[-76.6243334,39.3283045],[-76.6243351,39.3283145],[-76.6243402,39.328336],[-76.6243458,39.328356],[-76.6243508,39.3283714],[-76.6243552,39.3283823],[-76.6243604,39.3283925],[-76.624367,39.3284046],[-76.624373,39.3284144],[-76.6243772,39.3284206],[-76.6243847,39.3284299],[-76.6243951,39.3284419],[-76.624403,39.3284503],[-76.6244058,39.3284532],[-76.6244142,39.3284613],[-76.624423,39.328469],[-76.6244264,39.3284716],[-76.6243438,39.3284714]]]}},{"type":"Feature","properties":{"layer":"Road Area","_tile":"6/27/35"},"geometry":{"type":"Polygon","coordinates":[[[-76.6241965,39.3277788],[-76.6241965,39.3277811],[-76.6241992,39.3278217],[-76.6242032,39.3278752],[-76.624207,39.3279211],[-76.6242094,39.3279458],[-76.6242131,39.3279731],[-76.6242146,39.3279829],[-76.6241637,39.3279827],[-76.6241595,39.3279404],[-76.6240925,39.3279457],[-76.6240757,39.3279657],[-76.6240695,39.3279725],[-76.6240643,39.3279775],[-76.62406,39.3279811],[-76.6240581,39.3279824],[-76.6240029,39.3279822],[-76.6240033,39.3279007],[-76.624009,39.3278961],[-76.6240132,39.3278926],[-76.6240219,39.3278909],[-76.6240307,39.3278891],[-76.6240252,39.3278313],[-76.6240539,39.327827],[-76.6241486,39.3278182],[-76.6241638,39.3278168],[-76.6241965,39.3277788]]]}},{"type":"Feature","properties":{"layer":"Road Area","_tile":"6/27/35"},"geometry":{"type":"Polygon","coordinates":[[[-76.6242146,39.3279829],[-76.6242131,39.3279731],[-76.6242094,39.3279458],[-76.624207,39.3279211],[-76.6242032,39.3278752],[-76.6241992,39.3278217],[-76.6241965,39.3277811],[-76.6241965,39.3277788],[-76.6241952,39.3277459],[-76.6241942,39.3277023],[-76.6241936,39.3276595],[-76.6241938,39.3276282],[-76.6241937,39.3276089],[-76.6241957,39.3275056],[-76.6241957,39.3274795],[-76.6242606,39.3274797],[-76.6242604,39.3275059],[-76.6242585,39.3276092],[-76.6242585,39.3276594],[-76.6242589,39.3276959],[-76.6242589,39.3277017],[-76.6242601,39.3277465],[-76.6242613,39.3277791],[-76.6242638,39.3278191],[-76.6242678,39.3278721],[-76.6242717,39.3279175],[-76.6242741,39.3279412],[-76.6242776,39.3279676],[-76.62428,39.3279831],[-76.6242146,39.3279829]]]}},{"type":"Feature","properties":{"layer":"Road Area","_tile":"6/27/36"},"geometry":{"type":"Polygon","coordinates":[[[-76.624249,39.3269915],[-76.6242467,39.3269938],[-76.6242447,39.3269965],[-76.6242435,39.3269996],[-76.6242425,39.3270036],[-76.6242419,39.3270073],[-76.6242419,39.3270101],[-76.6242423,39.3270117],[-76.6242328,39.3269915],[-76.624249,39.3269915]]]}},{"type":"Feature","properties":{"layer":"Road Area","_tile":"6/27/36"},"geometry":{"type":"Polygon","coordinates":[[[-76.6241957,39.3274764],[-76.6241958,39.3274473],[-76.6241957,39.3274063],[-76.6241959,39.3273155],[-76.6241965,39.3272889],[-76.6241984,39.3272246],[-76.6241968,39.3271539],[-76.624196,39.3271177],[-76.624194,39.3271035],[-76.6241653,39.3270417],[-76.6241469,39.3270027],[-76.6241415,39.3269912],[-76.6242328,39.3269915],[-76.6242423,39.3270117],[-76.6242426,39.3270132],[-76.6242443,39.3270182],[-76.6242487,39.3270275],[-76.6242652,39.3270637],[-76.6242663,39.3271106],[-76.6242665,39.3271191],[-76.6242659,39.3271398],[-76.6242628,39.3272379],[-76.6242622,39.3272642],[-76.6242607,39.3273161],[-76.6242605,39.3274064],[-76.6242606,39.3274473],[-76.6242605,39.3274949],[-76.6241957,39.3274947],[-76.6241957,39.3274764]]]}},{"type":"Feature","properties":{"layer":"Road Area","_tile":"6/27/37"},"geometry":{"type":"Polygon","coordinates":[[[-76.624197,39.3269145],[-76.6242075,39.326923],[-76.6242104,39.3269248],[-76.6242129,39.326926],[-76.624221,39.3269283],[-76.6242248,39.326929],[-76.6242279,39.3269294],[-76.6242326,39.3269293],[-76.6242385,39.3269286],[-76.6242438,39.3269275],[-76.6242483,39.3269262],[-76.6242541,39.3269236],[-76.6242592,39.3269209],[-76.6242631,39.3269181],[-76.6242651,39.3269156],[-76.6242665,39.3269122],[-76.6242669,39.3269096],[-76.624266,39.326906],[-76.6242629,39.3269002],[-76.6242523,39.3268868],[-76.6242325,39.3268621],[-76.6242562,39.3268532],[-76.624229,39.3268112],[-76.6242247,39.3268074],[-76.6242182,39.3268073],[-76.6242109,39.3268085],[-76.624208,39.3268096],[-76.624205,39.326811],[-76.6241946,39.3268173],[-76.6241833,39.3268228],[-76.6241795,39.3268251],[-76.6241775,39.3268268],[-76.6241753,39.3268283],[-76.6241716,39.326832],[-76.6241705,39.3268334],[-76.6241702,39.3268336],[-76.6241688,39.3268353],[-76.6241673,39.3268382],[-76.6241665,39.3268421],[-76.6241662,39.3268486],[-76.624166,39.3268478],[-76.6241357,39.3267835],[-76.6241137,39.3267362],[-76.6241214,39.3267454],[-76.6241237,39.3267476],[-76.6241259,39.3267493],[-76.6241285,39.3267507],[-76.6241309,39.3267523],[-76.6241348,39.3267538],[-76.6241386,39.3267548],[-76.6241433,39.3267555],[-76.6241476,39.3267558],[-76.6241509,39.3267557],[-76.6241538,39.3267551],[-76.6241576,39.326754],[-76.6241668,39.3267507],[-76.6241773,39.3267466],[-76.6241841,39.3267437],[-76.6241894,39.3267409],[-76.6241934,39.326738],[-76.6241968,39.3267351],[-76.6241985,39.3267328],[-76.624199,39.3267304],[-76.624199,39.3267261],[-76.6241675,39.3266869],[-76.6241999,39.3266722],[-76.6243651,39.3265964],[-76.6244385,39.3265617],[-76.6244746,39.326607],[-76.6244812,39.326612],[-76.6244847,39.3266141],[-76.624491,39.3266158],[-76.6244957,39.326616],[-76.6245037,39.3266157],[-76.6246195,39.3266056],[-76.6246206,39.3266134],[-76.6246267,39.3266573],[-76.6246497,39.3268285],[-76.6245739,39.3268339],[-76.6245702,39.3268343],[-76.6245684,39.3268353],[-76.6245673,39.3268363],[-76.6245673,39.3268391],[-76.6245682,39.3268416],[-76.6245962,39.3268798],[-76.6246057,39.3268878],[-76.6244937,39.3269409],[-76.6244082,39.32698],[-76.6243982,39.3269845],[-76.6243702,39.3269475],[-76.6243647,39.3269429],[-76.6243621,39.3269416],[-76.6243584,39.3269415],[-76.6243512,39.3269422],[-76.6242801,39.3269747],[-76.6242529,39.3269877],[-76.6242467,39.3269938],[-76.6242447,39.3269965],[-76.6242435,39.3269996],[-76.6242425,39.3270036],[-76.624242,39.3270068],[-76.62424,39.3270068],[-76.6242314,39.3269885],[-76.624197,39.3269145]]]}},{"type":"Feature","properties":{"layer":"Road Area","_tile":"6/27/37"},"geometry":{"type":"Polygon","coordinates":[[[-76.6241488,39.3270065],[-76.6241469,39.3270027],[-76.6241394,39.3269865],[-76.6240819,39.3268639],[-76.6240234,39.3267378],[-76.6240139,39.3267176],[-76.6240096,39.3267086],[-76.6240107,39.3265132],[-76.6240444,39.3265857],[-76.6240663,39.3266334],[-76.6240836,39.3266704],[-76.624097,39.326699],[-76.6241137,39.3267362],[-76.6241357,39.3267835],[-76.624166,39.3268478],[-76.6241662,39.3268486],[-76.6241889,39.3268976],[-76.624197,39.3269145],[-76.6242314,39.3269885],[-76.62424,39.3270068],[-76.6241488,39.3270065]]]}},{"type":"Feature","properties":{"layer":"Road Area","_tile":"6/27/38"},"geometry":{"type":"Polygon","coordinates":[[[-76.6245431,39.3260163],[-76.6245416,39.326017],[-76.6244731,39.3260492],[-76.6244234,39.3260724],[-76.6243058,39.3261279],[-76.6242139,39.3261708],[-76.6242132,39.3261712],[-76.6240763,39.3262349],[-76.624012,39.3262657],[-76.6240124,39.326187],[-76.6241256,39.3261346],[-76.6242414,39.3260801],[-76.6242668,39.326068],[-76.6243792,39.3260158],[-76.6245431,39.3260163]]]}},{"type":"Feature","properties":{"layer":"Road Area","_tile":"6/27/38"},"geometry":{"type":"Polygon","coordinates":[[[-76.6240107,39.326518],[-76.6240107,39.3265132],[-76.6240128,39.326518],[-76.6240107,39.326518]]]}},{"type":"Feature","properties":{"layer":"Road Area","_tile":"6/27/38"},"geometry":{"type":"Polygon","coordinates":[[[-76.6242671,39.3260482],[-76.6241971,39.3260811],[-76.6241972,39.3260797],[-76.6241977,39.3260788],[-76.624198,39.3260779],[-76.6241983,39.3260763],[-76.6241983,39.3260749],[-76.6241979,39.326073],[-76.624181,39.3260517],[-76.6240958,39.326092],[-76.6240672,39.3261054],[-76.6240127,39.326131],[-76.6240133,39.3260205],[-76.624025,39.3260147],[-76.624226,39.3260153],[-76.6242333,39.3260249],[-76.6242507,39.3260406],[-76.6242511,39.3260414],[-76.624253,39.3260435],[-76.6242537,39.326044],[-76.6242537,39.3260441],[-76.6242554,39.3260452],[-76.6242573,39.3260461],[-76.6242603,39.3260472],[-76.6242635,39.3260477],[-76.6242657,39.3260477],[-76.6242671,39.3260482]],[[-76.6240127,39.3261351],[-76.6240217,39.326147],[-76.624029,39.3261516],[-76.6240325,39.3261527],[-76.6240362,39.3261534],[-76.6240374,39.3261535],[-76.6240393,39.3261535],[-76.62404,39.3261536],[-76.6240425,39.3261535],[-76.6240442,39.3261539],[-76.6240125,39.3261687],[-76.6240127,39.3261351]]]}},{"type":"Feature","properties":{"layer":"Road Area","_tile":"6/27/39"},"geometry":{"type":"Polygon","coordinates":[[[-76.6246617,39.3259608],[-76.6246052,39.3259873],[-76.6245416,39.326017],[-76.6245108,39.3260315],[-76.6243465,39.3260309],[-76.6243922,39.3260098],[-76.6244987,39.32596],[-76.6246621,39.3258832],[-76.6246617,39.3259608]]]}},{"type":"Feature","properties":{"layer":"Road Area","_tile":"6/27/39"},"geometry":{"type":"Polygon","coordinates":[[[-76.6240132,39.3260299],[-76.6240133,39.3260205],[-76.6240839,39.3259855],[-76.624171,39.3259427],[-76.6241969,39.325977],[-76.6242333,39.3260249],[-76.6242395,39.3260306],[-76.6240132,39.3260299]]]}},{"type":"Feature","properties":{"layer":"Road Area","_tile":"6/27/39"},"geometry":{"type":"Polygon","coordinates":[[[-76.6242491,39.3255273],[-76.6242491,39.3255278],[-76.6242522,39.3255328],[-76.6242624,39.3255459],[-76.6242962,39.3255887],[-76.6243064,39.3256033],[-76.6243093,39.3256068],[-76.6243122,39.3256096],[-76.6243177,39.3256141],[-76.6243197,39.3256153],[-76.6243211,39.3256159],[-76.6243247,39.3256165],[-76.6243281,39.3256167],[-76.6243335,39.3256159],[-76.6243401,39.325614],[-76.6243479,39.3256108],[-76.6243572,39.3256063],[-76.6243704,39.3255994],[-76.6244667,39.3257223],[-76.6244304,39.3257419],[-76.624427,39.3257463],[-76.6244261,39.3257482],[-76.6244262,39.3257508],[-76.6244273,39.3257551],[-76.62445,39.3257866],[-76.6244078,39.3258065],[-76.6242854,39.3258649],[-76.6241696,39.3259194],[-76.6240417,39.3259812],[-76.6240134,39.3259945],[-76.6240159,39.3255265],[-76.6242491,39.3255273]]]}},{"type":"Feature","properties":{"layer":"Road Area","_tile":"6/27/40"},"geometry":{"type":"Polygon","coordinates":[[[-76.6244319,39.3251373],[-76.624381,39.325073],[-76.6243546,39.3250395],[-76.6245202,39.3250401],[-76.6245228,39.3250434],[-76.624594,39.3251335],[-76.6246261,39.3251752],[-76.6246656,39.3252246],[-76.6246645,39.3254338],[-76.6246151,39.3253701],[-76.6245831,39.3253295],[-76.6244949,39.3252169],[-76.6244409,39.3251488],[-76.6244319,39.3251373]]]}},{"type":"Feature","properties":{"layer":"Road Area","_tile":"6/27/40"},"geometry":{"type":"Polygon","coordinates":[[[-76.6240423,39.3250385],[-76.6240543,39.3250528],[-76.6242173,39.3252554],[-76.6242074,39.3252596],[-76.6241827,39.3252289],[-76.6241704,39.3252138],[-76.6240718,39.3252617],[-76.6240472,39.3252738],[-76.6240842,39.3253197],[-76.6240168,39.3253508],[-76.6240185,39.3250385],[-76.6240423,39.3250385]],[[-76.6240164,39.3254285],[-76.6240204,39.3254266],[-76.6241293,39.325374],[-76.6241558,39.3254081],[-76.6241597,39.3254106],[-76.624161,39.3254113],[-76.6241629,39.3254115],[-76.6241652,39.3254116],[-76.624173,39.325411],[-76.624211,39.3253947],[-76.6242317,39.3254219],[-76.6242896,39.325496],[-76.6242561,39.3255112],[-76.6242516,39.3255156],[-76.6242501,39.3255181],[-76.6242491,39.3255206],[-76.6242488,39.3255245],[-76.6242491,39.3255278],[-76.6242522,39.3255328],[-76.6242598,39.3255426],[-76.6240158,39.3255418],[-76.6240164,39.3254285]]]}},{"type":"Feature","properties":{"layer":"Road Area","_tile":"6/27/41"},"geometry":{"type":"Polygon","coordinates":[[[-76.6246684,39.3246919],[-76.6246227,39.3246338],[-76.6246173,39.3246271],[-76.6245582,39.3245521],[-76.6246021,39.3245522],[-76.6246454,39.3246078],[-76.6246687,39.3246372],[-76.6246684,39.3246919]]]}},{"type":"Feature","properties":{"layer":"Road Area","_tile":"6/27/41"},"geometry":{"type":"Polygon","coordinates":[[[-76.6243667,39.3250548],[-76.6243406,39.3250219],[-76.6242565,39.3249145],[-76.624193,39.3248336],[-76.6241667,39.3247999],[-76.6241547,39.3247846],[-76.6241206,39.3247411],[-76.6240619,39.324666],[-76.6240613,39.3246654],[-76.6240208,39.3246135],[-76.6240211,39.3245504],[-76.6241349,39.3245507],[-76.6241354,39.3245513],[-76.6241604,39.3245828],[-76.6242366,39.3246781],[-76.6242969,39.3247565],[-76.6243626,39.3248397],[-76.6244385,39.3249357],[-76.6245228,39.3250434],[-76.6245322,39.3250554],[-76.6243667,39.3250548]]]}},{"type":"Feature","properties":{"layer":"Road Area","_tile":"6/27/41"},"geometry":{"type":"Polygon","coordinates":[[[-76.6246423,39.3245524],[-76.6246597,39.3245748],[-76.624669,39.3245869],[-76.6246687,39.3246372],[-76.6246454,39.3246078],[-76.6246021,39.3245522],[-76.6246423,39.3245524]]]}},{"type":"Feature","properties":{"layer":"Road Area","_tile":"6/27/41"},"geometry":{"type":"Polygon","coordinates":[[[-76.6240186,39.3250106],[-76.6240543,39.3250528],[-76.6240552,39.3250538],[-76.6240184,39.3250537],[-76.6240186,39.3250106]]]}},{"type":"Feature","properties":{"layer":"Road Area","_tile":"6/27/42"},"geometry":{"type":"Polygon","coordinates":[[[-76.6240683,39.3244657],[-76.6240769,39.324467],[-76.6240831,39.3244673],[-76.6241103,39.324455],[-76.624116,39.3244525],[-76.6243062,39.3243661],[-76.6243287,39.324355],[-76.6243742,39.3243321],[-76.6243789,39.3243193],[-76.6244148,39.3243765],[-76.6244103,39.3243751],[-76.6244014,39.3243768],[-76.624331,39.324412],[-76.6241956,39.324476],[-76.6241593,39.3244933],[-76.6241249,39.3245101],[-76.6241165,39.3245186],[-76.624115,39.3245253],[-76.6240683,39.3244657]]]}},{"type":"Feature","properties":{"layer":"Road Area","_tile":"6/27/42"},"geometry":{"type":"Polygon","coordinates":[[[-76.6245703,39.3245674],[-76.6245579,39.3245516],[-76.6245524,39.3245446],[-76.6245236,39.3245072],[-76.6245183,39.3245003],[-76.6245108,39.3244906],[-76.624479,39.3244518],[-76.6244755,39.3244476],[-76.6244456,39.324411],[-76.6244189,39.3243803],[-76.6244148,39.3243765],[-76.6243789,39.3243193],[-76.6243563,39.3242877],[-76.6243521,39.3242824],[-76.6243476,39.3242771],[-76.6243364,39.324263],[-76.6243284,39.3242533],[-76.6243231,39.3242467],[-76.6243016,39.3242202],[-76.6242963,39.3242136],[-76.6242751,39.3241875],[-76.6242717,39.3241833],[-76.6242487,39.3241547],[-76.624244,39.3241488],[-76.624189,39.3240802],[-76.6241763,39.3240628],[-76.624215,39.3240629],[-76.6242406,39.3240966],[-76.6242468,39.3241039],[-76.6242529,39.3241111],[-76.624277,39.3241393],[-76.6242843,39.324148],[-76.6243001,39.3241665],[-76.6243313,39.3242075],[-76.624357,39.3242412],[-76.6243913,39.3242855],[-76.6243965,39.324283],[-76.624447,39.3243541],[-76.6244812,39.3243974],[-76.624614,39.3245675],[-76.6245703,39.3245674]]]}},{"type":"Feature","properties":{"layer":"Road Area","_tile":"6/27/42"},"geometry":{"type":"Polygon","coordinates":[[[-76.624021,39.3245656],[-76.6240219,39.3244061],[-76.6240683,39.3244657],[-76.624115,39.3245253],[-76.6241354,39.3245513],[-76.6241471,39.324566],[-76.624021,39.3245656]]]}},{"type":"Feature","properties":{"layer":"Road Area","_tile":"6/27/42"},"geometry":{"type":"Polygon","coordinates":[[[-76.6242843,39.324148],[-76.6242974,39.3241422],[-76.6242707,39.3241092],[-76.6242707,39.324109],[-76.6243441,39.3240779],[-76.6243685,39.3241092],[-76.6243379,39.324123],[-76.6243743,39.3241716],[-76.6244273,39.3241475],[-76.6244284,39.3241488],[-76.6244345,39.3241562],[-76.6244366,39.3241587],[-76.6243313,39.3242075],[-76.6243001,39.3241665],[-76.6242843,39.324148]]]}},{"type":"Feature","properties":{"layer":"Road Area","_tile":"6/27/42"},"geometry":{"type":"Polygon","coordinates":[[[-76.6244812,39.3243974],[-76.6245079,39.3243848],[-76.6245329,39.3244163],[-76.6245519,39.3244404],[-76.6246423,39.3243972],[-76.6246689,39.3244308],[-76.6246639,39.3244391],[-76.6246465,39.3244515],[-76.6245865,39.3244802],[-76.6246056,39.3245042],[-76.6246103,39.3245109],[-76.6246342,39.324542],[-76.6246542,39.3245677],[-76.624614,39.3245675],[-76.6244812,39.3243974]]]}},{"type":"Feature","properties":{"layer":"Road Area","_tile":"6/27/42"},"geometry":{"type":"Polygon","coordinates":[[[-76.6243965,39.324283],[-76.624445,39.3242603],[-76.6244974,39.3242359],[-76.6245468,39.3242128],[-76.6245605,39.3242064],[-76.624568,39.3242027],[-76.6245942,39.3241907],[-76.6246234,39.324231],[-76.6246444,39.3242598],[-76.6246049,39.3242788],[-76.6245786,39.3242912],[-76.6245526,39.3243036],[-76.6244996,39.324329],[-76.624447,39.3243541],[-76.6243965,39.324283]]]}},{"type":"Feature","properties":{"layer":"Road Area","_tile":"6/27/43"},"geometry":{"type":"Polygon","coordinates":[[[-76.624404,39.323581],[-76.6244143,39.3235906],[-76.6244206,39.323595],[-76.6244273,39.3235959],[-76.6243817,39.3236174],[-76.6243825,39.3236122],[-76.62438,39.3236067],[-76.6243756,39.3236019],[-76.6243701,39.3235964],[-76.6243487,39.3235753],[-76.624398,39.3235754],[-76.6244004,39.3235777],[-76.624404,39.323581]]]}},{"type":"Feature","properties":{"layer":"Road Area","_tile":"6/27/43"},"geometry":{"type":"Polygon","coordinates":[[[-76.6241484,39.3235746],[-76.6242028,39.3236432],[-76.6242076,39.3236411],[-76.6242252,39.3236651],[-76.624233,39.3236755],[-76.6242354,39.3236787],[-76.6242457,39.3236809],[-76.6242045,39.3236998],[-76.624168,39.3237164],[-76.6241685,39.3237092],[-76.6241679,39.3237054],[-76.6241593,39.3236936],[-76.6241504,39.3236816],[-76.6240675,39.3235744],[-76.6241484,39.3235746]]]}},{"type":"Feature","properties":{"layer":"Road Area","_tile":"6/27/43"},"geometry":{"type":"Polygon","coordinates":[[[-76.6240252,39.3237842],[-76.6240625,39.3237668],[-76.6240779,39.3237596],[-76.6240914,39.3237531],[-76.6241539,39.3237232],[-76.624168,39.3237164],[-76.6242045,39.3236998],[-76.6242457,39.3236809],[-76.6243049,39.3236538],[-76.6243817,39.3236174],[-76.6244273,39.3235959],[-76.624448,39.3235862],[-76.6244518,39.3235843],[-76.6244703,39.3235756],[-76.6246743,39.3235763],[-76.6246742,39.3235961],[-76.6245825,39.3236395],[-76.6245824,39.3236395],[-76.6245319,39.3236628],[-76.6244496,39.3237009],[-76.624374,39.3237366],[-76.6243669,39.3237399],[-76.6242755,39.323783],[-76.6241297,39.3238505],[-76.6240794,39.3238741],[-76.6240776,39.323875],[-76.6240321,39.3238965],[-76.6240282,39.3238984],[-76.6240245,39.3239001],[-76.6240252,39.3237842]]]}},{"type":"Feature","properties":{"layer":"Road Area","_tile":"6/27/43"},"geometry":{"type":"Polygon","coordinates":[[[-76.6241874,39.3240781],[-76.6241753,39.3240614],[-76.6241716,39.3240561],[-76.6241678,39.324051],[-76.6241524,39.3240297],[-76.6241506,39.324027],[-76.6241459,39.3240204],[-76.6241233,39.3239892],[-76.6241181,39.3239821],[-76.6241075,39.3239675],[-76.6241031,39.3239622],[-76.6240883,39.3239454],[-76.6240842,39.3239407],[-76.6240752,39.3239302],[-76.6240691,39.3239234],[-76.6240558,39.3239105],[-76.6240457,39.3239008],[-76.6240442,39.3238995],[-76.6240321,39.3238965],[-76.6240776,39.323875],[-76.6240797,39.3238824],[-76.6240808,39.3238839],[-76.624089,39.3238954],[-76.624093,39.3239011],[-76.6241041,39.3239159],[-76.6241254,39.3239448],[-76.6241344,39.3239565],[-76.6241819,39.3240199],[-76.624202,39.3240458],[-76.6242266,39.3240782],[-76.6241874,39.3240781]]]}},{"type":"Feature","properties":{"layer":"Road Area","_tile":"6/27/43"},"geometry":{"type":"Polygon","coordinates":[[[-76.6243424,39.3240786],[-76.6243441,39.3240779],[-76.6243447,39.3240786],[-76.6243424,39.3240786]]]}},{"type":"Feature","properties":{"layer":"Road Area","_tile":"6/28/32"},"geometry":{"type":"Polygon","coordinates":[[[-76.623593,39.3289418],[-76.6235993,39.3289453],[-76.6236148,39.328954],[-76.6236351,39.3289661],[-76.6236478,39.328974],[-76.6236661,39.3289862],[-76.6236952,39.3290067],[-76.623739,39.3290447],[-76.6237471,39.3290523],[-76.6237537,39.3290589],[-76.6237671,39.3290733],[-76.623781,39.3290885],[-76.6238136,39.3291246],[-76.6238368,39.3291498],[-76.6238409,39.3291547],[-76.6238469,39.3291622],[-76.6238586,39.329178],[-76.6238641,39.3291858],[-76.6238731,39.3291997],[-76.6238912,39.3292334],[-76.6238969,39.3292447],[-76.6239013,39.3292542],[-76.6239034,39.3292589],[-76.6239056,39.3292644],[-76.6239128,39.3292841],[-76.6239166,39.329296],[-76.623919,39.3293051],[-76.6239201,39.3293101],[-76.6239217,39.3293192],[-76.6239242,39.3293366],[-76.6239252,39.3293444],[-76.6239266,39.329357],[-76.623927,39.3293631],[-76.6239284,39.3293887],[-76.6239288,39.3294012],[-76.6239297,39.3294339],[-76.6239299,39.3294462],[-76.6238422,39.3294459],[-76.6238418,39.3294343],[-76.6238409,39.3294204],[-76.623839,39.3293948],[-76.623838,39.3293843],[-76.6238355,39.3293629],[-76.6238318,39.3293385],[-76.6238299,39.3293274],[-76.6238259,39.329308],[-76.623823,39.3292969],[-76.6238191,39.329285],[-76.6238159,39.3292762],[-76.6238085,39.3292573],[-76.6238045,39.3292484],[-76.6238007,39.3292405],[-76.6237972,39.3292338],[-76.6237945,39.329229],[-76.6237912,39.3292237],[-76.6237871,39.3292174],[-76.6237823,39.3292108],[-76.6237773,39.3292038],[-76.6237723,39.3291971],[-76.6237671,39.3291907],[-76.6237595,39.3291817],[-76.6237511,39.329173],[-76.6237456,39.3291676],[-76.6237396,39.329162],[-76.6237256,39.3291491],[-76.6237083,39.3291341],[-76.6236865,39.3291167],[-76.6236713,39.3291051],[-76.6236651,39.3291004],[-76.6236597,39.3290966],[-76.6236525,39.3290917],[-76.6236229,39.3290718],[-76.6235819,39.3290484],[-76.6235644,39.3290394],[-76.6235439,39.3290299],[-76.6235297,39.3290237],[-76.6235106,39.3290157],[-76.6234913,39.329008],[-76.6234629,39.3289975],[-76.6234132,39.3289802],[-76.6233714,39.3289659],[-76.6233692,39.3289652],[-76.6233693,39.3289411],[-76.623593,39.3289418]]]}},{"type":"Feature","properties":{"layer":"Road Area","_tile":"6/28/33"},"geometry":{"type":"Polygon","coordinates":[[[-76.6233698,39.3288636],[-76.6233789,39.3288666],[-76.6234281,39.3288822],[-76.6234892,39.3289011],[-76.6235177,39.3289103],[-76.623547,39.3289202],[-76.6235609,39.3289255],[-76.6235643,39.3289269],[-76.6235724,39.3289309],[-76.6235848,39.3289372],[-76.6235993,39.3289453],[-76.6236148,39.328954],[-76.62362,39.3289571],[-76.6233693,39.3289563],[-76.6233698,39.3288636]]]}},{"type":"Feature","properties":{"layer":"Road Area","_tile":"6/28/34"},"geometry":{"type":"Polygon","coordinates":[[[-76.6240226,39.327967],[-76.6240224,39.3280029],[-76.624022,39.3280031],[-76.6240167,39.328005],[-76.6240101,39.3280069],[-76.6240014,39.3280088],[-76.6239928,39.3280102],[-76.6239866,39.3280107],[-76.6239822,39.3280106],[-76.6239716,39.3280094],[-76.6239715,39.3280224],[-76.6239273,39.3280232],[-76.6239273,39.3280047],[-76.6239269,39.3279843],[-76.6239267,39.3279667],[-76.6240226,39.327967]]]}},{"type":"Feature","properties":{"layer":"Road Area","_tile":"6/28/35"},"geometry":{"type":"Polygon","coordinates":[[[-76.6233765,39.3275887],[-76.6233771,39.3275878],[-76.62339,39.3275673],[-76.6233997,39.3275507],[-76.6234118,39.3275296],[-76.6234244,39.327507],[-76.6234348,39.3274878],[-76.6234402,39.327477],[-76.6235332,39.3274773],[-76.6235248,39.327495],[-76.6235156,39.3275132],[-76.6235155,39.3275133],[-76.6235048,39.3275334],[-76.6234918,39.3275568],[-76.6234792,39.3275787],[-76.6234687,39.3275963],[-76.6234481,39.3276292],[-76.6234313,39.327655],[-76.6234186,39.3276732],[-76.6233867,39.3277179],[-76.6233758,39.3277339],[-76.6233765,39.3275887]]]}},{"type":"Feature","properties":{"layer":"Road Area","_tile":"6/28/35"},"geometry":{"type":"Polygon","coordinates":[[[-76.624009,39.3278961],[-76.6240132,39.3278926],[-76.6240219,39.3278909],[-76.624023,39.3278906],[-76.6240225,39.3279823],[-76.6239269,39.3279819],[-76.6239267,39.3279624],[-76.624009,39.3278961]]]}},{"type":"Feature","properties":{"layer":"Road Area","_tile":"6/28/36"},"geometry":{"type":"Polygon","coordinates":[[[-76.6234784,39.3273933],[-76.6234949,39.3273519],[-76.6235098,39.3273119],[-76.623522,39.3272741],[-76.6235304,39.3272463],[-76.6235357,39.3272259],[-76.6235401,39.3272011],[-76.6235446,39.3271777],[-76.6235458,39.3271691],[-76.6235477,39.3271573],[-76.6235502,39.3271334],[-76.6235518,39.327111],[-76.6235526,39.3270829],[-76.6235525,39.3270789],[-76.6235524,39.3270605],[-76.623551,39.327037],[-76.6235494,39.3270201],[-76.6235491,39.3270177],[-76.6235487,39.3270148],[-76.623547,39.3270038],[-76.6235446,39.3269893],[-76.6236306,39.3269896],[-76.6236331,39.3270059],[-76.6236346,39.3270191],[-76.623636,39.3270359],[-76.6236371,39.3270541],[-76.6236377,39.3270698],[-76.6236379,39.3271049],[-76.6236375,39.3271194],[-76.6236369,39.3271307],[-76.6236341,39.327157],[-76.6236305,39.3271818],[-76.6236275,39.3271964],[-76.6236245,39.3272094],[-76.6236231,39.3272154],[-76.6236116,39.3272605],[-76.6235974,39.3273129],[-76.6235921,39.3273312],[-76.6235876,39.3273452],[-76.6235813,39.3273629],[-76.6235732,39.3273844],[-76.6235645,39.3274065],[-76.6235571,39.3274244],[-76.6235473,39.3274465],[-76.6235358,39.3274719],[-76.6235259,39.3274926],[-76.6234323,39.3274923],[-76.6234348,39.3274878],[-76.6234433,39.3274709],[-76.6234538,39.3274487],[-76.6234569,39.3274419],[-76.6234773,39.3273963],[-76.6234784,39.3273933]]]}},{"type":"Feature","properties":{"layer":"Road Area","_tile":"6/28/37"},"geometry":{"type":"Polygon","coordinates":[[[-76.623509,39.3265011],[-76.6234952,39.3265076],[-76.6234837,39.3265129],[-76.6234781,39.3265173],[-76.6234758,39.3265192],[-76.6234684,39.326525],[-76.6234649,39.3265281],[-76.6234625,39.3265306],[-76.6234585,39.3265357],[-76.6234539,39.3265421],[-76.6234494,39.3265494],[-76.6234471,39.3265538],[-76.6234437,39.3265618],[-76.6234416,39.3265663],[-76.6234399,39.3265717],[-76.6234388,39.3265759],[-76.6234382,39.3265828],[-76.623438,39.326591],[-76.6234386,39.3265989],[-76.6234394,39.3266053],[-76.6234434,39.326619],[-76.623389,39.3265716],[-76.623382,39.3265655],[-76.6233823,39.3265007],[-76.623509,39.3265011]]]}},{"type":"Feature","properties":{"layer":"Road Area","_tile":"6/28/37"},"geometry":{"type":"Polygon","coordinates":[[[-76.6235472,39.3270046],[-76.623547,39.3270038],[-76.6235445,39.3269883],[-76.6235417,39.3269743],[-76.6235391,39.3269632],[-76.6235314,39.3269374],[-76.6235204,39.3269043],[-76.6235107,39.3268775],[-76.6235044,39.3268615],[-76.6234956,39.3268426],[-76.6234843,39.3268205],[-76.6234723,39.326798],[-76.623464,39.3267837],[-76.6234571,39.3267732],[-76.6234477,39.3267595],[-76.6234372,39.3267449],[-76.6234283,39.3267332],[-76.6234163,39.3267181],[-76.6233956,39.3266929],[-76.6233814,39.3266763],[-76.623382,39.3265655],[-76.623389,39.3265716],[-76.6234434,39.326619],[-76.6234464,39.3266236],[-76.6234558,39.3266384],[-76.6234709,39.3266589],[-76.6235038,39.3267022],[-76.62352,39.3267247],[-76.6235361,39.3267495],[-76.623549,39.3267711],[-76.6235621,39.3267956],[-76.6235742,39.3268203],[-76.6235902,39.3268557],[-76.6235967,39.3268716],[-76.6236017,39.3268843],[-76.623608,39.3269025],[-76.6236145,39.3269221],[-76.6236196,39.3269394],[-76.6236232,39.3269528],[-76.6236292,39.3269816],[-76.6236329,39.3270048],[-76.6235472,39.3270046]]]}},{"type":"Feature","properties":{"layer":"Road Area","_tile":"6/28/37"},"geometry":{"type":"Polygon","coordinates":[[[-76.6240139,39.3267176],[-76.6240034,39.3266955],[-76.623959,39.3266016],[-76.6239412,39.3265619],[-76.6239302,39.3265369],[-76.6239142,39.3265024],[-76.6240058,39.3265027],[-76.6240201,39.3265335],[-76.6240301,39.3265551],[-76.6240291,39.32675],[-76.6240234,39.3267378],[-76.6240139,39.3267176]]]}},{"type":"Feature","properties":{"layer":"Road Area","_tile":"6/28/38"},"geometry":{"type":"Polygon","coordinates":[[[-76.6233824,39.3264803],[-76.6233836,39.3264798],[-76.6234052,39.326471],[-76.6234285,39.3264608],[-76.6234339,39.3264584],[-76.6234496,39.3264512],[-76.6235148,39.3264213],[-76.623581,39.3263904],[-76.6236925,39.3263363],[-76.623752,39.3263094],[-76.6238809,39.3262487],[-76.623937,39.3262222],[-76.6240321,39.3261779],[-76.6240317,39.3262563],[-76.6240032,39.32627],[-76.6239759,39.3262817],[-76.6239666,39.3262858],[-76.623958,39.3262905],[-76.6239548,39.3262928],[-76.6239518,39.3262952],[-76.6239489,39.3262978],[-76.6239022,39.326319],[-76.623846,39.3263442],[-76.6237791,39.3263745],[-76.6237438,39.3263907],[-76.6236924,39.3264146],[-76.6236226,39.3264474],[-76.6235295,39.3264916],[-76.6235235,39.3264943],[-76.6234952,39.3265076],[-76.6234837,39.3265129],[-76.6234795,39.3265163],[-76.6233822,39.3265159],[-76.6233824,39.3264803]]]}},{"type":"Feature","properties":{"layer":"Road Area","_tile":"6/28/38"},"geometry":{"type":"Polygon","coordinates":[[[-76.6239214,39.3265177],[-76.6238769,39.3264212],[-76.623866,39.3264011],[-76.6238567,39.3263908],[-76.6238521,39.3263868],[-76.6238477,39.3263841],[-76.6238451,39.3263826],[-76.6238423,39.3263812],[-76.6238373,39.3263787],[-76.623833,39.326377],[-76.6238261,39.326375],[-76.6238183,39.3263731],[-76.6238114,39.3263719],[-76.6238058,39.3263714],[-76.6238014,39.3263715],[-76.6237956,39.326372],[-76.6237791,39.3263745],[-76.623846,39.3263442],[-76.6239022,39.326319],[-76.6239489,39.3262978],[-76.6239461,39.3263005],[-76.623941,39.3263059],[-76.6239373,39.3263104],[-76.623935,39.3263138],[-76.6239328,39.3263189],[-76.6239311,39.3263244],[-76.6239302,39.3263294],[-76.6239302,39.3263331],[-76.6239309,39.3263372],[-76.6239323,39.3263416],[-76.6239327,39.3263435],[-76.6239488,39.3263789],[-76.6239647,39.3264145],[-76.6240128,39.326518],[-76.6239214,39.3265177]]]}},{"type":"Feature","properties":{"layer":"Road Area","_tile":"6/28/38"},"geometry":{"type":"Polygon","coordinates":[[[-76.6240324,39.3261217],[-76.6240104,39.3261321],[-76.6240217,39.326147],[-76.624029,39.3261516],[-76.6240322,39.3261526],[-76.6240322,39.3261595],[-76.6239396,39.3262027],[-76.6239401,39.3262023],[-76.6239408,39.3262014],[-76.6239421,39.3261993],[-76.6239422,39.3261987],[-76.6239429,39.3261975],[-76.6239435,39.3261952],[-76.6239435,39.326194],[-76.6239436,39.3261935],[-76.6239435,39.3261931],[-76.6239435,39.3261918],[-76.6239433,39.3261908],[-76.6239432,39.3261905],[-76.6239429,39.3261891],[-76.6239426,39.3261886],[-76.6239423,39.3261875],[-76.623942,39.3261872],[-76.6239418,39.3261867],[-76.6239403,39.3261845],[-76.6239258,39.3261671],[-76.623869,39.3260909],[-76.6239132,39.3260692],[-76.6239979,39.3260279],[-76.6240018,39.3260261],[-76.624025,39.3260147],[-76.624033,39.3260147],[-76.6240324,39.3261217]]]}},{"type":"Feature","properties":{"layer":"Road Area","_tile":"6/28/38"},"geometry":{"type":"Polygon","coordinates":[[[-76.6237634,39.3262424],[-76.6237606,39.3262437],[-76.6237509,39.3262308],[-76.6237421,39.3262197],[-76.6237343,39.3262081],[-76.6237276,39.326196],[-76.6237218,39.3261837],[-76.6237173,39.3261711],[-76.6237146,39.3261601],[-76.6237128,39.326149],[-76.6237118,39.3261378],[-76.6237116,39.3261266],[-76.6237102,39.3260136],[-76.6238381,39.3260141],[-76.6238066,39.3260289],[-76.6238027,39.3260313],[-76.6237987,39.3260347],[-76.6237949,39.3260394],[-76.6237924,39.3260441],[-76.6237916,39.3260464],[-76.6237912,39.3260607],[-76.6237918,39.3260927],[-76.6237922,39.3261055],[-76.6237945,39.3261154],[-76.6237981,39.3261252],[-76.6238052,39.3261397],[-76.6238339,39.3261792],[-76.6238425,39.3261903],[-76.6238483,39.326197],[-76.6238544,39.3262026],[-76.6238615,39.3262085],[-76.6238677,39.3262132],[-76.6238731,39.3262165],[-76.6238815,39.3262206],[-76.6238876,39.326223],[-76.6238958,39.3262246],[-76.6239053,39.3262254],[-76.6239159,39.3262256],[-76.6239237,39.326225],[-76.6239289,39.3262241],[-76.6239374,39.3262221],[-76.6238809,39.3262487],[-76.623752,39.3263094],[-76.6237634,39.3262969],[-76.6237679,39.3262889],[-76.6237714,39.3262781],[-76.6237725,39.3262717],[-76.6237722,39.3262669],[-76.6237714,39.3262633],[-76.6237707,39.3262596],[-76.6237687,39.3262538],[-76.6237655,39.3262465],[-76.6237634,39.3262424]],[[-76.6239707,39.3260145],[-76.6239299,39.3260335],[-76.6239168,39.3260143],[-76.6239707,39.3260145]]]}},{"type":"Feature","properties":{"layer":"Road Area","_tile":"6/28/39"},"geometry":{"type":"Polygon","coordinates":[[[-76.6239941,39.3260298],[-76.6239979,39.3260279],[-76.6240018,39.3260261],[-76.624033,39.3260106],[-76.6240329,39.3260299],[-76.6239941,39.3260298]]]}},{"type":"Feature","properties":{"layer":"Road Area","_tile":"6/28/39"},"geometry":{"type":"Polygon","coordinates":[[[-76.6237104,39.3260289],[-76.6237091,39.32593],[-76.6237087,39.3259097],[-76.6237081,39.325902],[-76.6237065,39.3258942],[-76.6237038,39.3258866],[-76.6237003,39.3258793],[-76.6236957,39.3258723],[-76.6236329,39.3257903],[-76.6236244,39.3257792],[-76.6234313,39.325531],[-76.6234268,39.3255247],[-76.6235214,39.325525],[-76.62356,39.3255748],[-76.6235992,39.3256241],[-76.6236126,39.3256427],[-76.6236153,39.3256461],[-76.6236187,39.3256492],[-76.6236228,39.3256517],[-76.6236272,39.3256538],[-76.623632,39.3256552],[-76.6236372,39.325656],[-76.6236422,39.3256563],[-76.6236475,39.3256558],[-76.6236793,39.3256436],[-76.6236814,39.3256425],[-76.6236834,39.3256413],[-76.6236851,39.3256398],[-76.6236864,39.3256381],[-76.6236873,39.3256363],[-76.6236879,39.3256344],[-76.6236882,39.3256324],[-76.623688,39.3256305],[-76.6236873,39.3256286],[-76.6236601,39.3255953],[-76.6237768,39.3255406],[-76.6238079,39.3255259],[-76.6240355,39.3255266],[-76.6240331,39.3259852],[-76.6239382,39.3260296],[-76.6239272,39.3260296],[-76.6239054,39.3259976],[-76.6239022,39.3259948],[-76.6238975,39.3259922],[-76.6238921,39.3259917],[-76.6238881,39.3259915],[-76.6238833,39.3259929],[-76.6238066,39.3260289],[-76.623806,39.3260292],[-76.6237104,39.3260289]],[[-76.6236422,39.3255253],[-76.6236277,39.3255321],[-76.6236048,39.3255427],[-76.6235915,39.3255252],[-76.6236422,39.3255253]]]}},{"type":"Feature","properties":{"layer":"Road Area","_tile":"6/28/39"},"geometry":{"type":"Polygon","coordinates":[[[-76.6236329,39.3257903],[-76.6236322,39.3257891],[-76.6236854,39.3258587],[-76.6236829,39.3258577],[-76.6236803,39.325857],[-76.6236777,39.3258566],[-76.6236749,39.3258566],[-76.6236722,39.3258569],[-76.6236697,39.3258575],[-76.6236616,39.3258614],[-76.6234508,39.3259604],[-76.6234106,39.3259089],[-76.6236215,39.32581],[-76.6236259,39.3258077],[-76.623627,39.3258074],[-76.6236293,39.3258058],[-76.6236313,39.3258039],[-76.6236329,39.3258019],[-76.623634,39.3257996],[-76.6236344,39.3257974],[-76.6236345,39.325795],[-76.623634,39.3257926],[-76.6236329,39.3257903]]]}},{"type":"Feature","properties":{"layer":"Road Area","_tile":"6/28/40"},"geometry":{"type":"Polygon","coordinates":[[[-76.6236796,39.3252099],[-76.6236796,39.3252077],[-76.623679,39.3252052],[-76.6236766,39.3252013],[-76.6236711,39.3251951],[-76.6236688,39.3251923],[-76.6236367,39.3251493],[-76.6236331,39.3251447],[-76.6236307,39.325141],[-76.6236295,39.3251398],[-76.6236252,39.3251374],[-76.6236214,39.3251361],[-76.6236163,39.3251356],[-76.623612,39.3251361],[-76.6236077,39.3251375],[-76.6236043,39.3251393],[-76.6236016,39.3251419],[-76.6235988,39.3251459],[-76.623596,39.3251514],[-76.6235927,39.3251591],[-76.6235865,39.3251726],[-76.6235743,39.3251979],[-76.6235699,39.3252066],[-76.6235682,39.3252115],[-76.6235677,39.3252173],[-76.6235681,39.325222],[-76.62357,39.3252266],[-76.6235718,39.3252301],[-76.6235745,39.3252328],[-76.6235799,39.3252375],[-76.6235917,39.3252432],[-76.6236029,39.3252434],[-76.6236088,39.3252427],[-76.6236677,39.3252174],[-76.6236711,39.3252159],[-76.6236742,39.3252146],[-76.6236768,39.3252136],[-76.6236779,39.325213],[-76.623679,39.3252114],[-76.6236796,39.3252099]],[[-76.6233921,39.3253248],[-76.6233901,39.3253242],[-76.6233886,39.3253239],[-76.623389,39.3252405],[-76.623422,39.3252583],[-76.6234358,39.3252662],[-76.6234421,39.3252683],[-76.6234465,39.3252691],[-76.6234522,39.3252697],[-76.6234585,39.3252701],[-76.6234639,39.32527],[-76.6234674,39.3252697],[-76.6234711,39.3252691],[-76.6234792,39.3252668],[-76.6234868,39.3252641],[-76.6234898,39.3252625],[-76.623492,39.3252612],[-76.6234954,39.3252577],[-76.6235003,39.3252512],[-76.623503,39.325247],[-76.6235059,39.3252414],[-76.623514,39.3252227],[-76.623525,39.3251993],[-76.6235441,39.3251606],[-76.6235463,39.3251552],[-76.6235474,39.325151],[-76.6235479,39.3251432],[-76.6235474,39.3251385],[-76.6235461,39.3251329],[-76.6235438,39.3251264],[-76.6235411,39.3251205],[-76.6235388,39.3251165],[-76.6235351,39.3251117],[-76.6235214,39.3250959],[-76.6235028,39.3250734],[-76.623483,39.3250487],[-76.6234818,39.3250471],[-76.6234751,39.3250368],[-76.6234749,39.3250367],[-76.6240381,39.3250385],[-76.6240365,39.3253417],[-76.6239261,39.3253926],[-76.6237909,39.3254553],[-76.6236599,39.3255172],[-76.6236456,39.3255238],[-76.6236277,39.3255321],[-76.6236096,39.3255405],[-76.6236031,39.3255405],[-76.6235809,39.3255111],[-76.6235775,39.3255085],[-76.623574,39.3255063],[-76.6235705,39.3255047],[-76.6235673,39.3255045],[-76.6235636,39.3255046],[-76.6235593,39.3255054],[-76.6235565,39.3255064],[-76.6235221,39.325462],[-76.6235391,39.3254542],[-76.623543,39.3254519],[-76.6235456,39.325449],[-76.6235472,39.3254464],[-76.6235473,39.3254444],[-76.6235473,39.3254409],[-76.6235227,39.3254065],[-76.6235259,39.3254049],[-76.6235747,39.3253815],[-76.6235509,39.3253549],[-76.6235471,39.3253517],[-76.6235451,39.3253506],[-76.6235425,39.3253501],[-76.6235405,39.3253501],[-76.6235389,39.3253507],[-76.6235358,39.3253522],[-76.6235207,39.3253801],[-76.6235179,39.3253849],[-76.6234915,39.3254411],[-76.6234879,39.3254562],[-76.6234874,39.3254615],[-76.6234874,39.3254662],[-76.6234896,39.3254771],[-76.6234942,39.3254888],[-76.6234954,39.3254912],[-76.6235333,39.3255402],[-76.6234383,39.3255399],[-76.6234313,39.325531],[-76.6234248,39.3255218],[-76.6234192,39.3255121],[-76.6234146,39.3255021],[-76.6234111,39.3254918],[-76.6234087,39.3254815],[-76.6234076,39.3254709],[-76.6234073,39.3254604],[-76.6234083,39.3254498],[-76.6234105,39.3254393],[-76.6234192,39.3254186],[-76.6234377,39.3253798],[-76.6234401,39.3253751],[-76.6234417,39.3253715],[-76.6234429,39.3253671],[-76.6234421,39.3253592],[-76.6234404,39.3253547],[-76.623438,39.3253504],[-76.6234325,39.325343],[-76.6234278,39.3253384],[-76.6234204,39.3253346],[-76.6234036,39.325328],[-76.6233921,39.3253248]],[[-76.62339,39.3250518],[-76.6234225,39.3250366],[-76.6234522,39.3250366],[-76.623464,39.3250519],[-76.623467,39.325056],[-76.6234934,39.3250908],[-76.6234866,39.3250974],[-76.6234852,39.3251013],[-76.6234849,39.3251035],[-76.6234861,39.3251081],[-76.6235141,39.3251435],[-76.6234574,39.3251682],[-76.6234557,39.3251662],[-76.6234243,39.3251809],[-76.6234254,39.3251822],[-76.6233892,39.3251992],[-76.62339,39.3250518]],[[-76.6237757,39.325541],[-76.6237768,39.3255406],[-76.6239208,39.3254726],[-76.6240204,39.3254266],[-76.6240361,39.325419],[-76.6240355,39.3255419],[-76.6237757,39.325541]]]}},{"type":"Feature","properties":{"layer":"Road Area","_tile":"6/28/41"},"geometry":{"type":"Polygon","coordinates":[[[-76.6239849,39.3245678],[-76.6239814,39.3245632],[-76.6239712,39.3245502],[-76.6240407,39.3245504],[-76.6240403,39.3246385],[-76.6239849,39.3245678]]]}},{"type":"Feature","properties":{"layer":"Road Area","_tile":"6/28/41"},"geometry":{"type":"Polygon","coordinates":[[[-76.6237864,39.3250029],[-76.6237599,39.3249611],[-76.6237387,39.324969],[-76.6237163,39.324977],[-76.623712,39.3249787],[-76.6237043,39.3249817],[-76.6236943,39.3249865],[-76.6236906,39.3249888],[-76.6236874,39.324991],[-76.6236824,39.3249956],[-76.6236786,39.3249996],[-76.6236758,39.3250032],[-76.6236742,39.3250063],[-76.6236733,39.3250102],[-76.6236728,39.3250141],[-76.6236729,39.3250177],[-76.6236737,39.3250201],[-76.6236752,39.3250227],[-76.623678,39.3250258],[-76.6236812,39.3250288],[-76.6236839,39.3250307],[-76.623689,39.3250331],[-76.6236956,39.3250352],[-76.6237021,39.3250367],[-76.6237072,39.3250375],[-76.6237127,39.3250374],[-76.623721,39.3250368],[-76.6237864,39.3250029]],[[-76.6233903,39.3250517],[-76.6234443,39.3250263],[-76.6234463,39.3250289],[-76.623464,39.3250519],[-76.6233903,39.3250517]],[[-76.6233905,39.3249529],[-76.6233906,39.3249417],[-76.6233981,39.3249382],[-76.623392,39.3249304],[-76.6234003,39.3249265],[-76.6233982,39.324923],[-76.6233907,39.3249136],[-76.6233908,39.3249085],[-76.6234515,39.3248801],[-76.6234107,39.3248276],[-76.6233936,39.3248356],[-76.6233911,39.3248367],[-76.6233927,39.3245484],[-76.6236655,39.3245492],[-76.6236322,39.3245652],[-76.623629,39.3245759],[-76.623637,39.3245861],[-76.6236401,39.3245866],[-76.6236508,39.3245886],[-76.623659,39.3245847],[-76.6236664,39.3245941],[-76.623698,39.3245788],[-76.6237326,39.3246223],[-76.6238076,39.3247163],[-76.623867,39.3247907],[-76.6239004,39.3248326],[-76.6239126,39.3248481],[-76.6239219,39.3248595],[-76.6239374,39.3248792],[-76.6239356,39.3248802],[-76.6239337,39.324881],[-76.6239191,39.324888],[-76.6239272,39.3248983],[-76.6239403,39.3249146],[-76.6239617,39.3249043],[-76.6239649,39.3249083],[-76.62398,39.3249273],[-76.6239772,39.3249291],[-76.6239799,39.3249324],[-76.6239615,39.3249413],[-76.6239997,39.3249892],[-76.6240052,39.3249962],[-76.6240168,39.3250107],[-76.6240182,39.32501],[-76.6240382,39.3250336],[-76.6240381,39.3250538],[-76.6234857,39.325052],[-76.623483,39.3250487],[-76.6234818,39.3250471],[-76.6234751,39.3250368],[-76.6234629,39.3250213],[-76.6234047,39.3249463],[-76.6234025,39.3249474],[-76.6233905,39.3249529]],[[-76.6237523,39.3245495],[-76.6237431,39.3245539],[-76.6237396,39.3245495],[-76.6237523,39.3245495]],[[-76.6237004,39.3245494],[-76.6236992,39.3245499],[-76.6236988,39.3245494],[-76.6237004,39.3245494]]]}},{"type":"Feature","properties":{"layer":"Road Area","_tile":"6/28/42"},"geometry":{"type":"Polygon","coordinates":[[[-76.6233951,39.324095],[-76.6234332,39.324077],[-76.623468,39.3240605],[-76.6236286,39.324061],[-76.6236144,39.3241097],[-76.6236109,39.3241094],[-76.6236061,39.3241095],[-76.6236012,39.32411],[-76.6235978,39.324111],[-76.6235966,39.3241112],[-76.6235906,39.3241133],[-76.6235823,39.3241168],[-76.6235714,39.324121],[-76.6235196,39.3241454],[-76.6234428,39.3241818],[-76.6233945,39.3242047],[-76.6233951,39.324095]]]}},{"type":"Feature","properties":{"layer":"Road Area","_tile":"6/28/42"},"geometry":{"type":"Polygon","coordinates":[[[-76.6239831,39.3245655],[-76.6239814,39.3245632],[-76.6239575,39.3245327],[-76.623828,39.3243685],[-76.6237208,39.3242309],[-76.6237109,39.3242184],[-76.6236734,39.324171],[-76.6236486,39.324139],[-76.6236398,39.3241278],[-76.6236312,39.3241173],[-76.6236293,39.3241155],[-76.6236276,39.3241143],[-76.6236231,39.3241124],[-76.6236188,39.3241109],[-76.6236144,39.3241097],[-76.6236286,39.324061],[-76.6237518,39.3240614],[-76.6237852,39.3241042],[-76.6238451,39.3241803],[-76.6239004,39.324251],[-76.6239717,39.3243417],[-76.6240414,39.324431],[-76.6240406,39.3245657],[-76.6239831,39.3245655]]]}},{"type":"Feature","properties":{"layer":"Road Area","_tile":"6/28/42"},"geometry":{"type":"Polygon","coordinates":[[[-76.6233926,39.3245636],[-76.6233928,39.3245194],[-76.6234011,39.3245155],[-76.6234033,39.3245183],[-76.6234093,39.3245154],[-76.6234071,39.3245127],[-76.6234313,39.3245013],[-76.6234331,39.3245037],[-76.6234393,39.3245009],[-76.6234373,39.3244985],[-76.6234614,39.324487],[-76.6234634,39.3244894],[-76.6234694,39.3244865],[-76.6234676,39.3244841],[-76.6234917,39.3244728],[-76.6234936,39.3244752],[-76.6234996,39.3244723],[-76.6234977,39.3244698],[-76.6235219,39.3244585],[-76.6235239,39.324461],[-76.6235299,39.3244581],[-76.6235279,39.3244556],[-76.623552,39.3244441],[-76.623554,39.3244466],[-76.62356,39.3244438],[-76.6235582,39.3244413],[-76.6235831,39.3244296],[-76.6235849,39.3244321],[-76.6235875,39.3244309],[-76.6235807,39.3244222],[-76.6235816,39.3244216],[-76.6235807,39.3244205],[-76.6235818,39.32442],[-76.6235781,39.3244153],[-76.623609,39.3244007],[-76.6236344,39.3243885],[-76.6236352,39.3243879],[-76.6236398,39.3243858],[-76.6236317,39.3243754],[-76.6236306,39.3243742],[-76.6236165,39.3243559],[-76.6236315,39.3243488],[-76.6236113,39.324323],[-76.6236016,39.3243276],[-76.6235979,39.3243294],[-76.6235962,39.3243301],[-76.6235723,39.3242997],[-76.6235374,39.3243162],[-76.6235058,39.324331],[-76.6235092,39.3243353],[-76.6234896,39.3243447],[-76.6234443,39.324366],[-76.6234437,39.3243653],[-76.6234283,39.3243725],[-76.6234271,39.3243731],[-76.6234277,39.3243739],[-76.6233935,39.32439],[-76.6233941,39.3242731],[-76.6234018,39.3242697],[-76.623505,39.3242474],[-76.6235104,39.3242466],[-76.6235146,39.3242466],[-76.6235394,39.3242584],[-76.623544,39.3242596],[-76.6235484,39.3242588],[-76.6235795,39.324244],[-76.623581,39.3242433],[-76.6235962,39.3242382],[-76.6236066,39.3242479],[-76.6236241,39.3242495],[-76.623703,39.3243594],[-76.6237061,39.3243794],[-76.6237234,39.3244143],[-76.6237539,39.3244541],[-76.6238071,39.3245231],[-76.6237546,39.3245485],[-76.6237431,39.3245539],[-76.623724,39.32453],[-76.6237266,39.3245286],[-76.6237297,39.3245197],[-76.6237185,39.3245057],[-76.6237067,39.3245039],[-76.6236887,39.3245125],[-76.6236854,39.3245217],[-76.6236967,39.3245356],[-76.6237085,39.3245375],[-76.6237111,39.3245362],[-76.6237158,39.3245421],[-76.6236992,39.3245499],[-76.6236893,39.3245378],[-76.6236339,39.3245644],[-76.6233926,39.3245636]]]}},{"type":"Feature","properties":{"layer":"Road Area","_tile":"6/28/43"},"geometry":{"type":"Polygon","coordinates":[[[-76.6235434,39.3240166],[-76.6235439,39.3240112],[-76.6235431,39.324007],[-76.6235416,39.3240038],[-76.6235372,39.3239972],[-76.6235218,39.3239782],[-76.6233966,39.3238167],[-76.6233977,39.3236107],[-76.6234156,39.3236336],[-76.6234233,39.3236434],[-76.6234676,39.3237012],[-76.6234734,39.3237085],[-76.6235011,39.3237441],[-76.6235161,39.323763],[-76.6235212,39.3237697],[-76.6235276,39.3237777],[-76.6235592,39.3238177],[-76.6235712,39.323833],[-76.6236038,39.3238745],[-76.6236133,39.3238864],[-76.6236575,39.3239424],[-76.6236625,39.3239452],[-76.6236383,39.3240279],[-76.6235434,39.3240166]]]}},{"type":"Feature","properties":{"layer":"Road Area","_tile":"6/28/43"},"geometry":{"type":"Polygon","coordinates":[[[-76.6236383,39.3240279],[-76.6236625,39.3239452],[-76.6236654,39.3239465],[-76.6236683,39.3239469],[-76.623676,39.323947],[-76.6236828,39.3239441],[-76.6237011,39.3239358],[-76.6237283,39.3239231],[-76.6238235,39.3238782],[-76.6239473,39.3238206],[-76.6239555,39.3238167],[-76.6240448,39.323775],[-76.6240442,39.3238908],[-76.6240321,39.3238965],[-76.6240282,39.3238984],[-76.6239759,39.323923],[-76.6238437,39.3239846],[-76.6237585,39.3240238],[-76.6237517,39.3240264],[-76.6237505,39.3240269],[-76.6237475,39.3240285],[-76.6237432,39.3240326],[-76.6237404,39.3240365],[-76.6237392,39.3240399],[-76.6236383,39.3240279]]]}},{"type":"Feature","properties":{"layer":"Road Area","_tile":"6/28/43"},"geometry":{"type":"Polygon","coordinates":[[[-76.623436,39.3240757],[-76.6235089,39.3240412],[-76.6235295,39.3240307],[-76.6235368,39.3240261],[-76.6235408,39.3240219],[-76.6235434,39.3240166],[-76.6236383,39.3240279],[-76.6236242,39.3240763],[-76.623436,39.3240757]]]}},{"type":"Feature","properties":{"layer":"Road Area","_tile":"6/28/43"},"geometry":{"type":"Polygon","coordinates":[[[-76.6240442,39.3238995],[-76.6240321,39.3238965],[-76.6240442,39.3238908],[-76.6240442,39.3238995]]]}},{"type":"Feature","properties":{"layer":"Road Area","_tile":"6/28/43"},"geometry":{"type":"Polygon","coordinates":[[[-76.6236242,39.3240763],[-76.6236383,39.3240279],[-76.6237392,39.3240399],[-76.623739,39.3240428],[-76.6237407,39.3240471],[-76.6237637,39.3240767],[-76.6236242,39.3240763]]]}},{"type":"Feature","properties":{"layer":"Road Area","_tile":"6/29/32"},"geometry":{"type":"Polygon","coordinates":[[[-76.623389,39.3289411],[-76.6233888,39.3289719],[-76.6233714,39.3289659],[-76.6233544,39.3289597],[-76.6233496,39.3289579],[-76.6233303,39.32895],[-76.6233097,39.3289409],[-76.623389,39.3289411]]]}},{"type":"Feature","properties":{"layer":"Road Area","_tile":"6/29/32"},"geometry":{"type":"Polygon","coordinates":[[[-76.6227402,39.3290713],[-76.6227623,39.3290756],[-76.622886,39.3290991],[-76.6228391,39.3292478],[-76.6227734,39.3292353],[-76.6227394,39.3292289],[-76.6227402,39.3290713]]]}},{"type":"Feature","properties":{"layer":"Road Area","_tile":"6/29/33"},"geometry":{"type":"Polygon","coordinates":[[[-76.6230232,39.3284519],[-76.6230239,39.3284656],[-76.6230242,39.3284682],[-76.6230245,39.3284733],[-76.6230255,39.3284844],[-76.6230277,39.3285017],[-76.6230295,39.3285111],[-76.623034,39.3285306],[-76.6230395,39.3285502],[-76.6230397,39.3285512],[-76.6230457,39.3285698],[-76.6230512,39.328584],[-76.6230604,39.3286039],[-76.6230723,39.3286267],[-76.6230843,39.3286474],[-76.6230893,39.3286555],[-76.6230948,39.3286636],[-76.6231094,39.3286826],[-76.6231221,39.3286979],[-76.6231273,39.3287044],[-76.6231291,39.3287063],[-76.6231445,39.3287235],[-76.6231535,39.3287328],[-76.6231594,39.3287387],[-76.6231663,39.3287448],[-76.623172,39.32875],[-76.6231859,39.3287621],[-76.6231969,39.3287713],[-76.6232083,39.3287802],[-76.6232251,39.3287919],[-76.6232406,39.3288021],[-76.6232571,39.3288124],[-76.6232703,39.3288199],[-76.6232886,39.3288295],[-76.6233102,39.3288398],[-76.6233296,39.3288486],[-76.623348,39.328856],[-76.6233612,39.3288607],[-76.6233789,39.3288666],[-76.6233894,39.3288699],[-76.6233889,39.3289564],[-76.6233455,39.3289563],[-76.6233303,39.32895],[-76.6233066,39.3289396],[-76.6232815,39.3289282],[-76.6232604,39.328918],[-76.623222,39.3288985],[-76.6232085,39.3288912],[-76.6231984,39.3288854],[-76.6231872,39.3288782],[-76.6231732,39.3288685],[-76.6231576,39.3288572],[-76.6231495,39.328851],[-76.6231441,39.3288471],[-76.6231211,39.3288287],[-76.6231026,39.3288134],[-76.6230853,39.3287986],[-76.6230725,39.3287868],[-76.6230551,39.3287692],[-76.623037,39.3287497],[-76.6230217,39.3287321],[-76.6230104,39.3287181],[-76.6229975,39.3286995],[-76.6229833,39.3286773],[-76.6229739,39.3286616],[-76.6229709,39.3286563],[-76.622968,39.3286507],[-76.622963,39.3286415],[-76.6229598,39.3286348],[-76.6229561,39.3286268],[-76.6229517,39.3286165],[-76.6229436,39.3285958],[-76.6229396,39.3285851],[-76.6229352,39.3285726],[-76.6229334,39.3285668],[-76.6229328,39.3285653],[-76.6229285,39.3285508],[-76.6229256,39.3285405],[-76.6229232,39.3285297],[-76.6229217,39.3285211],[-76.6229208,39.3285169],[-76.6229189,39.3285041],[-76.6229182,39.3284975],[-76.6229176,39.3284936],[-76.6229154,39.3284743],[-76.6229138,39.3284524],[-76.6229138,39.3284515],[-76.6230232,39.3284519]]]}},{"type":"Feature","properties":{"layer":"Road Area","_tile":"6/29/34"},"geometry":{"type":"Polygon","coordinates":[[[-76.6227461,39.3279629],[-76.6228196,39.3279631],[-76.622816,39.3279653],[-76.6228037,39.3279718],[-76.6227883,39.3279792],[-76.6227714,39.3279868],[-76.6227564,39.3279931],[-76.6227459,39.3279967],[-76.6227461,39.3279629]]]}},{"type":"Feature","properties":{"layer":"Road Area","_tile":"6/29/34"},"geometry":{"type":"Polygon","coordinates":[[[-76.6230695,39.3280301],[-76.6230948,39.3279936],[-76.6231157,39.3279641],[-76.623271,39.3279646],[-76.6232657,39.3279722],[-76.623255,39.3279875],[-76.6232365,39.3280138],[-76.6232267,39.3280284],[-76.6232213,39.3280358],[-76.6232159,39.3280421],[-76.6232112,39.3280465],[-76.6232059,39.3280502],[-76.6231971,39.3280558],[-76.6231756,39.3280689],[-76.6231694,39.3280731],[-76.6231647,39.3280766],[-76.623158,39.3280832],[-76.6231475,39.3281018],[-76.6231401,39.3281143],[-76.6231358,39.3281142],[-76.6231338,39.3281141],[-76.6231271,39.3281244],[-76.6231198,39.3281369],[-76.6231188,39.3281386],[-76.6231093,39.3281557],[-76.6231037,39.3281662],[-76.6231014,39.328171],[-76.6230876,39.3281988],[-76.6230803,39.3282143],[-76.6230744,39.328228],[-76.6230655,39.3282498],[-76.6230525,39.3282841],[-76.6230444,39.3283076],[-76.6230389,39.3283261],[-76.6230332,39.3283499],[-76.6230284,39.3283741],[-76.623025,39.3283947],[-76.6230234,39.328411],[-76.6230229,39.3284224],[-76.6230228,39.3284358],[-76.6230232,39.3284506],[-76.6230239,39.3284656],[-76.623024,39.3284671],[-76.6229148,39.3284668],[-76.6229138,39.3284524],[-76.6229133,39.328439],[-76.6229135,39.328429],[-76.6229149,39.3284089],[-76.6229177,39.3283846],[-76.6229215,39.3283602],[-76.6229253,39.3283403],[-76.6229306,39.3283191],[-76.6229378,39.3282936],[-76.6229455,39.328269],[-76.6229523,39.3282487],[-76.6229621,39.328223],[-76.6229749,39.328192],[-76.6229811,39.328178],[-76.6229963,39.328147],[-76.6230094,39.3281224],[-76.6230177,39.3281087],[-76.6230283,39.3280914],[-76.6230514,39.3280561],[-76.6230695,39.3280301]]]}},{"type":"Feature","properties":{"layer":"Road Area","_tile":"6/29/35"},"geometry":{"type":"Polygon","coordinates":[[[-76.6227462,39.3279373],[-76.6227535,39.327934],[-76.6227665,39.3279276],[-76.6227761,39.3279226],[-76.6227944,39.3279116],[-76.6228061,39.3279038],[-76.6228112,39.3279004],[-76.6228203,39.3278937],[-76.6228412,39.3278791],[-76.6228538,39.3278697],[-76.6228615,39.3278632],[-76.6228714,39.3278543],[-76.6228825,39.3278437],[-76.6228925,39.3278336],[-76.6229058,39.3278186],[-76.6229236,39.3277972],[-76.6229382,39.3277785],[-76.6229583,39.327752],[-76.6229875,39.3277126],[-76.6230014,39.3276945],[-76.6230167,39.327675],[-76.6230214,39.3276687],[-76.6230246,39.3276639],[-76.6230279,39.3276578],[-76.6230313,39.32765],[-76.6230347,39.3276409],[-76.6230374,39.3276325],[-76.6230394,39.327624],[-76.6230408,39.3276139],[-76.6230417,39.3276037],[-76.6230417,39.3275954],[-76.623041,39.3275902],[-76.6230395,39.327583],[-76.6230372,39.3275749],[-76.6230346,39.3275677],[-76.6230316,39.3275609],[-76.6230271,39.3275526],[-76.6230208,39.3275428],[-76.6230144,39.3275334],[-76.6230092,39.3275268],[-76.6230021,39.3275185],[-76.6229963,39.3275121],[-76.6229833,39.3274985],[-76.6229598,39.3274755],[-76.6230408,39.3274758],[-76.6230455,39.3274805],[-76.623057,39.327493],[-76.6230663,39.3275047],[-76.6230748,39.3275162],[-76.6230832,39.3275296],[-76.623092,39.327546],[-76.6230956,39.3275541],[-76.6230996,39.3275639],[-76.6231026,39.3275731],[-76.6231047,39.3275806],[-76.6231057,39.3275886],[-76.6231063,39.3275987],[-76.6231061,39.3276107],[-76.6231051,39.3276218],[-76.6231035,39.3276305],[-76.6231005,39.3276417],[-76.6230996,39.3276442],[-76.6230963,39.3276541],[-76.6230921,39.3276653],[-76.6230879,39.3276736],[-76.623082,39.327684],[-76.623074,39.3276967],[-76.6230635,39.3277125],[-76.6230542,39.3277257],[-76.6230415,39.3277425],[-76.6229967,39.3277988],[-76.6229665,39.3278374],[-76.6229563,39.3278499],[-76.6229492,39.327858],[-76.6229393,39.3278684],[-76.6229274,39.3278802],[-76.6229142,39.3278929],[-76.622902,39.3279039],[-76.6228927,39.3279118],[-76.6228846,39.3279183],[-76.6228676,39.3279316],[-76.6228567,39.3279397],[-76.6228373,39.3279525],[-76.622816,39.3279653],[-76.6228037,39.3279718],[-76.6227903,39.3279783],[-76.622746,39.3279782],[-76.6227462,39.3279373]]]}},{"type":"Feature","properties":{"layer":"Road Area","_tile":"6/29/35"},"geometry":{"type":"Polygon","coordinates":[[[-76.6231049,39.3279793],[-76.6231325,39.3279402],[-76.6231421,39.3279266],[-76.6231662,39.3278926],[-76.6232152,39.3278242],[-76.6232224,39.3278143],[-76.6232292,39.3278044],[-76.6232313,39.3278012],[-76.6232423,39.3277854],[-76.6232777,39.3277333],[-76.6232901,39.3277147],[-76.6233102,39.3276855],[-76.623342,39.3276408],[-76.6233539,39.3276237],[-76.62337,39.3275991],[-76.6233771,39.3275878],[-76.62339,39.3275673],[-76.6233963,39.3275565],[-76.6233955,39.3277056],[-76.6233867,39.3277179],[-76.6233673,39.3277461],[-76.6233461,39.3277785],[-76.623341,39.3277871],[-76.6233371,39.3277946],[-76.623336,39.3277976],[-76.6233349,39.3278006],[-76.6233335,39.3278071],[-76.6233327,39.3278118],[-76.6233314,39.3278256],[-76.6233313,39.3278497],[-76.6233311,39.3278553],[-76.6233304,39.3278597],[-76.6233287,39.3278663],[-76.6233258,39.3278749],[-76.6233222,39.3278838],[-76.6233188,39.3278912],[-76.6233149,39.3278982],[-76.6233092,39.3279074],[-76.6232922,39.3279332],[-76.6232776,39.3279547],[-76.6232657,39.3279722],[-76.6232605,39.3279798],[-76.6231049,39.3279793]]]}},{"type":"Feature","properties":{"layer":"Road Area","_tile":"6/29/35"},"geometry":{"type":"Polygon","coordinates":[[[-76.6228061,39.3279038],[-76.6227944,39.3279116],[-76.6227761,39.3279226],[-76.6227665,39.3279276],[-76.6227535,39.327934],[-76.6227462,39.3279373],[-76.6227466,39.3278704],[-76.62276,39.3278624],[-76.6228061,39.3279038]]]}},{"type":"Feature","properties":{"layer":"Road Area","_tile":"6/29/36"},"geometry":{"type":"Polygon","coordinates":[[[-76.6228807,39.3273449],[-76.6228789,39.3273315],[-76.6228784,39.3273203],[-76.6228784,39.3273135],[-76.6228786,39.3273037],[-76.6228795,39.3272903],[-76.6228812,39.3272734],[-76.622884,39.3272536],[-76.6228889,39.3272224],[-76.6228924,39.3272021],[-76.6228971,39.327177],[-76.6229072,39.3271291],[-76.6229083,39.3271242],[-76.62291,39.3271175],[-76.6229116,39.3271108],[-76.6229204,39.3270749],[-76.6229235,39.3270608],[-76.6229254,39.3270501],[-76.6229275,39.3270341],[-76.6229288,39.3270148],[-76.6229294,39.3269959],[-76.6229291,39.3269873],[-76.6229836,39.3269875],[-76.6229839,39.3269901],[-76.6229841,39.3270017],[-76.6229835,39.3270205],[-76.622983,39.3270294],[-76.6229801,39.3270632],[-76.6229758,39.3271003],[-76.6229753,39.3271048],[-76.6229726,39.3271227],[-76.6229699,39.3271387],[-76.6229531,39.3272268],[-76.6229498,39.3272461],[-76.6229474,39.3272631],[-76.6229449,39.3272843],[-76.6229435,39.3273024],[-76.6229435,39.3273184],[-76.6229445,39.3273317],[-76.6229459,39.3273414],[-76.6229477,39.3273489],[-76.6229493,39.327353],[-76.6229515,39.3273579],[-76.6229603,39.3273734],[-76.6229698,39.3273891],[-76.6229807,39.3274062],[-76.6229914,39.3274215],[-76.6230004,39.3274335],[-76.6230057,39.3274397],[-76.6230126,39.3274471],[-76.6230455,39.3274805],[-76.6230552,39.3274911],[-76.6229755,39.3274908],[-76.6229587,39.3274744],[-76.622949,39.3274631],[-76.6229375,39.3274486],[-76.6229321,39.3274411],[-76.6229255,39.3274312],[-76.6229121,39.3274091],[-76.6229042,39.3273941],[-76.6228925,39.3273701],[-76.6228812,39.3273455],[-76.6228807,39.3273449]]]}},{"type":"Feature","properties":{"layer":"Road Area","_tile":"6/29/36"},"geometry":{"type":"Polygon","coordinates":[[[-76.6230459,39.3269877],[-76.6230461,39.3270064],[-76.6230434,39.3270756],[-76.6230425,39.327099],[-76.6229842,39.3270959],[-76.6229758,39.3271003],[-76.6229801,39.3270632],[-76.622983,39.3270294],[-76.6229835,39.3270205],[-76.6229841,39.3270017],[-76.6229839,39.3269901],[-76.6229836,39.3269875],[-76.6230459,39.3269877]]]}},{"type":"Feature","properties":{"layer":"Road Area","_tile":"6/29/36"},"geometry":{"type":"Polygon","coordinates":[[[-76.6229291,39.3269873],[-76.6229294,39.3269959],[-76.6229288,39.3270148],[-76.6229275,39.3270341],[-76.6229254,39.3270501],[-76.6229235,39.3270608],[-76.6229204,39.3270749],[-76.6229116,39.3271108],[-76.6229076,39.3271062],[-76.622905,39.3271039],[-76.6229029,39.3271029],[-76.6228975,39.3271009],[-76.6228521,39.3270961],[-76.6228595,39.3270641],[-76.6228636,39.3270445],[-76.622866,39.3270304],[-76.6228679,39.3270167],[-76.6228689,39.3270054],[-76.6228689,39.3269965],[-76.6228683,39.3269899],[-76.6228677,39.3269871],[-76.6229291,39.3269873]]]}},{"type":"Feature","properties":{"layer":"Road Area","_tile":"6/29/36"},"geometry":{"type":"Polygon","coordinates":[[[-76.6229699,39.3271387],[-76.6229744,39.3271485],[-76.6229809,39.3271523],[-76.6229847,39.3271534],[-76.6230341,39.3271577],[-76.623012,39.3273214],[-76.6229654,39.3273179],[-76.6229545,39.3273212],[-76.6229445,39.3273317],[-76.6229435,39.3273184],[-76.6229435,39.3273024],[-76.6229449,39.3272843],[-76.6229474,39.3272631],[-76.6229498,39.3272461],[-76.6229531,39.3272268],[-76.6229699,39.3271387]]]}},{"type":"Feature","properties":{"layer":"Road Area","_tile":"6/29/36"},"geometry":{"type":"Polygon","coordinates":[[[-76.6229072,39.3271291],[-76.6228971,39.327177],[-76.6228924,39.3272021],[-76.6228889,39.3272224],[-76.622884,39.3272536],[-76.6228812,39.3272734],[-76.6228795,39.3272903],[-76.6228786,39.3273037],[-76.6228784,39.3273135],[-76.6228784,39.3273203],[-76.6228789,39.3273315],[-76.6228807,39.3273449],[-76.6228713,39.3273204],[-76.6228675,39.3273102],[-76.622858,39.3272935],[-76.6228545,39.327288],[-76.6228514,39.3272838],[-76.6228476,39.3272798],[-76.6228423,39.3272747],[-76.622836,39.3272693],[-76.6228305,39.3272651],[-76.6228267,39.3272626],[-76.6228222,39.3272601],[-76.6228111,39.3272548],[-76.6227973,39.3272492],[-76.6227838,39.3272446],[-76.6227759,39.3272424],[-76.6227673,39.3272405],[-76.6227602,39.3272395],[-76.6227519,39.327239],[-76.6227499,39.327239],[-76.6227503,39.3271724],[-76.6227552,39.3271722],[-76.6227931,39.32717],[-76.6228151,39.3271682],[-76.6228316,39.3271663],[-76.6228442,39.3271641],[-76.6228571,39.3271613],[-76.6228684,39.3271581],[-76.6228765,39.3271552],[-76.6228839,39.3271511],[-76.6228919,39.3271459],[-76.6228944,39.3271438],[-76.6228971,39.3271411],[-76.6229035,39.3271333],[-76.6229072,39.3271291]]]}},{"type":"Feature","properties":{"layer":"Road Area","_tile":"6/29/37"},"geometry":{"type":"Polygon","coordinates":[[[-76.6234019,39.3265007],[-76.6234015,39.3265825],[-76.623389,39.3265716],[-76.623307,39.3265004],[-76.6234019,39.3265007]]]}},{"type":"Feature","properties":{"layer":"Road Area","_tile":"6/29/37"},"geometry":{"type":"Polygon","coordinates":[[[-76.6229292,39.3270026],[-76.6229294,39.3269959],[-76.622929,39.3269809],[-76.6229284,39.3269765],[-76.622928,39.3269717],[-76.6229259,39.3269598],[-76.622923,39.3269454],[-76.6229197,39.3269313],[-76.6229157,39.3269176],[-76.6229099,39.3269007],[-76.6229033,39.3268833],[-76.6228969,39.3268685],[-76.6228916,39.3268581],[-76.6228841,39.3268448],[-76.6228746,39.326829],[-76.6228635,39.3268115],[-76.6228508,39.3267931],[-76.6228342,39.3267707],[-76.6228161,39.3267479],[-76.6228001,39.3267288],[-76.6227894,39.3267173],[-76.6227747,39.3267024],[-76.6227711,39.326699],[-76.6227564,39.3266847],[-76.6227529,39.3266813],[-76.6227534,39.3265859],[-76.622774,39.3266041],[-76.6227934,39.3266228],[-76.6228197,39.3266501],[-76.6228435,39.3266762],[-76.6228543,39.3266885],[-76.6228627,39.3266986],[-76.6228669,39.3267044],[-76.6228726,39.326712],[-76.6228843,39.3267293],[-76.6228977,39.3267507],[-76.6229111,39.326773],[-76.6229152,39.3267803],[-76.6229225,39.3267938],[-76.6229354,39.3268193],[-76.6229474,39.3268451],[-76.6229564,39.3268666],[-76.6229605,39.3268778],[-76.6229646,39.326891],[-76.6229687,39.3269057],[-76.6229726,39.3269217],[-76.6229762,39.3269377],[-76.6229793,39.3269534],[-76.6229815,39.3269678],[-76.6229831,39.3269803],[-76.6229831,39.3269814],[-76.6229839,39.3269901],[-76.6229841,39.3270017],[-76.6229841,39.3270027],[-76.6229292,39.3270026]]]}},{"type":"Feature","properties":{"layer":"Road Area","_tile":"6/29/37"},"geometry":{"type":"Polygon","coordinates":[[[-76.6234009,39.3266994],[-76.6233956,39.3266929],[-76.6233768,39.326671],[-76.6233664,39.3266616],[-76.623345,39.3266424],[-76.6233227,39.3266228],[-76.6233098,39.3266114],[-76.6232917,39.3265962],[-76.6232768,39.3265844],[-76.6232746,39.3265826],[-76.6232574,39.3265695],[-76.6232431,39.3265591],[-76.6232317,39.3265514],[-76.6232289,39.3265499],[-76.6232107,39.3265391],[-76.6231962,39.3265311],[-76.6231778,39.3265211],[-76.6231752,39.3265197],[-76.6231703,39.3265204],[-76.6231358,39.3265246],[-76.623086,39.3264997],[-76.623307,39.3265004],[-76.623389,39.3265716],[-76.6234015,39.3265825],[-76.6234009,39.3266994]]]}},{"type":"Feature","properties":{"layer":"Road Area","_tile":"6/29/37"},"geometry":{"type":"Polygon","coordinates":[[[-76.6228669,39.3267044],[-76.6228766,39.3267051],[-76.6228835,39.3267045],[-76.6229256,39.3266846],[-76.6229407,39.3267059],[-76.6229686,39.32675],[-76.6229832,39.3267749],[-76.6229932,39.3267931],[-76.623004,39.3268149],[-76.623012,39.3268329],[-76.6230196,39.3268525],[-76.6230273,39.3268748],[-76.6230333,39.3268946],[-76.6230372,39.3269103],[-76.6230399,39.326925],[-76.6230424,39.3269413],[-76.6230443,39.3269562],[-76.6230453,39.3269683],[-76.6230459,39.3269828],[-76.6230461,39.3270029],[-76.6229841,39.3270027],[-76.6229841,39.3270017],[-76.6229839,39.3269901],[-76.6229831,39.3269814],[-76.6229831,39.3269803],[-76.6229815,39.3269678],[-76.6229793,39.3269534],[-76.6229762,39.3269377],[-76.6229726,39.3269217],[-76.6229687,39.3269057],[-76.6229646,39.326891],[-76.6229605,39.3268778],[-76.6229564,39.3268666],[-76.6229474,39.3268451],[-76.6229354,39.3268193],[-76.6229225,39.3267938],[-76.6229152,39.3267803],[-76.6229111,39.326773],[-76.6228977,39.3267507],[-76.6228843,39.3267293],[-76.6228726,39.326712],[-76.6228669,39.3267044]]]}},{"type":"Feature","properties":{"layer":"Road Area","_tile":"6/29/37"},"geometry":{"type":"Polygon","coordinates":[[[-76.6227529,39.3266813],[-76.6227564,39.3266847],[-76.6227711,39.326699],[-76.6227747,39.3267024],[-76.6227894,39.3267173],[-76.6228001,39.3267288],[-76.6228161,39.3267479],[-76.6228342,39.3267707],[-76.6228508,39.3267931],[-76.6228635,39.3268115],[-76.6228746,39.326829],[-76.6228841,39.3268448],[-76.6228916,39.3268581],[-76.6228969,39.3268685],[-76.6229033,39.3268833],[-76.6229099,39.3269007],[-76.6229157,39.3269176],[-76.6229197,39.3269313],[-76.622923,39.3269454],[-76.6229259,39.3269598],[-76.622928,39.3269717],[-76.6229284,39.3269765],[-76.622929,39.3269809],[-76.6229294,39.3269959],[-76.6229292,39.3270026],[-76.6228689,39.3270024],[-76.6228689,39.3269965],[-76.6228683,39.3269899],[-76.6228667,39.3269813],[-76.622861,39.3269572],[-76.6228581,39.3269473],[-76.6228542,39.326935],[-76.6228447,39.3269084],[-76.6228389,39.3268948],[-76.6228376,39.3268918],[-76.6228283,39.326873],[-76.6228192,39.3268564],[-76.6228149,39.3268494],[-76.6228108,39.3268435],[-76.6228055,39.3268365],[-76.6227975,39.3268275],[-76.6227754,39.3268037],[-76.6227583,39.3267867],[-76.622796,39.326765],[-76.6228013,39.3267616],[-76.6228031,39.3267594],[-76.6228034,39.3267571],[-76.6228028,39.3267534],[-76.6228012,39.32675],[-76.6227972,39.3267444],[-76.6227931,39.326739],[-76.6227893,39.3267351],[-76.6227858,39.3267322],[-76.6227827,39.3267308],[-76.622777,39.3267298],[-76.6227727,39.32673],[-76.6227526,39.32674],[-76.6227529,39.3266813]]]}},{"type":"Feature","properties":{"layer":"Road Area","_tile":"6/29/38"},"geometry":{"type":"Polygon","coordinates":[[[-76.6232865,39.3264826],[-76.6232879,39.3264831],[-76.6232959,39.326485],[-76.6233011,39.326486],[-76.6233061,39.326487],[-76.623317,39.3264884],[-76.6233264,39.3264893],[-76.6233356,39.3264892],[-76.6233471,39.3264882],[-76.6233578,39.3264867],[-76.6233597,39.3264863],[-76.6233706,39.3264841],[-76.6233763,39.3264826],[-76.6233836,39.3264798],[-76.6234021,39.3264723],[-76.6234019,39.326516],[-76.6233247,39.3265158],[-76.6232865,39.3264826]]]}},{"type":"Feature","properties":{"layer":"Road Area","_tile":"6/29/38"},"geometry":{"type":"Polygon","coordinates":[[[-76.6231168,39.3265151],[-76.6230848,39.3264991],[-76.6230596,39.3264864],[-76.6230411,39.3264766],[-76.6230261,39.3264678],[-76.6230083,39.3264568],[-76.6229911,39.3264457],[-76.6229785,39.3264372],[-76.6229686,39.32643],[-76.622958,39.3264214],[-76.6229454,39.3264105],[-76.6229316,39.3263983],[-76.62292,39.3263875],[-76.6229176,39.326385],[-76.6228961,39.3263638],[-76.6228796,39.3263463],[-76.6228657,39.3263296],[-76.6228601,39.3263225],[-76.6228436,39.3263015],[-76.6228057,39.3262522],[-76.622786,39.3262272],[-76.6227555,39.326188],[-76.6227565,39.3260106],[-76.6227634,39.3260106],[-76.6227832,39.3260352],[-76.6227861,39.3260387],[-76.6228477,39.3261166],[-76.6228535,39.3261236],[-76.6228631,39.3261359],[-76.6229133,39.326199],[-76.6229534,39.3262497],[-76.6229923,39.3262979],[-76.6230126,39.3263222],[-76.6230199,39.3263298],[-76.6230257,39.326335],[-76.623034,39.3263418],[-76.623057,39.3263592],[-76.6230712,39.3263688],[-76.6230896,39.3263805],[-76.6231119,39.3263939],[-76.6231346,39.3264068],[-76.6231603,39.3264205],[-76.6232026,39.3264418],[-76.6232302,39.3264558],[-76.6232518,39.326467],[-76.623266,39.3264742],[-76.6232688,39.3264753],[-76.6232782,39.3264796],[-76.6232865,39.3264826],[-76.6233247,39.3265158],[-76.6231168,39.3265151]]]}},{"type":"Feature","properties":{"layer":"Road Area","_tile":"6/29/39"},"geometry":{"type":"Polygon","coordinates":[[[-76.6227564,39.3260258],[-76.6227565,39.326002],[-76.6227757,39.3260259],[-76.6227564,39.3260258]]]}},{"type":"Feature","properties":{"layer":"Road Area","_tile":"6/29/40"},"geometry":{"type":"Polygon","coordinates":[[[-76.6233921,39.3253248],[-76.6233901,39.3253242],[-76.6233837,39.3253229],[-76.6233731,39.3253217],[-76.6233622,39.3253212],[-76.6233433,39.3253218],[-76.6233181,39.3253251],[-76.6232973,39.3253256],[-76.6232773,39.3253236],[-76.6232661,39.3253212],[-76.6232611,39.3253196],[-76.6232548,39.3253168],[-76.6232418,39.3253097],[-76.6232343,39.3253051],[-76.6232248,39.3252971],[-76.6232192,39.3252926],[-76.6232158,39.3252904],[-76.6232114,39.3252892],[-76.6232042,39.3252888],[-76.6231993,39.3252894],[-76.6231917,39.3252921],[-76.6231762,39.3252996],[-76.623162,39.3253062],[-76.62315,39.3253119],[-76.6231444,39.3253145],[-76.623085,39.3253424],[-76.6230344,39.3253662],[-76.6230129,39.3253387],[-76.6229897,39.3253089],[-76.6229757,39.3253154],[-76.6229777,39.325318],[-76.6229691,39.325322],[-76.6229578,39.3253076],[-76.6230512,39.3252636],[-76.6229979,39.3251953],[-76.6229468,39.3252195],[-76.6229329,39.3252019],[-76.6229483,39.3251947],[-76.6229638,39.3251873],[-76.6229465,39.3251652],[-76.6229688,39.3251546],[-76.6229807,39.3251587],[-76.6230138,39.32517],[-76.6230322,39.3251795],[-76.6230374,39.3251398],[-76.6231322,39.3250941],[-76.6231305,39.3250919],[-76.6231226,39.3250821],[-76.6231626,39.3250632],[-76.6231681,39.3250708],[-76.6231932,39.3251033],[-76.6231969,39.3251079],[-76.6231987,39.3251101],[-76.6231994,39.3251111],[-76.6230905,39.3251638],[-76.6231039,39.325182],[-76.6231398,39.3251877],[-76.6232144,39.3251528],[-76.6232493,39.3251367],[-76.6232484,39.3251353],[-76.6232248,39.3251042],[-76.6232237,39.325103],[-76.6232553,39.3250882],[-76.6232813,39.3251217],[-76.6233068,39.3251096],[-76.6232994,39.3250875],[-76.6233011,39.3250868],[-76.6233051,39.3250918],[-76.6234097,39.3250426],[-76.6234089,39.32519],[-76.6233658,39.3252102],[-76.6233416,39.3251771],[-76.6233395,39.3251748],[-76.6233367,39.3251727],[-76.6233331,39.325171],[-76.6233295,39.3251706],[-76.6233255,39.3251713],[-76.6233222,39.3251736],[-76.6233208,39.3251777],[-76.6233217,39.3251821],[-76.6233241,39.3251869],[-76.6233279,39.3251922],[-76.6233361,39.325202],[-76.623348,39.3252158],[-76.6233541,39.3252209],[-76.6233685,39.3252294],[-76.6234086,39.325251],[-76.6234082,39.3253298],[-76.6234036,39.325328],[-76.6233921,39.3253248]],[[-76.6234075,39.3254586],[-76.6234074,39.3254656],[-76.6234073,39.3254604],[-76.6234075,39.3254586]]]}},{"type":"Feature","properties":{"layer":"Road Area","_tile":"6/29/41"},"geometry":{"type":"Polygon","coordinates":[[[-76.6227642,39.3245502],[-76.6227682,39.3245483],[-76.6227964,39.3245826],[-76.6227986,39.3245842],[-76.622805,39.3245862],[-76.6228061,39.3245861],[-76.6228573,39.3245638],[-76.6229414,39.3246718],[-76.6229512,39.3246845],[-76.6229757,39.324717],[-76.6229784,39.3247211],[-76.6229804,39.3247246],[-76.6229819,39.3247279],[-76.6229839,39.3247364],[-76.6229431,39.3247556],[-76.6229414,39.3247572],[-76.6229402,39.3247589],[-76.6229399,39.3247606],[-76.6229402,39.3247616],[-76.6229649,39.3247921],[-76.6229539,39.324801],[-76.6229491,39.3248046],[-76.6229413,39.3248097],[-76.6229334,39.3248143],[-76.6229268,39.3248176],[-76.6229175,39.3248219],[-76.6228809,39.324776],[-76.6228784,39.3247744],[-76.6228764,39.324774],[-76.6228731,39.3247741],[-76.6228703,39.324775],[-76.6228398,39.3247897],[-76.622838,39.3247873],[-76.6228105,39.3248002],[-76.622794,39.3247817],[-76.6228445,39.3247571],[-76.622846,39.3247549],[-76.6228468,39.3247525],[-76.6228465,39.3247505],[-76.6228456,39.3247492],[-76.6228377,39.3247392],[-76.6228354,39.324738],[-76.6228337,39.3247374],[-76.6228315,39.3247371],[-76.6228294,39.3247371],[-76.6228062,39.3247476],[-76.622804,39.324745],[-76.622772,39.3247038],[-76.6227635,39.3246944],[-76.6227642,39.3245502]]]}},{"type":"Feature","properties":{"layer":"Road Area","_tile":"6/29/41"},"geometry":{"type":"Polygon","coordinates":[[[-76.6229378,39.3249755],[-76.6229189,39.3249518],[-76.6227949,39.3250107],[-76.622787,39.3250008],[-76.6227618,39.3250127],[-76.6227624,39.3249065],[-76.6228909,39.3248476],[-76.6229181,39.3248823],[-76.6229021,39.3248893],[-76.6229604,39.3249632],[-76.6229378,39.3249755]]]}},{"type":"Feature","properties":{"layer":"Road Area","_tile":"6/29/41"},"geometry":{"type":"Polygon","coordinates":[[[-76.6229813,39.3246238],[-76.6229813,39.3246203],[-76.6229478,39.3245771],[-76.6229456,39.3245763],[-76.6229436,39.3245761],[-76.6229412,39.3245767],[-76.6229381,39.3245787],[-76.6229372,39.3245796],[-76.6229385,39.3245837],[-76.62297,39.3246267],[-76.6229731,39.3246282],[-76.6229752,39.3246282],[-76.6229785,39.3246276],[-76.6229806,39.3246264],[-76.6229813,39.3246238]],[[-76.6231946,39.3246168],[-76.623197,39.3246157],[-76.6231964,39.3246147],[-76.6231949,39.3246129],[-76.6232198,39.3246011],[-76.6232219,39.3246038],[-76.6232281,39.324601],[-76.6232273,39.3246002],[-76.6232259,39.3245982],[-76.6232501,39.3245869],[-76.6232515,39.3245888],[-76.6232522,39.3245896],[-76.6232582,39.3245868],[-76.6232561,39.324584],[-76.6232802,39.3245726],[-76.6232824,39.3245753],[-76.6232884,39.3245725],[-76.6232862,39.3245697],[-76.6233104,39.3245584],[-76.6233127,39.3245611],[-76.6233187,39.3245583],[-76.6233165,39.3245555],[-76.6233319,39.3245482],[-76.6234123,39.3245484],[-76.6234108,39.3248279],[-76.6234107,39.3248276],[-76.6233936,39.3248356],[-76.6233578,39.3248525],[-76.623353,39.3248546],[-76.6233478,39.3248476],[-76.6233417,39.3248505],[-76.6233347,39.3248414],[-76.6233265,39.3248453],[-76.62332,39.3248369],[-76.6233301,39.3248321],[-76.6232827,39.3247713],[-76.6232572,39.3247832],[-76.6232465,39.3247694],[-76.6231052,39.3248361],[-76.623094,39.3248267],[-76.6230887,39.3248242],[-76.6230821,39.3248218],[-76.6230761,39.32482],[-76.6230694,39.3248185],[-76.6230625,39.3248177],[-76.6230551,39.3248185],[-76.6230471,39.3248212],[-76.623038,39.324825],[-76.6230268,39.3248303],[-76.6229181,39.3248823],[-76.6229005,39.3248906],[-76.6229398,39.3249409],[-76.6229189,39.3249518],[-76.6227949,39.3250107],[-76.622787,39.3250008],[-76.6227618,39.3250127],[-76.6227624,39.3249066],[-76.6228886,39.3248447],[-76.6229251,39.324828],[-76.6229317,39.3248247],[-76.6229377,39.3248218],[-76.6229477,39.3248167],[-76.6229576,39.324811],[-76.6229631,39.3248074],[-76.6229699,39.3248023],[-76.6229762,39.3247968],[-76.6229807,39.3247918],[-76.6229847,39.3247868],[-76.6229872,39.3247827],[-76.6229898,39.3247777],[-76.6229921,39.3247725],[-76.6229937,39.3247681],[-76.6229949,39.324764],[-76.6229967,39.3247544],[-76.622997,39.3247503],[-76.622997,39.3247459],[-76.6229966,39.3247407],[-76.622996,39.3247363],[-76.6229933,39.3247257],[-76.6229916,39.3247209],[-76.6229887,39.3247153],[-76.6229849,39.3247089],[-76.6229443,39.3246562],[-76.6228676,39.3245578],[-76.6228589,39.3245467],[-76.6229817,39.3245471],[-76.6229789,39.3245487],[-76.6229761,39.3245511],[-76.6229752,39.3245536],[-76.6229756,39.3245572],[-76.6229778,39.3245607],[-76.6230174,39.324611],[-76.6230258,39.3246217],[-76.6230533,39.3246579],[-76.6230565,39.3246611],[-76.6230614,39.3246641],[-76.6230702,39.3246671],[-76.6230755,39.3246685],[-76.6230818,39.32467],[-76.6230882,39.3246713],[-76.6230938,39.3246723],[-76.6230996,39.3246731],[-76.6231062,39.3246739],[-76.6231129,39.3246745],[-76.6231188,39.3246748],[-76.6231252,39.3246748],[-76.6231326,39.3246746],[-76.623139,39.3246739],[-76.6231445,39.3246728],[-76.6231499,39.3246714],[-76.6231551,39.3246698],[-76.6231674,39.3246651],[-76.6231725,39.3246628],[-76.6231811,39.3246578],[-76.6231859,39.3246535],[-76.6231892,39.3246479],[-76.6231911,39.3246394],[-76.623193,39.3246148],[-76.6231946,39.3246168]],[[-76.6233903,39.3250517],[-76.6234097,39.3250426],[-76.6234096,39.3250518],[-76.6233903,39.3250517]],[[-76.6234105,39.3248994],[-76.6234102,39.3249533],[-76.6234047,39.3249463],[-76.6234025,39.3249474],[-76.6233901,39.3249532],[-76.6233846,39.3249462],[-76.6233872,39.324945],[-76.6233861,39.3249438],[-76.6233981,39.3249382],[-76.623392,39.3249304],[-76.6234003,39.3249265],[-76.6233982,39.324923],[-76.6233878,39.3249099],[-76.6234105,39.3248994]]]}},{"type":"Feature","properties":{"layer":"Road Area","_tile":"6/29/42"},"geometry":{"type":"Polygon","coordinates":[[[-76.6227651,39.3243917],[-76.6228501,39.3243517],[-76.6228537,39.3243499],[-76.622929,39.3243148],[-76.623073,39.3242467],[-76.6232264,39.324175],[-76.6232504,39.3241637],[-76.6233665,39.3241085],[-76.6234148,39.3240857],[-76.6234142,39.3241954],[-76.6233127,39.3242437],[-76.6231353,39.3243266],[-76.623044,39.3243698],[-76.6229089,39.3244331],[-76.6227704,39.3244985],[-76.6227645,39.3245013],[-76.6227651,39.3243917]]]}},{"type":"Feature","properties":{"layer":"Road Area","_tile":"6/29/42"},"geometry":{"type":"Polygon","coordinates":[[[-76.6227642,39.3245502],[-76.6227682,39.3245483],[-76.6227792,39.3245617],[-76.6227642,39.3245616],[-76.6227642,39.3245502]]]}},{"type":"Feature","properties":{"layer":"Road Area","_tile":"6/29/42"},"geometry":{"type":"Polygon","coordinates":[[[-76.6228708,39.3245619],[-76.6228676,39.3245578],[-76.6228524,39.3245384],[-76.6228463,39.3245309],[-76.6228434,39.3245275],[-76.6228339,39.3245171],[-76.622829,39.3245122],[-76.6228191,39.3245041],[-76.6228136,39.3245012],[-76.6228032,39.3244982],[-76.6227975,39.3244974],[-76.6227918,39.3244969],[-76.6227828,39.3244967],[-76.6227771,39.3244973],[-76.6227704,39.3244985],[-76.6229089,39.3244331],[-76.6229122,39.3244317],[-76.6229069,39.3244374],[-76.6229047,39.324441],[-76.6228996,39.3244529],[-76.6228959,39.3244631],[-76.6228959,39.3244677],[-76.6229118,39.3244805],[-76.6229174,39.3244849],[-76.6229445,39.324519],[-76.6229471,39.3245212],[-76.6229505,39.3245224],[-76.6229519,39.3245225],[-76.6229556,39.3245231],[-76.6229592,39.3245229],[-76.622964,39.3245216],[-76.622986,39.3245113],[-76.6229878,39.3245099],[-76.6229895,39.3245078],[-76.6229896,39.3245027],[-76.6229629,39.3244686],[-76.6229624,39.3244673],[-76.6231875,39.3243619],[-76.6231958,39.3243584],[-76.623282,39.3243223],[-76.6233085,39.3243119],[-76.6234018,39.3242697],[-76.6234138,39.3242671],[-76.6234132,39.3243808],[-76.6232033,39.32448],[-76.6232026,39.3244791],[-76.623186,39.3244869],[-76.6231866,39.3244878],[-76.6231216,39.3245185],[-76.6231207,39.3245179],[-76.6231178,39.3245144],[-76.6230695,39.3245372],[-76.6230513,39.3245457],[-76.6230486,39.3245408],[-76.6230419,39.324532],[-76.6230384,39.3245284],[-76.6230349,39.3245263],[-76.6230332,39.3245255],[-76.6230283,39.3245256],[-76.6230266,39.3245261],[-76.6230246,39.3245268],[-76.6229832,39.3245461],[-76.6229789,39.3245487],[-76.6229761,39.3245511],[-76.6229752,39.3245536],[-76.6229756,39.3245572],[-76.6229778,39.3245607],[-76.622979,39.3245623],[-76.6228708,39.3245619]],[[-76.6234125,39.3245102],[-76.6234122,39.3245637],[-76.6232998,39.3245633],[-76.6233104,39.3245584],[-76.6233127,39.3245611],[-76.6233187,39.3245583],[-76.6233165,39.3245555],[-76.6233407,39.324544],[-76.6233428,39.3245468],[-76.6233488,39.3245439],[-76.6233467,39.3245412],[-76.6233708,39.3245298],[-76.6233725,39.3245319],[-76.623373,39.3245326],[-76.6233791,39.3245296],[-76.6233768,39.324527],[-76.6234011,39.3245155],[-76.6234033,39.3245183],[-76.6234093,39.3245154],[-76.6234071,39.3245127],[-76.6234125,39.3245102]]]}},{"type":"Feature","properties":{"layer":"Road Area","_tile":"6/29/43"},"geometry":{"type":"Polygon","coordinates":[[[-76.6227677,39.323906],[-76.6227689,39.3239075],[-76.6227947,39.3239396],[-76.6227972,39.3239429],[-76.6228018,39.3239485],[-76.6228167,39.3239673],[-76.6228215,39.3239731],[-76.6228358,39.3239911],[-76.622775,39.3240195],[-76.6227671,39.3240094],[-76.6227677,39.323906]]]}},{"type":"Feature","properties":{"layer":"Road Area","_tile":"6/29/43"},"geometry":{"type":"Polygon","coordinates":[[[-76.6227671,39.3240232],[-76.622775,39.3240195],[-76.6228358,39.3239911],[-76.6228599,39.3239797],[-76.6229152,39.3239538],[-76.623027,39.3239013],[-76.6232518,39.3237961],[-76.6232531,39.3237976],[-76.6232634,39.3237928],[-76.6232625,39.3237916],[-76.6232625,39.3237912],[-76.6232835,39.3237813],[-76.6233014,39.3238044],[-76.6232518,39.3238276],[-76.6232421,39.3238321],[-76.6232388,39.3238337],[-76.6232309,39.3238374],[-76.6231702,39.3238658],[-76.6231592,39.3238709],[-76.6231489,39.3238758],[-76.6231351,39.3238823],[-76.6231188,39.3238898],[-76.6231179,39.3238902],[-76.6230819,39.3239071],[-76.62307,39.3239127],[-76.6230111,39.3239403],[-76.6230074,39.323942],[-76.6230005,39.3239452],[-76.6229997,39.3239456],[-76.6229887,39.3239508],[-76.6229819,39.323954],[-76.6229678,39.3239605],[-76.6229598,39.3239644],[-76.6229554,39.3239663],[-76.6229133,39.3239862],[-76.6228109,39.3240341],[-76.6228009,39.3240388],[-76.6227669,39.3240549],[-76.6227671,39.3240232]]]}},{"type":"Feature","properties":{"layer":"Road Area","_tile":"6/29/43"},"geometry":{"type":"Polygon","coordinates":[[[-76.6234161,39.3238419],[-76.623362,39.3237722],[-76.6233213,39.3237212],[-76.6233121,39.3237098],[-76.623289,39.3236808],[-76.6232888,39.3236804],[-76.6232807,39.3236703],[-76.623271,39.3236577],[-76.6232567,39.3236394],[-76.6232481,39.3236286],[-76.6232035,39.3235716],[-76.6233673,39.3235721],[-76.6234156,39.3236336],[-76.6234172,39.3236355],[-76.6234161,39.3238419]]]}},{"type":"Feature","properties":{"layer":"Road Area","_tile":"6/29/43"},"geometry":{"type":"Polygon","coordinates":[[[-76.6227671,39.3240094],[-76.622775,39.3240195],[-76.6227671,39.3240232],[-76.6227671,39.3240094]]]}},{"type":"Feature","properties":{"layer":"Road Area","_tile":"6/30/32"},"geometry":{"type":"Polygon","coordinates":[[[-76.6221123,39.3289556],[-76.6221134,39.3289639],[-76.6221142,39.3289742],[-76.6221148,39.3289856],[-76.6221149,39.3289972],[-76.6221144,39.3290089],[-76.6221135,39.3290195],[-76.6221131,39.3290242],[-76.6221124,39.3290288],[-76.6221119,39.3290311],[-76.6221123,39.3289556]]]}},{"type":"Feature","properties":{"layer":"Road Area","_tile":"6/30/32"},"geometry":{"type":"Polygon","coordinates":[[[-76.6221131,39.3290242],[-76.6221135,39.3290195],[-76.6221144,39.3290089],[-76.6221149,39.3289972],[-76.6221148,39.3289856],[-76.6221142,39.3289742],[-76.6221134,39.3289639],[-76.6221123,39.3289556],[-76.6221124,39.3289469],[-76.6221158,39.3289483],[-76.6221187,39.3289491],[-76.622124,39.3289495],[-76.6221291,39.328949],[-76.6221333,39.3289474],[-76.6221376,39.3289446],[-76.6221393,39.3289423],[-76.6221407,39.3289371],[-76.622342,39.3289378],[-76.62241,39.3289506],[-76.6223808,39.3290443],[-76.6225872,39.3290832],[-76.6226156,39.3289922],[-76.6226764,39.3290052],[-76.622658,39.329055],[-76.622693,39.3290624],[-76.6227598,39.3290751],[-76.622759,39.3292325],[-76.6226416,39.3292102],[-76.6226233,39.3292067],[-76.6226069,39.3292037],[-76.6226003,39.3292023],[-76.6226055,39.3291861],[-76.6226095,39.3291732],[-76.6226128,39.3291629],[-76.6225935,39.3291593],[-76.6225943,39.329157],[-76.6225186,39.3291427],[-76.6225193,39.3291403],[-76.6225143,39.3291395],[-76.6225158,39.3291338],[-76.6224985,39.3291307],[-76.6224213,39.3291189],[-76.622405,39.329116],[-76.6223507,39.3291063],[-76.6223333,39.3291028],[-76.6221363,39.329067],[-76.6221348,39.3290666],[-76.6221421,39.3290356],[-76.6221442,39.3290275],[-76.6221131,39.3290242]]]}},{"type":"Feature","properties":{"layer":"Road Area","_tile":"6/30/33"},"geometry":{"type":"Polygon","coordinates":[[[-76.6221124,39.3289523],[-76.6221124,39.3289469],[-76.6221158,39.3289483],[-76.6221187,39.3289491],[-76.622124,39.3289495],[-76.6221291,39.328949],[-76.6221333,39.3289474],[-76.6221376,39.3289446],[-76.6221393,39.3289423],[-76.6221507,39.3288983],[-76.6222381,39.3289181],[-76.62241,39.3289506],[-76.6224093,39.3289533],[-76.6221124,39.3289523]]]}},{"type":"Feature","properties":{"layer":"Road Area","_tile":"6/30/34"},"geometry":{"type":"Polygon","coordinates":[[[-76.6221168,39.3281165],[-76.6221427,39.3281059],[-76.6221763,39.3280929],[-76.6222081,39.3280809],[-76.6222384,39.3280704],[-76.6222984,39.3280507],[-76.6223153,39.3280454],[-76.622376,39.3280259],[-76.6223861,39.3280234],[-76.6223957,39.3280208],[-76.6223983,39.3280202],[-76.622446,39.3280075],[-76.6224717,39.3280011],[-76.6224895,39.3279972],[-76.6225118,39.3279928],[-76.622527,39.32799],[-76.622543,39.3279869],[-76.6226256,39.3279718],[-76.6226514,39.3279665],[-76.6226675,39.3279627],[-76.6227657,39.327963],[-76.6227656,39.3279893],[-76.6227564,39.3279931],[-76.622741,39.3279984],[-76.622721,39.3280044],[-76.6226964,39.3280109],[-76.6226702,39.3280172],[-76.622642,39.328023],[-76.622584,39.3280335],[-76.6225281,39.328044],[-76.6225072,39.3280482],[-76.6224911,39.3280516],[-76.6224674,39.3280576],[-76.6224304,39.3280674],[-76.6223785,39.3280809],[-76.6223568,39.3280869],[-76.6223237,39.328097],[-76.6222882,39.3281088],[-76.622275,39.3281132],[-76.6222518,39.3281212],[-76.6222257,39.3281307],[-76.6222015,39.3281397],[-76.6221823,39.3281472],[-76.622166,39.3281541],[-76.6221609,39.3281563],[-76.622145,39.3281633],[-76.62213,39.3281701],[-76.6221165,39.3281762],[-76.6221168,39.3281165]]]}},{"type":"Feature","properties":{"layer":"Road Area","_tile":"6/30/34"},"geometry":{"type":"Polygon","coordinates":[[[-76.6226675,39.3279627],[-76.6226514,39.3279665],[-76.6226256,39.3279718],[-76.622543,39.3279869],[-76.622527,39.32799],[-76.6225339,39.3279819],[-76.6225348,39.327975],[-76.6225328,39.3279622],[-76.6226675,39.3279627]]]}},{"type":"Feature","properties":{"layer":"Road Area","_tile":"6/30/35"},"geometry":{"type":"Polygon","coordinates":[[[-76.6225935,39.3279777],[-76.6226256,39.3279718],[-76.6226514,39.3279665],[-76.6226754,39.3279608],[-76.6226978,39.3279548],[-76.6227149,39.3279497],[-76.6227265,39.3279456],[-76.6227385,39.3279407],[-76.6227535,39.327934],[-76.6227659,39.3279279],[-76.6227656,39.3279782],[-76.6225935,39.3279777]]]}},{"type":"Feature","properties":{"layer":"Road Area","_tile":"6/30/35"},"geometry":{"type":"Polygon","coordinates":[[[-76.6227659,39.3279279],[-76.6227535,39.327934],[-76.6227385,39.3279407],[-76.6227265,39.3279456],[-76.6227149,39.3279497],[-76.6226978,39.3279548],[-76.6226754,39.3279608],[-76.6226514,39.3279665],[-76.6226256,39.3279718],[-76.6225935,39.3279777],[-76.6225344,39.3279775],[-76.6225348,39.327975],[-76.6225287,39.3279344],[-76.6225743,39.3279264],[-76.6225941,39.3279226],[-76.6226191,39.3279175],[-76.6226388,39.3279131],[-76.6226548,39.3279092],[-76.6226666,39.3279059],[-76.6226809,39.3279012],[-76.6226958,39.3278959],[-76.6227086,39.3278909],[-76.6227176,39.3278869],[-76.622725,39.3278831],[-76.6227338,39.3278781],[-76.62276,39.3278624],[-76.6227662,39.327868],[-76.6227659,39.3279279]]]}},{"type":"Feature","properties":{"layer":"Road Area","_tile":"6/30/36"},"geometry":{"type":"Polygon","coordinates":[[[-76.6227696,39.327241],[-76.6227673,39.3272405],[-76.6227602,39.3272395],[-76.6227519,39.327239],[-76.6227188,39.3272395],[-76.6225475,39.3272479],[-76.6225394,39.3272507],[-76.6225371,39.3272516],[-76.6225311,39.327254],[-76.6225274,39.3272562],[-76.6225229,39.3272594],[-76.6225178,39.3272634],[-76.6225143,39.3272667],[-76.6225113,39.3272705],[-76.6225069,39.3272777],[-76.6225068,39.3272799],[-76.6225075,39.3272916],[-76.6225128,39.3273764],[-76.6224784,39.3273771],[-76.6224733,39.3273262],[-76.6224698,39.3272923],[-76.6224688,39.3272821],[-76.6224654,39.3272758],[-76.6224632,39.3272726],[-76.6224615,39.3272716],[-76.622459,39.3272705],[-76.6224468,39.3272676],[-76.6224233,39.3272686],[-76.6224191,39.3272687],[-76.622361,39.3272708],[-76.6222769,39.3272737],[-76.6222247,39.3272756],[-76.6222246,39.3272744],[-76.6222229,39.3272413],[-76.62222,39.3271856],[-76.62222,39.3271832],[-76.6222186,39.3271564],[-76.6222734,39.3271542],[-76.6224196,39.3271487],[-76.6224426,39.3271479],[-76.6224476,39.3271477],[-76.6224504,39.327183],[-76.6224504,39.3271834],[-76.622456,39.3271846],[-76.6224645,39.327184],[-76.6225335,39.3271815],[-76.6225661,39.3271802],[-76.6225677,39.3271802],[-76.6226309,39.3271769],[-76.6226915,39.327175],[-76.6227552,39.3271722],[-76.6227699,39.3271714],[-76.6227696,39.327241]]]}},{"type":"Feature","properties":{"layer":"Road Area","_tile":"6/30/37"},"geometry":{"type":"Polygon","coordinates":[[[-76.6227724,39.3267004],[-76.6227711,39.326699],[-76.6227564,39.3266847],[-76.6227331,39.3266625],[-76.6227271,39.3266572],[-76.6227011,39.3266336],[-76.6226711,39.3266077],[-76.622655,39.3265949],[-76.622608,39.326559],[-76.6225863,39.326542],[-76.6225756,39.326533],[-76.6225666,39.3265252],[-76.6225589,39.3265181],[-76.6225525,39.3265114],[-76.6225453,39.3265031],[-76.6225412,39.326498],[-76.6226443,39.3264983],[-76.6226651,39.3265155],[-76.6227059,39.3265473],[-76.6227212,39.326559],[-76.6227487,39.3265817],[-76.622773,39.3266031],[-76.6227724,39.3267004]]]}},{"type":"Feature","properties":{"layer":"Road Area","_tile":"6/30/37"},"geometry":{"type":"Polygon","coordinates":[[[-76.6225412,39.326498],[-76.6225453,39.3265031],[-76.6225525,39.3265114],[-76.6225589,39.3265181],[-76.6225666,39.3265252],[-76.6225756,39.326533],[-76.6225863,39.326542],[-76.622608,39.326559],[-76.622655,39.3265949],[-76.6226711,39.3266077],[-76.6227011,39.3266336],[-76.6227271,39.3266572],[-76.6227331,39.3266625],[-76.6227564,39.3266847],[-76.6227711,39.326699],[-76.6227724,39.3267004],[-76.6227723,39.3267303],[-76.6227292,39.3267516],[-76.6227109,39.3267301],[-76.6227057,39.3267243],[-76.6226995,39.3267172],[-76.6226793,39.3266959],[-76.6226659,39.3266831],[-76.6226503,39.3266691],[-76.6226381,39.3266588],[-76.6226141,39.3266397],[-76.6226025,39.3266308],[-76.6225678,39.3266044],[-76.6225354,39.3265782],[-76.6225197,39.3265656],[-76.6225069,39.3265541],[-76.6224608,39.326511],[-76.6224834,39.3264978],[-76.6225412,39.326498]],[[-76.622772,39.3267789],[-76.6227719,39.3268002],[-76.6227583,39.3267867],[-76.622772,39.3267789]]]}},{"type":"Feature","properties":{"layer":"Road Area","_tile":"6/30/38"},"geometry":{"type":"Polygon","coordinates":[[[-76.6224749,39.3260097],[-76.6224729,39.3260109],[-76.6224611,39.3260177],[-76.6224499,39.3260249],[-76.6224454,39.3260281],[-76.6224398,39.3260331],[-76.6224352,39.3260384],[-76.6224341,39.3260405],[-76.6224152,39.3260443],[-76.6223026,39.3260674],[-76.6222977,39.3260674],[-76.6222921,39.3260677],[-76.6222859,39.3260683],[-76.6222328,39.3260704],[-76.6221352,39.326074],[-76.6221277,39.3260743],[-76.6221281,39.3260086],[-76.6224749,39.3260097]]]}},{"type":"Feature","properties":{"layer":"Road Area","_tile":"6/30/38"},"geometry":{"type":"Polygon","coordinates":[[[-76.6225543,39.3265133],[-76.6225525,39.3265114],[-76.6225453,39.3265031],[-76.6225362,39.3264915],[-76.6225254,39.3264772],[-76.6225178,39.3264667],[-76.6225135,39.3264607],[-76.6225082,39.326453],[-76.6224895,39.3264248],[-76.622473,39.3263946],[-76.6224607,39.3263713],[-76.6224478,39.3263455],[-76.6224456,39.3263406],[-76.622443,39.3263356],[-76.6224415,39.3263323],[-76.6224333,39.326315],[-76.6224233,39.326293],[-76.6224219,39.3262895],[-76.6224186,39.3262818],[-76.6224078,39.3262549],[-76.6224031,39.3262428],[-76.6223992,39.3262314],[-76.6223986,39.3262301],[-76.6223977,39.3262271],[-76.622396,39.3262226],[-76.6223912,39.3262083],[-76.6223867,39.3261942],[-76.6223841,39.3261858],[-76.6223818,39.3261781],[-76.6223779,39.3261646],[-76.6223767,39.3261599],[-76.622374,39.3261502],[-76.622371,39.3261376],[-76.6223701,39.3261333],[-76.622368,39.3261234],[-76.622367,39.3261181],[-76.6223659,39.3261134],[-76.6223637,39.3261044],[-76.6223622,39.3261001],[-76.6223591,39.3260946],[-76.6223553,39.3260895],[-76.6223486,39.3260835],[-76.6223411,39.3260784],[-76.6223359,39.3260759],[-76.6223293,39.3260733],[-76.6223227,39.326071],[-76.6223166,39.3260695],[-76.6223095,39.3260681],[-76.6223026,39.3260674],[-76.6224152,39.3260443],[-76.6224341,39.3260405],[-76.6224332,39.3260426],[-76.6224318,39.3260468],[-76.6224308,39.3260515],[-76.6224304,39.3260569],[-76.6224302,39.3260615],[-76.6224303,39.3260658],[-76.6224309,39.3260708],[-76.6224315,39.3260758],[-76.622433,39.3260843],[-76.6224339,39.3260888],[-76.6224373,39.3261035],[-76.6224472,39.3261431],[-76.6224478,39.326145],[-76.6224519,39.3261613],[-76.62246,39.3261917],[-76.6224629,39.3262014],[-76.6224703,39.3262237],[-76.6224763,39.3262407],[-76.6224828,39.326257],[-76.6224957,39.3262868],[-76.6225075,39.3263133],[-76.6225119,39.3263228],[-76.6225162,39.3263317],[-76.6225162,39.3263319],[-76.6225183,39.326336],[-76.6225242,39.326348],[-76.6225268,39.3263527],[-76.622532,39.3263625],[-76.6225396,39.3263764],[-76.6225473,39.32639],[-76.6225635,39.3264168],[-76.6225752,39.3264322],[-76.622581,39.3264389],[-76.6225889,39.3264474],[-76.6226019,39.3264602],[-76.6226103,39.3264685],[-76.6226202,39.3264776],[-76.6226336,39.3264895],[-76.6226628,39.3265136],[-76.6225543,39.3265133]]]}},{"type":"Feature","properties":{"layer":"Road Area","_tile":"6/30/38"},"geometry":{"type":"Polygon","coordinates":[[[-76.622775,39.3262131],[-76.6227552,39.3261877],[-76.6227305,39.3261567],[-76.6227302,39.3261561],[-76.6226921,39.326108],[-76.6226693,39.3260794],[-76.6226488,39.3260542],[-76.6226473,39.3260522],[-76.6226303,39.3260309],[-76.6226138,39.3260101],[-76.6227634,39.3260106],[-76.622776,39.3260263],[-76.622775,39.3262131]]]}},{"type":"Feature","properties":{"layer":"Road Area","_tile":"6/30/38"},"geometry":{"type":"Polygon","coordinates":[[[-76.6225178,39.3264667],[-76.6225254,39.3264772],[-76.6225362,39.3264915],[-76.6225453,39.3265031],[-76.6225525,39.3265114],[-76.6225543,39.3265133],[-76.6224629,39.326513],[-76.6224608,39.326511],[-76.622504,39.3264858],[-76.6225091,39.3264828],[-76.6225171,39.3264761],[-76.6225178,39.3264667]]]}},{"type":"Feature","properties":{"layer":"Road Area","_tile":"6/30/39"},"geometry":{"type":"Polygon","coordinates":[[[-76.6224964,39.3255217],[-76.622491,39.3255267],[-76.6224819,39.3255353],[-76.6224744,39.3255435],[-76.6224676,39.3255521],[-76.6224645,39.3255562],[-76.622462,39.3255599],[-76.6224594,39.3255643],[-76.6224569,39.3255689],[-76.622455,39.3255728],[-76.6224536,39.3255775],[-76.6224524,39.325583],[-76.6224516,39.3255879],[-76.6224511,39.3255945],[-76.6224512,39.325601],[-76.6224515,39.3256059],[-76.6224524,39.3256114],[-76.6224534,39.325616],[-76.6224555,39.3256204],[-76.6224571,39.3256231],[-76.6223585,39.3255212],[-76.6224964,39.3255217]]]}},{"type":"Feature","properties":{"layer":"Road Area","_tile":"6/30/39"},"geometry":{"type":"Polygon","coordinates":[[[-76.6224673,39.3258302],[-76.6225772,39.3259646],[-76.6225909,39.3259816],[-76.6226072,39.3260014],[-76.6225972,39.3259944],[-76.6225918,39.3259911],[-76.6225852,39.3259878],[-76.6225822,39.3259864],[-76.6225791,39.3259851],[-76.6225765,39.3259844],[-76.6225725,39.3259833],[-76.6225676,39.3259823],[-76.6225556,39.3259806],[-76.6225501,39.3259803],[-76.6225438,39.3259801],[-76.6225375,39.3259802],[-76.6225323,39.3259807],[-76.622526,39.325982],[-76.6225199,39.3259839],[-76.6225147,39.325986],[-76.6225107,39.325988],[-76.6225076,39.3259894],[-76.6225019,39.3259926],[-76.6224956,39.3259965],[-76.6224893,39.3260007],[-76.6224779,39.3260079],[-76.6224729,39.3260109],[-76.6224611,39.3260177],[-76.6224499,39.3260249],[-76.622128,39.3260238],[-76.6221282,39.3259754],[-76.6222221,39.3259718],[-76.6222356,39.3259714],[-76.6222691,39.3259704],[-76.6222866,39.3259695],[-76.6223076,39.3259683],[-76.6223165,39.3259676],[-76.6223291,39.3259661],[-76.6223346,39.325965],[-76.6223474,39.3259623],[-76.6223534,39.3259608],[-76.6223586,39.3259593],[-76.6223635,39.3259576],[-76.6223751,39.3259534],[-76.6223863,39.3259485],[-76.6223909,39.3259463],[-76.6223966,39.3259431],[-76.6224032,39.3259392],[-76.6224161,39.3259307],[-76.6224215,39.3259271],[-76.6224275,39.3259225],[-76.6224345,39.3259172],[-76.6224413,39.3259116],[-76.6224466,39.3259065],[-76.6224482,39.3259047],[-76.6224499,39.3259028],[-76.6224534,39.3258984],[-76.6224568,39.3258939],[-76.6224626,39.3258855],[-76.6224643,39.3258827],[-76.6224689,39.3258744],[-76.6224708,39.3258695],[-76.6224717,39.3258656],[-76.6224725,39.325861],[-76.6224727,39.3258585],[-76.6224728,39.3258561],[-76.6224729,39.3258513],[-76.6224726,39.3258473],[-76.6224717,39.3258432],[-76.6224705,39.3258386],[-76.622469,39.325834],[-76.6224673,39.3258302]]]}},{"type":"Feature","properties":{"layer":"Road Area","_tile":"6/30/39"},"geometry":{"type":"Polygon","coordinates":[[[-76.622626,39.3260254],[-76.6226136,39.3260099],[-76.6226072,39.3260014],[-76.6225909,39.3259816],[-76.6225772,39.3259646],[-76.6224673,39.3258302],[-76.6224647,39.3258256],[-76.6224614,39.3258202],[-76.6224576,39.3258146],[-76.6224065,39.3257502],[-76.6223788,39.3257159],[-76.6223532,39.3256845],[-76.6223492,39.3256799],[-76.6223455,39.3256753],[-76.6223312,39.3256583],[-76.6223144,39.3256389],[-76.6223024,39.3256253],[-76.6222864,39.3256077],[-76.6222758,39.3255969],[-76.6222629,39.3255842],[-76.6222439,39.3255661],[-76.6222313,39.3255547],[-76.6222158,39.3255415],[-76.6221908,39.3255207],[-76.6223585,39.3255212],[-76.6224571,39.3256231],[-76.6224584,39.3256256],[-76.6224619,39.3256309],[-76.6224689,39.3256399],[-76.6225332,39.325721],[-76.6226753,39.325899],[-76.6226963,39.3259254],[-76.6227158,39.3259506],[-76.6227306,39.3259695],[-76.6227329,39.3259726],[-76.6227757,39.3260259],[-76.622626,39.3260254]]]}},{"type":"Feature","properties":{"layer":"Road Area","_tile":"6/30/40"},"geometry":{"type":"Polygon","coordinates":[[[-76.6223155,39.3254769],[-76.6223188,39.3254787],[-76.6223263,39.3254822],[-76.6223364,39.325486],[-76.6223422,39.3254879],[-76.6223479,39.3254895],[-76.6223528,39.3254906],[-76.6223579,39.3254914],[-76.6223609,39.3254917],[-76.622364,39.3254921],[-76.6223705,39.3254925],[-76.6223766,39.3254928],[-76.622382,39.3254928],[-76.6223912,39.3254923],[-76.6223944,39.325492],[-76.6224001,39.3254913],[-76.6224056,39.3254904],[-76.6224117,39.325489],[-76.622418,39.3254873],[-76.6224233,39.3254857],[-76.622429,39.3254833],[-76.6224351,39.3254805],[-76.6224403,39.3254779],[-76.6224459,39.3254747],[-76.6224523,39.3254708],[-76.6224591,39.3254664],[-76.6224721,39.3254576],[-76.6224885,39.3254456],[-76.622501,39.3254361],[-76.6225116,39.3254273],[-76.6225207,39.3254189],[-76.6225303,39.3254094],[-76.6225342,39.3254053],[-76.622545,39.3253928],[-76.6225522,39.3253836],[-76.622555,39.3253797],[-76.6225603,39.3253711],[-76.6225631,39.3253663],[-76.6225655,39.3253615],[-76.622569,39.3253536],[-76.6225718,39.3253446],[-76.6225729,39.3253402],[-76.6225737,39.3253364],[-76.6225741,39.3253325],[-76.6225748,39.3253234],[-76.6225748,39.3253189],[-76.6225745,39.3253151],[-76.6225735,39.3253068],[-76.6225729,39.3253035],[-76.6225716,39.325298],[-76.6225705,39.3252943],[-76.6225691,39.3252903],[-76.6225673,39.3252857],[-76.6225652,39.3252809],[-76.6225629,39.3252765],[-76.6225606,39.3252727],[-76.6225587,39.3252701],[-76.6225565,39.3252673],[-76.6225515,39.3252614],[-76.6225468,39.3252563],[-76.6225416,39.3252517],[-76.6225353,39.3252464],[-76.6225286,39.3252413],[-76.6225225,39.3252372],[-76.6225167,39.3252338],[-76.6225098,39.3252302],[-76.6225027,39.3252268],[-76.6224965,39.3252241],[-76.6224913,39.3252223],[-76.6224851,39.3252204],[-76.6224785,39.3252186],[-76.6224721,39.325217],[-76.6224666,39.3252159],[-76.6224614,39.3252151],[-76.6224552,39.3252142],[-76.6224427,39.325213],[-76.6224325,39.3252128],[-76.6224209,39.3252134],[-76.6224149,39.3252139],[-76.6224045,39.325215],[-76.6223937,39.3252168],[-76.6223759,39.3252203],[-76.6223641,39.3252232],[-76.6223473,39.3252281],[-76.6223409,39.3252301],[-76.6223287,39.325234],[-76.6223184,39.3252377],[-76.6223061,39.3252425],[-76.6222935,39.3252477],[-76.6222826,39.3252525],[-76.6222775,39.3252549],[-76.6222657,39.3252607],[-76.6222601,39.3252635],[-76.6222554,39.3252662],[-76.6222497,39.3252697],[-76.6222432,39.325274],[-76.6222369,39.3252783],[-76.6222316,39.3252824],[-76.6222273,39.3252859],[-76.6222224,39.3252901],[-76.6222175,39.3252946],[-76.622213,39.3252991],[-76.6222094,39.3253032],[-76.6222067,39.3253072],[-76.6222037,39.3253118],[-76.6222011,39.3253166],[-76.6221991,39.3253208],[-76.6221975,39.3253249],[-76.6221945,39.3253353],[-76.6221942,39.3253375],[-76.6221939,39.3253398],[-76.6221936,39.3253458],[-76.6221938,39.3253523],[-76.6221947,39.3253592],[-76.6221958,39.3253644],[-76.6221974,39.32537],[-76.6221991,39.325375],[-76.622202,39.3253807],[-76.6222052,39.3253863],[-76.6222067,39.3253882],[-76.6221316,39.3253393],[-76.622132,39.3252768],[-76.6221327,39.3252765],[-76.6221376,39.3252741],[-76.6221447,39.3252704],[-76.6221524,39.3252659],[-76.6221589,39.3252619],[-76.6221643,39.3252583],[-76.6221767,39.3252495],[-76.6221898,39.3252393],[-76.6221978,39.3252338],[-76.6222059,39.3252286],[-76.6222137,39.3252237],[-76.6222208,39.3252197],[-76.622228,39.3252159],[-76.6222416,39.3252092],[-76.6222537,39.3252037],[-76.6222677,39.3251978],[-76.6222817,39.3251922],[-76.6222948,39.3251872],[-76.6223078,39.3251828],[-76.6223223,39.3251783],[-76.6223367,39.325174],[-76.6223504,39.3251704],[-76.6223641,39.3251675],[-76.6223783,39.3251646],[-76.6223923,39.3251624],[-76.6223995,39.3251615],[-76.622407,39.3251608],[-76.6224225,39.3251597],[-76.6224304,39.3251594],[-76.6224388,39.3251594],[-76.6224483,39.3251597],[-76.6224575,39.3251605],[-76.6224661,39.3251615],[-76.6224772,39.3251623],[-76.6224873,39.3251633],[-76.6224919,39.3251643],[-76.6225011,39.3251665],[-76.6225185,39.3251715],[-76.6225277,39.3251747],[-76.6225384,39.3251792],[-76.6225487,39.3251843],[-76.622558,39.3251892],[-76.6225669,39.3251944],[-76.6225765,39.3252009],[-76.6225858,39.3252078],[-76.6225942,39.3252149],[-76.6226022,39.3252221],[-76.6226097,39.32523],[-76.6226168,39.3252385],[-76.6226234,39.3252473],[-76.6226279,39.3252547],[-76.6226314,39.3252619],[-76.6226345,39.3252684],[-76.622637,39.3252746],[-76.6226392,39.3252808],[-76.6226411,39.3252871],[-76.6226437,39.3252997],[-76.6226445,39.3253055],[-76.6226453,39.3253115],[-76.6226456,39.325318],[-76.6226455,39.3253246],[-76.6226452,39.3253308],[-76.6226447,39.3253368],[-76.6226439,39.3253432],[-76.6226426,39.3253498],[-76.6226409,39.3253564],[-76.622639,39.3253626],[-76.6226348,39.3253744],[-76.6226317,39.3253811],[-76.6226282,39.3253878],[-76.6226212,39.3253997],[-76.6226176,39.3254052],[-76.622606,39.3254216],[-76.6225875,39.3254416],[-76.622584,39.3254453],[-76.622581,39.3254483],[-76.6225709,39.3254578],[-76.6225528,39.3254735],[-76.6225425,39.3254823],[-76.622508,39.3255109],[-76.6224862,39.3255312],[-76.6224819,39.3255353],[-76.6224805,39.3255369],[-76.6223731,39.3255365],[-76.6223155,39.3254769]]]}},{"type":"Feature","properties":{"layer":"Road Area","_tile":"6/30/40"},"geometry":{"type":"Polygon","coordinates":[[[-76.6221613,39.3254974],[-76.6221589,39.3254959],[-76.6221509,39.3254914],[-76.6221452,39.3254885],[-76.62214,39.3254862],[-76.6221353,39.3254844],[-76.6221309,39.3254831],[-76.6221316,39.3253393],[-76.6222067,39.3253882],[-76.6222123,39.3253943],[-76.6222168,39.325399],[-76.6222308,39.3254102],[-76.6222534,39.3254281],[-76.6222545,39.325429],[-76.6222999,39.3254652],[-76.6223067,39.325471],[-76.6223121,39.3254751],[-76.6223155,39.3254769],[-76.6223731,39.3255365],[-76.6222093,39.325536],[-76.6221885,39.3255188],[-76.6221836,39.3255148],[-76.6221781,39.3255102],[-76.6221712,39.3255047],[-76.6221665,39.3255011],[-76.6221613,39.3254974]]]}},{"type":"Feature","properties":{"layer":"Road Area","_tile":"6/30/41"},"geometry":{"type":"Polygon","coordinates":[[[-76.6221351,39.3246793],[-76.6221396,39.3246813],[-76.6221448,39.3246814],[-76.6221532,39.3246801],[-76.6221351,39.3246886],[-76.6221351,39.3246793]]]}},{"type":"Feature","properties":{"layer":"Road Area","_tile":"6/30/41"},"geometry":{"type":"Polygon","coordinates":[[[-76.6224381,39.3245453],[-76.62238,39.3245724],[-76.6223837,39.32457],[-76.6223872,39.3245664],[-76.6223918,39.3245607],[-76.6223945,39.3245541],[-76.6223934,39.3245479],[-76.6223924,39.3245452],[-76.6224381,39.3245453]]]}},{"type":"Feature","properties":{"layer":"Road Area","_tile":"6/30/41"},"geometry":{"type":"Polygon","coordinates":[[[-76.6221351,39.3246886],[-76.6221532,39.3246801],[-76.6222131,39.3246521],[-76.6223763,39.3245749],[-76.62238,39.3245724],[-76.6224381,39.3245453],[-76.6226707,39.3245461],[-76.622563,39.3245971],[-76.622462,39.3246437],[-76.6223712,39.3246867],[-76.6223417,39.3247005],[-76.6222755,39.3247319],[-76.6221485,39.3247915],[-76.6221407,39.3247953],[-76.6221345,39.3247981],[-76.6221351,39.3246886]]]}},{"type":"Feature","properties":{"layer":"Road Area","_tile":"6/30/41"},"geometry":{"type":"Polygon","coordinates":[[[-76.6222755,39.3247319],[-76.6223417,39.3247005],[-76.6223712,39.3246867],[-76.6223687,39.3246919],[-76.6223669,39.3246975],[-76.6223662,39.3247038],[-76.6223676,39.32471],[-76.6223714,39.3247148],[-76.6223718,39.3247153],[-76.622377,39.3247196],[-76.6223824,39.324723],[-76.6223897,39.3247265],[-76.6223985,39.3247295],[-76.6224035,39.3247305],[-76.6224093,39.3247312],[-76.6224146,39.3247315],[-76.6224212,39.324731],[-76.6224274,39.3247302],[-76.6224367,39.3247275],[-76.6225385,39.3246796],[-76.622544,39.3246771],[-76.6225582,39.3246705],[-76.6225714,39.3246641],[-76.6225774,39.3246606],[-76.6225791,39.3246594],[-76.6225839,39.3246558],[-76.6225904,39.3246491],[-76.6225931,39.3246449],[-76.6225959,39.32464],[-76.6225979,39.3246356],[-76.6225993,39.3246313],[-76.6226001,39.3246283],[-76.6226006,39.3246265],[-76.6226012,39.3246222],[-76.6226016,39.3246178],[-76.6226011,39.3246134],[-76.6225989,39.3246085],[-76.6225989,39.3246084],[-76.622593,39.3246036],[-76.6225862,39.3246004],[-76.6225785,39.324598],[-76.6225704,39.3245969],[-76.622563,39.3245971],[-76.6226707,39.3245461],[-76.6226718,39.3245461],[-76.6226694,39.324548],[-76.622667,39.324551],[-76.6226637,39.3245574],[-76.6226628,39.3245627],[-76.6226627,39.3245671],[-76.6226644,39.3245721],[-76.6226662,39.3245764],[-76.6226696,39.3245832],[-76.6226714,39.3245875],[-76.6226733,39.3245925],[-76.6226749,39.324597],[-76.6226761,39.3246011],[-76.622677,39.324606],[-76.6226775,39.3246109],[-76.6226778,39.3246151],[-76.6226773,39.3246195],[-76.6226764,39.3246245],[-76.6226751,39.3246296],[-76.6226739,39.324634],[-76.6226708,39.3246429],[-76.6226667,39.3246529],[-76.6226646,39.3246576],[-76.6226625,39.3246615],[-76.6226602,39.3246657],[-76.6226556,39.3246728],[-76.6226511,39.3246791],[-76.6226468,39.3246841],[-76.6226418,39.324689],[-76.6226341,39.3246938],[-76.6226265,39.3246978],[-76.6226166,39.3247027],[-76.6224911,39.3247621],[-76.622474,39.3247694],[-76.6224693,39.3247711],[-76.6224643,39.3247726],[-76.6224584,39.3247742],[-76.622447,39.3247765],[-76.6224412,39.3247773],[-76.6224344,39.324778],[-76.6224276,39.3247785],[-76.6224218,39.3247788],[-76.6224164,39.3247789],[-76.622404,39.3247786],[-76.6223977,39.3247784],[-76.6223948,39.3247781],[-76.6223917,39.324778],[-76.622381,39.3247773],[-76.6223681,39.324776],[-76.6223626,39.3247753],[-76.6223572,39.3247742],[-76.6223511,39.3247727],[-76.6223459,39.3247712],[-76.6223396,39.3247684],[-76.622334,39.3247651],[-76.6223282,39.3247597],[-76.6223257,39.3247568],[-76.6223234,39.3247543],[-76.6223184,39.324748],[-76.6223134,39.3247424],[-76.6223132,39.3247424],[-76.6223054,39.3247367],[-76.6222966,39.3247329],[-76.6222868,39.3247312],[-76.6222798,39.3247313],[-76.6222755,39.3247319]]]}},{"type":"Feature","properties":{"layer":"Road Area","_tile":"6/30/41"},"geometry":{"type":"Polygon","coordinates":[[[-76.6226556,39.3246728],[-76.6226602,39.3246657],[-76.6226625,39.3246615],[-76.6226646,39.3246576],[-76.6226667,39.3246529],[-76.6226708,39.3246429],[-76.6226739,39.324634],[-76.6226751,39.3246296],[-76.6226764,39.3246245],[-76.6226773,39.3246195],[-76.6226778,39.3246151],[-76.6226914,39.3246237],[-76.6226962,39.3246248],[-76.6227192,39.3246266],[-76.6227284,39.3246272],[-76.6227342,39.3246256],[-76.6227393,39.324623],[-76.6227416,39.3246196],[-76.6227415,39.3246159],[-76.6227412,39.3246135],[-76.6227392,39.3246106],[-76.6227087,39.3245767],[-76.6227682,39.3245483],[-76.6227838,39.3245672],[-76.622783,39.3247179],[-76.622772,39.3247038],[-76.6227595,39.3246899],[-76.6227595,39.3246898],[-76.6227557,39.3246866],[-76.622752,39.3246837],[-76.6227481,39.3246817],[-76.6227435,39.3246807],[-76.6227238,39.3246762],[-76.6226832,39.3246685],[-76.6226802,39.3246682],[-76.6226772,39.3246681],[-76.6226719,39.3246687],[-76.6226665,39.3246696],[-76.6226556,39.3246728]]]}},{"type":"Feature","properties":{"layer":"Road Area","_tile":"6/30/41"},"geometry":{"type":"Polygon","coordinates":[[[-76.6227815,39.3250034],[-76.6227499,39.3250184],[-76.6226975,39.3249531],[-76.6227118,39.3249461],[-76.6227004,39.3249347],[-76.622782,39.3248975],[-76.6227815,39.3250034]]]}},{"type":"Feature","properties":{"layer":"Road Area","_tile":"6/30/41"},"geometry":{"type":"Polygon","coordinates":[[[-76.6227815,39.3250034],[-76.6227499,39.3250184],[-76.6226891,39.3249424],[-76.622782,39.3248969],[-76.6227815,39.3250034]]]}},{"type":"Feature","properties":{"layer":"Road Area","_tile":"6/30/42"},"geometry":{"type":"Polygon","coordinates":[[[-76.6221719,39.3242881],[-76.6221426,39.3242544],[-76.6221448,39.3242517],[-76.6221471,39.324248],[-76.6221491,39.3242439],[-76.6221493,39.3242402],[-76.6221479,39.3242349],[-76.6221501,39.3242377],[-76.6221914,39.3242883],[-76.6221848,39.3242866],[-76.62218,39.3242864],[-76.6221762,39.3242867],[-76.6221719,39.3242881]]]}},{"type":"Feature","properties":{"layer":"Road Area","_tile":"6/30/42"},"geometry":{"type":"Polygon","coordinates":[[[-76.6222583,39.3242481],[-76.6222651,39.3242505],[-76.6222689,39.3242511],[-76.6222729,39.324251],[-76.6222778,39.32425],[-76.6222832,39.3242485],[-76.6222903,39.3242459],[-76.6222961,39.3242433],[-76.6223381,39.3242232],[-76.6224797,39.32416],[-76.622694,39.324058],[-76.62276,39.3240583],[-76.6227347,39.3240702],[-76.6227255,39.3240747],[-76.6227227,39.3240759],[-76.6226977,39.3240878],[-76.6226911,39.324091],[-76.6226606,39.3241055],[-76.6226563,39.3241076],[-76.6226251,39.3241224],[-76.6226195,39.324125],[-76.622618,39.3241258],[-76.6226077,39.3241307],[-76.6225758,39.3241458],[-76.6225691,39.3241492],[-76.6224976,39.3241831],[-76.6224553,39.3242019],[-76.6223765,39.3242372],[-76.6223682,39.3242409],[-76.6223558,39.3242464],[-76.6223252,39.324261],[-76.6223138,39.3242664],[-76.6223064,39.3242697],[-76.6222978,39.3242746],[-76.6222947,39.3242769],[-76.622293,39.3242791],[-76.6222919,39.3242818],[-76.6222917,39.3242854],[-76.6222928,39.3242904],[-76.6222583,39.3242481]]]}},{"type":"Feature","properties":{"layer":"Road Area","_tile":"6/30/42"},"geometry":{"type":"Polygon","coordinates":[[[-76.6221914,39.3242883],[-76.6221501,39.3242377],[-76.6221479,39.3242349],[-76.6221457,39.3242324],[-76.6221386,39.3242246],[-76.6221376,39.3242234],[-76.6221381,39.3241164],[-76.6221383,39.3241166],[-76.622143,39.3241212],[-76.6221481,39.3241259],[-76.6221633,39.3241407],[-76.6221772,39.3241546],[-76.6221893,39.3241674],[-76.6221937,39.3241719],[-76.6222178,39.3241983],[-76.6222536,39.3242423],[-76.6222583,39.3242481],[-76.6222928,39.3242904],[-76.6222967,39.3242953],[-76.6223178,39.3243213],[-76.6224057,39.324434],[-76.622433,39.3244687],[-76.6224574,39.3244996],[-76.6224601,39.3245033],[-76.622468,39.3245099],[-76.6224763,39.3245135],[-76.6224857,39.3245161],[-76.6224913,39.3245165],[-76.6224976,39.3245161],[-76.6225022,39.3245155],[-76.6224056,39.3245605],[-76.622392,39.3245604],[-76.6223945,39.3245541],[-76.6223934,39.3245479],[-76.6223909,39.3245411],[-76.6223849,39.3245331],[-76.6223337,39.324468],[-76.6222463,39.3243557],[-76.6221914,39.3242883]]]}},{"type":"Feature","properties":{"layer":"Road Area","_tile":"6/30/42"},"geometry":{"type":"Polygon","coordinates":[[[-76.6224056,39.3245605],[-76.6225022,39.3245155],[-76.6225102,39.3245128],[-76.6227076,39.3244188],[-76.6227848,39.3243825],[-76.6227842,39.324492],[-76.6227704,39.3244985],[-76.6226734,39.3245448],[-76.6226387,39.3245612],[-76.6224056,39.3245605]]]}},{"type":"Feature","properties":{"layer":"Road Area","_tile":"6/30/42"},"geometry":{"type":"Polygon","coordinates":[[[-76.6226387,39.3245612],[-76.6226734,39.3245448],[-76.6226694,39.324548],[-76.622667,39.324551],[-76.6226637,39.3245574],[-76.6226631,39.3245613],[-76.6226387,39.3245612]]]}},{"type":"Feature","properties":{"layer":"Road Area","_tile":"6/30/42"},"geometry":{"type":"Polygon","coordinates":[[[-76.6227404,39.3245615],[-76.6227682,39.3245483],[-76.6227792,39.3245617],[-76.6227404,39.3245615]]]}},{"type":"Feature","properties":{"layer":"Road Area","_tile":"6/30/42"},"geometry":{"type":"Polygon","coordinates":[[[-76.6221374,39.3242574],[-76.622138,39.3242572],[-76.6221426,39.3242544],[-76.6221719,39.3242881],[-76.6221371,39.3243041],[-76.6221374,39.3242574]]]}},{"type":"Feature","properties":{"layer":"Road Area","_tile":"6/30/42"},"geometry":{"type":"Polygon","coordinates":[[[-76.6227842,39.324492],[-76.6227842,39.3244967],[-76.6227828,39.3244967],[-76.6227771,39.3244973],[-76.6227704,39.3244985],[-76.6227842,39.324492]]]}},{"type":"Feature","properties":{"layer":"Road Area","_tile":"6/30/43"},"geometry":{"type":"Polygon","coordinates":[[[-76.6226781,39.3238968],[-76.6226728,39.32389],[-76.6226614,39.3238754],[-76.6226533,39.3238652],[-76.6226414,39.3238501],[-76.6226374,39.323845],[-76.6226284,39.3238338],[-76.6226863,39.3238044],[-76.6226921,39.3238117],[-76.6226994,39.3238207],[-76.6227166,39.3238421],[-76.6227357,39.323866],[-76.6227456,39.3238783],[-76.6227636,39.3239009],[-76.6227689,39.3239075],[-76.6227872,39.3239302],[-76.6227867,39.324014],[-76.622775,39.3240195],[-76.6226781,39.3238968]]]}},{"type":"Feature","properties":{"layer":"Road Area","_tile":"6/30/43"},"geometry":{"type":"Polygon","coordinates":[[[-76.622141,39.3235746],[-76.6221506,39.3235872],[-76.6222908,39.32377],[-76.6223571,39.3238564],[-76.6223597,39.3238596],[-76.6223284,39.3238741],[-76.6223126,39.3238534],[-76.6223067,39.3238458],[-76.6222946,39.3238299],[-76.6222777,39.323808],[-76.6222713,39.3237995],[-76.6222442,39.3237642],[-76.6222439,39.3237639],[-76.6222384,39.3237566],[-76.6222378,39.3237558],[-76.6222376,39.3237558],[-76.6221974,39.3237033],[-76.6221925,39.3236969],[-76.6221788,39.3236791],[-76.6221581,39.3236519],[-76.6221407,39.3236293],[-76.622141,39.3235746]]]}},{"type":"Feature","properties":{"layer":"Road Area","_tile":"6/30/43"},"geometry":{"type":"Polygon","coordinates":[[[-76.6226622,39.3240732],[-76.6227617,39.3240258],[-76.622775,39.3240195],[-76.6227867,39.324014],[-76.6227866,39.3240456],[-76.6227347,39.3240702],[-76.6227281,39.3240734],[-76.6226622,39.3240732]]]}},{"type":"Feature","properties":{"layer":"Road Area","_tile":"6/30/43"},"geometry":{"type":"Polygon","coordinates":[[[-76.6226781,39.3238968],[-76.622775,39.3240195],[-76.6227617,39.3240258],[-76.6227608,39.3240243],[-76.622728,39.3239809],[-76.6227138,39.3239619],[-76.6227073,39.3239533],[-76.6227044,39.3239548],[-76.6226455,39.3239815],[-76.6226415,39.3239762],[-76.6226368,39.3239699],[-76.6226077,39.3239312],[-76.6226329,39.3239188],[-76.6226781,39.3238968]]]}},{"type":"Feature","properties":{"layer":"Road Area","_tile":"6/30/43"},"geometry":{"type":"Polygon","coordinates":[[[-76.6221506,39.3235872],[-76.622141,39.3235746],[-76.6221411,39.3235682],[-76.6221918,39.3235683],[-76.6221506,39.3235872]],[[-76.6225475,39.3235695],[-76.6225592,39.3235841],[-76.6226023,39.3236382],[-76.6225931,39.3236427],[-76.6225625,39.3236575],[-76.6225583,39.3236594],[-76.6225497,39.3236635],[-76.6223808,39.323745],[-76.6223939,39.3237612],[-76.6224205,39.3237945],[-76.6223943,39.3238051],[-76.6223574,39.3238225],[-76.6222398,39.3236738],[-76.6221777,39.3235957],[-76.622171,39.3235869],[-76.6222115,39.3235684],[-76.6225475,39.3235695]]]}},{"type":"Feature","properties":{"layer":"Road Area","_tile":"6/30/43"},"geometry":{"type":"Polygon","coordinates":[[[-76.6226551,39.3238715],[-76.6226483,39.3238749],[-76.6226437,39.323877],[-76.6226312,39.3238604],[-76.62263,39.323859],[-76.6226417,39.3238548],[-76.6226438,39.3238573],[-76.6226551,39.3238715]]]}},{"type":"Feature","properties":{"layer":"Road Area","_tile":"6/31/32"},"geometry":{"type":"Polygon","coordinates":[[[-76.6219266,39.3292537],[-76.6219305,39.329249],[-76.6219365,39.3292412],[-76.6219461,39.3292281],[-76.621964,39.3292012],[-76.6219877,39.3291654],[-76.6219976,39.3291497],[-76.6219992,39.3291475],[-76.6220071,39.3291343],[-76.6220098,39.3291294],[-76.6220153,39.329118],[-76.6220238,39.3290993],[-76.622032,39.3290819],[-76.6220367,39.3290709],[-76.6220369,39.3290707],[-76.6220384,39.3290656],[-76.6220401,39.3290593],[-76.622043,39.3290441],[-76.6220454,39.3290252],[-76.6220478,39.3289998],[-76.6220488,39.3289821],[-76.6220489,39.3289683],[-76.6220479,39.3289586],[-76.6220455,39.3289467],[-76.6220443,39.3289416],[-76.6220431,39.3289368],[-76.6221081,39.328937],[-76.6221107,39.3289463],[-76.6221122,39.3289544],[-76.6221134,39.3289639],[-76.6221142,39.3289742],[-76.6221148,39.3289856],[-76.6221149,39.3289972],[-76.6221144,39.3290089],[-76.6221135,39.3290195],[-76.6221131,39.3290242],[-76.6221124,39.3290288],[-76.6221105,39.329038],[-76.6221072,39.3290499],[-76.6221026,39.3290646],[-76.6220966,39.3290825],[-76.622092,39.3290948],[-76.6220806,39.3291233],[-76.6220708,39.3291445],[-76.6220665,39.3291533],[-76.6220635,39.3291588],[-76.62206,39.3291658],[-76.6220468,39.3291897],[-76.6220428,39.3291965],[-76.6220392,39.3292028],[-76.6220361,39.3292079],[-76.6220264,39.3292234],[-76.6220165,39.3292383],[-76.6220118,39.3292451],[-76.6220078,39.3292509],[-76.6220041,39.3292561],[-76.6219962,39.329266],[-76.6219854,39.3292791],[-76.62197,39.3292965],[-76.6219618,39.3293049],[-76.6219564,39.3293101],[-76.6219498,39.3293162],[-76.6219421,39.3293229],[-76.6219267,39.3293361],[-76.6219194,39.3293421],[-76.6219125,39.3293475],[-76.6218998,39.3293569],[-76.6218878,39.3293652],[-76.6218829,39.3293685],[-76.621864,39.3293808],[-76.6218547,39.3293866],[-76.6218466,39.3293916],[-76.6218321,39.3294],[-76.621815,39.3294094],[-76.6217909,39.3294221],[-76.6217792,39.3294279],[-76.6217601,39.3294365],[-76.621754,39.3294392],[-76.6215985,39.3294387],[-76.6216001,39.3294384],[-76.6216056,39.329437],[-76.621614,39.3294347],[-76.6216326,39.3294295],[-76.6216582,39.3294218],[-76.6216648,39.3294195],[-76.6216706,39.3294174],[-76.6216783,39.3294144],[-76.6216984,39.329406],[-76.62172,39.3293968],[-76.6217466,39.3293849],[-76.6217658,39.3293749],[-76.62179,39.329362],[-76.6217986,39.3293572],[-76.6218061,39.3293527],[-76.6218268,39.3293394],[-76.6218371,39.3293326],[-76.6218529,39.3293213],[-76.6218673,39.3293104],[-76.6218722,39.3293064],[-76.6218867,39.3292934],[-76.6219033,39.3292779],[-76.6219107,39.3292708],[-76.6219166,39.3292648],[-76.6219212,39.32926],[-76.6219231,39.3292579],[-76.6219266,39.3292537]]]}},{"type":"Feature","properties":{"layer":"Road Area","_tile":"6/31/32"},"geometry":{"type":"Polygon","coordinates":[[[-76.6221131,39.3290242],[-76.6221135,39.3290195],[-76.6221144,39.3290089],[-76.6221149,39.3289972],[-76.6221148,39.3289856],[-76.6221142,39.3289742],[-76.6221134,39.3289639],[-76.6221122,39.3289544],[-76.6221107,39.3289463],[-76.6221158,39.3289483],[-76.6221187,39.3289491],[-76.622124,39.3289495],[-76.6221291,39.328949],[-76.622132,39.3289478],[-76.6221316,39.3290261],[-76.6221131,39.3290242]]]}},{"type":"Feature","properties":{"layer":"Road Area","_tile":"6/31/33"},"geometry":{"type":"Polygon","coordinates":[[[-76.6220465,39.3289521],[-76.6220455,39.3289467],[-76.6220443,39.3289416],[-76.6220422,39.3289332],[-76.6220356,39.3289087],[-76.6220298,39.3288891],[-76.6220134,39.3288314],[-76.6220059,39.3288048],[-76.6220002,39.328784],[-76.6219774,39.328707],[-76.6219706,39.3286828],[-76.6219688,39.3286755],[-76.6219658,39.3286644],[-76.6219617,39.3286435],[-76.6219552,39.3286079],[-76.6219518,39.3285891],[-76.6219447,39.3285504],[-76.6219405,39.3285259],[-76.6219381,39.3285091],[-76.6219358,39.3284888],[-76.6219317,39.3284484],[-76.6219948,39.3284486],[-76.6219959,39.3284601],[-76.6219995,39.328489],[-76.6220025,39.3285128],[-76.6220048,39.3285296],[-76.6220082,39.3285525],[-76.6220105,39.328569],[-76.6220157,39.3285995],[-76.6220192,39.328616],[-76.6220244,39.3286375],[-76.6220419,39.3287028],[-76.6220676,39.3287963],[-76.6220813,39.3288467],[-76.6220863,39.3288646],[-76.6220967,39.3289007],[-76.6221062,39.3289304],[-76.6221107,39.3289463],[-76.6221117,39.3289523],[-76.6220465,39.3289521]]]}},{"type":"Feature","properties":{"layer":"Road Area","_tile":"6/31/33"},"geometry":{"type":"Polygon","coordinates":[[[-76.6221117,39.3289523],[-76.6221107,39.3289463],[-76.6221158,39.3289483],[-76.6221187,39.3289491],[-76.622124,39.3289495],[-76.6221291,39.328949],[-76.622132,39.3289478],[-76.622132,39.3289524],[-76.6221117,39.3289523]]]}},{"type":"Feature","properties":{"layer":"Road Area","_tile":"6/31/34"},"geometry":{"type":"Polygon","coordinates":[[[-76.6219559,39.3281019],[-76.6219579,39.3281055],[-76.6219602,39.3281081],[-76.6219637,39.3281111],[-76.6219686,39.3281146],[-76.6219735,39.3281176],[-76.6219772,39.3281193],[-76.6219818,39.3281211],[-76.6219851,39.3281222],[-76.6219983,39.3281265],[-76.6220107,39.3281307],[-76.622013,39.3281314],[-76.6220219,39.328134],[-76.6220276,39.3281348],[-76.6220352,39.3281356],[-76.6220434,39.3281358],[-76.6220504,39.3281357],[-76.6220604,39.3281343],[-76.6220676,39.3281329],[-76.6220752,39.3281313],[-76.622081,39.3281297],[-76.6220875,39.3281276],[-76.6221111,39.3281186],[-76.6221139,39.3281177],[-76.6221365,39.3281084],[-76.6221362,39.3281672],[-76.62213,39.3281701],[-76.6220859,39.3281903],[-76.6220602,39.3282024],[-76.6220214,39.3282208],[-76.6220193,39.3282218],[-76.6220064,39.3282303],[-76.6220017,39.3282338],[-76.6219983,39.3282361],[-76.6219945,39.32824],[-76.6219895,39.3282455],[-76.6219849,39.3282513],[-76.6219814,39.3282563],[-76.6219764,39.3282676],[-76.6219559,39.3281019]]]}},{"type":"Feature","properties":{"layer":"Road Area","_tile":"6/31/34"},"geometry":{"type":"Polygon","coordinates":[[[-76.6219333,39.3284636],[-76.6219227,39.3283579],[-76.6219183,39.3283199],[-76.6219175,39.3283151],[-76.6219131,39.328287],[-76.6219018,39.3282212],[-76.6218891,39.3281427],[-76.6218897,39.3281325],[-76.6218732,39.3281322],[-76.6218705,39.3280915],[-76.6218614,39.3279601],[-76.6219435,39.3279603],[-76.621947,39.3280262],[-76.6219534,39.3280958],[-76.6219559,39.3281019],[-76.6219764,39.3282676],[-76.621978,39.328284],[-76.6219787,39.3282898],[-76.6219869,39.3283662],[-76.6219959,39.3284601],[-76.6219964,39.3284638],[-76.6219333,39.3284636]]]}},{"type":"Feature","properties":{"layer":"Road Area","_tile":"6/31/35"},"geometry":{"type":"Polygon","coordinates":[[[-76.6218624,39.3279753],[-76.6218556,39.327876],[-76.6218774,39.3278744],[-76.6218815,39.3278742],[-76.6219389,39.3278707],[-76.6219443,39.3279756],[-76.6218624,39.3279753]]]}},{"type":"Feature","properties":{"layer":"Road Area","_tile":"6/31/38"},"geometry":{"type":"Polygon","coordinates":[[[-76.6221473,39.3260736],[-76.6221352,39.326074],[-76.62212,39.3260747],[-76.6220731,39.3260764],[-76.6220679,39.3260084],[-76.6221477,39.3260086],[-76.6221473,39.3260736]]]}},{"type":"Feature","properties":{"layer":"Road Area","_tile":"6/31/39"},"geometry":{"type":"Polygon","coordinates":[[[-76.6215013,39.3256859],[-76.6215105,39.3256856],[-76.6215218,39.325685],[-76.621536,39.3256841],[-76.6215448,39.3256834],[-76.62155,39.3256828],[-76.6215555,39.3256824],[-76.6215729,39.3256804],[-76.6215884,39.3256784],[-76.6215922,39.3256778],[-76.6215999,39.3256766],[-76.6216152,39.3256736],[-76.6216159,39.3256734],[-76.6216208,39.3256725],[-76.6216341,39.3256695],[-76.6216494,39.325666],[-76.6216538,39.3256648],[-76.6216758,39.3256587],[-76.6216922,39.3256537],[-76.6217094,39.3256482],[-76.6217357,39.3256386],[-76.6217516,39.3256324],[-76.6217605,39.3256287],[-76.6217642,39.3256272],[-76.6217722,39.3256236],[-76.6217819,39.325619],[-76.6217871,39.3256164],[-76.6217979,39.3256109],[-76.6218128,39.3256031],[-76.6218248,39.3255964],[-76.6218345,39.3255906],[-76.6218399,39.325587],[-76.6218513,39.3255798],[-76.6218554,39.3255769],[-76.6218568,39.3255761],[-76.6218707,39.3255666],[-76.6218858,39.3255553],[-76.6218918,39.3255507],[-76.6219033,39.3255415],[-76.6219166,39.3255305],[-76.6219251,39.3255229],[-76.6219284,39.3255198],[-76.6220188,39.3255201],[-76.6220074,39.3255323],[-76.6219992,39.3255403],[-76.6219844,39.3255543],[-76.6219698,39.3255675],[-76.6219605,39.3255752],[-76.6219488,39.3255847],[-76.6219425,39.3255897],[-76.621924,39.3256038],[-76.6219188,39.3256076],[-76.6219089,39.3256144],[-76.6218974,39.3256221],[-76.621879,39.3256338],[-76.6218732,39.3256374],[-76.6218627,39.3256436],[-76.6218537,39.3256487],[-76.6218372,39.3256572],[-76.6218255,39.3256631],[-76.6218141,39.3256687],[-76.6218035,39.3256735],[-76.6217895,39.3256796],[-76.6217843,39.3256817],[-76.6217672,39.3256883],[-76.6217495,39.3256949],[-76.6217332,39.3257006],[-76.6217185,39.3257053],[-76.6217008,39.3257106],[-76.6216885,39.3257141],[-76.6216825,39.3257158],[-76.6216666,39.3257199],[-76.6216454,39.3257247],[-76.6216334,39.3257272],[-76.6216159,39.3257306],[-76.6216106,39.3257315],[-76.6215957,39.3257337],[-76.6215838,39.3257353],[-76.6215649,39.3257373],[-76.6215529,39.3257385],[-76.6215377,39.3257396],[-76.6215268,39.3257403],[-76.6215023,39.3257414],[-76.621501,39.3257414],[-76.6215013,39.3256859]]]}},{"type":"Feature","properties":{"layer":"Road Area","_tile":"6/31/39"},"geometry":{"type":"Polygon","coordinates":[[[-76.6220691,39.3260236],[-76.6220656,39.3259779],[-76.6220665,39.3259779],[-76.6220672,39.3259778],[-76.6220698,39.3259778],[-76.6221479,39.3259747],[-76.6221476,39.3260239],[-76.6220691,39.3260236]]]}},{"type":"Feature","properties":{"layer":"Road Area","_tile":"6/31/40"},"geometry":{"type":"Polygon","coordinates":[[[-76.6219854,39.3254558],[-76.6219879,39.3254503],[-76.6220583,39.3254868],[-76.6220555,39.3254881],[-76.6220498,39.3254916],[-76.6220436,39.3254964],[-76.6220376,39.3255012],[-76.6220328,39.3255056],[-76.6220288,39.3255096],[-76.6220074,39.3255323],[-76.6220043,39.3255353],[-76.621911,39.325535],[-76.6219166,39.3255305],[-76.6219251,39.3255229],[-76.6219346,39.3255141],[-76.6219474,39.3255018],[-76.6219564,39.3254926],[-76.6219576,39.3254912],[-76.6219723,39.3254758],[-76.6219764,39.3254703],[-76.6219825,39.3254613],[-76.6219854,39.3254558]]]}},{"type":"Feature","properties":{"layer":"Road Area","_tile":"6/31/40"},"geometry":{"type":"Polygon","coordinates":[[[-76.6216395,39.3250308],[-76.6216063,39.3250467],[-76.6215877,39.3250557],[-76.6215814,39.3250601],[-76.6215752,39.3250672],[-76.621574,39.325071],[-76.6215727,39.3250748],[-76.6215733,39.3250811],[-76.6215754,39.3250873],[-76.6215797,39.3250936],[-76.6215837,39.3250969],[-76.621531,39.3250752],[-76.6215047,39.3250642],[-76.6215048,39.3250304],[-76.6216395,39.3250308]]]}},{"type":"Feature","properties":{"layer":"Road Area","_tile":"6/31/40"},"geometry":{"type":"Polygon","coordinates":[[[-76.6221512,39.3253519],[-76.6220501,39.325286],[-76.6220564,39.3252867],[-76.6220629,39.3252873],[-76.6220685,39.3252876],[-76.6220719,39.3252876],[-76.6220753,39.3252876],[-76.622083,39.3252874],[-76.6220897,39.3252869],[-76.6220957,39.3252863],[-76.6221026,39.3252854],[-76.6221094,39.3252842],[-76.6221152,39.325283],[-76.6221206,39.3252812],[-76.6221327,39.3252765],[-76.6221376,39.3252741],[-76.6221447,39.3252704],[-76.6221516,39.3252664],[-76.6221512,39.3253519]]]}},{"type":"Feature","properties":{"layer":"Road Area","_tile":"6/31/40"},"geometry":{"type":"Polygon","coordinates":[[[-76.6221504,39.3254911],[-76.6221452,39.3254885],[-76.62214,39.3254862],[-76.6221353,39.3254844],[-76.6221295,39.3254826],[-76.6221238,39.3254809],[-76.6221212,39.3254804],[-76.6221188,39.3254798],[-76.6221132,39.3254791],[-76.6221088,39.3254787],[-76.6221069,39.3254785],[-76.6221005,39.3254782],[-76.622095,39.3254782],[-76.6220839,39.3254792],[-76.6220782,39.32548],[-76.6220733,39.3254811],[-76.6220675,39.325483],[-76.6220641,39.3254843],[-76.6220609,39.3254855],[-76.6220609,39.3254856],[-76.6220583,39.3254868],[-76.6219879,39.3254503],[-76.6219898,39.3254443],[-76.6219912,39.3254381],[-76.6219917,39.3254335],[-76.6219917,39.3254308],[-76.6219918,39.3254282],[-76.6219916,39.3254227],[-76.6219908,39.3254182],[-76.6219895,39.3254136],[-76.6219884,39.325411],[-76.6219875,39.3254084],[-76.6219851,39.3254031],[-76.6219828,39.3253988],[-76.6219804,39.3253949],[-76.621974,39.3253858],[-76.6219706,39.3253816],[-76.6219672,39.3253782],[-76.6219619,39.3253739],[-76.6219552,39.3253692],[-76.6219481,39.3253649],[-76.621942,39.3253613],[-76.6219377,39.325359],[-76.6219273,39.3253538],[-76.6219094,39.3253457],[-76.6218908,39.3253376],[-76.6218693,39.3253288],[-76.6217949,39.3252973],[-76.6217432,39.325276],[-76.6216659,39.3252446],[-76.6215232,39.3251858],[-76.6215041,39.3251779],[-76.6215047,39.3250642],[-76.621531,39.3250752],[-76.6215837,39.3250969],[-76.6215899,39.3251006],[-76.621593,39.3251019],[-76.6216032,39.325106],[-76.6216773,39.3251366],[-76.6217377,39.3251614],[-76.6218554,39.3252094],[-76.6219018,39.3252291],[-76.6219302,39.325241],[-76.621946,39.3252477],[-76.6219483,39.3252486],[-76.6219523,39.3252504],[-76.6219658,39.325256],[-76.621987,39.3252655],[-76.6220051,39.3252727],[-76.6220149,39.3252764],[-76.6220192,39.325278],[-76.6220311,39.3252821],[-76.6220379,39.3252838],[-76.6220446,39.3252851],[-76.6220501,39.325286],[-76.6221512,39.3253519],[-76.6221504,39.3254911]]]}},{"type":"Feature","properties":{"layer":"Road Area","_tile":"6/31/41"},"geometry":{"type":"Polygon","coordinates":[[[-76.6220442,39.3246758],[-76.6220047,39.3246257],[-76.6219582,39.3245664],[-76.6219532,39.32456],[-76.6219488,39.3245568],[-76.6219284,39.3245437],[-76.6220171,39.324544],[-76.6220764,39.3246112],[-76.622113,39.3246562],[-76.6221296,39.3246758],[-76.6221304,39.3246762],[-76.6221347,39.3246791],[-76.6221396,39.3246813],[-76.6221448,39.3246814],[-76.6221532,39.3246801],[-76.622074,39.3247174],[-76.6220442,39.3246758]]]}},{"type":"Feature","properties":{"layer":"Road Area","_tile":"6/31/41"},"geometry":{"type":"Polygon","coordinates":[[[-76.6215067,39.324684],[-76.6215127,39.3246878],[-76.6215611,39.3247193],[-76.6215663,39.3247228],[-76.6215772,39.3247297],[-76.6216276,39.3247626],[-76.6216396,39.3247703],[-76.62176,39.3248487],[-76.6217666,39.3248508],[-76.6217732,39.3248519],[-76.6217807,39.3248523],[-76.6217853,39.3248518],[-76.6217887,39.3248511],[-76.621674,39.3249059],[-76.6216803,39.3249007],[-76.6216832,39.3248973],[-76.6216858,39.3248926],[-76.6216879,39.3248855],[-76.6216882,39.3248819],[-76.6216867,39.3248765],[-76.6216837,39.3248714],[-76.6216809,39.3248677],[-76.6216757,39.324863],[-76.6216505,39.3248465],[-76.6216292,39.3248327],[-76.6215887,39.324807],[-76.6215887,39.3248069],[-76.6215796,39.3248011],[-76.6215063,39.3247535],[-76.6215067,39.324684]]]}},{"type":"Feature","properties":{"layer":"Road Area","_tile":"6/31/41"},"geometry":{"type":"Polygon","coordinates":[[[-76.621674,39.3249059],[-76.6217887,39.3248511],[-76.6217921,39.3248505],[-76.6219128,39.3247934],[-76.6220257,39.3247401],[-76.622074,39.3247174],[-76.6221532,39.3246801],[-76.6221548,39.3246794],[-76.6221542,39.3247888],[-76.6221485,39.3247915],[-76.6221407,39.3247953],[-76.6220636,39.3248315],[-76.6217761,39.3249674],[-76.6216794,39.3250122],[-76.6216403,39.3250305],[-76.6216079,39.325046],[-76.6215048,39.3250456],[-76.6215051,39.3249849],[-76.6215077,39.3249838],[-76.6215778,39.3249507],[-76.621674,39.3249059]]]}},{"type":"Feature","properties":{"layer":"Road Area","_tile":"6/31/41"},"geometry":{"type":"Polygon","coordinates":[[[-76.6220442,39.3246758],[-76.622074,39.3247174],[-76.6220257,39.3247401],[-76.6220152,39.3247269],[-76.6219939,39.3246997],[-76.6220442,39.3246758]]]}},{"type":"Feature","properties":{"layer":"Road Area","_tile":"6/31/42"},"geometry":{"type":"Polygon","coordinates":[[[-76.622157,39.3242709],[-76.6221426,39.3242544],[-76.6221448,39.3242517],[-76.6221471,39.324248],[-76.6221491,39.3242439],[-76.6221493,39.3242402],[-76.6221479,39.3242349],[-76.6221501,39.3242377],[-76.6221571,39.3242463],[-76.622157,39.3242709]]]}},{"type":"Feature","properties":{"layer":"Road Area","_tile":"6/31/42"},"geometry":{"type":"Polygon","coordinates":[[[-76.6219518,39.324559],[-76.6219488,39.3245568],[-76.6218985,39.3245241],[-76.6218904,39.3245189],[-76.6218876,39.3245171],[-76.6218901,39.3245147],[-76.6218806,39.3245087],[-76.621841,39.3244842],[-76.6218829,39.3244434],[-76.6219713,39.3244995],[-76.6219817,39.3245074],[-76.6219916,39.3245163],[-76.6220109,39.3245369],[-76.6220305,39.3245593],[-76.6219518,39.324559]]]}},{"type":"Feature","properties":{"layer":"Road Area","_tile":"6/31/42"},"geometry":{"type":"Polygon","coordinates":[[[-76.6221571,39.3242463],[-76.6221501,39.3242377],[-76.6221479,39.3242349],[-76.6221457,39.3242324],[-76.6221386,39.3242246],[-76.6221138,39.3241979],[-76.6221019,39.3241858],[-76.6220875,39.3241718],[-76.622069,39.3241542],[-76.6220625,39.3241482],[-76.622046,39.3241337],[-76.622024,39.3241149],[-76.6220115,39.3241042],[-76.6220096,39.3241026],[-76.6219916,39.3240864],[-76.6219764,39.3240723],[-76.621966,39.3240627],[-76.6219608,39.324058],[-76.6219583,39.3240557],[-76.6220691,39.324056],[-76.6220767,39.3240627],[-76.6221195,39.3240995],[-76.6221383,39.3241166],[-76.622143,39.3241212],[-76.6221481,39.3241259],[-76.6221577,39.3241352],[-76.6221571,39.3242463]]]}},{"type":"Feature","properties":{"layer":"Road Area","_tile":"6/31/42"},"geometry":{"type":"Polygon","coordinates":[[[-76.621509,39.3242482],[-76.6215255,39.32427],[-76.6215089,39.3242779],[-76.621509,39.3242482]]]}},{"type":"Feature","properties":{"layer":"Road Area","_tile":"6/31/42"},"geometry":{"type":"Polygon","coordinates":[[[-76.6220545,39.3243435],[-76.6221265,39.3243092],[-76.6221358,39.3243217],[-76.6221071,39.3243354],[-76.6220764,39.3243499],[-76.6220545,39.3243435]]]}},{"type":"Feature","properties":{"layer":"Road Area","_tile":"6/31/42"},"geometry":{"type":"Polygon","coordinates":[[[-76.6217147,39.3243367],[-76.6217206,39.3243353],[-76.6217358,39.3243319],[-76.6217624,39.3243671],[-76.6217147,39.3243367]]]}},{"type":"Feature","properties":{"layer":"Road Area","_tile":"6/31/42"},"geometry":{"type":"Polygon","coordinates":[[[-76.6215936,39.3243283],[-76.6216271,39.3243495],[-76.6215794,39.3243917],[-76.6215299,39.3243605],[-76.6215936,39.3243283]]]}},{"type":"Feature","properties":{"layer":"Road Area","_tile":"6/31/42"},"geometry":{"type":"Polygon","coordinates":[[[-76.621924,39.3244055],[-76.621969,39.3243841],[-76.6219737,39.3243984],[-76.621972,39.3243994],[-76.6219474,39.3244109],[-76.621924,39.3244055]]]}},{"type":"Feature","properties":{"layer":"Road Area","_tile":"6/31/42"},"geometry":{"type":"Polygon","coordinates":[[[-76.6216271,39.3243495],[-76.6215936,39.3243283],[-76.6215866,39.3243239],[-76.6215839,39.3243231],[-76.6215815,39.3243221],[-76.6215732,39.3243206],[-76.6215655,39.324321],[-76.6215383,39.3242868],[-76.6215378,39.3242861],[-76.6215311,39.3242775],[-76.6215255,39.32427],[-76.621509,39.3242482],[-76.6215096,39.3241423],[-76.6215375,39.3241772],[-76.6215904,39.324244],[-76.6215977,39.3242527],[-76.6216129,39.3242663],[-76.6216481,39.3242949],[-76.6216609,39.3243027],[-76.6216724,39.3243098],[-76.6216805,39.3243152],[-76.621706,39.3243311],[-76.6217147,39.3243367],[-76.6217624,39.3243671],[-76.6217771,39.3243765],[-76.6217773,39.3243765],[-76.6217921,39.3243859],[-76.6218216,39.3244046],[-76.6218262,39.3244042],[-76.6218295,39.3244033],[-76.6218331,39.324402],[-76.621873,39.3243799],[-76.6219791,39.3243314],[-76.6220077,39.3243184],[-76.6220097,39.3243175],[-76.6220194,39.324313],[-76.622022,39.3243117],[-76.6220219,39.3243116],[-76.6220509,39.3242978],[-76.622066,39.3242904],[-76.6220726,39.3242875],[-76.6221183,39.3242663],[-76.622138,39.3242572],[-76.6221426,39.3242544],[-76.622157,39.3242709],[-76.6221568,39.324295],[-76.6221368,39.3243042],[-76.6221265,39.3243092],[-76.6220545,39.3243435],[-76.6220433,39.3243489],[-76.6220329,39.3243538],[-76.6220078,39.3243658],[-76.6219878,39.3243751],[-76.621969,39.3243841],[-76.621924,39.3244055],[-76.6218772,39.3244277],[-76.6218744,39.3244301],[-76.6218735,39.3244326],[-76.6218733,39.3244345],[-76.6218741,39.3244359],[-76.6218765,39.3244395],[-76.6218829,39.3244434],[-76.621841,39.3244842],[-76.6218352,39.3244805],[-76.6218333,39.3244822],[-76.621833,39.324482],[-76.6218226,39.3244753],[-76.6217711,39.3244432],[-76.6217664,39.3244403],[-76.6217612,39.3244371],[-76.6217558,39.3244338],[-76.6217583,39.3244315],[-76.6217017,39.3243971],[-76.6216913,39.3243913],[-76.6216922,39.3243904],[-76.6216841,39.3243852],[-76.621637,39.3243559],[-76.6216271,39.3243495]]]}},{"type":"Feature","properties":{"layer":"Road Area","_tile":"6/31/42"},"geometry":{"type":"Polygon","coordinates":[[[-76.6215461,39.3240787],[-76.6215098,39.3240953],[-76.62151,39.3240551],[-76.6215119,39.3240542],[-76.621528,39.3240543],[-76.6215461,39.3240787]]]}},{"type":"Feature","properties":{"layer":"Road Area","_tile":"6/31/43"},"geometry":{"type":"Polygon","coordinates":[[[-76.6221231,39.3236064],[-76.6221124,39.3235923],[-76.622108,39.323587],[-76.6220921,39.323568],[-76.6221361,39.3235682],[-76.6221506,39.3235872],[-76.6221605,39.3236001],[-76.6221602,39.3236546],[-76.6221581,39.3236519],[-76.6221328,39.323619],[-76.6221231,39.3236064]]]}},{"type":"Feature","properties":{"layer":"Road Area","_tile":"6/31/43"},"geometry":{"type":"Polygon","coordinates":[[[-76.6216881,39.3236039],[-76.6216903,39.3236052],[-76.6216949,39.3236077],[-76.6217008,39.32361],[-76.6217073,39.3236117],[-76.62171,39.3236122],[-76.6217129,39.3236126],[-76.6217186,39.3236131],[-76.6217249,39.3236125],[-76.6217309,39.3236115],[-76.6217403,39.3236085],[-76.6217767,39.3235918],[-76.6218213,39.3235708],[-76.621829,39.3235672],[-76.6219921,39.3235677],[-76.6217914,39.3236617],[-76.6217845,39.3236653],[-76.621778,39.3236704],[-76.6217723,39.3236761],[-76.6217689,39.3236819],[-76.6217664,39.3236879],[-76.6217653,39.323694],[-76.6217651,39.3237002],[-76.621766,39.3237045],[-76.6217675,39.3237088],[-76.6217692,39.3237121],[-76.6216881,39.3236039]]]}},{"type":"Feature","properties":{"layer":"Road Area","_tile":"6/31/43"},"geometry":{"type":"Polygon","coordinates":[[[-76.621975,39.324071],[-76.621966,39.3240627],[-76.6219608,39.324058],[-76.6219464,39.3240443],[-76.6219304,39.3240288],[-76.6219173,39.3240155],[-76.6219043,39.324002],[-76.6219032,39.324001],[-76.6218988,39.3239963],[-76.6218904,39.3239875],[-76.6218854,39.3239819],[-76.6218837,39.3239802],[-76.6218772,39.3239727],[-76.621873,39.3239682],[-76.6218615,39.3239547],[-76.6218433,39.3239333],[-76.6218374,39.3239261],[-76.6218345,39.3239224],[-76.6218281,39.3239146],[-76.6218249,39.3239105],[-76.621818,39.323902],[-76.6218147,39.3238976],[-76.6218093,39.3238909],[-76.6218049,39.323885],[-76.6218019,39.3238812],[-76.6217723,39.3238427],[-76.6217711,39.3238413],[-76.6217641,39.3238321],[-76.6217629,39.3238307],[-76.62176,39.3238267],[-76.6217542,39.3238194],[-76.6217516,39.323816],[-76.6217488,39.3238126],[-76.6217429,39.323805],[-76.6217362,39.3237967],[-76.6217286,39.3237872],[-76.621722,39.3237788],[-76.621715,39.3237703],[-76.621711,39.3237652],[-76.6216975,39.3237484],[-76.6216906,39.32374],[-76.6216606,39.3237025],[-76.6216534,39.3236938],[-76.6216455,39.3236837],[-76.6216418,39.3236793],[-76.6216265,39.3236597],[-76.6216242,39.3236566],[-76.6216233,39.3236556],[-76.6216156,39.3236456],[-76.6215986,39.3236234],[-76.6215623,39.3235756],[-76.621555,39.3235663],[-76.6216533,39.3235666],[-76.621666,39.3235832],[-76.6216707,39.3235884],[-76.621678,39.3235959],[-76.6216858,39.3236027],[-76.6216881,39.3236039],[-76.6217692,39.3237121],[-76.621771,39.3237155],[-76.6217731,39.3237183],[-76.6217736,39.3237192],[-76.6218207,39.3237783],[-76.6218248,39.3237837],[-76.6218336,39.323795],[-76.6218415,39.3238052],[-76.6218452,39.3238101],[-76.6218761,39.3238502],[-76.6218784,39.323853],[-76.6218796,39.3238548],[-76.6218932,39.3238721],[-76.6218966,39.3238761],[-76.6219055,39.3238875],[-76.621909,39.3238916],[-76.621911,39.3238942],[-76.6219171,39.3239015],[-76.6219316,39.3239186],[-76.6219496,39.3239392],[-76.6219586,39.323949],[-76.6219708,39.3239619],[-76.6219728,39.3239639],[-76.6219844,39.323976],[-76.6220001,39.3239918],[-76.6220161,39.3240072],[-76.6220306,39.3240209],[-76.6220603,39.3240481],[-76.6220767,39.3240627],[-76.6220868,39.3240713],[-76.621975,39.324071]]]}},{"type":"Feature","properties":{"layer":"Road Area","_tile":"6/31/43"},"geometry":{"type":"Polygon","coordinates":[[[-76.622108,39.323587],[-76.6221124,39.3235923],[-76.6221231,39.3236064],[-76.6220912,39.3236214],[-76.6221001,39.3236328],[-76.6220368,39.3236627],[-76.6220181,39.3236715],[-76.622003,39.3236521],[-76.6220188,39.3236446],[-76.6220143,39.3236389],[-76.6220098,39.3236333],[-76.6220115,39.3236325],[-76.6220188,39.323629],[-76.6220688,39.3236056],[-76.622108,39.323587]]]}},{"type":"Feature","properties":{"layer":"Road Area","_tile":"6/31/43"},"geometry":{"type":"Polygon","coordinates":[[[-76.6221506,39.3235872],[-76.6221361,39.3235682],[-76.6221607,39.3235682],[-76.6221606,39.3235825],[-76.6221506,39.3235872]]]}},{"type":"Feature","properties":{"layer":"Road Area","_tile":"6/31/43"},"geometry":{"type":"Polygon","coordinates":[[[-76.62151,39.3240695],[-76.62151,39.3240551],[-76.6215239,39.3240488],[-76.6215394,39.3240696],[-76.62151,39.3240695]]]}},{"type":"Feature","properties":{"layer":"Road Area","_tile":"6/32/32"},"geometry":{"type":"Polygon","coordinates":[[[-76.6212406,39.3294376],[-76.6212401,39.329432],[-76.6212394,39.3294229],[-76.6212391,39.3294177],[-76.6212371,39.3293904],[-76.6213352,39.3293864],[-76.6213354,39.3293864],[-76.6213355,39.3293894],[-76.6213387,39.3293892],[-76.621339,39.3293925],[-76.6213513,39.3293921],[-76.6213519,39.3294002],[-76.6213544,39.3294379],[-76.6212406,39.3294376]]]}},{"type":"Feature","properties":{"layer":"Road Area","_tile":"6/32/39"},"geometry":{"type":"Polygon","coordinates":[[[-76.6211223,39.3256701],[-76.6210983,39.3256585],[-76.6210827,39.3256503],[-76.6210711,39.3256441],[-76.6210602,39.3256381],[-76.6210507,39.3256325],[-76.6210454,39.325629],[-76.6210278,39.3256174],[-76.621022,39.3256132],[-76.6210162,39.3256093],[-76.6210013,39.3255985],[-76.6209964,39.3255948],[-76.6209812,39.3255827],[-76.6209677,39.3255714],[-76.6209535,39.3255589],[-76.62093,39.3255363],[-76.6209256,39.3255322],[-76.6209128,39.3255209],[-76.6209097,39.3255166],[-76.6210025,39.3255169],[-76.6210047,39.325519],[-76.6210218,39.325534],[-76.6210291,39.3255401],[-76.6210331,39.3255433],[-76.62105,39.3255561],[-76.62106,39.3255632],[-76.6210623,39.325565],[-76.6210676,39.3255686],[-76.6210788,39.3255765],[-76.621098,39.3255891],[-76.6211035,39.3255925],[-76.6211141,39.3255984],[-76.621132,39.3256077],[-76.6211371,39.3256101],[-76.6211415,39.3256124],[-76.621158,39.3256202],[-76.6211756,39.3256281],[-76.6211857,39.3256324],[-76.6211958,39.3256365],[-76.6212078,39.3256411],[-76.6212193,39.3256453],[-76.62122,39.3256457],[-76.6212366,39.3256513],[-76.6212476,39.3256548],[-76.6212606,39.3256588],[-76.6212781,39.3256637],[-76.6212962,39.3256683],[-76.6213073,39.325671],[-76.6213227,39.325674],[-76.6213392,39.3256769],[-76.6213631,39.3256804],[-76.6213711,39.3256814],[-76.621376,39.3256819],[-76.6213983,39.3256839],[-76.6214217,39.3256855],[-76.6214367,39.325686],[-76.6214539,39.3256865],[-76.6214595,39.3256865],[-76.6214648,39.3256866],[-76.6214739,39.3256866],[-76.6214931,39.3256862],[-76.6215105,39.3256856],[-76.621521,39.325685],[-76.6215207,39.3257406],[-76.6215023,39.3257414],[-76.6214791,39.3257421],[-76.6214584,39.325742],[-76.6214282,39.3257413],[-76.6214076,39.3257403],[-76.6213967,39.3257395],[-76.6213786,39.325738],[-76.6213668,39.3257368],[-76.6213611,39.3257363],[-76.6213466,39.3257345],[-76.621328,39.3257317],[-76.6213184,39.3257301],[-76.6213061,39.3257279],[-76.6212942,39.3257256],[-76.6212831,39.3257232],[-76.6212733,39.3257209],[-76.6212631,39.325718],[-76.6212574,39.3257164],[-76.6212572,39.3257163],[-76.6212451,39.3257127],[-76.6212392,39.3257108],[-76.6212335,39.3257091],[-76.6212283,39.3257073],[-76.6212235,39.3257059],[-76.6212136,39.3257024],[-76.6212079,39.3257004],[-76.6212019,39.3256983],[-76.6211897,39.3256941],[-76.6211629,39.3256844],[-76.6211453,39.3256778],[-76.621133,39.3256735],[-76.6211223,39.3256701]]]}},{"type":"Feature","properties":{"layer":"Road Area","_tile":"6/32/39"},"geometry":{"type":"Polygon","coordinates":[[[-76.6208731,39.3256512],[-76.6208797,39.3256433],[-76.6208904,39.3256311],[-76.6208927,39.3256285],[-76.6208989,39.325621],[-76.6209006,39.3256187],[-76.6209048,39.3256126],[-76.6209085,39.3256064],[-76.6209108,39.3256024],[-76.6209156,39.3255926],[-76.6209173,39.3255882],[-76.6209184,39.3255843],[-76.6209195,39.3255798],[-76.6209203,39.3255752],[-76.6209209,39.3255705],[-76.6209211,39.3255671],[-76.6209211,39.3255622],[-76.620921,39.3255571],[-76.6209206,39.3255521],[-76.6209196,39.3255427],[-76.6209185,39.3255368],[-76.6209173,39.3255318],[-76.6209153,39.3255267],[-76.6209128,39.3255209],[-76.6209256,39.3255322],[-76.62093,39.3255363],[-76.6209535,39.3255589],[-76.6209677,39.3255714],[-76.6209812,39.3255827],[-76.6209964,39.3255948],[-76.6210013,39.3255985],[-76.6210162,39.3256093],[-76.621022,39.3256132],[-76.6210278,39.3256174],[-76.6210454,39.325629],[-76.6210507,39.3256325],[-76.6210602,39.3256381],[-76.6210711,39.3256441],[-76.6210827,39.3256503],[-76.6210983,39.3256585],[-76.6211223,39.3256701],[-76.6211107,39.3256671],[-76.6210975,39.3256641],[-76.6210857,39.3256619],[-76.6210753,39.3256604],[-76.6210635,39.3256591],[-76.6210578,39.3256587],[-76.6210529,39.3256586],[-76.621047,39.3256588],[-76.6210466,39.3256589],[-76.6210404,39.3256594],[-76.6210282,39.3256608],[-76.6210156,39.3256628],[-76.6210088,39.3256642],[-76.6210031,39.3256656],[-76.6210001,39.3256665],[-76.6209902,39.3256702],[-76.6209834,39.3256731],[-76.6209778,39.3256759],[-76.6209747,39.3256776],[-76.6209714,39.3256794],[-76.6209647,39.3256836],[-76.620959,39.3256874],[-76.6209537,39.3256913],[-76.6209477,39.325696],[-76.6209416,39.3257012],[-76.6209359,39.3257062],[-76.6209275,39.3257141],[-76.620915,39.325727],[-76.6209064,39.3257363],[-76.6208987,39.3257448],[-76.6208888,39.3257561],[-76.6208724,39.3257755],[-76.6208731,39.3256512]]]}},{"type":"Feature","properties":{"layer":"Road Area","_tile":"6/32/40"},"geometry":{"type":"Polygon","coordinates":[[[-76.6209251,39.3255319],[-76.6209128,39.3255209],[-76.6208937,39.325494],[-76.6208753,39.3254676],[-76.6208741,39.3254658],[-76.620875,39.3253015],[-76.6208762,39.3253076],[-76.6208781,39.3253153],[-76.620881,39.3253249],[-76.6208858,39.3253393],[-76.6208873,39.3253433],[-76.6208923,39.3253558],[-76.6208978,39.3253688],[-76.6209,39.3253738],[-76.6209076,39.3253894],[-76.6209149,39.3254033],[-76.6209221,39.325416],[-76.6209266,39.3254237],[-76.6209326,39.3254331],[-76.6209425,39.325448],[-76.6209457,39.3254526],[-76.6209489,39.3254568],[-76.6209516,39.3254606],[-76.6209554,39.3254651],[-76.6209635,39.3254751],[-76.6209714,39.3254845],[-76.6209749,39.3254884],[-76.6209827,39.3254968],[-76.6209919,39.3255063],[-76.6210047,39.325519],[-76.6210198,39.3255322],[-76.6209251,39.3255319]]]}},{"type":"Feature","properties":{"layer":"Road Area","_tile":"6/32/40"},"geometry":{"type":"Polygon","coordinates":[[[-76.6215245,39.3250305],[-76.6215243,39.3250723],[-76.6214226,39.3250301],[-76.6215245,39.3250305]]]}},{"type":"Feature","properties":{"layer":"Road Area","_tile":"6/32/40"},"geometry":{"type":"Polygon","coordinates":[[[-76.6214226,39.3250301],[-76.6215243,39.3250723],[-76.6215236,39.3251861],[-76.6215232,39.3251858],[-76.6213649,39.32512],[-76.6212225,39.3250614],[-76.6212043,39.3250539],[-76.6211862,39.3250462],[-76.6211458,39.3250292],[-76.6214226,39.3250301]]]}},{"type":"Feature","properties":{"layer":"Road Area","_tile":"6/32/40"},"geometry":{"type":"Polygon","coordinates":[[[-76.6209173,39.3255318],[-76.6209153,39.3255267],[-76.6209128,39.3255209],[-76.6209251,39.3255319],[-76.6209173,39.3255318]]]}},{"type":"Feature","properties":{"layer":"Road Area","_tile":"6/32/41"},"geometry":{"type":"Polygon","coordinates":[[[-76.6208768,39.324962],[-76.6208772,39.3249622],[-76.6208964,39.3249705],[-76.6208927,39.324974],[-76.620891,39.3249761],[-76.6208891,39.3249781],[-76.620887,39.3249819],[-76.6208849,39.3249866],[-76.6208831,39.3249917],[-76.6208815,39.3249968],[-76.6208784,39.3250095],[-76.6208765,39.3250197],[-76.6208768,39.324962]]]}},{"type":"Feature","properties":{"layer":"Road Area","_tile":"6/32/41"},"geometry":{"type":"Polygon","coordinates":[[[-76.6211555,39.3249168],[-76.6211606,39.3249162],[-76.6211661,39.3249126],[-76.6211724,39.3249067],[-76.6211755,39.3249018],[-76.621178,39.3248967],[-76.6211788,39.3248948],[-76.6211795,39.3248928],[-76.621181,39.324888],[-76.6211821,39.3248831],[-76.6211827,39.3248789],[-76.6211827,39.3248733],[-76.6211824,39.3248679],[-76.6211815,39.3248631],[-76.6211791,39.3248542],[-76.6211746,39.3248399],[-76.6211721,39.324831],[-76.6211705,39.3248264],[-76.6211678,39.3248168],[-76.6211663,39.3248121],[-76.6211626,39.3247984],[-76.6211597,39.3247869],[-76.621156,39.3247699],[-76.6211542,39.3247609],[-76.6211508,39.324741],[-76.62115,39.3247364],[-76.6211488,39.3247275],[-76.621148,39.3247164],[-76.6211476,39.324703],[-76.6211476,39.3246983],[-76.6211475,39.3246938],[-76.6211474,39.3246429],[-76.6211473,39.3246342],[-76.6211464,39.324606],[-76.6211458,39.324597],[-76.6211457,39.3245929],[-76.6211453,39.3245889],[-76.6211447,39.3245817],[-76.6211443,39.3245774],[-76.6211425,39.3245639],[-76.6211419,39.3245597],[-76.6211403,39.324552],[-76.6211391,39.3245472],[-76.6211374,39.3245411],[-76.6212856,39.3245416],[-76.6213053,39.3245542],[-76.6213173,39.3245617],[-76.6213463,39.3245803],[-76.6213692,39.3245948],[-76.6213709,39.324596],[-76.6213822,39.3246033],[-76.6214387,39.3246399],[-76.6214481,39.324646],[-76.621502,39.3246809],[-76.6215127,39.3246878],[-76.6215263,39.3246967],[-76.6215259,39.3247662],[-76.6214436,39.3247126],[-76.6213981,39.3246832],[-76.6213499,39.3246518],[-76.6213288,39.3246383],[-76.6212906,39.3246132],[-76.6212689,39.3245993],[-76.6212586,39.3245931],[-76.6212524,39.3245903],[-76.6212447,39.3245898],[-76.6212392,39.3245909],[-76.6212347,39.3245928],[-76.6212318,39.324596],[-76.6212293,39.3246008],[-76.6212285,39.3246047],[-76.6212283,39.3246091],[-76.6212283,39.3246213],[-76.6212285,39.3246344],[-76.6212285,39.324639],[-76.6212296,39.3246793],[-76.6212304,39.3246987],[-76.6212316,39.3247177],[-76.6212323,39.3247262],[-76.6212332,39.3247339],[-76.6212347,39.3247433],[-76.6212373,39.3247582],[-76.6212399,39.3247705],[-76.6212408,39.3247743],[-76.6212439,39.3247867],[-76.6212465,39.3247961],[-76.6212492,39.3248052],[-76.6212516,39.3248138],[-76.621253,39.3248178],[-76.6212551,39.3248251],[-76.6212637,39.3248503],[-76.6212655,39.3248549],[-76.6212688,39.3248641],[-76.621274,39.324877],[-76.6212788,39.3248881],[-76.6212831,39.3248968],[-76.6212905,39.3249113],[-76.6212984,39.3249256],[-76.6213033,39.3249341],[-76.621308,39.3249418],[-76.6213139,39.3249509],[-76.6213206,39.3249607],[-76.6213241,39.3249657],[-76.621331,39.3249749],[-76.6213342,39.3249791],[-76.6213392,39.3249852],[-76.6213466,39.3249931],[-76.6213513,39.3249977],[-76.62136,39.3250041],[-76.6211555,39.3249168]]]}},{"type":"Feature","properties":{"layer":"Road Area","_tile":"6/32/41"},"geometry":{"type":"Polygon","coordinates":[[[-76.6213713,39.3250089],[-76.6213744,39.32501],[-76.6213793,39.3250113],[-76.6213811,39.3250119],[-76.6213873,39.3250133],[-76.6213931,39.3250142],[-76.6214024,39.3250152],[-76.6214053,39.3250154],[-76.6214133,39.3250154],[-76.6214212,39.325015],[-76.6214273,39.3250143],[-76.6214371,39.3250128],[-76.6214402,39.3250122],[-76.6214453,39.3250109],[-76.6214568,39.3250072],[-76.6214616,39.3250055],[-76.6214677,39.3250027],[-76.6214865,39.324993],[-76.6214908,39.324991],[-76.6215077,39.3249838],[-76.6215248,39.3249758],[-76.6215244,39.3250457],[-76.6214597,39.3250455],[-76.6213713,39.3250089]]]}},{"type":"Feature","properties":{"layer":"Road Area","_tile":"6/32/41"},"geometry":{"type":"Polygon","coordinates":[[[-76.6208776,39.3248054],[-76.6208883,39.3248099],[-76.6208932,39.324812],[-76.6209041,39.3248165],[-76.6209289,39.3248269],[-76.6210293,39.3248687],[-76.6210416,39.3248734],[-76.6210667,39.3248835],[-76.6210726,39.324886],[-76.6210919,39.3248938],[-76.6211147,39.3249033],[-76.6211152,39.3249034],[-76.6211418,39.3249146],[-76.6211509,39.3249163],[-76.6211555,39.3249168],[-76.62136,39.3250041],[-76.6213683,39.3250079],[-76.6213713,39.3250089],[-76.6214597,39.3250455],[-76.6211826,39.3250446],[-76.6211201,39.3250184],[-76.6210549,39.3249913],[-76.6210278,39.3249801],[-76.621007,39.3249717],[-76.6210012,39.3249692],[-76.6209923,39.3249657],[-76.6209793,39.3249605],[-76.6209661,39.3249556],[-76.6209598,39.3249539],[-76.6209548,39.3249532],[-76.6209489,39.3249527],[-76.6209439,39.3249526],[-76.6209411,39.3249528],[-76.6209384,39.324953],[-76.6209322,39.3249538],[-76.620927,39.3249549],[-76.6209208,39.3249567],[-76.6209139,39.3249594],[-76.6209073,39.3249625],[-76.6209021,39.3249657],[-76.6208975,39.3249695],[-76.6208964,39.3249705],[-76.6208772,39.3249622],[-76.6208768,39.324962],[-76.6208776,39.3248054]]]}},{"type":"Feature","properties":{"layer":"Road Area","_tile":"6/32/42"},"geometry":{"type":"Polygon","coordinates":[[[-76.6211412,39.3245564],[-76.6211403,39.324552],[-76.6211391,39.3245472],[-76.6211362,39.3245369],[-76.6211347,39.3245322],[-76.6211332,39.324528],[-76.6211295,39.3245191],[-76.6211274,39.3245143],[-76.6211235,39.3245064],[-76.6211209,39.324502],[-76.6211183,39.3244972],[-76.6211154,39.3244937],[-76.6210688,39.3244343],[-76.6210247,39.3243779],[-76.6209836,39.3243249],[-76.6209339,39.3242616],[-76.6208809,39.3241938],[-76.6208815,39.3240712],[-76.6208873,39.3240784],[-76.6208945,39.3240875],[-76.6209308,39.3241339],[-76.6209373,39.3241424],[-76.6209605,39.324172],[-76.6209678,39.3241812],[-76.6209757,39.3241913],[-76.6210076,39.3242321],[-76.6210156,39.3242422],[-76.6210464,39.3242817],[-76.621054,39.3242914],[-76.6210543,39.3242917],[-76.6210831,39.3243288],[-76.6210912,39.3243391],[-76.6210976,39.3243475],[-76.6211215,39.3243781],[-76.6211295,39.3243882],[-76.6211606,39.3244278],[-76.6211691,39.3244386],[-76.6212041,39.3244833],[-76.6212084,39.3244887],[-76.6212134,39.3244935],[-76.6212226,39.324501],[-76.6212581,39.324524],[-76.6213053,39.3245542],[-76.6213096,39.3245569],[-76.6211412,39.3245564]]]}},{"type":"Feature","properties":{"layer":"Road Area","_tile":"6/32/42"},"geometry":{"type":"Polygon","coordinates":[[[-76.6214913,39.3242249],[-76.6215255,39.32427],[-76.6214704,39.3242964],[-76.621435,39.324252],[-76.6214913,39.3242249]]]}},{"type":"Feature","properties":{"layer":"Road Area","_tile":"6/32/42"},"geometry":{"type":"Polygon","coordinates":[[[-76.6215285,39.324274],[-76.6215255,39.32427],[-76.6214913,39.3242249],[-76.6214197,39.3241306],[-76.6214138,39.3241228],[-76.6214074,39.3241143],[-76.6214022,39.3241077],[-76.6213569,39.3240537],[-76.6214392,39.324054],[-76.6214866,39.3241133],[-76.6214971,39.3241266],[-76.6215018,39.3241325],[-76.6215291,39.3241667],[-76.6215285,39.324274]]]}},{"type":"Feature","properties":{"layer":"Road Area","_tile":"6/32/42"},"geometry":{"type":"Polygon","coordinates":[[[-76.6215295,39.3240864],[-76.6214832,39.3241077],[-76.6214771,39.3240996],[-76.6214599,39.3240775],[-76.6215117,39.3240542],[-76.621528,39.3240543],[-76.6215297,39.3240566],[-76.6215295,39.3240864]]]}},{"type":"Feature","properties":{"layer":"Road Area","_tile":"6/32/43"},"geometry":{"type":"Polygon","coordinates":[[[-76.621013,39.3236154],[-76.6210353,39.3236437],[-76.6209454,39.3236868],[-76.6209389,39.3236786],[-76.620923,39.3236586],[-76.621013,39.3236154]]]}},{"type":"Feature","properties":{"layer":"Road Area","_tile":"6/32/43"},"geometry":{"type":"Polygon","coordinates":[[[-76.6210878,39.3237106],[-76.6211255,39.3237591],[-76.6211215,39.3237607],[-76.6210472,39.3237961],[-76.6210258,39.3237694],[-76.6210766,39.323745],[-76.6210598,39.3237239],[-76.6210878,39.3237106]]]}},{"type":"Feature","properties":{"layer":"Road Area","_tile":"6/32/43"},"geometry":{"type":"Polygon","coordinates":[[[-76.6212003,39.3238571],[-76.621242,39.3239116],[-76.6212353,39.3239148],[-76.621229,39.3239071],[-76.621127,39.3239561],[-76.621117,39.3239435],[-76.621142,39.3239314],[-76.6211166,39.3238995],[-76.6211449,39.3238843],[-76.6212003,39.3238571]]]}},{"type":"Feature","properties":{"layer":"Road Area","_tile":"6/32/43"},"geometry":{"type":"Polygon","coordinates":[[[-76.6213697,39.324069],[-76.6213336,39.3240258],[-76.6213304,39.3240218],[-76.6212992,39.3239847],[-76.6212943,39.3239787],[-76.6212941,39.3239785],[-76.6212691,39.3239467],[-76.621242,39.3239116],[-76.6212003,39.3238571],[-76.6212044,39.3238551],[-76.6211715,39.3238148],[-76.6211695,39.3238158],[-76.6211636,39.3238082],[-76.6211255,39.3237591],[-76.6210878,39.3237106],[-76.6210682,39.3236856],[-76.6210581,39.323673],[-76.6210542,39.3236679],[-76.6210487,39.3236608],[-76.6210353,39.3236437],[-76.621013,39.3236154],[-76.6209731,39.3235644],[-76.6210498,39.3235647],[-76.6210501,39.323565],[-76.6210562,39.323573],[-76.6211225,39.3236592],[-76.6211258,39.3236636],[-76.6211476,39.3236918],[-76.6211531,39.3236991],[-76.6211589,39.3237061],[-76.6211656,39.3237145],[-76.6212022,39.3237597],[-76.6212077,39.3237664],[-76.6212362,39.3238018],[-76.6212433,39.3238105],[-76.6212738,39.3238484],[-76.6212801,39.3238562],[-76.6213108,39.3238943],[-76.6213142,39.3238983],[-76.6213846,39.3239856],[-76.6214209,39.3240309],[-76.6214209,39.3240311],[-76.6214265,39.3240382],[-76.6214514,39.3240693],[-76.6213697,39.324069]]]}},{"type":"Feature","properties":{"layer":"Road Area","_tile":"6/32/43"},"geometry":{"type":"Polygon","coordinates":[[[-76.6212992,39.3239847],[-76.6213304,39.3240218],[-76.6213336,39.3240258],[-76.6213321,39.3240264],[-76.6213267,39.324029],[-76.621316,39.3240158],[-76.621293,39.3239876],[-76.6212992,39.3239847]]]}},{"type":"Feature","properties":{"layer":"Road Area","_tile":"6/32/43"},"geometry":{"type":"Polygon","coordinates":[[[-76.6214781,39.3240694],[-76.6215239,39.3240488],[-76.6215297,39.3240566],[-76.6215296,39.3240696],[-76.6214781,39.3240694]]]}},{"type":"Feature","properties":{"layer":"Road Area","_tile":"6/32/43"},"geometry":{"type":"Polygon","coordinates":[[[-76.6214247,39.3239434],[-76.6213743,39.3239674],[-76.6213413,39.3239293],[-76.6213943,39.3239034],[-76.6214247,39.3239434]]]}},{"type":"Feature","properties":{"layer":"Road Area","_tile":"6/32/43"},"geometry":{"type":"Polygon","coordinates":[[[-76.6214132,39.3240107],[-76.6214093,39.3240124],[-76.6213868,39.3239835],[-76.62139,39.323982],[-76.621408,39.3240043],[-76.6214083,39.3240046],[-76.6214132,39.3240105],[-76.6214132,39.3240107]]]}},{"type":"Feature","properties":{"layer":"Road Area","_tile":"6/33/38"},"geometry":{"type":"Polygon","coordinates":[[[-76.6202428,39.3260025],[-76.6203397,39.3260028],[-76.620343,39.3260044],[-76.6203498,39.3260075],[-76.6203561,39.32601],[-76.6203619,39.3260118],[-76.6203688,39.3260135],[-76.6203757,39.326015],[-76.6203819,39.3260159],[-76.6203877,39.3260167],[-76.6203948,39.326017],[-76.6204017,39.3260172],[-76.6204075,39.3260171],[-76.6204124,39.3260167],[-76.6204181,39.3260159],[-76.6204288,39.3260141],[-76.6204339,39.326013],[-76.6204457,39.3260098],[-76.6204577,39.3260062],[-76.6204669,39.3260032],[-76.620615,39.3260037],[-76.6206115,39.3260056],[-76.620601,39.326011],[-76.6205844,39.3260189],[-76.6205595,39.3260301],[-76.6205538,39.3260325],[-76.6205488,39.3260347],[-76.6205001,39.3260555],[-76.620472,39.3260672],[-76.6204308,39.3260847],[-76.6204188,39.3260897],[-76.6204092,39.3260938],[-76.6204068,39.3260948],[-76.6204011,39.3260974],[-76.6203898,39.3261021],[-76.6203705,39.3261108],[-76.6203654,39.3261132],[-76.6203423,39.326124],[-76.6203242,39.3261328],[-76.6203126,39.3261382],[-76.6202976,39.3261454],[-76.6202931,39.3261477],[-76.6202828,39.3261525],[-76.6202657,39.3261608],[-76.6202476,39.3261695],[-76.6202419,39.3261722],[-76.6202428,39.3260025]]]}},{"type":"Feature","properties":{"layer":"Road Area","_tile":"6/33/39"},"geometry":{"type":"Polygon","coordinates":[[[-76.6207018,39.3256023],[-76.6205479,39.325636],[-76.6205133,39.3255336],[-76.6205227,39.3255318],[-76.6205173,39.3255153],[-76.6206797,39.3255158],[-76.6206914,39.3255495],[-76.620686,39.3255524],[-76.6207018,39.3256023]]]}},{"type":"Feature","properties":{"layer":"Road Area","_tile":"6/33/39"},"geometry":{"type":"Polygon","coordinates":[[[-76.6205479,39.325636],[-76.6207018,39.3256023],[-76.6206605,39.3256331],[-76.6205709,39.3257006],[-76.6205652,39.325705],[-76.6205528,39.3257029],[-76.6205226,39.3257258],[-76.6204295,39.3256602],[-76.6205479,39.325636]]]}},{"type":"Feature","properties":{"layer":"Road Area","_tile":"6/33/39"},"geometry":{"type":"Polygon","coordinates":[[[-76.6202429,39.325976],[-76.6202713,39.3259542],[-76.6203168,39.3259882],[-76.6203241,39.3259932],[-76.620331,39.3259978],[-76.6203371,39.3260015],[-76.620343,39.3260044],[-76.6203498,39.3260075],[-76.6203561,39.32601],[-76.6203619,39.3260118],[-76.6203688,39.3260135],[-76.6203757,39.326015],[-76.6203819,39.3260159],[-76.6203877,39.3260167],[-76.6203948,39.326017],[-76.6204017,39.3260172],[-76.6204075,39.3260171],[-76.6204124,39.3260167],[-76.6204181,39.3260159],[-76.6204288,39.3260141],[-76.6204339,39.326013],[-76.6204457,39.3260098],[-76.6204577,39.3260062],[-76.620472,39.3260016],[-76.6205083,39.3259887],[-76.620514,39.3259862],[-76.6205189,39.3259842],[-76.6205366,39.3259763],[-76.6205537,39.3259686],[-76.6205667,39.3259622],[-76.6205777,39.3259564],[-76.620588,39.3259507],[-76.6206038,39.3259417],[-76.620607,39.3259397],[-76.620612,39.3259367],[-76.6206334,39.3259228],[-76.6206477,39.325913],[-76.6206519,39.32591],[-76.6206616,39.3259028],[-76.6206731,39.3258939],[-76.6206777,39.3258902],[-76.6206851,39.325884],[-76.6206942,39.325876],[-76.620716,39.3258558],[-76.6207206,39.3258514],[-76.6207357,39.3258356],[-76.620744,39.3258264],[-76.620759,39.3258091],[-76.620774,39.3257904],[-76.6207774,39.325786],[-76.6207851,39.3257758],[-76.6207921,39.3257663],[-76.6207946,39.3257627],[-76.6207972,39.3257585],[-76.6208032,39.3257493],[-76.6208111,39.3257368],[-76.6208134,39.3257329],[-76.6208254,39.325714],[-76.6208335,39.3257019],[-76.6208402,39.3256926],[-76.6208473,39.3256831],[-76.6208536,39.3256749],[-76.6208604,39.3256663],[-76.6208797,39.3256433],[-76.6208904,39.3256311],[-76.6208927,39.3256285],[-76.6208929,39.3256283],[-76.6208922,39.3257522],[-76.6208888,39.3257561],[-76.6208698,39.3257786],[-76.6208629,39.3257869],[-76.6208599,39.3257906],[-76.6208565,39.3257946],[-76.6208565,39.3257948],[-76.6208445,39.3258096],[-76.6208403,39.3258146],[-76.6208366,39.3258194],[-76.6208144,39.325846],[-76.6208025,39.3258596],[-76.6207952,39.3258674],[-76.6207909,39.3258718],[-76.6207861,39.3258764],[-76.6207807,39.3258816],[-76.6207763,39.3258861],[-76.6207713,39.3258908],[-76.6207668,39.3258952],[-76.6207433,39.3259168],[-76.6207382,39.325921],[-76.6207339,39.3259248],[-76.6207292,39.3259286],[-76.6207181,39.3259374],[-76.6207063,39.3259464],[-76.6206956,39.3259542],[-76.6206856,39.325961],[-76.6206739,39.3259689],[-76.6206621,39.3259766],[-76.6206516,39.3259831],[-76.6206416,39.3259889],[-76.6206236,39.3259991],[-76.6206115,39.3260056],[-76.620601,39.326011],[-76.6205844,39.3260189],[-76.6202427,39.3260178],[-76.6202429,39.325976]]]}},{"type":"Feature","properties":{"layer":"Road Area","_tile":"6/33/40"},"geometry":{"type":"Polygon","coordinates":[[[-76.6208936,39.3254938],[-76.6208753,39.3254676],[-76.6208625,39.3254487],[-76.6208561,39.3254391],[-76.6208513,39.3254308],[-76.6208459,39.325421],[-76.6208393,39.3254078],[-76.6208327,39.3253936],[-76.6208256,39.3253765],[-76.6208205,39.3253627],[-76.620819,39.3253584],[-76.6208176,39.3253537],[-76.6208146,39.3253445],[-76.6208107,39.3253313],[-76.6208077,39.3253202],[-76.6208045,39.3253071],[-76.6207991,39.325281],[-76.6207976,39.3252719],[-76.6207965,39.3252637],[-76.6207947,39.3252487],[-76.6207937,39.3252371],[-76.6207933,39.3252285],[-76.620793,39.3252195],[-76.6207927,39.3252151],[-76.6207928,39.3252109],[-76.6207925,39.3252034],[-76.6207926,39.3251744],[-76.6207928,39.3251699],[-76.6207928,39.3251653],[-76.620793,39.3251637],[-76.6207938,39.3251288],[-76.6207951,39.3250954],[-76.6207959,39.3250839],[-76.6207973,39.3250711],[-76.6208008,39.3250456],[-76.6208023,39.3250375],[-76.6208029,39.325033],[-76.6208037,39.3250281],[-76.6208749,39.3250284],[-76.6208731,39.325039],[-76.6208716,39.3250497],[-76.6208692,39.3250687],[-76.6208685,39.3250731],[-76.6208666,39.3250913],[-76.6208659,39.3250998],[-76.6208654,39.3251039],[-76.6208653,39.3251076],[-76.6208649,39.325111],[-76.6208646,39.3251187],[-76.6208639,39.3251414],[-76.6208636,39.3251689],[-76.6208637,39.325173],[-76.6208636,39.3251804],[-76.620864,39.3251935],[-76.620864,39.3251981],[-76.6208643,39.325203],[-76.6208647,39.3252171],[-76.6208652,39.3252254],[-76.6208654,39.3252291],[-76.6208679,39.325255],[-76.6208702,39.3252732],[-76.6208706,39.3252774],[-76.6208717,39.3252837],[-76.620872,39.3252849],[-76.6208726,39.3252893],[-76.6208762,39.3253076],[-76.6208781,39.3253153],[-76.620881,39.3253249],[-76.6208858,39.3253393],[-76.6208873,39.3253433],[-76.6208923,39.3253558],[-76.6208943,39.3253604],[-76.6208936,39.3254938]]]}},{"type":"Feature","properties":{"layer":"Road Area","_tile":"6/33/40"},"geometry":{"type":"Polygon","coordinates":[[[-76.6205032,39.3254732],[-76.6206471,39.3254435],[-76.6206542,39.325442],[-76.620685,39.3255311],[-76.6205222,39.3255306],[-76.6205032,39.3254732]]]}},{"type":"Feature","properties":{"layer":"Road Area","_tile":"6/33/40"},"geometry":{"type":"Polygon","coordinates":[[[-76.6204702,39.3250271],[-76.6204566,39.3250338],[-76.6204495,39.3250403],[-76.6204469,39.3250444],[-76.6204452,39.3250488],[-76.6204465,39.3250567],[-76.6204488,39.3250637],[-76.6204582,39.3250846],[-76.62046,39.3250888],[-76.6204617,39.3250895],[-76.6204628,39.3250896],[-76.6205242,39.3250766],[-76.6205667,39.3252027],[-76.6206064,39.3253186],[-76.6206471,39.3254435],[-76.6205032,39.3254732],[-76.6204196,39.3252214],[-76.6203864,39.3251159],[-76.6203806,39.3250979],[-76.6203695,39.325062],[-76.6203662,39.3250521],[-76.6203627,39.3250428],[-76.6203609,39.3250387],[-76.6203592,39.3250352],[-76.6203568,39.3250312],[-76.6203534,39.3250267],[-76.6204702,39.3250271]]]}},{"type":"Feature","properties":{"layer":"Road Area","_tile":"6/33/41"},"geometry":{"type":"Polygon","coordinates":[[[-76.6208013,39.3250434],[-76.6208023,39.3250375],[-76.6208029,39.325033],[-76.620807,39.3250092],[-76.6208088,39.3249972],[-76.6208099,39.3249873],[-76.6208107,39.3249731],[-76.6208108,39.3249694],[-76.6208105,39.3249651],[-76.62081,39.3249606],[-76.6208089,39.3249516],[-76.6208081,39.324948],[-76.6208057,39.3249391],[-76.620803,39.3249317],[-76.6208022,39.3249293],[-76.6208772,39.3249622],[-76.6208964,39.3249705],[-76.6208927,39.324974],[-76.620891,39.3249761],[-76.6208891,39.3249781],[-76.620887,39.3249819],[-76.6208849,39.3249866],[-76.6208831,39.3249917],[-76.6208815,39.3249968],[-76.6208784,39.3250095],[-76.6208751,39.3250272],[-76.6208731,39.325039],[-76.6208725,39.3250436],[-76.6208013,39.3250434]]]}},{"type":"Feature","properties":{"layer":"Road Area","_tile":"6/33/41"},"geometry":{"type":"Polygon","coordinates":[[[-76.6204691,39.324539],[-76.6204725,39.3245424],[-76.6204918,39.3245607],[-76.6205019,39.3245701],[-76.6205154,39.3245819],[-76.6205231,39.3245885],[-76.6205387,39.3246013],[-76.6205653,39.3246227],[-76.6205931,39.3246445],[-76.6206081,39.3246557],[-76.6206264,39.3246689],[-76.6206451,39.3246818],[-76.620661,39.3246922],[-76.6206864,39.3247082],[-76.6207072,39.3247207],[-76.6207246,39.3247309],[-76.6207365,39.3247378],[-76.6207523,39.3247465],[-76.6207619,39.3247517],[-76.6207911,39.3247664],[-76.6208051,39.3247733],[-76.6208292,39.3247844],[-76.620842,39.3247901],[-76.6208547,39.3247955],[-76.6208746,39.3248041],[-76.6208883,39.3248099],[-76.6208932,39.324812],[-76.6208972,39.3248137],[-76.6208964,39.3249705],[-76.6208772,39.3249622],[-76.6208022,39.3249293],[-76.6207988,39.3249212],[-76.6207937,39.3249117],[-76.6207933,39.3249111],[-76.6207887,39.3249032],[-76.6207857,39.3248989],[-76.6207782,39.3248891],[-76.6207747,39.3248852],[-76.6207684,39.3248788],[-76.6207619,39.3248727],[-76.6207559,39.3248681],[-76.620749,39.3248629],[-76.6207426,39.3248585],[-76.6207324,39.3248526],[-76.6207264,39.3248494],[-76.6207107,39.3248415],[-76.6206817,39.3248279],[-76.6206626,39.3248182],[-76.6206504,39.3248117],[-76.6206401,39.324806],[-76.6206285,39.3247991],[-76.620597,39.3247798],[-76.6205796,39.3247686],[-76.6205734,39.3247648],[-76.6205618,39.3247571],[-76.6205577,39.3247546],[-76.6205563,39.3247535],[-76.6205465,39.3247473],[-76.6205416,39.3247443],[-76.6205363,39.3247408],[-76.6205242,39.3247333],[-76.620512,39.324726],[-76.6205063,39.3247227],[-76.6204968,39.3247176],[-76.6204858,39.324712],[-76.6204688,39.324704],[-76.6204589,39.3246996],[-76.6204469,39.3246946],[-76.6204405,39.324692],[-76.620427,39.3246869],[-76.6204165,39.3246833],[-76.6204059,39.3246803],[-76.6203933,39.3246772],[-76.6203748,39.3246731],[-76.6203592,39.3246702],[-76.6203409,39.3246674],[-76.6203244,39.324665],[-76.6203195,39.3246646],[-76.6203138,39.3246638],[-76.6203014,39.3246626],[-76.6202784,39.3246608],[-76.6202736,39.3246607],[-76.620257,39.3246607],[-76.62025,39.3246608],[-76.6202502,39.3246161],[-76.6202567,39.3246162],[-76.6202625,39.3246161],[-76.620264,39.3246156],[-76.6202656,39.3246143],[-76.6202671,39.3246118],[-76.6202674,39.3246097],[-76.6202674,39.3246078],[-76.6202655,39.3246056],[-76.620256,39.324601],[-76.6202503,39.3245992],[-76.6202506,39.3245383],[-76.620354,39.3245386],[-76.620356,39.3245393],[-76.6203775,39.3245476],[-76.6203903,39.3245528],[-76.6203938,39.3245537],[-76.6203968,39.3245541],[-76.6203997,39.3245542],[-76.6204017,39.3245538],[-76.6204032,39.3245526],[-76.6204048,39.3245504],[-76.6204046,39.3245484],[-76.6204037,39.3245452],[-76.6203994,39.3245401],[-76.6203979,39.3245387],[-76.6204691,39.324539]]]}},{"type":"Feature","properties":{"layer":"Road Area","_tile":"6/33/41"},"geometry":{"type":"Polygon","coordinates":[[[-76.6202492,39.3248132],[-76.6202711,39.3248207],[-76.6202847,39.3248259],[-76.6202977,39.3248313],[-76.6203142,39.3248391],[-76.6203202,39.3248422],[-76.6203265,39.3248453],[-76.6203448,39.3248551],[-76.6203506,39.3248584],[-76.6203563,39.3248615],[-76.6203708,39.3248702],[-76.6203759,39.3248735],[-76.6203814,39.3248773],[-76.6203931,39.324886],[-76.6204106,39.3248998],[-76.6204202,39.3249082],[-76.6204237,39.3249116],[-76.620431,39.3249193],[-76.6204388,39.3249281],[-76.620454,39.324947],[-76.6204642,39.3249607],[-76.6204726,39.3249723],[-76.6204767,39.3249782],[-76.6204811,39.3249849],[-76.6204985,39.3250128],[-76.6204566,39.3250338],[-76.6204495,39.3250403],[-76.6204483,39.3250422],[-76.6203624,39.325042],[-76.6203609,39.3250387],[-76.6203592,39.3250352],[-76.6203568,39.3250312],[-76.6203534,39.3250267],[-76.6203459,39.3250172],[-76.6203391,39.3250091],[-76.6203301,39.3249993],[-76.6203199,39.3249888],[-76.6203153,39.3249845],[-76.6203107,39.3249805],[-76.6202994,39.3249717],[-76.6202763,39.3249552],[-76.6202664,39.3249483],[-76.6202546,39.3249406],[-76.6202485,39.3249367],[-76.6202492,39.3248132]]]}},{"type":"Feature","properties":{"layer":"Road Area","_tile":"6/33/42"},"geometry":{"type":"Polygon","coordinates":[[[-76.6209004,39.3242187],[-76.6208221,39.3241186],[-76.6207946,39.324084],[-76.6207692,39.3240518],[-76.6208666,39.3240522],[-76.6208873,39.3240784],[-76.6208945,39.3240875],[-76.6209011,39.3240959],[-76.6209004,39.3242187]]]}},{"type":"Feature","properties":{"layer":"Road Area","_tile":"6/33/42"},"geometry":{"type":"Polygon","coordinates":[[[-76.6202523,39.3242231],[-76.6202531,39.324225],[-76.6202637,39.3242497],[-76.6202672,39.3242572],[-76.6202713,39.3242658],[-76.6202804,39.3242842],[-76.6202828,39.3242887],[-76.6202871,39.3242972],[-76.6202892,39.324301],[-76.620291,39.3243046],[-76.6202977,39.3243163],[-76.6203085,39.3243346],[-76.6203232,39.3243586],[-76.6203286,39.3243669],[-76.6203328,39.3243737],[-76.6203413,39.3243867],[-76.6203458,39.3243934],[-76.6203508,39.3244007],[-76.6203634,39.3244178],[-76.6203777,39.3244361],[-76.6203848,39.3244448],[-76.6203848,39.3244449],[-76.6204002,39.3244637],[-76.6204116,39.3244771],[-76.6204195,39.3244861],[-76.6204335,39.3245019],[-76.6204514,39.3245209],[-76.6204725,39.3245424],[-76.620485,39.3245543],[-76.6204006,39.324554],[-76.6204017,39.3245538],[-76.6204032,39.3245526],[-76.6204048,39.3245504],[-76.6204046,39.3245484],[-76.6204037,39.3245452],[-76.6203994,39.3245401],[-76.6203941,39.3245353],[-76.6203857,39.3245268],[-76.6203811,39.3245219],[-76.6203764,39.3245166],[-76.6203679,39.3245068],[-76.6203645,39.3245026],[-76.6203616,39.3244993],[-76.6203586,39.3244955],[-76.6203552,39.3244915],[-76.6203519,39.3244872],[-76.620341,39.3244738],[-76.6203375,39.3244693],[-76.6203342,39.3244651],[-76.6203339,39.3244649],[-76.6203243,39.3244526],[-76.6203151,39.3244406],[-76.6202976,39.3244171],[-76.6202854,39.3243992],[-76.6202707,39.3243761],[-76.6202517,39.3243459],[-76.6202523,39.3242231]],[[-76.6203958,39.324554],[-76.6202505,39.3245535],[-76.6202508,39.3245038],[-76.6202522,39.3245043],[-76.6202674,39.3245092],[-76.6202733,39.324511],[-76.6202984,39.324519],[-76.6203199,39.3245261],[-76.6203444,39.324535],[-76.620356,39.3245393],[-76.6203775,39.3245476],[-76.6203903,39.3245528],[-76.6203938,39.3245537],[-76.6203958,39.324554]]]}},{"type":"Feature","properties":{"layer":"Road Area","_tile":"6/33/43"},"geometry":{"type":"Polygon","coordinates":[[[-76.6207814,39.3240671],[-76.6207661,39.3240479],[-76.6206246,39.3238664],[-76.6205871,39.323819],[-76.6205588,39.3237834],[-76.6204606,39.3236585],[-76.6203856,39.3235625],[-76.6204826,39.3235628],[-76.6204867,39.3235681],[-76.6204937,39.3235771],[-76.6205231,39.3236147],[-76.6205317,39.3236256],[-76.6206094,39.3237246],[-76.6206167,39.3237338],[-76.6206437,39.323768],[-76.6206521,39.3237786],[-76.620683,39.3238177],[-76.6206952,39.3238331],[-76.6207223,39.3238678],[-76.620729,39.3238763],[-76.6207511,39.3239047],[-76.6207607,39.3239169],[-76.6207677,39.3239259],[-76.6208014,39.3239691],[-76.6208075,39.3239769],[-76.6208352,39.3240125],[-76.6208427,39.3240219],[-76.6208521,39.3240339],[-76.6208786,39.3240675],[-76.6207814,39.3240671]]]}},{"type":"Feature","properties":{"layer":"Road Area","_tile":"6/34/33"},"geometry":{"type":"Polygon","coordinates":[[[-76.6196659,39.3284411],[-76.6196675,39.3284433],[-76.6196764,39.3284529],[-76.6196834,39.3284641],[-76.619691,39.328467],[-76.6196951,39.3285745],[-76.6196409,39.3285758],[-76.6196371,39.3284757],[-76.6196178,39.3284409],[-76.6196659,39.3284411]]]}},{"type":"Feature","properties":{"layer":"Road Area","_tile":"6/34/34"},"geometry":{"type":"Polygon","coordinates":[[[-76.6196019,39.3283299],[-76.6196537,39.3284227],[-76.6196599,39.3284331],[-76.6196675,39.3284433],[-76.6196764,39.3284529],[-76.6196785,39.3284564],[-76.6196263,39.3284562],[-76.6196014,39.3284113],[-76.6196019,39.3283299]]]}},{"type":"Feature","properties":{"layer":"Road Area","_tile":"6/34/37"},"geometry":{"type":"Polygon","coordinates":[[[-76.6196117,39.3264885],[-76.6197791,39.3264891],[-76.6197657,39.326501],[-76.6197432,39.32652],[-76.6197167,39.3265407],[-76.6196948,39.326557],[-76.6196722,39.3265726],[-76.6196554,39.3265835],[-76.6196319,39.326597],[-76.6196111,39.3266081],[-76.6196117,39.3264885]]]}},{"type":"Feature","properties":{"layer":"Road Area","_tile":"6/34/38"},"geometry":{"type":"Polygon","coordinates":[[[-76.6196119,39.3264599],[-76.6196188,39.3264553],[-76.6196205,39.326454],[-76.6196358,39.3264436],[-76.6196749,39.3264153],[-76.619675,39.3264153],[-76.6197231,39.3263792],[-76.6197806,39.3263348],[-76.6198635,39.3262699],[-76.6198783,39.3262586],[-76.6199111,39.3262336],[-76.6200161,39.3261525],[-76.6200553,39.3261218],[-76.620158,39.3260412],[-76.6201989,39.3260097],[-76.6202086,39.3260024],[-76.6202624,39.3260026],[-76.6202616,39.3261628],[-76.6202476,39.3261695],[-76.6202011,39.3261918],[-76.6201616,39.3262111],[-76.6201313,39.3262263],[-76.620112,39.3262365],[-76.620101,39.3262425],[-76.6200891,39.326249],[-76.6200774,39.3262557],[-76.6200617,39.3262648],[-76.6200573,39.3262675],[-76.6200523,39.3262706],[-76.6200351,39.3262819],[-76.6200289,39.3262861],[-76.6200163,39.3262945],[-76.6200043,39.3263028],[-76.619989,39.3263138],[-76.6199793,39.3263209],[-76.6199564,39.3263381],[-76.6199313,39.3263573],[-76.619876,39.3264006],[-76.6198624,39.3264117],[-76.6198519,39.3264208],[-76.6197915,39.3264783],[-76.6197657,39.326501],[-76.6197617,39.3265043],[-76.6196117,39.3265038],[-76.6196119,39.3264599]]]}},{"type":"Feature","properties":{"layer":"Road Area","_tile":"6/34/39"},"geometry":{"type":"Polygon","coordinates":[[[-76.6201887,39.3260176],[-76.6201989,39.3260097],[-76.6202112,39.3260004],[-76.6202626,39.3259609],[-76.6202623,39.3260178],[-76.6201887,39.3260176]]]}},{"type":"Feature","properties":{"layer":"Road Area","_tile":"6/34/40"},"geometry":{"type":"Polygon","coordinates":[[[-76.6200298,39.3250256],[-76.6199886,39.3250574],[-76.6199414,39.325094],[-76.6198836,39.3251382],[-76.619847,39.3251107],[-76.6198431,39.3251088],[-76.6198398,39.3251081],[-76.6198364,39.3251077],[-76.6198332,39.3251079],[-76.6198304,39.325109],[-76.6198273,39.3251103],[-76.6198124,39.3251213],[-76.6198015,39.325113],[-76.619782,39.3250978],[-76.6197615,39.3250818],[-76.6197554,39.3250769],[-76.619771,39.3250633],[-76.6197727,39.3250601],[-76.6197735,39.3250576],[-76.6197733,39.3250547],[-76.6197727,39.3250526],[-76.6197717,39.3250507],[-76.6197698,39.3250485],[-76.6197399,39.3250247],[-76.6200298,39.3250256]]]}},{"type":"Feature","properties":{"layer":"Road Area","_tile":"6/34/41"},"geometry":{"type":"Polygon","coordinates":[[[-76.6196208,39.3248072],[-76.6197117,39.3247378],[-76.6197244,39.3247283],[-76.6197663,39.3246966],[-76.6197981,39.3246719],[-76.6198158,39.3246576],[-76.6198246,39.3246501],[-76.6198402,39.3246363],[-76.6198602,39.324618],[-76.6198679,39.3246105],[-76.6198806,39.3245976],[-76.6198982,39.3245785],[-76.6199023,39.3245738],[-76.6199062,39.3245693],[-76.6199099,39.3245653],[-76.6199131,39.3245615],[-76.6199229,39.3245496],[-76.6199301,39.3245404],[-76.6199326,39.3245372],[-76.6201021,39.3245378],[-76.620091,39.324559],[-76.6200859,39.324562],[-76.6200802,39.3245675],[-76.6200601,39.3245941],[-76.6200239,39.3246423],[-76.6200204,39.3246474],[-76.62002,39.3246493],[-76.6199381,39.32476],[-76.6199323,39.3247642],[-76.6198972,39.3247906],[-76.6198761,39.3248068],[-76.6198747,39.3248078],[-76.6198624,39.3248172],[-76.6198172,39.324851],[-76.6198026,39.3248621],[-76.6197921,39.32487],[-76.6197599,39.3248949],[-76.6197414,39.3249089],[-76.6197265,39.3249204],[-76.6196327,39.3249912],[-76.6196197,39.3250011],[-76.6196208,39.3248072]]]}},{"type":"Feature","properties":{"layer":"Road Area","_tile":"6/34/41"},"geometry":{"type":"Polygon","coordinates":[[[-76.6202703,39.3245383],[-76.6202696,39.3246607],[-76.620257,39.3246607],[-76.6202397,39.324661],[-76.6202297,39.3246613],[-76.6202197,39.3246617],[-76.6202154,39.3246621],[-76.6202141,39.3246621],[-76.6201901,39.3246639],[-76.6201792,39.3246649],[-76.6201645,39.3246668],[-76.620153,39.3246687],[-76.62015,39.3246693],[-76.620147,39.3246697],[-76.6201411,39.3246708],[-76.6201246,39.3246741],[-76.6201152,39.3246763],[-76.6201083,39.3246781],[-76.6201067,39.3246785],[-76.6201007,39.3246802],[-76.6200797,39.3246867],[-76.6200692,39.3246902],[-76.620058,39.3246942],[-76.6200451,39.3246993],[-76.6200319,39.3247047],[-76.6200216,39.3247091],[-76.6200094,39.3247146],[-76.619992,39.3247234],[-76.6199802,39.3247308],[-76.6199717,39.3247364],[-76.6199611,39.3247436],[-76.619944,39.3247557],[-76.6199381,39.32476],[-76.62002,39.3246493],[-76.6200208,39.3246523],[-76.6200225,39.3246542],[-76.6200265,39.3246551],[-76.6200317,39.3246543],[-76.6200381,39.3246522],[-76.6200515,39.3246469],[-76.6200561,39.3246452],[-76.6200617,39.3246435],[-76.6200675,39.3246417],[-76.6200838,39.3246372],[-76.6200962,39.3246343],[-76.6201105,39.3246312],[-76.620122,39.3246289],[-76.6201319,39.324627],[-76.6201374,39.3246261],[-76.6201437,39.3246249],[-76.6201569,39.3246227],[-76.6201686,39.3246209],[-76.6201788,39.3246197],[-76.6201907,39.3246184],[-76.620202,39.3246173],[-76.6202125,39.3246167],[-76.6202255,39.324616],[-76.6202372,39.3246158],[-76.6202567,39.3246162],[-76.6202625,39.3246161],[-76.620264,39.3246156],[-76.6202656,39.3246143],[-76.6202671,39.3246118],[-76.6202674,39.3246097],[-76.6202674,39.3246078],[-76.6202655,39.3246056],[-76.620256,39.324601],[-76.620159,39.3245704],[-76.6201409,39.3245644],[-76.6201313,39.3245613],[-76.6201197,39.3245579],[-76.6201118,39.324556],[-76.6201036,39.3245559],[-76.6200966,39.3245566],[-76.620091,39.324559],[-76.6201021,39.3245378],[-76.6202703,39.3245383]]]}},{"type":"Feature","properties":{"layer":"Road Area","_tile":"6/34/41"},"geometry":{"type":"Polygon","coordinates":[[[-76.6200352,39.3248936],[-76.6200074,39.3248839],[-76.6200013,39.3249101],[-76.619998,39.3249348],[-76.6199981,39.3249371],[-76.6199986,39.3249383],[-76.6200004,39.3249384],[-76.6200033,39.3249376],[-76.6200062,39.3249358],[-76.6200101,39.3249318],[-76.6200352,39.3248936]],[[-76.6198624,39.3248172],[-76.6198747,39.3248078],[-76.6198761,39.3248068],[-76.6198972,39.3247906],[-76.6199323,39.3247642],[-76.6199381,39.32476],[-76.619944,39.3247557],[-76.6199611,39.3247436],[-76.6199717,39.3247364],[-76.6199802,39.3247308],[-76.619992,39.3247234],[-76.6199886,39.3247266],[-76.6199874,39.3247309],[-76.6199881,39.3247344],[-76.6199883,39.3247344],[-76.6199897,39.3247382],[-76.6199913,39.3247401],[-76.6200151,39.3247655],[-76.620037,39.3247855],[-76.6200533,39.3247987],[-76.6200536,39.3247988],[-76.6200697,39.3248098],[-76.6200918,39.3248217],[-76.6200984,39.3248251],[-76.6200938,39.3248326],[-76.6201264,39.3248455],[-76.6201301,39.3248459],[-76.6201324,39.324845],[-76.6201355,39.3248421],[-76.6201446,39.3248296],[-76.620173,39.3247908],[-76.6201746,39.32479],[-76.6201762,39.32479],[-76.6202001,39.3247974],[-76.6202292,39.3248065],[-76.6202458,39.324812],[-76.6202688,39.3248199],[-76.6202681,39.3249495],[-76.6202664,39.3249483],[-76.6202546,39.3249406],[-76.6202424,39.3249329],[-76.6202308,39.3249262],[-76.6202255,39.3249235],[-76.6202208,39.3249214],[-76.6202154,39.3249191],[-76.6202095,39.3249168],[-76.6202032,39.3249147],[-76.6201903,39.3249104],[-76.6201841,39.3249085],[-76.6201782,39.324907],[-76.620173,39.3249056],[-76.6201686,39.3249047],[-76.6201575,39.3249027],[-76.620146,39.3249011],[-76.6201359,39.3249003],[-76.6201306,39.3249],[-76.6201243,39.3249001],[-76.620118,39.3249003],[-76.6201128,39.3249008],[-76.6201025,39.3249025],[-76.6200969,39.3249043],[-76.6200909,39.3249067],[-76.6200857,39.3249089],[-76.62008,39.324912],[-76.620074,39.324916],[-76.620068,39.3249203],[-76.6200575,39.3249282],[-76.6200512,39.3249332],[-76.6200458,39.3249387],[-76.6200446,39.3249413],[-76.6200446,39.3249431],[-76.6200452,39.3249444],[-76.6200461,39.324946],[-76.6200868,39.3249816],[-76.6200101,39.3250408],[-76.6197591,39.32504],[-76.6197344,39.3250203],[-76.619737,39.3250184],[-76.6198992,39.3248954],[-76.6199122,39.3248856],[-76.6199152,39.3248832],[-76.6199487,39.3249081],[-76.6199524,39.3249099],[-76.6199559,39.3249108],[-76.6199599,39.3249107],[-76.6199639,39.3249091],[-76.6199665,39.3249064],[-76.6199685,39.3249033],[-76.6199685,39.3249002],[-76.6199682,39.3248975],[-76.6199664,39.3248938],[-76.619958,39.3248836],[-76.6199367,39.3248618],[-76.6199153,39.3248431],[-76.6198961,39.3248261],[-76.6198887,39.3248211],[-76.6198798,39.3248171],[-76.6198745,39.324816],[-76.6198696,39.3248156],[-76.6198665,39.324816],[-76.6198624,39.3248172]]]}},{"type":"Feature","properties":{"layer":"Road Area","_tile":"6/34/42"},"geometry":{"type":"Polygon","coordinates":[[[-76.6199205,39.3245524],[-76.6199229,39.3245496],[-76.6199301,39.3245404],[-76.6199337,39.3245357],[-76.6199466,39.3245189],[-76.6199493,39.3245152],[-76.6199541,39.3245089],[-76.6199691,39.3244879],[-76.6199776,39.3244754],[-76.6199822,39.324468],[-76.6199952,39.3244457],[-76.6200061,39.3244256],[-76.6200102,39.3244171],[-76.6200169,39.3244029],[-76.6200289,39.3243763],[-76.620032,39.3243688],[-76.6200338,39.3243648],[-76.6200356,39.3243604],[-76.6200412,39.3243469],[-76.6200412,39.3243466],[-76.6200449,39.3243374],[-76.6200497,39.3243243],[-76.6200522,39.3243168],[-76.6200544,39.3243096],[-76.6200574,39.3242981],[-76.6200578,39.3242967],[-76.620063,39.3242744],[-76.6200646,39.3242669],[-76.6200665,39.3242553],[-76.620067,39.3242531],[-76.6200686,39.3242418],[-76.6200691,39.3242371],[-76.6200703,39.3242277],[-76.6200718,39.3242143],[-76.6200721,39.3242101],[-76.6200726,39.3242063],[-76.6200728,39.3242027],[-76.6200738,39.3241903],[-76.6200743,39.3241808],[-76.620075,39.3241616],[-76.620075,39.3241571],[-76.6200752,39.324153],[-76.6200752,39.3241454],[-76.6200751,39.3241411],[-76.6200751,39.3241365],[-76.6200747,39.3241218],[-76.6200745,39.324117],[-76.6200742,39.3241087],[-76.6200723,39.3240828],[-76.6200696,39.3240533],[-76.6200691,39.3240496],[-76.6202089,39.32405],[-76.620209,39.3240513],[-76.6202117,39.3240721],[-76.620213,39.324082],[-76.6202158,39.3240998],[-76.6202176,39.3241094],[-76.6202212,39.324126],[-76.6202257,39.3241446],[-76.6202269,39.3241489],[-76.6202027,39.3242701],[-76.6202011,39.3242714],[-76.6201996,39.3242774],[-76.6201988,39.3242821],[-76.6201975,39.3242875],[-76.6201966,39.3242923],[-76.6201958,39.324295],[-76.6201933,39.3243056],[-76.6201919,39.3243106],[-76.6201893,39.3243207],[-76.620187,39.3243292],[-76.620182,39.3243458],[-76.6201712,39.3243782],[-76.6201697,39.3243823],[-76.6201684,39.3243859],[-76.6201599,39.3244089],[-76.6201529,39.324427],[-76.6201491,39.3244363],[-76.6201473,39.3244414],[-76.6201462,39.3244458],[-76.6201454,39.3244509],[-76.6201454,39.3244559],[-76.6200941,39.324553],[-76.6199205,39.3245524]]]}},{"type":"Feature","properties":{"layer":"Road Area","_tile":"6/34/42"},"geometry":{"type":"Polygon","coordinates":[[[-76.6202269,39.3241489],[-76.6202289,39.3241564],[-76.6202299,39.3241601],[-76.6202313,39.3241643],[-76.6202319,39.3241667],[-76.6202388,39.3241878],[-76.6202405,39.3241922],[-76.6202432,39.3242002],[-76.6202494,39.324216],[-76.6202531,39.324225],[-76.6202637,39.3242497],[-76.6202672,39.3242572],[-76.6202713,39.3242658],[-76.6202717,39.3242668],[-76.6202711,39.3243769],[-76.6202707,39.3243761],[-76.6202503,39.3243438],[-76.6202406,39.3243271],[-76.6202383,39.3243229],[-76.620236,39.3243182],[-76.620229,39.3243046],[-76.6202236,39.3242926],[-76.6202157,39.3242744],[-76.6202136,39.3242705],[-76.6202114,39.3242687],[-76.620208,39.3242682],[-76.6202042,39.3242688],[-76.6202027,39.3242701],[-76.6202269,39.3241489]],[[-76.6202704,39.3245102],[-76.6202702,39.3245536],[-76.6200941,39.324553],[-76.6201454,39.3244559],[-76.6201472,39.3244614],[-76.6201504,39.3244666],[-76.6201583,39.3244734],[-76.6201637,39.3244758],[-76.6201664,39.3244769],[-76.6201736,39.3244794],[-76.6201846,39.3244828],[-76.6202039,39.3244884],[-76.6202111,39.3244906],[-76.6202167,39.3244924],[-76.6202349,39.3244984],[-76.6202522,39.3245043],[-76.6202674,39.3245092],[-76.6202704,39.3245102]]]}},{"type":"Feature","properties":{"layer":"Road Area","_tile":"6/34/43"},"geometry":{"type":"Polygon","coordinates":[[[-76.6200328,39.3235614],[-76.6200523,39.3239264],[-76.6200516,39.323922],[-76.6200499,39.3239138],[-76.6200475,39.3239031],[-76.6200454,39.323895],[-76.6200403,39.3238769],[-76.6200364,39.3238644],[-76.620034,39.3238574],[-76.6200308,39.323849],[-76.6200271,39.3238401],[-76.6200214,39.3238268],[-76.6200179,39.3238193],[-76.6200146,39.3238129],[-76.6200098,39.3238044],[-76.6200057,39.3237972],[-76.6200001,39.3237878],[-76.6199913,39.3237736],[-76.6199872,39.3237671],[-76.6199806,39.3237574],[-76.6199707,39.3237433],[-76.619965,39.3237355],[-76.6199616,39.3237313],[-76.6199578,39.3237269],[-76.619954,39.3237222],[-76.6199459,39.3237129],[-76.6199311,39.3236964],[-76.6199149,39.3236797],[-76.6198972,39.3236622],[-76.6198852,39.3236508],[-76.6198752,39.3236418],[-76.6198699,39.3236371],[-76.6198649,39.3236325],[-76.6198484,39.3236182],[-76.6198299,39.3236033],[-76.6198239,39.3235986],[-76.6198021,39.323582],[-76.6197807,39.3235671],[-76.6197746,39.323563],[-76.6197707,39.3235605],[-76.6200328,39.3235614]]]}},{"type":"Feature","properties":{"layer":"Road Area","_tile":"6/34/43"},"geometry":{"type":"Polygon","coordinates":[[[-76.6200706,39.3240648],[-76.6200696,39.3240533],[-76.6200684,39.3240421],[-76.6200658,39.3240181],[-76.6200646,39.3240087],[-76.6200642,39.3240042],[-76.620063,39.3239956],[-76.6200625,39.3239914],[-76.620062,39.3239876],[-76.6200611,39.3239804],[-76.6200593,39.3239682],[-76.6200586,39.3239638],[-76.620058,39.3239591],[-76.6200548,39.3239403],[-76.6200523,39.3239264],[-76.6200328,39.3235614],[-76.6201738,39.3235618],[-76.6201793,39.3236492],[-76.6201881,39.323776],[-76.6201914,39.3238217],[-76.6201987,39.32393],[-76.6202046,39.3240032],[-76.6202072,39.3240312],[-76.6202074,39.3240356],[-76.6202088,39.3240474],[-76.620209,39.3240513],[-76.6202108,39.3240653],[-76.6200706,39.3240648]]]}},{"type":"Feature","properties":{"layer":"Road Area","_tile":"6/35/32"},"geometry":{"type":"Polygon","coordinates":[[[-76.6189702,39.3289269],[-76.6189776,39.3289269],[-76.6189785,39.3289286],[-76.6189829,39.328937],[-76.618983,39.328937],[-76.6189846,39.3289401],[-76.618994,39.3289592],[-76.6190025,39.3289784],[-76.6190062,39.3289877],[-76.6190096,39.3289963],[-76.6190132,39.3290076],[-76.6190174,39.3290221],[-76.6190177,39.3290236],[-76.6190194,39.3290299],[-76.619025,39.3290409],[-76.6190277,39.3290484],[-76.6190332,39.3290862],[-76.6190352,39.3291308],[-76.6190337,39.3291585],[-76.6190288,39.329194],[-76.6190283,39.3291984],[-76.6190138,39.3292385],[-76.6190049,39.3292621],[-76.6189948,39.3292882],[-76.6189917,39.3292947],[-76.6189838,39.3293103],[-76.6189832,39.3293112],[-76.6189743,39.3293274],[-76.618968,39.329338],[-76.6189702,39.3289269]]]}},{"type":"Feature","properties":{"layer":"Road Area","_tile":"6/35/33"},"geometry":{"type":"Polygon","coordinates":[[[-76.6189703,39.328915],[-76.6189721,39.328918],[-76.6189757,39.3289241],[-76.6189763,39.3289248],[-76.6189785,39.3289286],[-76.6189829,39.328937],[-76.618983,39.328937],[-76.6189846,39.3289401],[-76.6189856,39.3289422],[-76.6189701,39.3289422],[-76.6189703,39.328915]]]}},{"type":"Feature","properties":{"layer":"Road Area","_tile":"6/35/33"},"geometry":{"type":"Polygon","coordinates":[[[-76.6196209,39.3284409],[-76.6196209,39.3284464],[-76.6196178,39.3284409],[-76.6196209,39.3284409]]]}},{"type":"Feature","properties":{"layer":"Road Area","_tile":"6/35/34"},"geometry":{"type":"Polygon","coordinates":[[[-76.6195458,39.3283321],[-76.6195941,39.3283161],[-76.6196213,39.3283648],[-76.6196209,39.3284464],[-76.6195721,39.3283584],[-76.6195619,39.3283627],[-76.6195606,39.3283583],[-76.6195546,39.3283603],[-76.6195438,39.3283411],[-76.6195498,39.328339],[-76.6195458,39.3283321]]]}},{"type":"Feature","properties":{"layer":"Road Area","_tile":"6/35/35"},"geometry":{"type":"Polygon","coordinates":[[[-76.6194915,39.3277968],[-76.6194706,39.3277977],[-76.6194639,39.3277984],[-76.6194583,39.3277993],[-76.6194499,39.3278017],[-76.6194402,39.3278052],[-76.6194336,39.3278086],[-76.6194257,39.3278136],[-76.6194176,39.3278197],[-76.6194156,39.3278213],[-76.6194152,39.3277477],[-76.619417,39.3277491],[-76.6194201,39.3277513],[-76.6194247,39.3277537],[-76.6194303,39.3277561],[-76.6194366,39.3277582],[-76.6194421,39.3277597],[-76.6194532,39.3277607],[-76.6194647,39.3277607],[-76.6194891,39.3277596],[-76.6194915,39.3277968]]]}},{"type":"Feature","properties":{"layer":"Road Area","_tile":"6/35/35"},"geometry":{"type":"Polygon","coordinates":[[[-76.6194846,39.3276206],[-76.6194881,39.3276204],[-76.6194884,39.3276235],[-76.6194889,39.3276235],[-76.6194908,39.3276444],[-76.6194909,39.3276475],[-76.6194901,39.3276476],[-76.619491,39.3276599],[-76.6194918,39.3276599],[-76.6194935,39.3276838],[-76.6194926,39.3276838],[-76.6194934,39.3276962],[-76.6194943,39.3276961],[-76.6194959,39.3277202],[-76.6194951,39.3277202],[-76.619496,39.3277326],[-76.6194967,39.3277325],[-76.6194985,39.3277565],[-76.6194975,39.3277565],[-76.6194984,39.3277688],[-76.6194993,39.3277688],[-76.619501,39.3277928],[-76.6195001,39.3277929],[-76.619501,39.3278052],[-76.6195019,39.3278052],[-76.6195032,39.3278244],[-76.6194519,39.3278263],[-76.619457,39.3279086],[-76.6193793,39.3279115],[-76.6193572,39.3275561],[-76.6193567,39.3275502],[-76.6194344,39.3275472],[-76.619439,39.3276206],[-76.6194846,39.327619],[-76.6194846,39.3276206]]]}},{"type":"Feature","properties":{"layer":"Road Area","_tile":"6/35/36"},"geometry":{"type":"Polygon","coordinates":[[[-76.6191716,39.3270841],[-76.61898,39.327094],[-76.6189805,39.32701],[-76.6189889,39.3270095],[-76.6190586,39.3270063],[-76.6190663,39.3270058],[-76.619165,39.3270012],[-76.6191664,39.3270181],[-76.6191716,39.3270841]]]}},{"type":"Feature","properties":{"layer":"Road Area","_tile":"6/35/36"},"geometry":{"type":"Polygon","coordinates":[[[-76.6191682,39.3269952],[-76.6191681,39.3269935],[-76.6191673,39.3269887],[-76.6191644,39.3269846],[-76.6191623,39.3269832],[-76.6191597,39.3269828],[-76.6191566,39.3269829],[-76.619063,39.3269869],[-76.6190596,39.326988],[-76.6190567,39.3269898],[-76.6190549,39.3269926],[-76.6190553,39.3269981],[-76.6190011,39.3270003],[-76.6190007,39.3269946],[-76.6189992,39.3269922],[-76.6189966,39.3269904],[-76.6189932,39.3269896],[-76.6189806,39.3269901],[-76.6189807,39.3269746],[-76.619215,39.3269753],[-76.6192153,39.3269807],[-76.6192167,39.3269929],[-76.6192167,39.3269933],[-76.6191682,39.3269952]],[[-76.6193986,39.3269759],[-76.6194113,39.3271775],[-76.6194115,39.3271783],[-76.6194118,39.3271793],[-76.6194132,39.3271809],[-76.6194141,39.3271815],[-76.6194152,39.327182],[-76.6194162,39.3271824],[-76.6194175,39.3271826],[-76.6194391,39.3271819],[-76.6194395,39.3271883],[-76.6194389,39.3271883],[-76.6194392,39.3271928],[-76.6194398,39.3271928],[-76.6194405,39.3272047],[-76.6194399,39.3272047],[-76.6194413,39.3272257],[-76.6194419,39.3272257],[-76.6194428,39.3272375],[-76.6194422,39.3272376],[-76.6194425,39.3272422],[-76.6194431,39.3272422],[-76.6194438,39.327254],[-76.6194432,39.3272541],[-76.6194436,39.3272586],[-76.6194441,39.3272586],[-76.6194449,39.3272704],[-76.6194443,39.3272705],[-76.6194447,39.3272778],[-76.6194246,39.3272786],[-76.6194223,39.327279],[-76.6194202,39.3272801],[-76.6194188,39.3272815],[-76.6194183,39.3272825],[-76.619418,39.3272834],[-76.619418,39.3272844],[-76.6194186,39.3272931],[-76.619419,39.3272948],[-76.6194201,39.3272962],[-76.6194208,39.3272969],[-76.6194218,39.3272974],[-76.6194237,39.3272981],[-76.6194259,39.3272982],[-76.6194345,39.3272979],[-76.6194365,39.3273294],[-76.6194279,39.3273296],[-76.6194257,39.3273299],[-76.6194248,39.3273303],[-76.619423,39.3273314],[-76.6194217,39.3273328],[-76.6194214,39.3273336],[-76.6194211,39.3273354],[-76.6194235,39.3273724],[-76.6193458,39.3273753],[-76.6193455,39.3273737],[-76.6193449,39.327372],[-76.6193439,39.3273704],[-76.6193427,39.327369],[-76.6193411,39.3273677],[-76.6193394,39.3273667],[-76.6193375,39.3273659],[-76.6193353,39.3273653],[-76.6193332,39.3273649],[-76.6193309,39.3273649],[-76.6192947,39.3273663],[-76.6191931,39.3273705],[-76.6191928,39.3273664],[-76.6191926,39.3273623],[-76.6191885,39.327301],[-76.619186,39.327263],[-76.6192183,39.3272621],[-76.6192217,39.3273252],[-76.6193283,39.327321],[-76.6193306,39.3273208],[-76.6193331,39.3273202],[-76.6193353,39.3273193],[-76.6193371,39.3273181],[-76.6193388,39.3273167],[-76.6193402,39.327315],[-76.6193411,39.3273133],[-76.6193416,39.3273114],[-76.6193416,39.3273095],[-76.6193258,39.3270559],[-76.6193255,39.3270542],[-76.6193249,39.3270526],[-76.619324,39.327051],[-76.6193227,39.3270496],[-76.6193211,39.3270483],[-76.6193194,39.3270473],[-76.6193174,39.3270465],[-76.6193152,39.3270459],[-76.6193131,39.3270456],[-76.6193108,39.3270455],[-76.6191721,39.3270522],[-76.6191719,39.3270516],[-76.6191719,39.3270498],[-76.6191715,39.3270452],[-76.6191706,39.3270307],[-76.6191685,39.3269997],[-76.6191685,39.3269988],[-76.6191697,39.3269987],[-76.619175,39.3269985],[-76.6192122,39.3269977],[-76.6192416,39.3269964],[-76.619258,39.3269954],[-76.6192634,39.3269947],[-76.6192678,39.3269939],[-76.6192741,39.326992],[-76.6192806,39.3269894],[-76.6192829,39.326988],[-76.6192855,39.3269859],[-76.6192907,39.3269805],[-76.6192924,39.3269782],[-76.6192943,39.3269756],[-76.6193986,39.3269759]]]}},{"type":"Feature","properties":{"layer":"Road Area","_tile":"6/35/37"},"geometry":{"type":"Polygon","coordinates":[[[-76.6195189,39.3265179],[-76.6195117,39.3265219],[-76.6195066,39.3265245],[-76.6194994,39.3265285],[-76.6194826,39.3265364],[-76.6194728,39.3265405],[-76.6194669,39.3265104],[-76.6194658,39.3265036],[-76.619464,39.3264881],[-76.6195066,39.3264882],[-76.6195072,39.3264908],[-76.6195112,39.3265011],[-76.6195189,39.3265179]]]}},{"type":"Feature","properties":{"layer":"Road Area","_tile":"6/35/37"},"geometry":{"type":"Polygon","coordinates":[[[-76.619138,39.326615],[-76.619141,39.326609],[-76.6191415,39.3266076],[-76.6191413,39.3266065],[-76.6191396,39.3266033],[-76.6191355,39.3265981],[-76.6191267,39.3265883],[-76.619121,39.326583],[-76.6191171,39.3265804],[-76.6191117,39.3265774],[-76.6190952,39.3265693],[-76.6190685,39.3265635],[-76.6189901,39.3265421],[-76.618983,39.3265401],[-76.6189833,39.3264865],[-76.6191366,39.326487],[-76.6191344,39.3264903],[-76.6191327,39.3264947],[-76.6191318,39.3265006],[-76.6191317,39.3265052],[-76.6191322,39.3265077],[-76.6191342,39.3265118],[-76.6191364,39.3265157],[-76.6191387,39.3265182],[-76.6191419,39.3265211],[-76.6191462,39.3265242],[-76.6191508,39.3265271],[-76.6191627,39.3265337],[-76.6191756,39.3265394],[-76.6191855,39.3265433],[-76.619197,39.3265471],[-76.6192099,39.326551],[-76.6192235,39.3265547],[-76.6192372,39.3265582],[-76.61925,39.3265611],[-76.6192617,39.3265634],[-76.6192719,39.326565],[-76.6192959,39.3265677],[-76.6193206,39.3265696],[-76.6193419,39.3265701],[-76.6193506,39.32657],[-76.6193583,39.3265696],[-76.6193764,39.3265676],[-76.6193973,39.3265644],[-76.6194157,39.3265607],[-76.6194234,39.3265588],[-76.6194302,39.326557],[-76.6194449,39.3265519],[-76.6194631,39.3265448],[-76.6194728,39.3265405],[-76.6194826,39.3265364],[-76.6194994,39.3265285],[-76.6195066,39.3265245],[-76.6195117,39.3265219],[-76.6195189,39.3265179],[-76.6195423,39.3265043],[-76.6195599,39.3264935],[-76.6195679,39.3264884],[-76.6196314,39.3264886],[-76.6196308,39.3265976],[-76.6196099,39.3266088],[-76.619581,39.3266224],[-76.6195665,39.3266288],[-76.6195548,39.3266336],[-76.6195394,39.3266395],[-76.619523,39.3266456],[-76.6195087,39.3266504],[-76.619497,39.326654],[-76.6194781,39.3266591],[-76.6194571,39.3266644],[-76.619429,39.3266705],[-76.6194214,39.3266725],[-76.6194156,39.3266744],[-76.6194076,39.3266774],[-76.6194002,39.3266804],[-76.6193948,39.3266831],[-76.6193911,39.3266855],[-76.6193854,39.3266905],[-76.6193789,39.3266976],[-76.6193734,39.3267055],[-76.6193697,39.3267123],[-76.619367,39.3267195],[-76.6193651,39.3267261],[-76.6193642,39.3267338],[-76.6193641,39.3267447],[-76.6193648,39.3267578],[-76.6193664,39.3267772],[-76.6193707,39.3268357],[-76.6193718,39.3268915],[-76.6193732,39.3269132],[-76.6193951,39.3269124],[-76.6193955,39.3269261],[-76.6193996,39.3269912],[-76.619277,39.3269908],[-76.6192806,39.3269894],[-76.6192829,39.326988],[-76.6192855,39.3269859],[-76.6192907,39.3269805],[-76.6192924,39.3269782],[-76.6192955,39.3269737],[-76.6192966,39.3269719],[-76.6192974,39.3269705],[-76.6192986,39.3269675],[-76.6192996,39.3269637],[-76.6193005,39.3269574],[-76.619301,39.3269491],[-76.6193006,39.3269382],[-76.6192967,39.3269008],[-76.6192954,39.3268754],[-76.6192934,39.3268201],[-76.6192935,39.3268178],[-76.6192926,39.3268001],[-76.6192916,39.3267835],[-76.6192902,39.3267702],[-76.6192882,39.3267603],[-76.6192854,39.3267504],[-76.6192819,39.3267421],[-76.6192782,39.3267364],[-76.6192728,39.3267299],[-76.6192662,39.3267236],[-76.6192599,39.3267187],[-76.619255,39.3267158],[-76.6192483,39.3267128],[-76.6192408,39.3267101],[-76.6192342,39.3267082],[-76.6192282,39.3267075],[-76.6192204,39.3267075],[-76.6192106,39.3267082],[-76.6192015,39.3267093],[-76.6191975,39.3267103],[-76.6191929,39.3267117],[-76.6191877,39.3267137],[-76.6191828,39.3267159],[-76.619182,39.3267162],[-76.6191706,39.326722],[-76.619134,39.3267422],[-76.6191155,39.3267529],[-76.6190974,39.3267636],[-76.6190832,39.3267725],[-76.6190339,39.326806],[-76.6190136,39.3268187],[-76.6189814,39.3268381],[-76.6189821,39.3267142],[-76.6189884,39.3267105],[-76.6190614,39.3266656],[-76.6190758,39.3266563],[-76.6191177,39.3266287],[-76.6191283,39.3266219],[-76.619138,39.326615]],[[-76.6191676,39.3269904],[-76.6191673,39.3269887],[-76.6191644,39.3269846],[-76.6191623,39.3269832],[-76.6191597,39.3269828],[-76.6191566,39.3269829],[-76.619063,39.3269869],[-76.6190596,39.326988],[-76.6190567,39.3269898],[-76.6190566,39.3269901],[-76.6189943,39.3269899],[-76.6189932,39.3269896],[-76.6189874,39.3269899],[-76.6189806,39.3269898],[-76.618981,39.3269148],[-76.6189822,39.3269149],[-76.6190265,39.3269219],[-76.6190547,39.3269263],[-76.6190689,39.3269215],[-76.6190775,39.3269183],[-76.619093,39.3269116],[-76.6191004,39.3269088],[-76.619105,39.3269078],[-76.6191109,39.3269068],[-76.6191129,39.3269067],[-76.6191296,39.3269051],[-76.6191393,39.3269044],[-76.6191483,39.3269041],[-76.6191557,39.3269043],[-76.619161,39.3269049],[-76.6191666,39.3269066],[-76.6191731,39.3269096],[-76.6191808,39.3269137],[-76.6191878,39.3269185],[-76.6191912,39.3269213],[-76.6191912,39.3269214],[-76.6191942,39.3269246],[-76.6191976,39.3269287],[-76.6192008,39.3269335],[-76.619204,39.3269387],[-76.619207,39.3269445],[-76.6192096,39.3269501],[-76.6192116,39.3269553],[-76.6192133,39.3269635],[-76.619215,39.3269749],[-76.6192153,39.3269807],[-76.6192164,39.3269906],[-76.6191676,39.3269904]]]}},{"type":"Feature","properties":{"layer":"Road Area","_tile":"6/35/38"},"geometry":{"type":"Polygon","coordinates":[[[-76.6194658,39.3265033],[-76.6194628,39.3264785],[-76.6194613,39.3264714],[-76.6194595,39.3264661],[-76.6194575,39.3264622],[-76.6194548,39.326458],[-76.6194472,39.326448],[-76.6194371,39.3264366],[-76.6194267,39.3264266],[-76.6194205,39.3264212],[-76.6194144,39.3264164],[-76.619413,39.3264152],[-76.6193948,39.3264019],[-76.6193329,39.3263597],[-76.619335,39.326358],[-76.6193141,39.3263415],[-76.6193166,39.3263397],[-76.6193696,39.3262991],[-76.6194616,39.3263715],[-76.6194867,39.3263523],[-76.6195358,39.326397],[-76.6195176,39.3264114],[-76.6195059,39.3264583],[-76.619504,39.3264658],[-76.619505,39.326478],[-76.619506,39.3264853],[-76.6195072,39.3264908],[-76.6195112,39.3265011],[-76.6195122,39.3265035],[-76.6194658,39.3265033]]]}},{"type":"Feature","properties":{"layer":"Road Area","_tile":"6/35/38"},"geometry":{"type":"Polygon","coordinates":[[[-76.6192308,39.3259992],[-76.6189849,39.3261857],[-76.6189859,39.3260044],[-76.6189873,39.3260078],[-76.6189902,39.326013],[-76.6189941,39.3260178],[-76.6189987,39.3260221],[-76.6190042,39.3260259],[-76.6190102,39.326029],[-76.6190168,39.3260315],[-76.6190236,39.3260332],[-76.6190309,39.3260342],[-76.6190381,39.3260343],[-76.6190453,39.3260338],[-76.6190523,39.3260324],[-76.6190591,39.3260302],[-76.6190654,39.3260274],[-76.6190711,39.326024],[-76.619076,39.3260198],[-76.6190804,39.3260153],[-76.6190838,39.3260103],[-76.6190862,39.326005],[-76.6190877,39.3259995],[-76.6190877,39.3259988],[-76.6192308,39.3259992]]]}},{"type":"Feature","properties":{"layer":"Road Area","_tile":"6/35/38"},"geometry":{"type":"Polygon","coordinates":[[[-76.6189832,39.3265018],[-76.6189833,39.3264862],[-76.6189906,39.3264818],[-76.6190019,39.3264738],[-76.6190093,39.3264681],[-76.619015,39.3264637],[-76.6190338,39.3264485],[-76.6190539,39.3264363],[-76.6190614,39.3264312],[-76.6190703,39.3264245],[-76.619105,39.3263961],[-76.6191742,39.3264504],[-76.6191556,39.3264657],[-76.6191496,39.3264711],[-76.6191431,39.3264782],[-76.619138,39.3264849],[-76.6191344,39.3264903],[-76.6191327,39.3264947],[-76.6191318,39.3265006],[-76.6191317,39.3265022],[-76.6189832,39.3265018]],[[-76.6196316,39.3264464],[-76.6196313,39.3265039],[-76.6195435,39.3265036],[-76.6195599,39.3264935],[-76.6195993,39.3264682],[-76.6196188,39.3264553],[-76.6196205,39.326454],[-76.6196316,39.3264464]]]}},{"type":"Feature","properties":{"layer":"Road Area","_tile":"6/35/39"},"geometry":{"type":"Polygon","coordinates":[[[-76.6190881,39.3259939],[-76.6190877,39.3259882],[-76.6190861,39.3259827],[-76.6190836,39.3259774],[-76.6190801,39.3259724],[-76.6190759,39.3259679],[-76.6190708,39.3259638],[-76.6190652,39.3259603],[-76.6190589,39.3259576],[-76.6190521,39.3259554],[-76.6190449,39.3259541],[-76.6190377,39.3259536],[-76.6190305,39.3259538],[-76.6190233,39.3259547],[-76.6190165,39.3259565],[-76.6190099,39.3259589],[-76.6190039,39.3259621],[-76.6189985,39.3259659],[-76.6189939,39.3259702],[-76.6189901,39.3259751],[-76.6189871,39.3259802],[-76.618986,39.3259832],[-76.6189866,39.3258836],[-76.6189867,39.3258834],[-76.6189918,39.32588],[-76.6189984,39.3258753],[-76.6190523,39.3258336],[-76.6191214,39.325888],[-76.6191736,39.3259293],[-76.6192144,39.3259615],[-76.619226,39.3259707],[-76.6192468,39.3259871],[-76.6192108,39.3260144],[-76.6190813,39.326014],[-76.6190838,39.3260103],[-76.6190862,39.326005],[-76.6190877,39.3259995],[-76.6190881,39.3259939]],[[-76.6189908,39.3260137],[-76.6189859,39.3260137],[-76.6189859,39.3260044],[-76.6189873,39.3260078],[-76.6189902,39.326013],[-76.6189908,39.3260137]]]}},{"type":"Feature","properties":{"layer":"Road Area","_tile":"6/35/40"},"geometry":{"type":"Polygon","coordinates":[[[-76.6195892,39.3250242],[-76.6195282,39.3250707],[-76.6194829,39.3251054],[-76.6193398,39.3252141],[-76.6193387,39.325215],[-76.6191951,39.3253242],[-76.6190742,39.3254164],[-76.6189887,39.3254818],[-76.6189898,39.3252875],[-76.6190827,39.3252166],[-76.6192763,39.3250688],[-76.6193361,39.3250234],[-76.6195892,39.3250242]]]}},{"type":"Feature","properties":{"layer":"Road Area","_tile":"6/35/41"},"geometry":{"type":"Polygon","coordinates":[[[-76.6194735,39.3249191],[-76.6195021,39.3248975],[-76.6195798,39.3248385],[-76.6196405,39.3247921],[-76.6196394,39.3249861],[-76.6196327,39.3249912],[-76.6196116,39.3250072],[-76.6195968,39.3250183],[-76.6195935,39.3250209],[-76.6195693,39.3250394],[-76.6193162,39.3250386],[-76.6194735,39.3249191]]]}},{"type":"Feature","properties":{"layer":"Road Area","_tile":"6/36/32"},"geometry":{"type":"Polygon","coordinates":[[[-76.6189776,39.3289269],[-76.6189785,39.3289286],[-76.6189829,39.328937],[-76.618983,39.328937],[-76.6189846,39.3289401],[-76.6189897,39.3289506],[-76.6189878,39.3293023],[-76.6189838,39.3293103],[-76.6189832,39.3293112],[-76.6189743,39.3293274],[-76.6189677,39.3293385],[-76.6189664,39.3293409],[-76.6189621,39.3293475],[-76.6189569,39.3293551],[-76.6189454,39.3293707],[-76.6189324,39.3293872],[-76.6189201,39.3294018],[-76.6189193,39.3294026],[-76.6189128,39.3294096],[-76.6189114,39.3294111],[-76.6189057,39.3294167],[-76.618901,39.3294216],[-76.6188923,39.32943],[-76.6188058,39.3294297],[-76.618824,39.3294158],[-76.6188317,39.3294095],[-76.6188388,39.329403],[-76.6188512,39.3293911],[-76.6188554,39.3293869],[-76.6188604,39.3293819],[-76.6188679,39.3293738],[-76.6188781,39.3293619],[-76.6188781,39.3293618],[-76.6188789,39.329361],[-76.6188908,39.3293457],[-76.6188987,39.329335],[-76.6189048,39.3293264],[-76.6189059,39.3293248],[-76.6189075,39.3293222],[-76.6189096,39.3293189],[-76.6189169,39.3293066],[-76.6189251,39.3292915],[-76.6189326,39.3292772],[-76.6189333,39.3292753],[-76.6189337,39.3292749],[-76.6189378,39.3292657],[-76.6189414,39.3292571],[-76.6189456,39.3292463],[-76.6189519,39.3292287],[-76.6189586,39.3292068],[-76.6189609,39.3291973],[-76.6189635,39.3291831],[-76.6189639,39.3291811],[-76.6189647,39.3291759],[-76.6189665,39.3291632],[-76.6189683,39.3291464],[-76.6189686,39.3291419],[-76.6189689,39.3291335],[-76.6189688,39.3291258],[-76.6189686,39.329116],[-76.6189679,39.3291055],[-76.618967,39.3290953],[-76.6189661,39.3290888],[-76.6189646,39.3290761],[-76.6189633,39.3290673],[-76.618962,39.3290601],[-76.618959,39.3290466],[-76.6189554,39.3290322],[-76.6189516,39.329019],[-76.6189508,39.3290169],[-76.6189484,39.3290093],[-76.6189457,39.329002],[-76.6189413,39.3289915],[-76.6189383,39.3289849],[-76.6189337,39.3289746],[-76.6189257,39.3289581],[-76.6189254,39.3289577],[-76.6189219,39.3289509],[-76.6189182,39.3289446],[-76.6189082,39.3289285],[-76.618907,39.3289267],[-76.6189776,39.3289269]]]}},{"type":"Feature","properties":{"layer":"Road Area","_tile":"6/36/33"},"geometry":{"type":"Polygon","coordinates":[[[-76.6184847,39.3286504],[-76.6185,39.3286512],[-76.618525,39.3286533],[-76.6185338,39.3286543],[-76.6185374,39.3286546],[-76.6185474,39.3286559],[-76.6185476,39.328656],[-76.6185585,39.3286573],[-76.6185733,39.3286596],[-76.6185874,39.3286621],[-76.6186089,39.3286663],[-76.6186238,39.3286696],[-76.6186337,39.3286721],[-76.6186438,39.328675],[-76.6186656,39.328682],[-76.6186783,39.3286863],[-76.6186905,39.3286908],[-76.6187135,39.3286997],[-76.61873,39.3287069],[-76.6187472,39.328715],[-76.6187684,39.3287259],[-76.618785,39.328735],[-76.6187915,39.3287391],[-76.6187993,39.3287441],[-76.6187995,39.3287441],[-76.6188122,39.328753],[-76.6188157,39.3287554],[-76.6188287,39.3287651],[-76.618833,39.3287681],[-76.6188354,39.3287701],[-76.6188464,39.3287785],[-76.6188508,39.328782],[-76.6188603,39.3287899],[-76.6188687,39.328797],[-76.6188808,39.3288079],[-76.6188977,39.3288241],[-76.6189125,39.328839],[-76.6189163,39.328843],[-76.6189208,39.3288479],[-76.6189221,39.3288492],[-76.6189299,39.328858],[-76.6189349,39.328864],[-76.6189473,39.3288806],[-76.6189522,39.3288875],[-76.6189624,39.3289026],[-76.6189649,39.3289065],[-76.6189721,39.328918],[-76.6189757,39.3289241],[-76.6189763,39.3289248],[-76.6189785,39.3289286],[-76.6189829,39.328937],[-76.618983,39.328937],[-76.6189846,39.3289401],[-76.6189856,39.3289422],[-76.6189166,39.328942],[-76.6189082,39.3289285],[-76.6188966,39.3289111],[-76.6188858,39.3288961],[-76.6188811,39.32889],[-76.6188771,39.3288853],[-76.6188707,39.3288781],[-76.6188617,39.3288685],[-76.618853,39.3288596],[-76.6188427,39.3288495],[-76.6188295,39.3288371],[-76.6188237,39.3288318],[-76.6188136,39.3288231],[-76.6188054,39.3288163],[-76.6187898,39.3288042],[-76.6187728,39.3287917],[-76.6187657,39.3287867],[-76.6187582,39.3287816],[-76.618747,39.3287745],[-76.6187325,39.3287665],[-76.6187218,39.3287611],[-76.6187186,39.3287593],[-76.618697,39.3287488],[-76.6186837,39.3287431],[-76.6186737,39.3287391],[-76.6186521,39.3287312],[-76.6186385,39.3287265],[-76.618625,39.3287221],[-76.618623,39.3287217],[-76.6186155,39.3287194],[-76.6186085,39.3287176],[-76.6186051,39.3287166],[-76.6185948,39.3287144],[-76.6185924,39.3287138],[-76.6185792,39.3287113],[-76.6185772,39.3287108],[-76.6185631,39.3287082],[-76.6185507,39.3287063],[-76.6185281,39.3287034],[-76.6185194,39.3287025],[-76.6185146,39.3287019],[-76.6184949,39.3287003],[-76.6184832,39.3286997],[-76.6184694,39.3286998],[-76.6184533,39.3287004],[-76.6184399,39.328701],[-76.6184361,39.3287013],[-76.6184223,39.3287024],[-76.6184155,39.3287031],[-76.6184049,39.3287043],[-76.6183862,39.3287066],[-76.6183707,39.3287089],[-76.6183599,39.3287108],[-76.6183447,39.3287141],[-76.6183429,39.3287145],[-76.6183432,39.3286634],[-76.6183445,39.3286631],[-76.6183481,39.3286624],[-76.618362,39.32866],[-76.6183665,39.3286595],[-76.6183725,39.3286585],[-76.6183878,39.3286565],[-76.6183955,39.3286556],[-76.6184147,39.3286535],[-76.6184307,39.3286523],[-76.618438,39.3286518],[-76.6184595,39.3286508],[-76.618467,39.3286506],[-76.6184767,39.3286505],[-76.6184821,39.3286505],[-76.6184847,39.3286504]]]}},{"type":"Feature","properties":{"layer":"Road Area","_tile":"6/36/36"},"geometry":{"type":"Polygon","coordinates":[[[-76.6189997,39.3270931],[-76.6187337,39.3271069],[-76.6187332,39.3270938],[-76.6187307,39.3270474],[-76.6187294,39.327022],[-76.6187745,39.3270198],[-76.6187808,39.3270196],[-76.6188447,39.3270164],[-76.6189068,39.3270136],[-76.6189098,39.3270133],[-76.6190001,39.3270091],[-76.6189997,39.3270931]]]}},{"type":"Feature","properties":{"layer":"Road Area","_tile":"6/36/36"},"geometry":{"type":"Polygon","coordinates":[[[-76.6190002,39.3269938],[-76.6189992,39.3269922],[-76.6189966,39.3269904],[-76.6189932,39.3269896],[-76.6189788,39.3269902],[-76.618978,39.3269903],[-76.6189749,39.3269914],[-76.6189728,39.3269933],[-76.6189718,39.3269958],[-76.6189713,39.3270015],[-76.6189236,39.3270034],[-76.6189232,39.3270023],[-76.6189209,39.3270005],[-76.6189175,39.3269989],[-76.6189175,39.3269983],[-76.6189168,39.3269958],[-76.6189148,39.3269938],[-76.6189119,39.3269926],[-76.6189108,39.3269925],[-76.6188927,39.3269931],[-76.6188896,39.3269948],[-76.6188877,39.3269972],[-76.6188871,39.326999],[-76.6188879,39.3270048],[-76.6188846,39.3270049],[-76.6188391,39.3270068],[-76.618838,39.3270044],[-76.6188343,39.3270022],[-76.6188339,39.3270022],[-76.618834,39.3270015],[-76.6188327,39.3269991],[-76.6188301,39.3269972],[-76.6188268,39.3269963],[-76.6188244,39.3269962],[-76.6187205,39.327],[-76.618716,39.3270008],[-76.618712,39.3270026],[-76.6187097,39.3270046],[-76.6187071,39.3270084],[-76.6187066,39.3270118],[-76.6187074,39.327017],[-76.6187083,39.3270193],[-76.6187103,39.3270211],[-76.6187132,39.327022],[-76.6187191,39.327022],[-76.6187191,39.3270235],[-76.6187213,39.3270541],[-76.6187247,39.3271067],[-76.618721,39.3271068],[-76.6187299,39.3272407],[-76.618737,39.3273492],[-76.6187527,39.3273485],[-76.6187594,39.327448],[-76.6186216,39.327452],[-76.6184842,39.3273444],[-76.6183782,39.3274258],[-76.6183499,39.3274037],[-76.6183511,39.3271858],[-76.6183869,39.3271583],[-76.6183743,39.3271485],[-76.618397,39.3271311],[-76.6184095,39.3271409],[-76.6184366,39.32712],[-76.6184284,39.3270737],[-76.6184805,39.3270333],[-76.6185588,39.326976],[-76.6185628,39.3269732],[-76.6190003,39.3269747],[-76.6190002,39.3269938]]]}},{"type":"Feature","properties":{"layer":"Road Area","_tile":"6/36/37"},"geometry":{"type":"Polygon","coordinates":[[[-76.6189943,39.3269899],[-76.6189932,39.3269896],[-76.6189874,39.3269899],[-76.6185418,39.3269884],[-76.6185588,39.326976],[-76.6186131,39.3269385],[-76.6186128,39.3269384],[-76.6186582,39.326908],[-76.618848,39.3267929],[-76.6188834,39.3267713],[-76.6188991,39.3267623],[-76.6189884,39.3267105],[-76.6190018,39.3267023],[-76.6190011,39.3268262],[-76.6189697,39.3268451],[-76.6189608,39.3268507],[-76.6189557,39.326854],[-76.6189543,39.326855],[-76.6189492,39.3268589],[-76.6189455,39.3268622],[-76.6189434,39.3268651],[-76.6189412,39.3268686],[-76.6189395,39.3268723],[-76.6189383,39.3268755],[-76.6189378,39.3268789],[-76.6189378,39.3268834],[-76.6189384,39.3268879],[-76.6189396,39.326892],[-76.6189409,39.3268947],[-76.6189432,39.3268981],[-76.6189463,39.3269014],[-76.6189463,39.3269015],[-76.6189493,39.3269044],[-76.618954,39.3269078],[-76.6189605,39.3269112],[-76.6189634,39.3269122],[-76.6189669,39.3269131],[-76.6189822,39.3269149],[-76.6190006,39.3269178],[-76.6190002,39.3269899],[-76.6189943,39.3269899]],[[-76.6190026,39.3265454],[-76.6189901,39.3265421],[-76.6189532,39.3265317],[-76.6188844,39.3265115],[-76.6188781,39.326507],[-76.6189075,39.3264863],[-76.6189112,39.3264863],[-76.6189245,39.3264943],[-76.6189299,39.3264972],[-76.6189328,39.3264984],[-76.6189357,39.3264993],[-76.6189383,39.3264997],[-76.6189409,39.3265],[-76.6189457,39.3264996],[-76.6189504,39.326499],[-76.6189564,39.3264976],[-76.6189642,39.3264949],[-76.6189732,39.3264912],[-76.6189809,39.3264876],[-76.6189827,39.3264865],[-76.619003,39.3264866],[-76.6190026,39.3265454]]]}},{"type":"Feature","properties":{"layer":"Road Area","_tile":"6/36/38"},"geometry":{"type":"Polygon","coordinates":[[[-76.6189844,39.3259984],[-76.6189851,39.3260025],[-76.6189873,39.3260078],[-76.6189902,39.326013],[-76.6189941,39.3260178],[-76.6189987,39.3260221],[-76.6190042,39.3260259],[-76.6190054,39.3260265],[-76.6190046,39.3261708],[-76.6189709,39.3261964],[-76.6189361,39.3261677],[-76.6189196,39.3261541],[-76.6189045,39.3261418],[-76.6189562,39.3261013],[-76.6188974,39.3260538],[-76.6188433,39.3260943],[-76.618778,39.3260415],[-76.6188267,39.3260039],[-76.6188344,39.3259979],[-76.6189844,39.3259984]],[[-76.6187698,39.3259977],[-76.6186953,39.3260559],[-76.6186018,39.3261275],[-76.618594,39.3261336],[-76.6185821,39.3261427],[-76.6185734,39.3261367],[-76.6185722,39.326136],[-76.6185551,39.3261226],[-76.6185511,39.3261194],[-76.6185476,39.3261168],[-76.6185402,39.3261142],[-76.6185329,39.3261148],[-76.6185261,39.3261179],[-76.6184865,39.3261478],[-76.6184834,39.3261499],[-76.6184823,39.3261509],[-76.6184793,39.3261532],[-76.6184769,39.3261565],[-76.6184763,39.3261623],[-76.6184778,39.3261668],[-76.6184801,39.3261692],[-76.6184906,39.3261777],[-76.6185128,39.3261959],[-76.6185123,39.3261964],[-76.6185074,39.3262002],[-76.6185005,39.3262053],[-76.6184904,39.326213],[-76.6184675,39.3262303],[-76.6184478,39.3262454],[-76.6184472,39.3262457],[-76.6184452,39.3262474],[-76.6184387,39.3262521],[-76.6184143,39.3262708],[-76.6184045,39.3262781],[-76.6183743,39.3263013],[-76.6183717,39.3263034],[-76.6183569,39.3263146],[-76.6183558,39.3263154],[-76.618357,39.3260843],[-76.6183877,39.3260608],[-76.6183885,39.3260601],[-76.6184177,39.3260381],[-76.6184371,39.3260236],[-76.6184373,39.3260233],[-76.6184486,39.3260148],[-76.6184499,39.3260139],[-76.6184726,39.3259968],[-76.6187698,39.3259977]]]}},{"type":"Feature","properties":{"layer":"Road Area","_tile":"6/36/38"},"geometry":{"type":"Polygon","coordinates":[[[-76.618886,39.3265014],[-76.6189092,39.3264851],[-76.6189245,39.3264943],[-76.6189299,39.3264972],[-76.6189328,39.3264984],[-76.6189357,39.3264993],[-76.6189383,39.3264997],[-76.6189409,39.3265],[-76.6189457,39.3264996],[-76.6189504,39.326499],[-76.6189564,39.3264976],[-76.6189642,39.3264949],[-76.6189732,39.3264912],[-76.6189809,39.3264876],[-76.6189906,39.3264818],[-76.6190019,39.3264738],[-76.619003,39.326473],[-76.6190029,39.3265018],[-76.618886,39.3265014]]]}},{"type":"Feature","properties":{"layer":"Road Area","_tile":"6/36/39"},"geometry":{"type":"Polygon","coordinates":[[[-76.6183587,39.325769],[-76.6184037,39.3257351],[-76.6184456,39.3257022],[-76.6184541,39.3256957],[-76.618466,39.3256862],[-76.6184697,39.3256835],[-76.618474,39.3256799],[-76.6184866,39.3256702],[-76.6185666,39.3256098],[-76.6185972,39.3255868],[-76.6186054,39.3255805],[-76.6186328,39.3255596],[-76.6186986,39.3255094],[-76.6189514,39.3255102],[-76.6188571,39.3255825],[-76.6188128,39.3256157],[-76.6188011,39.3256245],[-76.6187749,39.3256444],[-76.6187643,39.3256526],[-76.6187581,39.3256576],[-76.6187407,39.3256711],[-76.61869,39.3257098],[-76.6185929,39.3257842],[-76.6185829,39.3257919],[-76.6185523,39.3258143],[-76.6185269,39.3258331],[-76.6185057,39.325849],[-76.6184829,39.3258664],[-76.6184714,39.325875],[-76.6184398,39.3258991],[-76.6184076,39.3259233],[-76.6184058,39.3259248],[-76.6183745,39.3259485],[-76.6183577,39.3259615],[-76.6183587,39.325769]]]}},{"type":"Feature","properties":{"layer":"Road Area","_tile":"6/36/39"},"geometry":{"type":"Polygon","coordinates":[[[-76.6187847,39.32588],[-76.618777,39.3258739],[-76.6187182,39.3259186],[-76.6187166,39.3259196],[-76.6187243,39.3259257],[-76.6187847,39.32588]],[[-76.6185929,39.3257842],[-76.61869,39.3257098],[-76.6187407,39.3256711],[-76.6187334,39.3256815],[-76.6187311,39.3256853],[-76.6187291,39.3256898],[-76.6187275,39.325694],[-76.6187264,39.3256997],[-76.6187262,39.3257054],[-76.6187274,39.3257112],[-76.6187294,39.325717],[-76.6187343,39.3257251],[-76.6187411,39.325733],[-76.618744,39.3257357],[-76.6187458,39.3257373],[-76.618753,39.3257434],[-76.6187743,39.3257605],[-76.6188013,39.3257825],[-76.6188358,39.3258104],[-76.6188702,39.3258379],[-76.6189302,39.3258864],[-76.6189383,39.3258898],[-76.618944,39.325891],[-76.6189509,39.3258917],[-76.6189569,39.3258918],[-76.6189664,39.3258911],[-76.6189724,39.3258901],[-76.6189779,39.3258885],[-76.6189867,39.3258834],[-76.6189918,39.32588],[-76.6189984,39.3258753],[-76.6190063,39.3258692],[-76.6190058,39.3259612],[-76.6190039,39.3259621],[-76.6189985,39.3259659],[-76.6189939,39.3259702],[-76.6189901,39.3259751],[-76.6189871,39.3259802],[-76.6189851,39.3259857],[-76.6189841,39.3259913],[-76.6189841,39.3259969],[-76.6189851,39.3260025],[-76.6189873,39.3260078],[-76.6189902,39.326013],[-76.6189908,39.3260137],[-76.6188146,39.3260131],[-76.6188267,39.3260039],[-76.6188356,39.325997],[-76.6188385,39.3259949],[-76.6188436,39.3259907],[-76.6188478,39.3259869],[-76.6188519,39.3259824],[-76.6188563,39.3259768],[-76.6188597,39.3259718],[-76.6188617,39.3259679],[-76.6188635,39.3259631],[-76.6188649,39.3259584],[-76.6188657,39.3259543],[-76.6188656,39.3259495],[-76.6188647,39.3259443],[-76.6188635,39.3259395],[-76.6188614,39.3259343],[-76.618858,39.3259284],[-76.6188547,39.3259235],[-76.6188501,39.325918],[-76.6188443,39.3259123],[-76.6188388,39.3259074],[-76.6188287,39.3259012],[-76.6188244,39.3259003],[-76.6188185,39.3259004],[-76.6188125,39.3259021],[-76.6188055,39.3259051],[-76.6187968,39.3259112],[-76.6187589,39.3259401],[-76.6187552,39.3259442],[-76.6187524,39.325948],[-76.6187516,39.325951],[-76.6187516,39.3259535],[-76.6187519,39.3259554],[-76.6187555,39.3259603],[-76.6187847,39.3259861],[-76.6187503,39.3260129],[-76.6184524,39.326012],[-76.6184774,39.3259932],[-76.6184832,39.3259887],[-76.6185045,39.3259728],[-76.618533,39.3259511],[-76.6185401,39.3259456],[-76.6185485,39.3259393],[-76.6185498,39.3259383],[-76.618551,39.3259374],[-76.6185607,39.32593],[-76.6185747,39.3259194],[-76.618577,39.3259175],[-76.6185787,39.3259163],[-76.6186413,39.3258672],[-76.6186552,39.3258782],[-76.6186627,39.3258839],[-76.6186728,39.3258915],[-76.6186784,39.3258951],[-76.6186821,39.3258964],[-76.6186862,39.3258962],[-76.6186928,39.3258943],[-76.6186981,39.3258911],[-76.6187033,39.325888],[-76.6187162,39.325879],[-76.6187232,39.325874],[-76.6187349,39.3258651],[-76.6187401,39.3258604],[-76.6187443,39.3258545],[-76.6187456,39.3258468],[-76.618743,39.3258411],[-76.6187392,39.3258356],[-76.6187355,39.3258316],[-76.6187312,39.3258274],[-76.6187262,39.325823],[-76.6187151,39.325814],[-76.6186937,39.3257979],[-76.6186827,39.3257893],[-76.6186767,39.325785],[-76.6186709,39.3257816],[-76.6186632,39.3257787],[-76.6186553,39.3257764],[-76.6186527,39.3257759],[-76.6186438,39.3257747],[-76.6186375,39.3257742],[-76.6186349,39.3257742],[-76.6186321,39.3257742],[-76.6186257,39.3257747],[-76.6186183,39.3257756],[-76.618612,39.3257768],[-76.6186063,39.3257787],[-76.6185999,39.3257813],[-76.6185929,39.3257842]]]}},{"type":"Feature","properties":{"layer":"Road Area","_tile":"6/36/40"},"geometry":{"type":"Polygon","coordinates":[[[-76.6190084,39.3254667],[-76.6189562,39.3255066],[-76.6189337,39.3255239],[-76.6189317,39.3255254],[-76.6186787,39.3255246],[-76.618903,39.3253539],[-76.6190095,39.3252725],[-76.6190084,39.3254667]]]}},{"type":"Feature","properties":{"layer":"Road Area","_tile":"6/37/32"},"geometry":{"type":"Polygon","coordinates":[[[-76.6179984,39.3293966],[-76.6180172,39.3293788],[-76.6180231,39.3293734],[-76.6180475,39.3293496],[-76.6180521,39.3293525],[-76.6180655,39.3293606],[-76.6180684,39.3293621],[-76.6180712,39.3293638],[-76.6180915,39.3293752],[-76.6180946,39.329377],[-76.618098,39.3293788],[-76.6181333,39.3293983],[-76.6181862,39.3294277],[-76.6180474,39.3294272],[-76.6180412,39.3294241],[-76.6179984,39.3293966]]]}},{"type":"Feature","properties":{"layer":"Road Area","_tile":"6/37/32"},"geometry":{"type":"Polygon","coordinates":[[[-76.6179219,39.3291922],[-76.6179221,39.3291903],[-76.6179225,39.3291876],[-76.6179227,39.3291858],[-76.6179229,39.3291854],[-76.6179253,39.3291681],[-76.6179273,39.3291362],[-76.6179253,39.3291023],[-76.6179217,39.3290809],[-76.6179183,39.329071],[-76.617913,39.3290553],[-76.617909,39.3289948],[-76.6179087,39.3289892],[-76.617908,39.3289799],[-76.617906,39.328948],[-76.6179043,39.3289234],[-76.6179982,39.3289237],[-76.6179937,39.3289289],[-76.6179908,39.3289324],[-76.6179877,39.3289359],[-76.6179839,39.3289407],[-76.6179811,39.3289445],[-76.6179741,39.3289551],[-76.6179667,39.3289676],[-76.6179596,39.3289807],[-76.6179592,39.3289815],[-76.617956,39.3289882],[-76.6179515,39.3289994],[-76.6179477,39.3290094],[-76.6179432,39.3290233],[-76.6179407,39.3290325],[-76.6179382,39.3290452],[-76.6179356,39.3290612],[-76.6179339,39.3290763],[-76.617933,39.3290886],[-76.617933,39.3290977],[-76.6179333,39.3291037],[-76.6179334,39.3291103],[-76.6179341,39.3291237],[-76.617937,39.3291607],[-76.6179371,39.3291608],[-76.6179375,39.3291664],[-76.617939,39.3291801],[-76.6179408,39.3291911],[-76.6179412,39.3291948],[-76.6179417,39.3291964],[-76.617942,39.3291985],[-76.6179438,39.3292059],[-76.6179477,39.3292185],[-76.6179528,39.3292328],[-76.6179587,39.329247],[-76.6179633,39.3292563],[-76.6179665,39.3292618],[-76.6179709,39.3292691],[-76.6179805,39.3292837],[-76.6179857,39.329291],[-76.6179901,39.3292969],[-76.6179945,39.3293023],[-76.617998,39.3293064],[-76.6180082,39.3293173],[-76.6180175,39.3293262],[-76.6180284,39.329336],[-76.618033,39.3293397],[-76.6180365,39.3293424],[-76.618043,39.3293468],[-76.6180475,39.3293496],[-76.6180231,39.3293734],[-76.6180172,39.3293788],[-76.6179984,39.3293966],[-76.617992,39.3293924],[-76.6179782,39.3293869],[-76.617977,39.3293864],[-76.6179666,39.3293847],[-76.6179541,39.329386],[-76.6179468,39.3293885],[-76.6179418,39.3293923],[-76.6179386,39.3293966],[-76.6179383,39.3293972],[-76.6179356,39.3294048],[-76.6179355,39.3294013],[-76.6179327,39.3293591],[-76.6179297,39.3293116],[-76.617922,39.3291959],[-76.6179219,39.3291922]]]}},{"type":"Feature","properties":{"layer":"Road Area","_tile":"6/37/32"},"geometry":{"type":"Polygon","coordinates":[[[-76.6177133,39.3289228],[-76.6179043,39.3289234],[-76.617906,39.328948],[-76.617908,39.3289799],[-76.6179087,39.3289892],[-76.617909,39.3289948],[-76.617913,39.3290553],[-76.6179098,39.329048],[-76.6179016,39.3290285],[-76.6179011,39.3290279],[-76.6178843,39.3289992],[-76.6178684,39.32898],[-76.6178649,39.3289756],[-76.6178475,39.3289596],[-76.6178249,39.3289465],[-76.6178192,39.3289444],[-76.6178169,39.3289437],[-76.6178025,39.3289382],[-76.6177826,39.3289348],[-76.6177609,39.3289358],[-76.6177424,39.3289391],[-76.6177256,39.328946],[-76.6177131,39.3289549],[-76.6177133,39.3289228]],[[-76.6177113,39.3292898],[-76.6177135,39.3292919],[-76.6177309,39.3293051],[-76.6177312,39.3293055],[-76.6177468,39.329314],[-76.6177653,39.3293213],[-76.6177826,39.3293244],[-76.617798,39.3293238],[-76.6178161,39.3293207],[-76.6178353,39.3293143],[-76.6178418,39.329311],[-76.6178535,39.3293047],[-76.6178712,39.3292895],[-76.6178896,39.3292684],[-76.6179029,39.3292508],[-76.6179061,39.329244],[-76.6179086,39.3292392],[-76.6179122,39.3292317],[-76.6179219,39.3291922],[-76.617922,39.3291959],[-76.6179297,39.3293116],[-76.6179327,39.3293591],[-76.6179355,39.3294013],[-76.6179356,39.3294048],[-76.6179372,39.3294269],[-76.6177164,39.3294262],[-76.6177106,39.3294232],[-76.6177113,39.3292898]]]}},{"type":"Feature","properties":{"layer":"Road Area","_tile":"6/37/32"},"geometry":{"type":"Polygon","coordinates":[[[-76.617913,39.3290553],[-76.6179183,39.329071],[-76.6179217,39.3290809],[-76.6179253,39.3291023],[-76.6179273,39.3291362],[-76.6179253,39.3291681],[-76.6179229,39.3291854],[-76.6179227,39.3291858],[-76.6179225,39.3291876],[-76.6179221,39.3291903],[-76.6179219,39.3291922],[-76.6179216,39.3291876],[-76.6179215,39.329187],[-76.61792,39.3291652],[-76.6179199,39.3291613],[-76.6179158,39.3290997],[-76.6179158,39.3290984],[-76.617913,39.3290553]]]}},{"type":"Feature","properties":{"layer":"Road Area","_tile":"6/37/32"},"geometry":{"type":"Polygon","coordinates":[[[-76.6177106,39.3294232],[-76.6177164,39.3294262],[-76.6177106,39.3294262],[-76.6177106,39.3294232]]]}},{"type":"Feature","properties":{"layer":"Road Area","_tile":"6/37/32"},"geometry":{"type":"Polygon","coordinates":[[[-76.6178225,39.3291316],[-76.6178225,39.3291288],[-76.617821,39.3291212],[-76.6178206,39.3291195],[-76.6178206,39.329119],[-76.6178192,39.3291119],[-76.6178182,39.3291094],[-76.6178168,39.3291054],[-76.6178159,39.3291032],[-76.6178135,39.3290965],[-76.6178129,39.3290953],[-76.6178123,39.3290945],[-76.6178117,39.3290933],[-76.6178113,39.3290931],[-76.617808,39.3290873],[-76.6178056,39.329084],[-76.6178007,39.3290779],[-76.6177992,39.3290769],[-76.6177978,39.3290759],[-76.6177947,39.3290738],[-76.6177892,39.3290717],[-76.6177886,39.3290713],[-76.6177828,39.3290708],[-76.6177817,39.329071],[-76.6177768,39.3290726],[-76.6177723,39.329076],[-76.6177647,39.3290856],[-76.6177612,39.3290922],[-76.6177599,39.3290947],[-76.6177587,39.3290989],[-76.6177582,39.3291],[-76.6177581,39.3291009],[-76.6177578,39.3291016],[-76.6177551,39.3291105],[-76.6177548,39.3291153],[-76.6177544,39.3291175],[-76.6177541,39.3291228],[-76.617754,39.3291236],[-76.6177542,39.3291272],[-76.6177545,39.329134],[-76.6177548,39.3291372],[-76.6177549,39.3291415],[-76.6177557,39.3291447],[-76.6177579,39.3291559],[-76.6177579,39.3291565],[-76.6177588,39.3291603],[-76.6177647,39.3291755],[-76.6177691,39.3291817],[-76.6177735,39.3291883],[-76.6177739,39.3291885],[-76.6177748,39.3291898],[-76.6177786,39.3291935],[-76.6177853,39.3291974],[-76.6177898,39.3291983],[-76.6177964,39.3291976],[-76.6178019,39.3291948],[-76.6178027,39.329194],[-76.6178101,39.3291873],[-76.6178156,39.3291777],[-76.617817,39.3291741],[-76.6178177,39.329172],[-76.6178186,39.3291697],[-76.6178188,39.329169],[-76.6178194,39.3291676],[-76.6178195,39.3291669],[-76.6178208,39.3291635],[-76.6178208,39.3291624],[-76.6178213,39.3291583],[-76.6178219,39.3291495],[-76.6178223,39.3291472],[-76.6178223,39.3291339],[-76.6178225,39.3291316]],[[-76.617913,39.3290553],[-76.6179158,39.3290984],[-76.6179158,39.3290997],[-76.6179199,39.3291613],[-76.61792,39.3291652],[-76.6179215,39.329187],[-76.6179216,39.3291876],[-76.6179219,39.3291922],[-76.6179122,39.3292317],[-76.6179086,39.3292392],[-76.6179061,39.329244],[-76.6179029,39.3292508],[-76.6178896,39.3292684],[-76.6178712,39.3292895],[-76.6178535,39.3293047],[-76.6178418,39.329311],[-76.6178353,39.3293143],[-76.6178161,39.3293207],[-76.617798,39.3293238],[-76.6177826,39.3293244],[-76.6177653,39.3293213],[-76.6177468,39.329314],[-76.6177312,39.3293055],[-76.6177309,39.3293051],[-76.6177135,39.3292919],[-76.6177113,39.3292898],[-76.6177131,39.3289549],[-76.6177256,39.328946],[-76.6177424,39.3289391],[-76.6177609,39.3289358],[-76.6177826,39.3289348],[-76.6178025,39.3289382],[-76.6178169,39.3289437],[-76.6178192,39.3289444],[-76.6178249,39.3289465],[-76.6178475,39.3289596],[-76.6178649,39.3289756],[-76.6178684,39.32898],[-76.6178843,39.3289992],[-76.6179011,39.3290279],[-76.6179016,39.3290285],[-76.6179098,39.329048],[-76.617913,39.3290553]]]}},{"type":"Feature","properties":{"layer":"Road Area","_tile":"6/37/33"},"geometry":{"type":"Polygon","coordinates":[[[-76.6183625,39.3287103],[-76.6183599,39.3287108],[-76.6183447,39.3287141],[-76.6183251,39.3287188],[-76.6183115,39.3287224],[-76.6183002,39.3287258],[-76.6182853,39.3287309],[-76.6182683,39.3287373],[-76.6182562,39.3287423],[-76.6182545,39.3287429],[-76.6182424,39.3287483],[-76.6182359,39.3287515],[-76.6182302,39.3287543],[-76.6182173,39.3287614],[-76.6182153,39.3287624],[-76.6181993,39.3287716],[-76.6181846,39.3287803],[-76.6181788,39.3287841],[-76.6181706,39.3287892],[-76.6181532,39.3288006],[-76.6181391,39.3288102],[-76.6181378,39.3288109],[-76.6181211,39.3288224],[-76.618115,39.3288268],[-76.6180913,39.3288436],[-76.6180872,39.3288468],[-76.6180747,39.328856],[-76.6180628,39.3288651],[-76.618058,39.3288689],[-76.6180417,39.3288821],[-76.6180416,39.3288823],[-76.6180302,39.3288919],[-76.6180224,39.3288989],[-76.6180198,39.3289014],[-76.618002,39.3288852],[-76.6179962,39.32888],[-76.6179717,39.3288603],[-76.6179658,39.3288556],[-76.617985,39.3288385],[-76.6180098,39.3288198],[-76.6180146,39.3288162],[-76.6180263,39.3288087],[-76.6180265,39.3288087],[-76.6180322,39.3288051],[-76.6180485,39.328795],[-76.6180673,39.3287829],[-76.6180971,39.3287638],[-76.6181234,39.3287496],[-76.6181431,39.328739],[-76.6181445,39.3287382],[-76.6181519,39.3287343],[-76.6181576,39.3287311],[-76.6181644,39.328728],[-76.6181719,39.3287244],[-76.6181756,39.3287227],[-76.6181839,39.3287187],[-76.6181948,39.3287136],[-76.6182067,39.3287075],[-76.6182093,39.3287062],[-76.6182233,39.3287],[-76.6182288,39.3286979],[-76.61823,39.3286973],[-76.61824,39.3286932],[-76.618246,39.328691],[-76.6182519,39.3286889],[-76.6182554,39.3286875],[-76.6182757,39.3286804],[-76.6182819,39.3286786],[-76.6182898,39.3286761],[-76.6182911,39.3286759],[-76.6182965,39.3286744],[-76.6183078,39.3286714],[-76.618327,39.3286668],[-76.6183445,39.3286631],[-76.6183481,39.3286624],[-76.618362,39.32866],[-76.6183628,39.3286599],[-76.6183625,39.3287103]]]}},{"type":"Feature","properties":{"layer":"Road Area","_tile":"6/37/33"},"geometry":{"type":"Polygon","coordinates":[[[-76.6179055,39.3289387],[-76.6179018,39.3288842],[-76.6179018,39.3288826],[-76.6178999,39.3288556],[-76.6179074,39.3288646],[-76.6179079,39.3288653],[-76.6179126,39.3288689],[-76.6179227,39.3288732],[-76.617934,39.3288741],[-76.6179443,39.3288716],[-76.617957,39.3288633],[-76.6179658,39.3288556],[-76.6179717,39.3288603],[-76.6179962,39.32888],[-76.618002,39.3288852],[-76.6180198,39.3289014],[-76.6180104,39.3289109],[-76.6179995,39.3289224],[-76.6179937,39.3289289],[-76.6179908,39.3289324],[-76.6179877,39.3289359],[-76.6179853,39.328939],[-76.6179055,39.3289387]]]}},{"type":"Feature","properties":{"layer":"Road Area","_tile":"6/37/33"},"geometry":{"type":"Polygon","coordinates":[[[-76.6177138,39.3288298],[-76.6177183,39.3288277],[-76.6177209,39.3288264],[-76.6177284,39.328823],[-76.617728,39.3288174],[-76.6177364,39.3288145],[-76.6177401,39.3288133],[-76.6177569,39.3288074],[-76.6177681,39.3288042],[-76.617787,39.3288014],[-76.6178085,39.3288013],[-76.6178089,39.3288071],[-76.6178107,39.328807],[-76.6178264,39.3288069],[-76.6178479,39.3288081],[-76.6178713,39.3288124],[-76.6178934,39.3288187],[-76.6178977,39.3288197],[-76.6178999,39.3288556],[-76.6179018,39.3288826],[-76.6179018,39.3288842],[-76.6179055,39.3289387],[-76.6178028,39.3289384],[-76.6178025,39.3289382],[-76.6177826,39.3289348],[-76.6177609,39.3289358],[-76.6177477,39.3289382],[-76.6177132,39.3289381],[-76.6177138,39.3288298]]]}},{"type":"Feature","properties":{"layer":"Road Area","_tile":"6/37/33"},"geometry":{"type":"Polygon","coordinates":[[[-76.6177477,39.3289382],[-76.6177609,39.3289358],[-76.6177826,39.3289348],[-76.6178025,39.3289382],[-76.6178028,39.3289384],[-76.6177477,39.3289382]]]}},{"type":"Feature","properties":{"layer":"Road Area","_tile":"6/37/33"},"geometry":{"type":"Polygon","coordinates":[[[-76.6178721,39.3284353],[-76.6178723,39.3284383],[-76.6178722,39.3284403],[-76.6178762,39.328499],[-76.6178803,39.3285611],[-76.6178812,39.3285721],[-76.6178823,39.3285909],[-76.6178829,39.3285989],[-76.6178831,39.3285997],[-76.617883,39.3286013],[-76.6178835,39.328606],[-76.6178836,39.3286096],[-76.6178838,39.32861],[-76.6178849,39.3286275],[-76.6178849,39.3286288],[-76.6178863,39.3286485],[-76.6178872,39.3286633],[-76.6178875,39.328666],[-76.6178882,39.328678],[-76.6178901,39.3287065],[-76.6178913,39.3287237],[-76.6178916,39.3287296],[-76.6178924,39.3287407],[-76.6178928,39.3287482],[-76.6178947,39.3287764],[-76.6178953,39.3287835],[-76.6178965,39.3288045],[-76.6178977,39.3288197],[-76.6178934,39.3288187],[-76.6178713,39.3288124],[-76.6178479,39.3288081],[-76.6178264,39.3288069],[-76.6178107,39.328807],[-76.6178089,39.3288071],[-76.6178085,39.3288013],[-76.6178078,39.3287891],[-76.6178049,39.328748],[-76.6178025,39.3287095],[-76.6177998,39.3286708],[-76.6177988,39.3286542],[-76.6177978,39.3286406],[-76.6177973,39.3286303],[-76.6177968,39.3286258],[-76.6177904,39.3286006],[-76.6177804,39.3285651],[-76.6177593,39.3284978],[-76.6177586,39.3284957],[-76.6177515,39.3284675],[-76.6177494,39.3284349],[-76.6178721,39.3284353]],[[-76.6177149,39.3286202],[-76.6177155,39.328629],[-76.6177174,39.3286556],[-76.6177181,39.3286677],[-76.6177229,39.3287393],[-76.6177236,39.3287519],[-76.6177244,39.3287633],[-76.617728,39.3288174],[-76.6177284,39.328823],[-76.6177209,39.3288264],[-76.6177183,39.3288277],[-76.6177138,39.3288298],[-76.6177149,39.3286202]]]}},{"type":"Feature","properties":{"layer":"Road Area","_tile":"6/37/34"},"geometry":{"type":"Polygon","coordinates":[[[-76.6177184,39.3279697],[-76.6177278,39.3279467],[-76.6178412,39.3279471],[-76.617842,39.3279608],[-76.6178427,39.3279745],[-76.6178444,39.3280013],[-76.6178459,39.3280291],[-76.6178465,39.3280365],[-76.6178466,39.3280403],[-76.6178468,39.3280413],[-76.6178468,39.328043],[-76.6178572,39.3281865],[-76.6178587,39.3282137],[-76.6178587,39.3282152],[-76.6178606,39.3282456],[-76.6178629,39.3282892],[-76.6178644,39.3283118],[-76.617865,39.3283251],[-76.6178669,39.3283525],[-76.6178683,39.3283764],[-76.6178723,39.3284383],[-76.6178722,39.3284403],[-76.617873,39.3284505],[-76.6177504,39.3284501],[-76.6177451,39.3283688],[-76.6177449,39.3283624],[-76.6177444,39.3283574],[-76.6177386,39.3282668],[-76.6177375,39.3282473],[-76.6177374,39.3282469],[-76.6177374,39.3282461],[-76.6177365,39.3282407],[-76.617728,39.3281894],[-76.6177271,39.3281838],[-76.6177264,39.3281814],[-76.6177238,39.3281719],[-76.6177235,39.3281712],[-76.6177194,39.3281645],[-76.6177174,39.3281615],[-76.6177184,39.3279697]]]}},{"type":"Feature","properties":{"layer":"Road Area","_tile":"6/37/35"},"geometry":{"type":"Polygon","coordinates":[[[-76.6177216,39.3279619],[-76.6177376,39.3279225],[-76.6177433,39.3279054],[-76.6177433,39.3279048],[-76.6177462,39.327885],[-76.6177464,39.3278846],[-76.6177473,39.3278557],[-76.6177474,39.327854],[-76.6177449,39.3278181],[-76.6177438,39.3277997],[-76.6177418,39.3277718],[-76.6177402,39.3277468],[-76.6177388,39.3277272],[-76.6177382,39.3277171],[-76.617734,39.3276526],[-76.6177328,39.3276334],[-76.6177324,39.3276282],[-76.6177324,39.3276263],[-76.6177294,39.3275818],[-76.6177293,39.3275778],[-76.6177263,39.327534],[-76.6177246,39.3275063],[-76.6177215,39.3274586],[-76.6178093,39.3274589],[-76.6178098,39.3274665],[-76.6178098,39.3274682],[-76.6178149,39.3275446],[-76.6178151,39.3275481],[-76.6178156,39.3275554],[-76.6178171,39.3275784],[-76.6178188,39.3276034],[-76.617819,39.327609],[-76.6178192,39.3276098],[-76.6178197,39.3276204],[-76.617821,39.3276388],[-76.6178243,39.3276913],[-76.6178246,39.327694],[-76.6178287,39.3277582],[-76.6178331,39.327823],[-76.6178334,39.3278256],[-76.6178361,39.3278673],[-76.6178386,39.3279045],[-76.617842,39.3279608],[-76.6178421,39.3279623],[-76.6177216,39.3279619]]]}},{"type":"Feature","properties":{"layer":"Road Area","_tile":"6/37/36"},"geometry":{"type":"Polygon","coordinates":[[[-76.6177238,39.3269705],[-76.6177778,39.3269707],[-76.6177783,39.3269766],[-76.6177795,39.326998],[-76.6177809,39.327019],[-76.6177812,39.3270248],[-76.6177846,39.3270751],[-76.6177858,39.3270939],[-76.6177868,39.3271075],[-76.617789,39.3271436],[-76.6177892,39.3271446],[-76.6177931,39.3272087],[-76.6177933,39.3272131],[-76.6177938,39.3272205],[-76.6177951,39.3272429],[-76.6177952,39.3272435],[-76.6177956,39.3272518],[-76.6177962,39.3272596],[-76.6177962,39.3272611],[-76.6177985,39.3272987],[-76.6177992,39.3273071],[-76.6178019,39.3273486],[-76.6178053,39.3273977],[-76.6178098,39.3274665],[-76.6178098,39.3274682],[-76.6178103,39.3274741],[-76.6177225,39.3274738],[-76.6177218,39.3274641],[-76.6177218,39.3274628],[-76.6177216,39.3274609],[-76.6177215,39.3274603],[-76.6177212,39.3274557],[-76.6177238,39.3269705]]]}},{"type":"Feature","properties":{"layer":"Road Area","_tile":"6/37/36"},"geometry":{"type":"Polygon","coordinates":[[[-76.6183695,39.327419],[-76.6182376,39.3273157],[-76.6182379,39.3272729],[-76.6183708,39.3271707],[-76.6183695,39.327419]]]}},{"type":"Feature","properties":{"layer":"Road Area","_tile":"6/37/37"},"geometry":{"type":"Polygon","coordinates":[[[-76.6177265,39.3264824],[-76.6177464,39.3264825],[-76.6177473,39.3264942],[-76.6177475,39.3264994],[-76.617748,39.3265041],[-76.6177492,39.3265241],[-76.6177504,39.3265388],[-76.6177512,39.3265521],[-76.6177515,39.3265584],[-76.6177551,39.3266136],[-76.6177556,39.3266205],[-76.6177559,39.3266265],[-76.6177562,39.3266297],[-76.6177614,39.3267123],[-76.617762,39.3267198],[-76.6177641,39.3267547],[-76.617765,39.326767],[-76.6177652,39.3267732],[-76.6177661,39.3267851],[-76.6177664,39.3267913],[-76.6177685,39.326824],[-76.6177686,39.3268277],[-76.6177689,39.3268304],[-76.6177692,39.3268364],[-76.6177695,39.3268391],[-76.6177695,39.3268411],[-76.6177717,39.3268766],[-76.617772,39.3268796],[-76.6177722,39.3268836],[-76.6177733,39.3269013],[-76.6177739,39.3269086],[-76.6177758,39.3269409],[-76.6177783,39.3269766],[-76.6177788,39.3269859],[-76.6177237,39.3269858],[-76.6177265,39.3264824]]]}},{"type":"Feature","properties":{"layer":"Road Area","_tile":"6/37/38"},"geometry":{"type":"Polygon","coordinates":[[[-76.6177287,39.326067],[-76.6177357,39.3260754],[-76.6177371,39.3260767],[-76.6177424,39.3260814],[-76.617755,39.3260883],[-76.61777,39.3260942],[-76.6177793,39.3260972],[-76.617785,39.3260984],[-76.617795,39.3261],[-76.6178212,39.3260994],[-76.6178264,39.3260992],[-76.6178477,39.3260991],[-76.6178505,39.326099],[-76.6178746,39.326099],[-76.6178757,39.3260989],[-76.617881,39.3260989],[-76.6179005,39.3260967],[-76.6179293,39.3260888],[-76.6179371,39.3260854],[-76.6179373,39.3260851],[-76.617943,39.3260823],[-76.6179493,39.3260787],[-76.6179582,39.3260734],[-76.6179617,39.3260712],[-76.617975,39.3260613],[-76.617983,39.3260551],[-76.6179918,39.3260486],[-76.6180104,39.3260343],[-76.6180189,39.3260281],[-76.6180193,39.3260276],[-76.6180209,39.3260265],[-76.6180378,39.3260137],[-76.6180568,39.3259992],[-76.6180592,39.3259974],[-76.6180609,39.325996],[-76.6180617,39.3259954],[-76.6183123,39.3259962],[-76.6182546,39.3260405],[-76.6181775,39.3260991],[-76.6181674,39.3261068],[-76.6181257,39.3261384],[-76.6181143,39.3261471],[-76.6181009,39.3261573],[-76.6180998,39.326158],[-76.6180992,39.3261586],[-76.6180956,39.3261611],[-76.6180773,39.3261751],[-76.6180545,39.3261886],[-76.6180395,39.326197],[-76.6180295,39.326202],[-76.6180155,39.3262083],[-76.6180038,39.3262132],[-76.6179922,39.3262174],[-76.6179878,39.3262187],[-76.6179829,39.32622],[-76.6179706,39.3262226],[-76.6179552,39.3262253],[-76.6179451,39.3262269],[-76.6179351,39.3262285],[-76.6179164,39.326231],[-76.617911,39.3262315],[-76.6178938,39.3262333],[-76.6178729,39.3262349],[-76.6178625,39.3262356],[-76.6178542,39.3262359],[-76.6178257,39.3262362],[-76.617812,39.3262369],[-76.6178066,39.3262375],[-76.6178045,39.3262378],[-76.6177967,39.3262397],[-76.6177904,39.3262416],[-76.6177822,39.3262445],[-76.6177748,39.3262475],[-76.6177688,39.3262506],[-76.6177628,39.3262542],[-76.617757,39.3262583],[-76.6177523,39.3262621],[-76.617749,39.3262656],[-76.6177449,39.3262711],[-76.6177406,39.3262778],[-76.617738,39.326283],[-76.6177373,39.3262847],[-76.6177366,39.3262875],[-76.6177348,39.326298],[-76.6177338,39.3262848],[-76.6177338,39.3262831],[-76.617728,39.326198],[-76.6177287,39.326067]]]}},{"type":"Feature","properties":{"layer":"Road Area","_tile":"6/37/38"},"geometry":{"type":"Polygon","coordinates":[[[-76.617728,39.326198],[-76.6177338,39.3262831],[-76.6177338,39.3262848],[-76.6177348,39.326298],[-76.6177351,39.3263044],[-76.6177352,39.3263051],[-76.6177357,39.3263119],[-76.6177358,39.3263161],[-76.6177371,39.326336],[-76.6177387,39.3263657],[-76.617741,39.3264041],[-76.6177473,39.3264942],[-76.6177474,39.3264977],[-76.6177264,39.3264977],[-76.617728,39.326198]]]}},{"type":"Feature","properties":{"layer":"Road Area","_tile":"6/37/38"},"geometry":{"type":"Polygon","coordinates":[[[-76.6183755,39.3263003],[-76.6183743,39.3263013],[-76.6183717,39.3263034],[-76.6183569,39.3263146],[-76.6183476,39.3263218],[-76.6183402,39.3263274],[-76.6183262,39.3263383],[-76.6183228,39.3263408],[-76.6183182,39.3263442],[-76.6183148,39.3263469],[-76.618312,39.326349],[-76.6183091,39.3263513],[-76.6182956,39.3263617],[-76.6182812,39.3263727],[-76.6182732,39.3263765],[-76.6182605,39.3263775],[-76.6182253,39.3263803],[-76.6182238,39.3263805],[-76.6181529,39.3263862],[-76.6181005,39.3263943],[-76.6180995,39.3263945],[-76.6180862,39.3263965],[-76.6180855,39.3263923],[-76.6180762,39.3263477],[-76.6180821,39.3263467],[-76.6180835,39.3263463],[-76.6181023,39.3263428],[-76.618106,39.3263398],[-76.6181062,39.3263347],[-76.6181041,39.3263303],[-76.6180853,39.3263151],[-76.6180713,39.3263037],[-76.6180897,39.3262893],[-76.6181646,39.3262306],[-76.6182255,39.3261846],[-76.6182854,39.3261394],[-76.6182977,39.3261299],[-76.6182999,39.3261281],[-76.6183028,39.326126],[-76.6183362,39.3261002],[-76.6183386,39.3260986],[-76.6183444,39.3260939],[-76.6183449,39.3260937],[-76.6183768,39.3260693],[-76.6183755,39.3263003]]]}},{"type":"Feature","properties":{"layer":"Road Area","_tile":"6/37/39"},"geometry":{"type":"Polygon","coordinates":[[[-76.6180418,39.3260106],[-76.6180568,39.3259992],[-76.6180592,39.3259974],[-76.6180609,39.325996],[-76.6180656,39.3259925],[-76.6180677,39.3259909],[-76.6181064,39.3259616],[-76.6181484,39.3259295],[-76.6182076,39.3258841],[-76.6182625,39.325842],[-76.618291,39.3258205],[-76.6182937,39.3258183],[-76.6183218,39.325797],[-76.6183221,39.3257969],[-76.6183463,39.3257785],[-76.6183472,39.3257779],[-76.6183504,39.3257753],[-76.6183785,39.3257542],[-76.6183774,39.3259463],[-76.6183745,39.3259485],[-76.6183481,39.3259688],[-76.618348,39.3259688],[-76.6183252,39.3259864],[-76.6183229,39.3259881],[-76.6182925,39.3260114],[-76.6180418,39.3260106]]]}},{"type":"Feature","properties":{"layer":"Road Area","_tile":"6/37/43"},"geometry":{"type":"Polygon","coordinates":[[[-76.6178208,39.3235542],[-76.6178008,39.3235671],[-76.6177858,39.3235773],[-76.6177749,39.3235854],[-76.6177714,39.3235879],[-76.6177712,39.3235881],[-76.6177575,39.3235989],[-76.6177572,39.323599],[-76.6177436,39.3236104],[-76.6177419,39.323612],[-76.6177422,39.323554],[-76.6178208,39.3235542]]]}}]}