{"type":"FeatureCollection","features":[{"type":"Feature","properties":{"layer":"Sidewalk","symbol":1,"class":"Other","_tile":"6/26/32"},"geometry":{"type":"Polygon","coordinates":[[[-76.6248269,39.3289457],[-76.6248353,39.3289617],[-76.6248617,39.3290139],[-76.6248774,39.3290424],[-76.624898,39.3290804],[-76.624919,39.3291186],[-76.6249277,39.3291347],[-76.6249375,39.3291536],[-76.6249507,39.3291784],[-76.6249915,39.329256],[-76.6249931,39.3292595],[-76.6249965,39.3292674],[-76.6249995,39.3292749],[-76.6250184,39.3293178],[-76.625021,39.3293237],[-76.6250245,39.3293323],[-76.6250275,39.3293401],[-76.6250324,39.3293533],[-76.6250428,39.3293858],[-76.6250453,39.3293997],[-76.6250478,39.3294164],[-76.6250489,39.3294241],[-76.6250502,39.32944],[-76.6250503,39.329444],[-76.6250504,39.3294498],[-76.6250352,39.3294497],[-76.6250353,39.3294441],[-76.6250346,39.3294314],[-76.6250329,39.3294176],[-76.6250318,39.3294098],[-76.6250304,39.3294014],[-76.6250289,39.3293931],[-76.6250274,39.3293857],[-76.6250252,39.3293758],[-76.6250219,39.3293647],[-76.6250189,39.329356],[-76.625011,39.3293355],[-76.625006,39.3293233],[-76.6249967,39.3293019],[-76.6249904,39.3292875],[-76.6249813,39.3292683],[-76.6249696,39.3292443],[-76.6249438,39.3291931],[-76.6249277,39.3291617],[-76.6248988,39.3291077],[-76.6248502,39.3290174],[-76.6248418,39.3290014],[-76.6248124,39.3289457],[-76.6248269,39.3289457]]]}},{"type":"Feature","properties":{"layer":"Sidewalk","symbol":1,"class":"Other","_tile":"6/26/33"},"geometry":{"type":"Polygon","coordinates":[[[-76.624628,39.3286157],[-76.6246374,39.3286251],[-76.6246478,39.3286365],[-76.6246602,39.328651],[-76.6246731,39.3286672],[-76.6246844,39.3286822],[-76.6246946,39.3286975],[-76.6247065,39.3287174],[-76.6247194,39.3287407],[-76.6247403,39.3287801],[-76.6247561,39.32881],[-76.624799,39.3288919],[-76.624835,39.328961],[-76.6248204,39.328961],[-76.6248052,39.3289323],[-76.6247659,39.3288592],[-76.6247534,39.3288354],[-76.6247428,39.3288163],[-76.6247174,39.3287688],[-76.6246977,39.3287302],[-76.6246894,39.3287159],[-76.6246697,39.3286831],[-76.6246675,39.3286802],[-76.6246582,39.3286685],[-76.624646,39.3286545],[-76.6246314,39.3286386],[-76.6246279,39.328635],[-76.624628,39.3286157]]]}},{"type":"Feature","properties":{"layer":"Sidewalk","symbol":1,"class":"Other","_tile":"6/26/37"},"geometry":{"type":"Polygon","coordinates":[[[-76.6246392,39.3265047],[-76.6246525,39.3265047],[-76.6246527,39.3265053],[-76.6246537,39.3265114],[-76.6246543,39.3265168],[-76.6246543,39.3265208],[-76.6246536,39.3265245],[-76.6246521,39.3265293],[-76.624646,39.3265436],[-76.624644,39.3265488],[-76.6246423,39.3265557],[-76.6246407,39.3265637],[-76.62464,39.3265694],[-76.6246398,39.3265817],[-76.6246441,39.3266141],[-76.6246515,39.3266674],[-76.6246567,39.3267064],[-76.6246719,39.3268183],[-76.6246733,39.3268301],[-76.6246509,39.3268322],[-76.6246497,39.3268285],[-76.6246379,39.3267408],[-76.6246392,39.3265047]]]}},{"type":"Feature","properties":{"layer":"Sidewalk","symbol":1,"class":"Other","_tile":"6/26/38"},"geometry":{"type":"Polygon","coordinates":[[[-76.6252898,39.3260187],[-76.6252898,39.3260188],[-76.6252897,39.3260187],[-76.6252898,39.3260187]]]}},{"type":"Feature","properties":{"layer":"Sidewalk","symbol":1,"class":"Other","_tile":"6/26/38"},"geometry":{"type":"Polygon","coordinates":[[[-76.6251088,39.3260181],[-76.6251376,39.3260548],[-76.6252089,39.3261453],[-76.6252455,39.326191],[-76.6252732,39.3262278],[-76.6252886,39.32625],[-76.6252885,39.3262725],[-76.6252819,39.3262645],[-76.6252571,39.326227],[-76.6251656,39.3261142],[-76.6250902,39.3260181],[-76.6251088,39.3260181]]]}},{"type":"Feature","properties":{"layer":"Sidewalk","symbol":1,"class":"Other","_tile":"6/26/38"},"geometry":{"type":"Polygon","coordinates":[[[-76.6246448,39.3261078],[-76.6246413,39.3261034],[-76.6246414,39.3260811],[-76.6246426,39.3260811],[-76.6246505,39.3260821],[-76.6246635,39.3260844],[-76.6246758,39.3261035],[-76.6246501,39.3261152],[-76.6246412,39.3261201],[-76.6246413,39.3261095],[-76.6246448,39.3261078]]]}},{"type":"Feature","properties":{"layer":"Sidewalk","symbol":1,"class":"Other","_tile":"6/26/38"},"geometry":{"type":"Polygon","coordinates":[[[-76.6246393,39.3264865],[-76.6246462,39.3264833],[-76.6246515,39.3264997],[-76.6246527,39.3265053],[-76.6246537,39.3265114],[-76.6246543,39.3265168],[-76.6246543,39.32652],[-76.6246391,39.32652],[-76.6246393,39.3264865]]]}},{"type":"Feature","properties":{"layer":"Sidewalk","_tile":"6/26/38"},"geometry":{"type":"Polygon","coordinates":[[[-76.624679,39.3260167],[-76.6246417,39.3260344],[-76.6246417,39.3260166],[-76.624679,39.3260167]]]}},{"type":"Feature","properties":{"layer":"Sidewalk","symbol":1,"class":"Other","_tile":"6/26/39"},"geometry":{"type":"Polygon","coordinates":[[[-76.6250063,39.3256591],[-76.6250019,39.3256539],[-76.6249734,39.3256173],[-76.6249045,39.3255294],[-76.6249269,39.3255295],[-76.6249791,39.325594],[-76.6250032,39.3255822],[-76.6250155,39.3255764],[-76.6250915,39.325542],[-76.6251016,39.3255372],[-76.6251166,39.3255301],[-76.6251466,39.3255302],[-76.6250702,39.3255665],[-76.6249884,39.3256036],[-76.6250475,39.3256791],[-76.62506,39.3256857],[-76.6250567,39.3256868],[-76.6250524,39.3256879],[-76.6250478,39.3256887],[-76.6250439,39.325689],[-76.6250409,39.325689],[-76.6250361,39.3256879],[-76.6250306,39.325686],[-76.6250281,39.3256843],[-76.6250236,39.3256804],[-76.625015,39.3256697],[-76.6250244,39.3256661],[-76.6250159,39.3256552],[-76.6250063,39.3256591]]]}},{"type":"Feature","properties":{"layer":"Sidewalk","symbol":1,"class":"Other","_tile":"6/26/39"},"geometry":{"type":"Polygon","coordinates":[[[-76.6251198,39.3257608],[-76.6251666,39.3257387],[-76.6252153,39.3257126],[-76.6252313,39.3257034],[-76.6252443,39.3256957],[-76.6252541,39.3256893],[-76.6252655,39.3256814],[-76.6252891,39.3256643],[-76.6252917,39.3256622],[-76.6252915,39.3256935],[-76.6252755,39.325705],[-76.6252501,39.3257222],[-76.6252464,39.3257243],[-76.6252281,39.3257358],[-76.6252175,39.3257419],[-76.6252025,39.3257498],[-76.6251342,39.3257851],[-76.6251198,39.3257608]]]}},{"type":"Feature","properties":{"layer":"Sidewalk","symbol":1,"class":"Other","_tile":"6/26/39"},"geometry":{"type":"Polygon","coordinates":[[[-76.6251198,39.3257608],[-76.6251342,39.3257851],[-76.6251654,39.3258331],[-76.6252503,39.3259399],[-76.62529,39.3259906],[-76.6252898,39.3260188],[-76.6252636,39.3259858],[-76.6251746,39.3258731],[-76.6251054,39.3257844],[-76.625103,39.3257793],[-76.6251019,39.3257763],[-76.6251019,39.3257719],[-76.6251026,39.3257695],[-76.6251032,39.3257671],[-76.625105,39.3257643],[-76.6251089,39.3257603],[-76.6251131,39.3257572],[-76.6251163,39.3257554],[-76.6251198,39.3257608]]]}},{"type":"Feature","properties":{"layer":"Sidewalk","symbol":1,"class":"Other","_tile":"6/26/39"},"geometry":{"type":"Polygon","coordinates":[[[-76.6250154,39.3259239],[-76.6250309,39.325918],[-76.6250992,39.3260059],[-76.6251208,39.3260334],[-76.6251022,39.3260334],[-76.6250858,39.3260124],[-76.6250154,39.3259239]]]}},{"type":"Feature","properties":{"layer":"Sidewalk","symbol":1,"class":"Other","_tile":"6/26/39"},"geometry":{"type":"Polygon","coordinates":[[[-76.6248918,39.3257344],[-76.6248921,39.3257368],[-76.6248919,39.3257416],[-76.6248914,39.3257475],[-76.6248906,39.3257523],[-76.6248883,39.3257595],[-76.6248846,39.3257675],[-76.6248813,39.3257726],[-76.624877,39.3257781],[-76.6248739,39.325781],[-76.6248699,39.3257838],[-76.6248587,39.3257902],[-76.6248551,39.3257655],[-76.6248666,39.3257478],[-76.6248918,39.3257344]]]}},{"type":"Feature","properties":{"layer":"Sidewalk","symbol":1,"class":"Other","_tile":"6/26/39"},"geometry":{"type":"Polygon","coordinates":[[[-76.6249016,39.32585],[-76.6249165,39.3258459],[-76.6249216,39.3258447],[-76.6249259,39.325844],[-76.6249302,39.3258438],[-76.6249357,39.3258438],[-76.624951,39.3258449],[-76.6249579,39.3258458],[-76.6249653,39.325847],[-76.624972,39.3258485],[-76.6249771,39.3258498],[-76.624982,39.3258518],[-76.6249835,39.3258527],[-76.6249549,39.325865],[-76.624927,39.3258635],[-76.6249016,39.32585]]]}},{"type":"Feature","properties":{"layer":"Sidewalk","symbol":1,"class":"Other","_tile":"6/26/39"},"geometry":{"type":"Polygon","coordinates":[[[-76.6248228,39.3256448],[-76.6248129,39.3256313],[-76.6248058,39.3256344],[-76.6248157,39.3256479],[-76.6248228,39.3256448]],[[-76.6248484,39.3256677],[-76.6248101,39.3256858],[-76.6247868,39.3256548],[-76.6247159,39.325565],[-76.6246877,39.3255287],[-76.6247117,39.3255288],[-76.6247952,39.3256352],[-76.6248167,39.3256263],[-76.6248239,39.3256353],[-76.624833,39.3256475],[-76.6248484,39.3256677]]]}},{"type":"Feature","properties":{"layer":"Sidewalk","_tile":"6/26/39"},"geometry":{"type":"Polygon","coordinates":[[[-76.6248993,39.325851],[-76.6249016,39.32585],[-76.624927,39.3258635],[-76.6249549,39.325865],[-76.6249835,39.3258527],[-76.6249878,39.3258551],[-76.6249942,39.325859],[-76.625,39.3258633],[-76.625004,39.3258668],[-76.6250083,39.3258713],[-76.6250211,39.3258866],[-76.625035,39.3259037],[-76.6250423,39.325913],[-76.6250309,39.325918],[-76.6250154,39.3259239],[-76.6250028,39.3259304],[-76.6249929,39.3259174],[-76.6249844,39.3259126],[-76.62498,39.3259103],[-76.6249707,39.3259066],[-76.624963,39.3259042],[-76.6249549,39.3259026],[-76.6249466,39.3259015],[-76.6249428,39.3259014],[-76.6249399,39.3259012],[-76.624934,39.3259014],[-76.6249285,39.3259024],[-76.6249213,39.3259046],[-76.6249122,39.3259079],[-76.6249004,39.3259127],[-76.624757,39.3259798],[-76.6246469,39.3260319],[-76.6246417,39.3260319],[-76.6246418,39.3260102],[-76.6247175,39.3259749],[-76.624883,39.3258969],[-76.6248956,39.3258896],[-76.6248994,39.3258867],[-76.6249019,39.3258847],[-76.6249042,39.3258817],[-76.6249064,39.3258781],[-76.6249081,39.3258744],[-76.6249087,39.3258719],[-76.6249086,39.3258685],[-76.6249074,39.3258633],[-76.6249055,39.3258597],[-76.6248993,39.325851]]]}},{"type":"Feature","properties":{"layer":"Sidewalk","_tile":"6/26/39"},"geometry":{"type":"Polygon","coordinates":[[[-76.6248101,39.3256858],[-76.6248484,39.3256677],[-76.6248507,39.3256705],[-76.6248813,39.3257109],[-76.6248886,39.3257246],[-76.6248906,39.3257294],[-76.6248916,39.3257332],[-76.6248918,39.3257344],[-76.6248666,39.3257478],[-76.6248551,39.3257655],[-76.6248587,39.3257902],[-76.6248531,39.3257933],[-76.6248507,39.3257874],[-76.6248495,39.3257854],[-76.6248475,39.3257835],[-76.6248455,39.3257816],[-76.6248438,39.3257804],[-76.6248418,39.3257789],[-76.6248392,39.3257777],[-76.6248371,39.3257771],[-76.6248346,39.3257763],[-76.6248311,39.3257755],[-76.6248281,39.3257751],[-76.6248231,39.3257753],[-76.6248208,39.3257754],[-76.6248095,39.3257807],[-76.6247949,39.3257857],[-76.6247293,39.3258164],[-76.6247,39.32583],[-76.6246426,39.3258575],[-76.6246427,39.3258365],[-76.6246678,39.3258251],[-76.6246782,39.3258199],[-76.6246858,39.325816],[-76.6247721,39.3257724],[-76.6247945,39.3257609],[-76.624805,39.3257543],[-76.6248109,39.3257502],[-76.6248158,39.3257462],[-76.6248196,39.3257422],[-76.6248218,39.3257386],[-76.6248238,39.325734],[-76.624826,39.3257282],[-76.6248274,39.3257229],[-76.6248277,39.3257194],[-76.6248278,39.3257118],[-76.6248241,39.3257044],[-76.6248101,39.3256858]]]}},{"type":"Feature","properties":{"layer":"Sidewalk","symbol":1,"class":"Other","_tile":"6/26/40"},"geometry":{"type":"Polygon","coordinates":[[[-76.6249689,39.3250736],[-76.6249738,39.3250798],[-76.6249729,39.3250802],[-76.6249346,39.3250966],[-76.6249212,39.3251024],[-76.6249171,39.325097],[-76.6249689,39.3250736]]]}},{"type":"Feature","properties":{"layer":"Sidewalk","symbol":1,"class":"Other","_tile":"6/26/40"},"geometry":{"type":"Polygon","coordinates":[[[-76.6249924,39.3251034],[-76.6249997,39.3251126],[-76.6249989,39.3251129],[-76.6249608,39.3251305],[-76.6249488,39.3251359],[-76.6249464,39.3251332],[-76.6249397,39.3251247],[-76.6249243,39.325132],[-76.6249109,39.3251151],[-76.6249163,39.3251128],[-76.6249239,39.3251227],[-76.6249494,39.325112],[-76.6249553,39.3251191],[-76.624959,39.3251175],[-76.6249924,39.3251034]]]}},{"type":"Feature","properties":{"layer":"Sidewalk","symbol":1,"class":"Other","_tile":"6/26/40"},"geometry":{"type":"Polygon","coordinates":[[[-76.6250204,39.3251389],[-76.6250226,39.3251416],[-76.6249492,39.3251758],[-76.624948,39.3251745],[-76.6249465,39.3251726],[-76.6250204,39.3251389]]]}},{"type":"Feature","properties":{"layer":"Sidewalk","symbol":1,"class":"Other","_tile":"6/26/40"},"geometry":{"type":"Polygon","coordinates":[[[-76.6251062,39.3252243],[-76.6251128,39.3252211],[-76.6251147,39.3252239],[-76.6251346,39.3252532],[-76.6251433,39.3252993],[-76.6251346,39.3253035],[-76.6251257,39.3252555],[-76.6251062,39.3252243]]]}},{"type":"Feature","properties":{"layer":"Sidewalk","symbol":1,"class":"Other","_tile":"6/26/40"},"geometry":{"type":"Polygon","coordinates":[[[-76.6249338,39.325308],[-76.6249377,39.3253133],[-76.6249308,39.3253171],[-76.6249291,39.325315],[-76.6249262,39.3253116],[-76.6249338,39.325308]]]}},{"type":"Feature","properties":{"layer":"Sidewalk","symbol":1,"class":"Other","_tile":"6/26/40"},"geometry":{"type":"Polygon","coordinates":[[[-76.6250339,39.3252593],[-76.6250353,39.3252613],[-76.6250362,39.3252624],[-76.6250782,39.3253221],[-76.6250713,39.3253253],[-76.6250268,39.3252627],[-76.6250339,39.3252593]]]}},{"type":"Feature","properties":{"layer":"Sidewalk","symbol":1,"class":"Other","_tile":"6/26/40"},"geometry":{"type":"Polygon","coordinates":[[[-76.6248983,39.3253251],[-76.6249049,39.3253219],[-76.6249056,39.3253235],[-76.6249082,39.3253277],[-76.6249024,39.3253304],[-76.6248983,39.3253251]]]}},{"type":"Feature","properties":{"layer":"Sidewalk","symbol":1,"class":"Other","_tile":"6/26/40"},"geometry":{"type":"Polygon","coordinates":[[[-76.6249853,39.3252829],[-76.6249902,39.3252805],[-76.6249927,39.3252838],[-76.625024,39.3253289],[-76.6250193,39.3253311],[-76.6249853,39.3252829]]]}},{"type":"Feature","properties":{"layer":"Sidewalk","symbol":1,"class":"Other","_tile":"6/26/40"},"geometry":{"type":"Polygon","coordinates":[[[-76.6246464,39.3251368],[-76.624654,39.3251465],[-76.6246801,39.3251798],[-76.6247043,39.3252108],[-76.6247285,39.3252415],[-76.6247511,39.3252704],[-76.6247765,39.325303],[-76.624798,39.3253303],[-76.6248055,39.32534],[-76.624778,39.3253514],[-76.6247657,39.3253523],[-76.6246919,39.3252576],[-76.6246461,39.3252001],[-76.6246464,39.3251368]]]}},{"type":"Feature","properties":{"layer":"Sidewalk","symbol":1,"class":"Other","_tile":"6/26/40"},"geometry":{"type":"Polygon","coordinates":[[[-76.6248072,39.3253953],[-76.624822,39.3253921],[-76.6248258,39.325397],[-76.6248284,39.3254001],[-76.6248167,39.325407],[-76.6248072,39.3253953]]]}},{"type":"Feature","properties":{"layer":"Sidewalk","symbol":1,"class":"Other","_tile":"6/26/40"},"geometry":{"type":"Polygon","coordinates":[[[-76.6248647,39.3254091],[-76.6248781,39.3254018],[-76.6248849,39.3254104],[-76.6248708,39.3254171],[-76.6248647,39.3254091]]]}},{"type":"Feature","properties":{"layer":"Sidewalk","symbol":1,"class":"Other","_tile":"6/26/40"},"geometry":{"type":"Polygon","coordinates":[[[-76.6249164,39.3255447],[-76.6248549,39.3254661],[-76.6248264,39.3254299],[-76.6248442,39.3254202],[-76.6249024,39.325499],[-76.6249393,39.3255447],[-76.6249164,39.3255447]],[[-76.6252928,39.32546],[-76.6252851,39.3254641],[-76.6252075,39.3255013],[-76.6251146,39.3255453],[-76.6250844,39.3255452],[-76.6250915,39.325542],[-76.6251016,39.3255372],[-76.6251316,39.325523],[-76.6251304,39.3255214],[-76.6251429,39.3255155],[-76.6251433,39.3255162],[-76.6251441,39.325517],[-76.6252928,39.3254464],[-76.6252928,39.32546]],[[-76.625294,39.3252162],[-76.625294,39.3252247],[-76.6252919,39.325222],[-76.6252891,39.3252233],[-76.6252861,39.3252196],[-76.625294,39.3252162]],[[-76.6252937,39.3252774],[-76.6252936,39.3252998],[-76.6252662,39.325265],[-76.6252803,39.3252583],[-76.6252937,39.3252774]],[[-76.6252934,39.3253478],[-76.6252932,39.3253719],[-76.6252899,39.3253681],[-76.625258,39.3253279],[-76.6252723,39.3253212],[-76.6252934,39.3253478]],[[-76.6252931,39.3253908],[-76.6252929,39.3254417],[-76.6252886,39.3254346],[-76.6252856,39.3254292],[-76.6252517,39.3253864],[-76.6252708,39.3253772],[-76.6252723,39.3253793],[-76.6252845,39.3253955],[-76.6252931,39.3253908]]]}},{"type":"Feature","properties":{"layer":"Sidewalk","symbol":1,"class":"Other","_tile":"6/26/40"},"geometry":{"type":"Polygon","coordinates":[[[-76.6246448,39.3254436],[-76.6246579,39.3254604],[-76.6247048,39.32552],[-76.6247236,39.3255441],[-76.6246996,39.325544],[-76.6246877,39.3255288],[-76.6246446,39.3254733],[-76.6246448,39.3254436]]]}},{"type":"Feature","properties":{"layer":"Sidewalk","symbol":1,"class":"Other","_tile":"6/26/41"},"geometry":{"type":"Polygon","coordinates":[[[-76.6246693,39.3246931],[-76.6246737,39.3246987],[-76.6246487,39.3247104],[-76.6246487,39.3247028],[-76.6246693,39.3246931]]]}},{"type":"Feature","properties":{"layer":"Sidewalk","symbol":1,"class":"Other","_tile":"6/26/41"},"geometry":{"type":"Polygon","coordinates":[[[-76.6247315,39.3247724],[-76.6247367,39.324779],[-76.6246921,39.3247963],[-76.6246869,39.3247898],[-76.6247161,39.3247783],[-76.6247315,39.3247724]]]}},{"type":"Feature","properties":{"layer":"Sidewalk","symbol":1,"class":"Other","_tile":"6/26/41"},"geometry":{"type":"Polygon","coordinates":[[[-76.6247949,39.3248535],[-76.6248017,39.3248623],[-76.6247461,39.3248861],[-76.6247414,39.3248801],[-76.6247629,39.3248695],[-76.6247947,39.3248535],[-76.6247949,39.3248535]]]}},{"type":"Feature","properties":{"layer":"Sidewalk","symbol":1,"class":"Other","_tile":"6/26/41"},"geometry":{"type":"Polygon","coordinates":[[[-76.6248188,39.324884],[-76.624824,39.3248903],[-76.6247862,39.3249073],[-76.6247807,39.3249003],[-76.6248188,39.324884]]]}},{"type":"Feature","properties":{"layer":"Sidewalk","symbol":1,"class":"Other","_tile":"6/26/41"},"geometry":{"type":"Polygon","coordinates":[[[-76.624847,39.3249194],[-76.6248513,39.3249248],[-76.6248434,39.3249284],[-76.6247513,39.3249688],[-76.6247495,39.3249666],[-76.6247707,39.3249565],[-76.624769,39.3249543],[-76.624847,39.3249194]]]}},{"type":"Feature","properties":{"layer":"Sidewalk","symbol":1,"class":"Other","_tile":"6/26/41"},"geometry":{"type":"Polygon","coordinates":[[[-76.6246946,39.3247252],[-76.6246993,39.3247314],[-76.6246484,39.3247554],[-76.6246485,39.3247469],[-76.6246946,39.3247252]]]}},{"type":"Feature","properties":{"layer":"Sidewalk","symbol":1,"class":"Other","_tile":"6/26/41"},"geometry":{"type":"Polygon","coordinates":[[[-76.6247194,39.3247571],[-76.624724,39.3247629],[-76.6247231,39.3247633],[-76.624712,39.3247686],[-76.6246482,39.3247989],[-76.6246482,39.3247905],[-76.6247194,39.3247571]]]}},{"type":"Feature","properties":{"layer":"Sidewalk","symbol":1,"class":"Other","_tile":"6/26/43"},"geometry":{"type":"Polygon","coordinates":[[[-76.6248439,39.3236164],[-76.6248322,39.323601],[-76.6248436,39.323596],[-76.6248513,39.323594],[-76.6248549,39.3235947],[-76.6248604,39.3235968],[-76.62489,39.3236353],[-76.6248779,39.3236411],[-76.624859,39.3236175],[-76.6248527,39.3236163],[-76.6248478,39.3236172],[-76.6248461,39.3236153],[-76.6248439,39.3236164]]]}},{"type":"Feature","properties":{"layer":"Sidewalk","symbol":1,"class":"Other","_tile":"6/26/43"},"geometry":{"type":"Polygon","coordinates":[[[-76.6248119,39.3235767],[-76.6248314,39.3236013],[-76.6248322,39.323601],[-76.6248439,39.3236164],[-76.6248429,39.323617],[-76.6248383,39.3236114],[-76.6248295,39.3236156],[-76.6248341,39.3236213],[-76.6248336,39.3236216],[-76.6248321,39.3236223],[-76.6248299,39.3236198],[-76.6248299,39.3236197],[-76.6248281,39.3236206],[-76.6248057,39.3235933],[-76.6247814,39.3236301],[-76.6247901,39.3236395],[-76.6247787,39.3236451],[-76.6247751,39.3236381],[-76.6247725,39.3236376],[-76.6247529,39.3236466],[-76.6247589,39.323655],[-76.6247438,39.3236624],[-76.6247374,39.3236538],[-76.6247223,39.323662],[-76.6247188,39.3236645],[-76.6247168,39.3236665],[-76.6247135,39.3236707],[-76.6247123,39.3236732],[-76.6247123,39.3236769],[-76.6247143,39.3236809],[-76.624707,39.3236845],[-76.6247142,39.3236932],[-76.6246842,39.3237081],[-76.6246818,39.3237018],[-76.6246931,39.3236761],[-76.6247171,39.3236597],[-76.624719,39.3236587],[-76.6247721,39.3236307],[-76.6248005,39.3235869],[-76.6247932,39.3235767],[-76.6248119,39.3235767]]]}},{"type":"Feature","properties":{"layer":"Sidewalk","symbol":1,"class":"Other","_tile":"6/26/43"},"geometry":{"type":"Polygon","coordinates":[[[-76.6248497,39.3237126],[-76.6248625,39.3237062],[-76.6248657,39.3237097],[-76.6248944,39.3236989],[-76.6248988,39.3237051],[-76.6248922,39.3237083],[-76.6248745,39.3237172],[-76.6248235,39.3237425],[-76.624818,39.3237338],[-76.6248528,39.3237177],[-76.6248497,39.3237126]]]}},{"type":"Feature","properties":{"layer":"Sidewalk","symbol":1,"class":"Other","_tile":"6/26/43"},"geometry":{"type":"Polygon","coordinates":[[[-76.6249887,39.3237712],[-76.6249905,39.3237737],[-76.6249965,39.3237813],[-76.6249831,39.3237903],[-76.624989,39.3237986],[-76.6249772,39.323804],[-76.6249661,39.3237898],[-76.6249804,39.3237832],[-76.6249759,39.3237776],[-76.6249887,39.3237712]]]}},{"type":"Feature","properties":{"layer":"Sidewalk","symbol":1,"class":"Other","_tile":"6/26/43"},"geometry":{"type":"Polygon","coordinates":[[[-76.624773,39.3235766],[-76.6246611,39.3236293],[-76.6246544,39.3236325],[-76.6246544,39.3236192],[-76.6247424,39.3235765],[-76.624773,39.3235766]]]}},{"type":"Feature","properties":{"layer":"Sidewalk","symbol":1,"class":"Other","_tile":"6/26/43"},"geometry":{"type":"Polygon","coordinates":[[[-76.6253002,39.3240603],[-76.6252956,39.3240612],[-76.6252839,39.3240632],[-76.6252748,39.3240644],[-76.625267,39.3240648],[-76.6252593,39.3240645],[-76.6252514,39.3240635],[-76.6252463,39.3240624],[-76.6252394,39.3240603],[-76.6252325,39.3240579],[-76.6252249,39.3240547],[-76.6252186,39.3240516],[-76.6252117,39.3240475],[-76.6252025,39.3240416],[-76.625194,39.3240355],[-76.6251879,39.3240305],[-76.6251813,39.3240247],[-76.6251605,39.3240044],[-76.6251482,39.3239919],[-76.6251349,39.3239778],[-76.6251206,39.3239619],[-76.6251116,39.3239514],[-76.6251055,39.323943],[-76.6250939,39.3239263],[-76.6250916,39.3239232],[-76.6250861,39.3238984],[-76.6250874,39.3238506],[-76.6250883,39.3238248],[-76.6250892,39.3238056],[-76.6250894,39.3237864],[-76.6250889,39.3237735],[-76.6250879,39.3237615],[-76.6250868,39.3237554],[-76.6250864,39.3237518],[-76.6250846,39.3237444],[-76.6250823,39.3237391],[-76.6250788,39.3237321],[-76.6250671,39.3237126],[-76.6250607,39.3237026],[-76.6250525,39.3236905],[-76.6250167,39.3236401],[-76.624991,39.3236034],[-76.6249802,39.3235888],[-76.6249716,39.323578],[-76.624971,39.3235772],[-76.624994,39.3235773],[-76.6249977,39.323582],[-76.6250076,39.3235955],[-76.6250428,39.3236458],[-76.6250629,39.3236738],[-76.625076,39.3236929],[-76.6250858,39.3237083],[-76.6250924,39.3237201],[-76.6250974,39.3237309],[-76.6251022,39.3237431],[-76.6251048,39.3237507],[-76.6251071,39.3237596],[-76.6251088,39.3237685],[-76.6251099,39.3237761],[-76.6251102,39.3237813],[-76.62511,39.3237874],[-76.6251067,39.3238218],[-76.6251043,39.3238492],[-76.6251035,39.3238569],[-76.6251026,39.3238712],[-76.6251026,39.323882],[-76.6251031,39.3238915],[-76.6251042,39.3239007],[-76.6251051,39.323905],[-76.6251057,39.3239087],[-76.6251076,39.3239156],[-76.6251105,39.3239218],[-76.6251161,39.3239305],[-76.6251237,39.3239403],[-76.6251369,39.3239559],[-76.6251455,39.3239658],[-76.6251584,39.3239794],[-76.6251716,39.3239928],[-76.6251832,39.3240039],[-76.6252005,39.3240185],[-76.6252187,39.3240326],[-76.6252263,39.3240379],[-76.6252344,39.3240428],[-76.6252386,39.324045],[-76.6252401,39.3240457],[-76.6252453,39.3240477],[-76.6252501,39.3240486],[-76.6252568,39.324049],[-76.6252642,39.324049],[-76.625274,39.3240485],[-76.6252829,39.3240476],[-76.6252943,39.3240456],[-76.6253002,39.3240443],[-76.6253002,39.3240603]]]}},{"type":"Feature","properties":{"layer":"Sidewalk","symbol":1,"class":"Other","_tile":"6/26/43"},"geometry":{"type":"Polygon","coordinates":[[[-76.6246529,39.3239117],[-76.6246541,39.3239111],[-76.6246602,39.3239188],[-76.6246528,39.3239225],[-76.6246529,39.3239117]]]}},{"type":"Feature","properties":{"layer":"Sidewalk","symbol":1,"class":"Other","_tile":"6/27/33"},"geometry":{"type":"Polygon","coordinates":[[[-76.6244275,39.3284564],[-76.6244338,39.3284618],[-76.6244576,39.3284807],[-76.6244758,39.3284944],[-76.6245048,39.3285158],[-76.6245519,39.3285503],[-76.6245764,39.328569],[-76.62459,39.3285805],[-76.6246066,39.3285954],[-76.6246236,39.3286113],[-76.6246374,39.3286251],[-76.6246475,39.3286362],[-76.6246474,39.3286561],[-76.624646,39.3286545],[-76.6246314,39.3286386],[-76.6246155,39.3286223],[-76.6246004,39.3286077],[-76.6245813,39.3285906],[-76.6245596,39.328572],[-76.6245392,39.3285554],[-76.6245332,39.3285509],[-76.6245184,39.3285398],[-76.6244715,39.3285062],[-76.6244534,39.3284928],[-76.6244365,39.3284798],[-76.624423,39.328469],[-76.6244142,39.3284613],[-76.624409,39.3284563],[-76.6244275,39.3284564]]]}},{"type":"Feature","properties":{"layer":"Sidewalk","symbol":1,"class":"Other","_tile":"6/27/34"},"geometry":{"type":"Polygon","coordinates":[[[-76.6242952,39.3279679],[-76.6242957,39.3279723],[-76.6243017,39.3280183],[-76.6243071,39.3280518],[-76.6243272,39.3281613],[-76.624333,39.3281998],[-76.6243405,39.3282515],[-76.6243456,39.3282825],[-76.624351,39.3283115],[-76.6243561,39.3283353],[-76.6243606,39.3283532],[-76.6243642,39.3283644],[-76.6243689,39.3283771],[-76.6243734,39.3283883],[-76.6243775,39.328397],[-76.6243806,39.3284022],[-76.6243842,39.3284079],[-76.6243941,39.3284211],[-76.6244069,39.3284359],[-76.62442,39.3284496],[-76.624426,39.3284551],[-76.6244338,39.3284618],[-76.6244463,39.3284717],[-76.6244264,39.3284716],[-76.624423,39.328469],[-76.6244142,39.3284613],[-76.6244058,39.3284532],[-76.624403,39.3284503],[-76.6243951,39.3284419],[-76.6243847,39.3284299],[-76.6243772,39.3284206],[-76.624373,39.3284144],[-76.624367,39.3284046],[-76.6243604,39.3283925],[-76.6243552,39.3283823],[-76.6243508,39.3283714],[-76.6243458,39.328356],[-76.6243402,39.328336],[-76.6243351,39.3283145],[-76.6243334,39.3283045],[-76.6243311,39.3282908],[-76.6243227,39.3282294],[-76.624317,39.3281989],[-76.6243108,39.3281693],[-76.6243049,39.328141],[-76.6242929,39.3280686],[-76.6242911,39.3280562],[-76.6242841,39.3280109],[-76.624284,39.3280103],[-76.6242776,39.3279678],[-76.6242952,39.3279679]]]}},{"type":"Feature","properties":{"layer":"Sidewalk","symbol":1,"class":"Other","_tile":"6/27/35"},"geometry":{"type":"Polygon","coordinates":[[[-76.6240037,39.3278381],[-76.6240219,39.3278909],[-76.6240132,39.3278926],[-76.624009,39.3278961],[-76.6240034,39.3278798],[-76.6240037,39.3278381]]]}},{"type":"Feature","properties":{"layer":"Sidewalk","symbol":1,"class":"Other","_tile":"6/27/35"},"geometry":{"type":"Polygon","coordinates":[[[-76.6242772,39.3276305],[-76.6242768,39.3276794],[-76.6242767,39.3277104],[-76.6242816,39.3278211],[-76.62429,39.3279192],[-76.6242957,39.3279723],[-76.6242972,39.3279831],[-76.62428,39.3279831],[-76.6242776,39.3279676],[-76.6242741,39.3279412],[-76.6242717,39.3279175],[-76.6242678,39.3278721],[-76.6242638,39.3278191],[-76.6242613,39.3277791],[-76.6242601,39.3277465],[-76.6242589,39.3277017],[-76.6242589,39.3276959],[-76.6242585,39.3276594],[-76.6242585,39.3276092],[-76.6242604,39.3275059],[-76.6242606,39.3274797],[-76.6242779,39.3274797],[-76.624278,39.3275505],[-76.6242772,39.3276305]]]}},{"type":"Feature","properties":{"layer":"Sidewalk","symbol":1,"class":"Other","_tile":"6/27/36"},"geometry":{"type":"Polygon","coordinates":[[[-76.6241415,39.3269912],[-76.6241469,39.3270027],[-76.6241242,39.3270099],[-76.6240996,39.327019],[-76.6240476,39.327039],[-76.6240078,39.3270541],[-76.6240079,39.3270362],[-76.6240127,39.3270344],[-76.6240606,39.3270164],[-76.6241272,39.3269912],[-76.6241415,39.3269912]]]}},{"type":"Feature","properties":{"layer":"Sidewalk","symbol":1,"class":"Other","_tile":"6/27/36"},"geometry":{"type":"Polygon","coordinates":[[[-76.6242547,39.3269916],[-76.6242864,39.327061],[-76.6242848,39.3271221],[-76.6242846,39.3271412],[-76.624283,39.3272426],[-76.6242811,39.3273166],[-76.6242796,39.3273683],[-76.6242783,39.3274068],[-76.6242779,39.3274255],[-76.624278,39.327495],[-76.6242605,39.3274949],[-76.6242606,39.3274473],[-76.6242605,39.3274064],[-76.6242607,39.3273161],[-76.6242622,39.3272642],[-76.6242628,39.3272379],[-76.6242659,39.3271398],[-76.6242665,39.3271191],[-76.6242663,39.3271106],[-76.6242652,39.3270637],[-76.6242487,39.3270275],[-76.6242443,39.3270182],[-76.6242426,39.3270132],[-76.6242423,39.3270117],[-76.6242419,39.3270101],[-76.6242419,39.3270073],[-76.6242425,39.3270036],[-76.6242435,39.3269996],[-76.6242447,39.3269965],[-76.6242467,39.3269938],[-76.624249,39.3269915],[-76.6242547,39.3269916]]]}},{"type":"Feature","properties":{"layer":"Sidewalk","symbol":1,"class":"Other","_tile":"6/27/37"},"geometry":{"type":"Polygon","coordinates":[[[-76.6241394,39.3269865],[-76.6241469,39.3270027],[-76.6241349,39.3270064],[-76.6240874,39.3270063],[-76.6241394,39.3269865]],[[-76.6240096,39.3267086],[-76.6240139,39.3267176],[-76.6240096,39.3267191],[-76.6240096,39.3267086]]]}},{"type":"Feature","properties":{"layer":"Sidewalk","symbol":1,"class":"Other","_tile":"6/27/37"},"geometry":{"type":"Polygon","coordinates":[[[-76.6242529,39.3269877],[-76.6242617,39.3270068],[-76.624242,39.3270068],[-76.6242425,39.3270036],[-76.6242435,39.3269996],[-76.6242447,39.3269965],[-76.6242467,39.3269938],[-76.6242529,39.3269877]]]}},{"type":"Feature","properties":{"layer":"Sidewalk","symbol":1,"class":"Other","_tile":"6/27/37"},"geometry":{"type":"Polygon","coordinates":[[[-76.6241775,39.3268268],[-76.6241933,39.3268601],[-76.6242248,39.326929],[-76.624221,39.3269283],[-76.6242129,39.326926],[-76.6242104,39.3269248],[-76.6242075,39.326923],[-76.624197,39.3269145],[-76.6241889,39.3268976],[-76.6241662,39.3268486],[-76.6241665,39.3268421],[-76.6241673,39.3268382],[-76.6241688,39.3268353],[-76.6241702,39.3268336],[-76.6241705,39.3268334],[-76.6241716,39.326832],[-76.6241753,39.3268283],[-76.6241775,39.3268268]]]}},{"type":"Feature","properties":{"layer":"Sidewalk","symbol":1,"class":"Other","_tile":"6/27/37"},"geometry":{"type":"Polygon","coordinates":[[[-76.62424,39.3266187],[-76.6242137,39.3266313],[-76.6241893,39.3265739],[-76.624184,39.3265607],[-76.6241824,39.3265575],[-76.6241808,39.3265553],[-76.6241783,39.326553],[-76.6241748,39.3265502],[-76.6241555,39.3265369],[-76.6241471,39.3265299],[-76.6241403,39.3265235],[-76.6241355,39.3265181],[-76.6241327,39.3265135],[-76.6241311,39.3265086],[-76.6241301,39.3265031],[-76.6241499,39.3265031],[-76.6241505,39.3265054],[-76.6241526,39.326509],[-76.6241549,39.3265115],[-76.6241581,39.3265143],[-76.6241668,39.3265208],[-76.6241881,39.3265338],[-76.6241953,39.3265386],[-76.6242026,39.3265442],[-76.6242086,39.3265492],[-76.6242127,39.3265534],[-76.6242151,39.3265567],[-76.6242177,39.3265631],[-76.6242207,39.3265744],[-76.624224,39.3265862],[-76.6242269,39.326595],[-76.6242296,39.3266022],[-76.6242323,39.3266077],[-76.62424,39.3266187]]]}},{"type":"Feature","properties":{"layer":"Sidewalk","symbol":1,"class":"Other","_tile":"6/27/37"},"geometry":{"type":"Polygon","coordinates":[[[-76.6246191,39.3265794],[-76.624619,39.3265751],[-76.6246166,39.3265586],[-76.6246107,39.3265201],[-76.6246083,39.3265146],[-76.6246066,39.3265126],[-76.6246032,39.3265107],[-76.6246002,39.3265096],[-76.6245953,39.3265089],[-76.6245905,39.326509],[-76.6245867,39.3265098],[-76.6245796,39.3265124],[-76.6245634,39.3265198],[-76.624557,39.3265223],[-76.6245482,39.3265252],[-76.6245227,39.3265323],[-76.6244897,39.3265391],[-76.6244785,39.3265384],[-76.6244716,39.3265385],[-76.6244673,39.3265392],[-76.6244642,39.3265403],[-76.6244621,39.3265418],[-76.6244601,39.3265442],[-76.6244584,39.3265468],[-76.6244574,39.3265492],[-76.6244573,39.3265523],[-76.6244575,39.326555],[-76.6244588,39.3265576],[-76.624461,39.326561],[-76.62447,39.3265713],[-76.6244816,39.3265856],[-76.6244862,39.3265907],[-76.6244902,39.3265948],[-76.6244925,39.3265964],[-76.6244958,39.3265973],[-76.6245001,39.3265974],[-76.624508,39.3265966],[-76.6245747,39.3265913],[-76.6246077,39.3265885],[-76.624612,39.3265879],[-76.6246136,39.3265873],[-76.6246165,39.3265849],[-76.6246187,39.3265819],[-76.6246191,39.3265794]],[[-76.624205,39.3266345],[-76.6242137,39.3266313],[-76.62424,39.3266187],[-76.6243693,39.3265603],[-76.6243605,39.3265462],[-76.6244572,39.3265041],[-76.6244851,39.3265042],[-76.6244909,39.3265134],[-76.6244966,39.3265193],[-76.6245038,39.3265206],[-76.6245065,39.3265207],[-76.6245102,39.3265204],[-76.6245196,39.3265185],[-76.6245317,39.3265153],[-76.6245442,39.3265113],[-76.6245601,39.3265051],[-76.6245615,39.3265045],[-76.6246525,39.3265047],[-76.6246527,39.3265053],[-76.6246537,39.3265114],[-76.6246543,39.3265168],[-76.6246543,39.3265208],[-76.6246536,39.3265245],[-76.6246521,39.3265293],[-76.624646,39.3265436],[-76.624644,39.3265488],[-76.6246423,39.3265557],[-76.6246407,39.3265637],[-76.62464,39.3265694],[-76.6246398,39.3265817],[-76.6246441,39.3266141],[-76.6246515,39.3266674],[-76.6246567,39.3267064],[-76.6246577,39.326714],[-76.6246571,39.3268316],[-76.6246509,39.3268322],[-76.6246497,39.3268285],[-76.6246267,39.3266573],[-76.6246206,39.3266134],[-76.6246195,39.3266056],[-76.6245037,39.3266157],[-76.6244957,39.326616],[-76.624491,39.3266158],[-76.6244847,39.3266141],[-76.6244812,39.326612],[-76.6244746,39.326607],[-76.6244385,39.3265617],[-76.6243651,39.3265964],[-76.6241999,39.3266722],[-76.6241675,39.3266869],[-76.6241663,39.3266854],[-76.6241223,39.3267055],[-76.6241476,39.3267558],[-76.6241433,39.3267555],[-76.6241386,39.3267548],[-76.6241348,39.3267538],[-76.6241309,39.3267523],[-76.6241285,39.3267507],[-76.6241259,39.3267493],[-76.6241237,39.3267476],[-76.6241214,39.3267454],[-76.6241137,39.3267362],[-76.624097,39.326699],[-76.6240836,39.3266704],[-76.6240946,39.3266675],[-76.6240807,39.3266384],[-76.6240249,39.3265194],[-76.6240173,39.3265027],[-76.6240356,39.3265028],[-76.6240514,39.326537],[-76.6241105,39.3266648],[-76.6241609,39.3266509],[-76.624205,39.3266345]]]}},{"type":"Feature","properties":{"layer":"Sidewalk","symbol":1,"class":"Other","_tile":"6/27/38"},"geometry":{"type":"MultiPolygon","coordinates":[[[[-76.6241357,39.3265184],[-76.6241355,39.3265181],[-76.6241327,39.3265135],[-76.6241311,39.3265086],[-76.62413,39.3265019],[-76.6241292,39.326494],[-76.6241291,39.326487],[-76.6241298,39.3264785],[-76.6241312,39.3264684],[-76.6241331,39.3264584],[-76.6241351,39.32645],[-76.6241436,39.3264234],[-76.6241469,39.3264094],[-76.6241552,39.3263674],[-76.6241601,39.326348],[-76.6241621,39.3263415],[-76.624164,39.3263365],[-76.6241691,39.3263271],[-76.624179,39.3263116],[-76.6242066,39.3262917],[-76.6242187,39.3262836],[-76.6242335,39.3262753],[-76.6242793,39.3262516],[-76.6242981,39.3262413],[-76.6243067,39.3262364],[-76.6243089,39.3262357],[-76.6243126,39.326235],[-76.624315,39.3262348],[-76.6243182,39.3262352],[-76.6243184,39.3262353],[-76.6243239,39.3262365],[-76.6243352,39.3262396],[-76.6243526,39.3262445],[-76.6243775,39.3262532],[-76.6243841,39.3262551],[-76.624389,39.3262561],[-76.6243955,39.3262569],[-76.6244027,39.3262574],[-76.6244085,39.3262575],[-76.6244123,39.3262573],[-76.6244165,39.3262564],[-76.6244209,39.3262551],[-76.6244257,39.3262532],[-76.6244318,39.3262505],[-76.6244378,39.3262474],[-76.6244423,39.3262447],[-76.6244469,39.3262413],[-76.6244499,39.3262387],[-76.6244523,39.326236],[-76.6244553,39.326232],[-76.6244675,39.326213],[-76.6244734,39.3262059],[-76.6244817,39.3261968],[-76.6244896,39.3261889],[-76.624497,39.3261824],[-76.624507,39.3261746],[-76.6245151,39.3261686],[-76.6245222,39.3261642],[-76.6245276,39.3261615],[-76.6245344,39.3261592],[-76.6245568,39.3261529],[-76.624562,39.3261509],[-76.6245654,39.3261492],[-76.6245688,39.3261471],[-76.6245739,39.3261434],[-76.6245783,39.3261396],[-76.6245808,39.326137],[-76.6245841,39.3261324],[-76.6245873,39.3261256],[-76.6245904,39.3261173],[-76.6245946,39.3261043],[-76.624597,39.3260958],[-76.6245982,39.3260933],[-76.6245992,39.326092],[-76.6246021,39.3260898],[-76.6246075,39.3260872],[-76.6246152,39.3260846],[-76.6246222,39.3260828],[-76.6246331,39.3260815],[-76.6246388,39.3260811],[-76.6246426,39.3260811],[-76.6246505,39.3260821],[-76.624661,39.3260839],[-76.6246609,39.3261104],[-76.6246501,39.3261152],[-76.6246284,39.3261269],[-76.6246144,39.3261356],[-76.6246084,39.32614],[-76.6246049,39.3261435],[-76.6245958,39.3261538],[-76.6245908,39.3261583],[-76.6245834,39.3261631],[-76.624574,39.3261683],[-76.6245691,39.3261709],[-76.6245713,39.326175],[-76.6245958,39.3262079],[-76.6245673,39.3262209],[-76.6245623,39.3262156],[-76.6245606,39.3262137],[-76.62457,39.326209],[-76.6245574,39.3261914],[-76.6245467,39.3261823],[-76.6245381,39.3261865],[-76.6245322,39.3261905],[-76.6245243,39.3261974],[-76.6244909,39.3262304],[-76.6244785,39.3262416],[-76.6244685,39.3262499],[-76.6244596,39.3262564],[-76.6244522,39.3262608],[-76.6244414,39.3262661],[-76.6244308,39.3262704],[-76.6244225,39.326273],[-76.6244182,39.3262739],[-76.6244152,39.3262742],[-76.6244102,39.3262745],[-76.6244044,39.3262743],[-76.6243889,39.3262731],[-76.6243607,39.3262687],[-76.6243541,39.3262681],[-76.6243484,39.326268],[-76.6243382,39.3262686],[-76.624382,39.3263263],[-76.6243582,39.3263375],[-76.6243204,39.3262868],[-76.6243062,39.3262853],[-76.6243,39.3262844],[-76.6242899,39.3262821],[-76.6242855,39.3262816],[-76.6242799,39.3262818],[-76.6242721,39.326283],[-76.6242657,39.3262849],[-76.6242575,39.3262879],[-76.6242475,39.3262923],[-76.6242286,39.3263017],[-76.6242046,39.3263203],[-76.6241939,39.3263325],[-76.62419,39.3263379],[-76.6241876,39.3263432],[-76.6241848,39.3263512],[-76.6241815,39.3263614],[-76.6241787,39.3263723],[-76.6241719,39.3264036],[-76.6241694,39.3264143],[-76.6241653,39.3264275],[-76.6241571,39.3264525],[-76.6241521,39.3264668],[-76.6241497,39.3264741],[-76.6241483,39.3264806],[-76.6241477,39.326486],[-76.6241478,39.3264872],[-76.6241481,39.3264937],[-76.624149,39.3265003],[-76.6241505,39.3265054],[-76.6241526,39.326509],[-76.6241549,39.3265115],[-76.6241581,39.3265143],[-76.6241636,39.3265184],[-76.6241357,39.3265184]]],[[[-76.6243334,39.326261],[-76.6243226,39.326247],[-76.6242976,39.3262586],[-76.6243084,39.3262727],[-76.6243334,39.326261]]],[[[-76.6246448,39.3261078],[-76.6246338,39.3260938],[-76.6246089,39.3261057],[-76.6246197,39.3261196],[-76.6246448,39.3261078]]]]}},{"type":"Feature","properties":{"layer":"Sidewalk","symbol":1,"class":"Other","_tile":"6/27/38"},"geometry":{"type":"Polygon","coordinates":[[[-76.6246543,39.32652],[-76.6246105,39.3265199],[-76.6246083,39.3265146],[-76.6246066,39.3265126],[-76.6246032,39.3265107],[-76.6246002,39.3265096],[-76.6245953,39.3265089],[-76.6245905,39.326509],[-76.6245867,39.3265098],[-76.6245796,39.3265124],[-76.6245638,39.3265197],[-76.6245143,39.3265196],[-76.6245196,39.3265185],[-76.6245317,39.3265153],[-76.6245442,39.3265113],[-76.6245601,39.3265051],[-76.6245848,39.3264944],[-76.6246086,39.3264796],[-76.6246205,39.3264951],[-76.6246462,39.3264833],[-76.6246515,39.3264997],[-76.6246527,39.3265053],[-76.6246537,39.3265114],[-76.6246543,39.3265168],[-76.6246543,39.32652]],[[-76.6244979,39.3265195],[-76.6244224,39.3265193],[-76.6244721,39.3264976],[-76.6244789,39.3264944],[-76.6244909,39.3265134],[-76.6244966,39.3265193],[-76.6244979,39.3265195]],[[-76.6240426,39.3265181],[-76.6240243,39.326518],[-76.6240108,39.3264885],[-76.624011,39.3264494],[-76.6240159,39.3264599],[-76.6240426,39.3265181]]]}},{"type":"Feature","properties":{"layer":"Sidewalk","_tile":"6/27/38"},"geometry":{"type":"Polygon","coordinates":[[[-76.6246613,39.326025],[-76.6245989,39.3260546],[-76.6244906,39.3261049],[-76.6243939,39.32615],[-76.6242848,39.3262011],[-76.6242382,39.3262228],[-76.6241676,39.3262558],[-76.6240247,39.3263235],[-76.6240117,39.3263298],[-76.6240118,39.3263044],[-76.6240312,39.3262954],[-76.6241036,39.3262628],[-76.6242576,39.32619],[-76.6245087,39.3260723],[-76.6246282,39.3260166],[-76.6246614,39.3260167],[-76.6246613,39.326025]]]}},{"type":"Feature","properties":{"layer":"Sidewalk","_tile":"6/27/38"},"geometry":{"type":"Polygon","coordinates":[[[-76.6243044,39.3260156],[-76.6242172,39.326056],[-76.6241426,39.3260907],[-76.624082,39.3261191],[-76.6240126,39.3261515],[-76.6240127,39.3261271],[-76.6240266,39.3261206],[-76.6240569,39.3261063],[-76.6241296,39.3260722],[-76.6242102,39.3260342],[-76.6242494,39.3260159],[-76.6242505,39.3260154],[-76.6243044,39.3260156]]]}},{"type":"Feature","properties":{"layer":"Sidewalk","_tile":"6/27/39"},"geometry":{"type":"Polygon","coordinates":[[[-76.6246613,39.326025],[-76.6246469,39.3260319],[-76.6245958,39.3260317],[-76.6246615,39.3260011],[-76.6246613,39.326025]]]}},{"type":"Feature","properties":{"layer":"Sidewalk","_tile":"6/27/39"},"geometry":{"type":"Polygon","coordinates":[[[-76.6246623,39.3258481],[-76.6245638,39.3258955],[-76.6243885,39.3259765],[-76.6242718,39.3260307],[-76.6242181,39.3260305],[-76.6242494,39.3260159],[-76.6244545,39.3259222],[-76.6246624,39.3258276],[-76.6246623,39.3258481]]]}},{"type":"Feature","properties":{"layer":"Sidewalk","symbol":1,"class":"Other","_tile":"6/27/40"},"geometry":{"type":"Polygon","coordinates":[[[-76.6245708,39.3250402],[-76.6245801,39.3250521],[-76.6246045,39.3250832],[-76.6246304,39.3251164],[-76.6246322,39.3251186],[-76.624654,39.3251465],[-76.6246659,39.3251617],[-76.6246656,39.3252246],[-76.6246261,39.3251752],[-76.624594,39.3251335],[-76.6245228,39.3250434],[-76.6245202,39.3250401],[-76.6245708,39.3250402]]]}},{"type":"Feature","properties":{"layer":"Sidewalk","symbol":1,"class":"Other","_tile":"6/27/40"},"geometry":{"type":"Polygon","coordinates":[[[-76.6243272,39.3250394],[-76.6243298,39.3250428],[-76.6243653,39.3250869],[-76.624381,39.325073],[-76.6244319,39.3251373],[-76.6244126,39.3251356],[-76.6244055,39.3251384],[-76.624498,39.3252573],[-76.6246362,39.3254327],[-76.6246579,39.3254604],[-76.6246643,39.3254686],[-76.6246641,39.3254983],[-76.6246205,39.3254422],[-76.6245806,39.3253918],[-76.624551,39.3253548],[-76.6245501,39.3253534],[-76.6245486,39.3253516],[-76.6245471,39.3253495],[-76.6244645,39.3252445],[-76.6244113,39.3251791],[-76.6243881,39.3251509],[-76.6243724,39.3251589],[-76.6243718,39.3251582],[-76.6243279,39.3251018],[-76.6243173,39.3250879],[-76.6243325,39.3250795],[-76.6243099,39.3250508],[-76.6242935,39.3250582],[-76.6242785,39.3250393],[-76.6243272,39.3250394]]]}},{"type":"Feature","properties":{"layer":"Sidewalk","symbol":1,"class":"Other","_tile":"6/27/41"},"geometry":{"type":"Polygon","coordinates":[[[-76.6245568,39.3245521],[-76.6245207,39.3245678],[-76.6245139,39.3245709],[-76.6245094,39.3245651],[-76.6245367,39.324552],[-76.6245568,39.3245521]]]}},{"type":"Feature","properties":{"layer":"Sidewalk","symbol":1,"class":"Other","_tile":"6/27/41"},"geometry":{"type":"Polygon","coordinates":[[[-76.6246173,39.3246271],[-76.6246227,39.3246338],[-76.6245566,39.324663],[-76.6245523,39.3246575],[-76.6246173,39.3246272],[-76.6246173,39.3246271]]]}},{"type":"Feature","properties":{"layer":"Sidewalk","symbol":1,"class":"Other","_tile":"6/27/41"},"geometry":{"type":"Polygon","coordinates":[[[-76.6246683,39.3247012],[-76.6246157,39.3247259],[-76.6245573,39.3247531],[-76.6245375,39.3247625],[-76.6245321,39.3247557],[-76.6245449,39.3247548],[-76.6245896,39.3247337],[-76.6245878,39.3247313],[-76.6246684,39.3246935],[-76.6246683,39.3247012]]]}},{"type":"Feature","properties":{"layer":"Sidewalk","symbol":1,"class":"Other","_tile":"6/27/41"},"geometry":{"type":"Polygon","coordinates":[[[-76.6241874,39.3245509],[-76.624204,39.3245721],[-76.6242295,39.3246044],[-76.6242551,39.3246373],[-76.6242799,39.3246689],[-76.6243047,39.3247006],[-76.6243299,39.3247327],[-76.6243547,39.3247645],[-76.6243799,39.3247965],[-76.6244039,39.3248273],[-76.6244289,39.3248591],[-76.6244547,39.3248922],[-76.6244576,39.3248957],[-76.6244597,39.3248984],[-76.6244413,39.3249085],[-76.6244429,39.3249106],[-76.6244643,39.3249384],[-76.6244836,39.324929],[-76.6244968,39.3249459],[-76.6245065,39.3249582],[-76.6245312,39.3249897],[-76.6245556,39.3250209],[-76.6245801,39.3250521],[-76.6245829,39.3250555],[-76.6245322,39.3250554],[-76.6245228,39.3250434],[-76.6244385,39.3249357],[-76.6243626,39.3248397],[-76.6242969,39.3247565],[-76.6242366,39.3246781],[-76.6241604,39.3245828],[-76.6241354,39.3245513],[-76.6241349,39.3245507],[-76.6241874,39.3245509]]]}},{"type":"Feature","properties":{"layer":"Sidewalk","symbol":1,"class":"Other","_tile":"6/27/41"},"geometry":{"type":"Polygon","coordinates":[[[-76.6246681,39.3247462],[-76.6246189,39.3247694],[-76.624614,39.3247631],[-76.6246682,39.3247376],[-76.6246681,39.3247462]]]}},{"type":"Feature","properties":{"layer":"Sidewalk","symbol":1,"class":"Other","_tile":"6/27/41"},"geometry":{"type":"Polygon","coordinates":[[[-76.6246679,39.3247896],[-76.6245891,39.3248269],[-76.6245835,39.3248196],[-76.6245961,39.3248176],[-76.6246431,39.3247953],[-76.6246416,39.3247935],[-76.6246679,39.3247812],[-76.6246679,39.3247896]]]}},{"type":"Feature","properties":{"layer":"Sidewalk","symbol":1,"class":"Other","_tile":"6/27/41"},"geometry":{"type":"Polygon","coordinates":[[[-76.6241206,39.3247411],[-76.6241547,39.3247846],[-76.6241391,39.3247837],[-76.6241297,39.3247883],[-76.6241556,39.3248212],[-76.6242391,39.3249276],[-76.6242562,39.3249491],[-76.6243298,39.3250428],[-76.6243394,39.3250547],[-76.624313,39.3250547],[-76.6243099,39.3250508],[-76.6243015,39.3250546],[-76.6242906,39.3250546],[-76.6242662,39.3250238],[-76.6242347,39.3249842],[-76.6242511,39.3249764],[-76.6241825,39.3248892],[-76.6241679,39.324895],[-76.6241388,39.3248577],[-76.6241528,39.324852],[-76.6241097,39.3247978],[-76.6240971,39.3248044],[-76.6240751,39.3247765],[-76.6240667,39.3247656],[-76.6240695,39.3247643],[-76.624081,39.3247603],[-76.6240533,39.3247254],[-76.6240431,39.3247306],[-76.6240206,39.3247018],[-76.6240315,39.324697],[-76.6240204,39.3246828],[-76.6240206,39.3246488],[-76.6240576,39.3246962],[-76.6240993,39.3247507],[-76.6241206,39.3247411]]]}},{"type":"Feature","properties":{"layer":"Sidewalk","symbol":1,"class":"Other","_tile":"6/27/42"},"geometry":{"type":"Polygon","coordinates":[[[-76.6243591,39.3240634],[-76.6243238,39.3240799],[-76.6242529,39.3241111],[-76.6242468,39.3241039],[-76.6243223,39.3240717],[-76.6243388,39.3240633],[-76.6243591,39.3240634]]]}},{"type":"Feature","properties":{"layer":"Sidewalk","symbol":1,"class":"Other","_tile":"6/27/42"},"geometry":{"type":"Polygon","coordinates":[[[-76.624244,39.3241488],[-76.6242487,39.3241547],[-76.6242455,39.324157],[-76.6242408,39.3241507],[-76.624244,39.3241488]]]}},{"type":"Feature","properties":{"layer":"Sidewalk","symbol":1,"class":"Other","_tile":"6/27/42"},"geometry":{"type":"Polygon","coordinates":[[[-76.6244836,39.3241341],[-76.6244345,39.3241562],[-76.6244284,39.3241488],[-76.624477,39.324125],[-76.6244796,39.3241238],[-76.6244885,39.3241194],[-76.6245078,39.3241317],[-76.6245127,39.3241346],[-76.6245252,39.3241474],[-76.6245334,39.3241588],[-76.6245239,39.3241633],[-76.624514,39.3241492],[-76.6244993,39.3241382],[-76.6244888,39.3241317],[-76.6244836,39.3241341]]]}},{"type":"Feature","properties":{"layer":"Sidewalk","symbol":1,"class":"Other","_tile":"6/27/42"},"geometry":{"type":"Polygon","coordinates":[[[-76.6242717,39.3241833],[-76.6242751,39.3241875],[-76.6242025,39.3242203],[-76.6241991,39.3242159],[-76.6242717,39.3241833]]]}},{"type":"Feature","properties":{"layer":"Sidewalk","symbol":1,"class":"Other","_tile":"6/27/42"},"geometry":{"type":"Polygon","coordinates":[[[-76.6242963,39.3242136],[-76.6243016,39.3242202],[-76.6242425,39.3242475],[-76.6242378,39.3242415],[-76.6242574,39.3242323],[-76.6242523,39.3242258],[-76.62426,39.3242225],[-76.6242638,39.3242294],[-76.6242944,39.3242144],[-76.6242963,39.3242136]]]}},{"type":"Feature","properties":{"layer":"Sidewalk","symbol":1,"class":"Other","_tile":"6/27/42"},"geometry":{"type":"Polygon","coordinates":[[[-76.6243231,39.3242467],[-76.6243284,39.3242533],[-76.6242508,39.3242898],[-76.6242491,39.324286],[-76.6242626,39.3242796],[-76.6242591,39.3242753],[-76.6243231,39.3242467]]]}},{"type":"Feature","properties":{"layer":"Sidewalk","symbol":1,"class":"Other","_tile":"6/27/42"},"geometry":{"type":"Polygon","coordinates":[[[-76.6243476,39.3242771],[-76.6243521,39.3242824],[-76.6243242,39.324294],[-76.6243198,39.3242882],[-76.6243476,39.3242771]]]}},{"type":"Feature","properties":{"layer":"Sidewalk","symbol":1,"class":"Other","_tile":"6/27/42"},"geometry":{"type":"Polygon","coordinates":[[[-76.6243681,39.3244066],[-76.6243729,39.3244041],[-76.6243767,39.3244083],[-76.6243709,39.3244111],[-76.6243681,39.3244066]]]}},{"type":"Feature","properties":{"layer":"Sidewalk","symbol":1,"class":"Other","_tile":"6/27/42"},"geometry":{"type":"Polygon","coordinates":[[[-76.6244755,39.3244476],[-76.624479,39.3244518],[-76.6244239,39.3244792],[-76.6244164,39.3244829],[-76.6244147,39.3244807],[-76.6244118,39.3244767],[-76.6244479,39.3244602],[-76.6244755,39.3244476]]]}},{"type":"Feature","properties":{"layer":"Sidewalk","symbol":1,"class":"Other","_tile":"6/27/42"},"geometry":{"type":"Polygon","coordinates":[[[-76.6245183,39.3245003],[-76.6245236,39.3245072],[-76.624482,39.3245241],[-76.6244772,39.324518],[-76.6245183,39.3245003]]]}},{"type":"Feature","properties":{"layer":"Sidewalk","symbol":1,"class":"Other","_tile":"6/27/42"},"geometry":{"type":"Polygon","coordinates":[[[-76.6245524,39.3245446],[-76.6245579,39.3245516],[-76.6245221,39.3245672],[-76.624511,39.3245672],[-76.6245094,39.3245651],[-76.6245524,39.3245446]]]}},{"type":"Feature","properties":{"layer":"Sidewalk","symbol":1,"class":"Other","_tile":"6/27/42"},"geometry":{"type":"Polygon","coordinates":[[[-76.6243729,39.3244041],[-76.6243681,39.3244066],[-76.624365,39.3244081],[-76.6242663,39.3244549],[-76.6241922,39.3244898],[-76.6241903,39.3244875],[-76.6241796,39.3244926],[-76.6241825,39.3244963],[-76.6241549,39.3245093],[-76.6241787,39.3245398],[-76.6241994,39.3245662],[-76.6241471,39.324566],[-76.6241354,39.3245513],[-76.624115,39.3245253],[-76.6241165,39.3245186],[-76.6241249,39.3245101],[-76.6241593,39.3244933],[-76.6241956,39.324476],[-76.624331,39.324412],[-76.6244014,39.3243768],[-76.6244103,39.3243751],[-76.6244148,39.3243765],[-76.6244189,39.3243803],[-76.6243729,39.3244041]]]}},{"type":"Feature","properties":{"layer":"Sidewalk","symbol":1,"class":"Other","_tile":"6/27/42"},"geometry":{"type":"Polygon","coordinates":[[[-76.624022,39.3243786],[-76.624035,39.3243942],[-76.624055,39.324384],[-76.624056,39.3243852],[-76.6240635,39.3243949],[-76.6240453,39.3244033],[-76.6240775,39.3244468],[-76.6240973,39.3244379],[-76.6241065,39.3244495],[-76.6241103,39.324455],[-76.6240831,39.3244673],[-76.6240769,39.324467],[-76.6240683,39.3244657],[-76.6240219,39.3244061],[-76.624022,39.3243786]]]}},{"type":"Feature","properties":{"layer":"Sidewalk","symbol":1,"class":"Other","_tile":"6/27/43"},"geometry":{"type":"Polygon","coordinates":[[[-76.6244273,39.3235959],[-76.6244206,39.323595],[-76.6244143,39.3235906],[-76.624404,39.323581],[-76.6244158,39.3235755],[-76.6244454,39.3235756],[-76.6244208,39.323587],[-76.6244264,39.3235943],[-76.6244273,39.3235959]]]}},{"type":"Feature","properties":{"layer":"Sidewalk","symbol":1,"class":"Other","_tile":"6/27/43"},"geometry":{"type":"Polygon","coordinates":[[[-76.6244672,39.3237733],[-76.6244549,39.3237792],[-76.6244429,39.3237617],[-76.6244458,39.3237601],[-76.6244653,39.3237508],[-76.6245124,39.3237313],[-76.6245637,39.3237988],[-76.6246009,39.3238474],[-76.624598,39.3238487],[-76.6245934,39.3238509],[-76.6245143,39.323751],[-76.6244672,39.3237733]]]}},{"type":"Feature","properties":{"layer":"Sidewalk","symbol":1,"class":"Other","_tile":"6/27/43"},"geometry":{"type":"Polygon","coordinates":[[[-76.6246741,39.3236232],[-76.6246611,39.3236293],[-76.6245286,39.3236924],[-76.6244501,39.3237285],[-76.6244536,39.323736],[-76.6244338,39.3237456],[-76.624433,39.3237458],[-76.624431,39.3237468],[-76.6244247,39.3237386],[-76.6243906,39.323752],[-76.6243902,39.3237521],[-76.6243903,39.3237523],[-76.6243984,39.3237657],[-76.6243994,39.3237669],[-76.6243982,39.3237675],[-76.6243881,39.3237724],[-76.6243852,39.3237701],[-76.6243786,39.3237615],[-76.6243491,39.3237749],[-76.6243546,39.3237813],[-76.6243812,39.3238144],[-76.6243692,39.3238202],[-76.6243673,39.3238178],[-76.6243574,39.3238042],[-76.6243557,39.3238017],[-76.6243502,39.3237944],[-76.6243455,39.3237878],[-76.6243386,39.3237779],[-76.6242709,39.3238104],[-76.6242706,39.3238106],[-76.6242708,39.3238108],[-76.6242779,39.3238213],[-76.6243007,39.3238488],[-76.624288,39.3238547],[-76.6242873,39.3238537],[-76.6242821,39.3238474],[-76.624278,39.3238421],[-76.6242695,39.3238313],[-76.6242588,39.3238183],[-76.6242572,39.3238189],[-76.62423,39.3238311],[-76.6242376,39.3238421],[-76.6242414,39.3238468],[-76.6242591,39.3238683],[-76.6242474,39.3238738],[-76.6242295,39.323848],[-76.6242243,39.3238411],[-76.6242205,39.3238357],[-76.6242143,39.3238386],[-76.62419,39.3238499],[-76.6241972,39.3238628],[-76.6242179,39.3238878],[-76.6242067,39.3238931],[-76.6242042,39.3238903],[-76.6241988,39.3238836],[-76.6241849,39.3238673],[-76.6241767,39.3238552],[-76.6241467,39.3238699],[-76.6241566,39.323882],[-76.6241792,39.323906],[-76.6241644,39.323913],[-76.6241408,39.3238801],[-76.6241364,39.3238738],[-76.624089,39.3238954],[-76.6240808,39.3238839],[-76.6242516,39.323805],[-76.6243728,39.3237473],[-76.6243669,39.3237399],[-76.624374,39.3237366],[-76.6243792,39.323744],[-76.6244584,39.3237081],[-76.6246184,39.3236365],[-76.6246295,39.3236313],[-76.6246741,39.3236097],[-76.6246741,39.3236232]]]}},{"type":"Feature","properties":{"layer":"Sidewalk","symbol":1,"class":"Other","_tile":"6/27/43"},"geometry":{"type":"Polygon","coordinates":[[[-76.6240254,39.32374],[-76.6240352,39.3237354],[-76.6240447,39.3237478],[-76.6240764,39.323733],[-76.6240668,39.3237207],[-76.6240792,39.3237149],[-76.6240884,39.323728],[-76.6241185,39.323713],[-76.6241098,39.3237006],[-76.6241203,39.3236957],[-76.6241287,39.3237085],[-76.6241593,39.3236936],[-76.6241679,39.3237054],[-76.6241013,39.323737],[-76.6240852,39.3237446],[-76.6240914,39.3237531],[-76.6240779,39.3237596],[-76.6240625,39.3237668],[-76.6240252,39.3237842],[-76.6240254,39.32374]]]}},{"type":"Feature","properties":{"layer":"Sidewalk","symbol":1,"class":"Other","_tile":"6/27/43"},"geometry":{"type":"Polygon","coordinates":[[[-76.6240842,39.3239407],[-76.6240883,39.3239454],[-76.6240766,39.3239539],[-76.6240706,39.3239464],[-76.6240739,39.3239451],[-76.624082,39.3239415],[-76.6240842,39.3239407]]]}},{"type":"Feature","properties":{"layer":"Sidewalk","symbol":1,"class":"Other","_tile":"6/27/43"},"geometry":{"type":"Polygon","coordinates":[[[-76.6241181,39.3239821],[-76.6241233,39.3239892],[-76.6241084,39.3239964],[-76.6240969,39.3240019],[-76.6240929,39.3240039],[-76.6240875,39.3239971],[-76.6241181,39.3239821]]]}},{"type":"Feature","properties":{"layer":"Sidewalk","symbol":1,"class":"Other","_tile":"6/27/43"},"geometry":{"type":"Polygon","coordinates":[[[-76.6241678,39.324051],[-76.6241716,39.3240561],[-76.6241681,39.3240576],[-76.6241653,39.3240536],[-76.6241678,39.324051]]]}},{"type":"Feature","properties":{"layer":"Sidewalk","symbol":1,"class":"Other","_tile":"6/27/43"},"geometry":{"type":"Polygon","coordinates":[[[-76.6244917,39.3239388],[-76.6244981,39.3239357],[-76.6245138,39.3239556],[-76.6245244,39.3239747],[-76.6245417,39.3239668],[-76.6245672,39.3239555],[-76.6245937,39.3239433],[-76.6246453,39.3239193],[-76.6246435,39.3239162],[-76.6246541,39.3239111],[-76.6246602,39.3239188],[-76.6246448,39.3239264],[-76.624621,39.3239379],[-76.624557,39.323969],[-76.624521,39.3239856],[-76.6244999,39.3239954],[-76.6244721,39.3240068],[-76.6244717,39.3240069],[-76.624415,39.3240371],[-76.6243269,39.3240785],[-76.6243065,39.3240785],[-76.6243223,39.3240717],[-76.6243446,39.3240604],[-76.6244285,39.3240194],[-76.6244963,39.3239879],[-76.6245169,39.3239784],[-76.6244917,39.3239388]]]}},{"type":"Feature","properties":{"layer":"Sidewalk","symbol":1,"class":"Other","_tile":"6/27/43"},"geometry":{"type":"Polygon","coordinates":[[[-76.6242267,39.3236417],[-76.6242397,39.3236356],[-76.6242517,39.3236526],[-76.6242878,39.323636],[-76.6242779,39.3236211],[-76.6242764,39.3236186],[-76.6242909,39.3236117],[-76.624302,39.3236277],[-76.6243361,39.323612],[-76.6243191,39.3235878],[-76.6243192,39.3235878],[-76.6243275,39.3235838],[-76.6243447,39.3236081],[-76.6243701,39.3235964],[-76.6243756,39.3236019],[-76.62438,39.3236067],[-76.6243825,39.3236122],[-76.6243817,39.3236174],[-76.6243743,39.3236101],[-76.624233,39.3236755],[-76.6242252,39.3236651],[-76.6242389,39.3236582],[-76.6242267,39.3236417]]]}},{"type":"Feature","properties":{"layer":"Sidewalk","symbol":1,"class":"Other","_tile":"6/27/43"},"geometry":{"type":"Polygon","coordinates":[[[-76.6240457,39.3239008],[-76.6240558,39.3239105],[-76.6240273,39.3239241],[-76.6240244,39.3239255],[-76.6240245,39.3239107],[-76.6240457,39.3239008]]]}},{"type":"Feature","properties":{"layer":"Sidewalk","symbol":1,"class":"Other","_tile":"6/28/32"},"geometry":{"type":"Polygon","coordinates":[[[-76.6237167,39.3289422],[-76.6237199,39.3289463],[-76.623726,39.3289537],[-76.623746,39.3289755],[-76.6237712,39.3290017],[-76.623787,39.3290175],[-76.6238058,39.3290363],[-76.6238069,39.3290372],[-76.6238312,39.3290585],[-76.6238478,39.3290762],[-76.6238574,39.3290869],[-76.6238682,39.3290996],[-76.6238745,39.3291071],[-76.6238914,39.3291283],[-76.6238998,39.3291394],[-76.6239036,39.3291447],[-76.6239077,39.3291507],[-76.6239129,39.3291589],[-76.6239211,39.3291724],[-76.6239293,39.3291866],[-76.6239328,39.3291929],[-76.6239355,39.3291983],[-76.6239414,39.3292113],[-76.6239513,39.3292354],[-76.6239576,39.3292524],[-76.6239595,39.3292577],[-76.6239655,39.3292772],[-76.6239674,39.3292842],[-76.6239704,39.3292962],[-76.6239727,39.3293067],[-76.6239736,39.3293124],[-76.6239754,39.329326],[-76.6239775,39.3293509],[-76.6239781,39.3293595],[-76.6239786,39.329372],[-76.6239789,39.329388],[-76.6239786,39.3294464],[-76.6239505,39.3294463],[-76.6239508,39.329388],[-76.6239506,39.3293724],[-76.62395,39.3293605],[-76.6239494,39.3293521],[-76.623948,39.3293353],[-76.6239465,39.329321],[-76.6239449,39.3293097],[-76.623944,39.3293051],[-76.6239428,39.3293002],[-76.623938,39.329282],[-76.6239341,39.329269],[-76.6239305,39.3292582],[-76.6239276,39.3292503],[-76.6239211,39.3292334],[-76.6239147,39.3292182],[-76.6239118,39.3292118],[-76.6239091,39.329206],[-76.6239067,39.3292011],[-76.6239035,39.3291952],[-76.6238956,39.3291814],[-76.6238912,39.3291742],[-76.6238822,39.3291601],[-76.6238753,39.3291502],[-76.6238673,39.3291395],[-76.6238567,39.3291262],[-76.6238447,39.3291116],[-76.6238342,39.3290993],[-76.623827,39.3290914],[-76.6238247,39.3290886],[-76.6238093,39.3290718],[-76.6237797,39.3290433],[-76.6237423,39.3290059],[-76.6237295,39.3289925],[-76.62372,39.3289821],[-76.6237081,39.328968],[-76.6236895,39.328945],[-76.6236873,39.3289421],[-76.6237167,39.3289422]]]}},{"type":"Feature","properties":{"layer":"Sidewalk","symbol":1,"class":"Other","_tile":"6/28/33"},"geometry":{"type":"Polygon","coordinates":[[[-76.6236732,39.3289243],[-76.6237001,39.3289144],[-76.6237094,39.3289307],[-76.6237155,39.3289405],[-76.6237199,39.3289463],[-76.623726,39.3289537],[-76.6237295,39.3289575],[-76.6236996,39.3289574],[-76.6236895,39.328945],[-76.6236732,39.3289243]]]}},{"type":"Feature","properties":{"layer":"Sidewalk","symbol":1,"class":"Other","_tile":"6/28/33"},"geometry":{"type":"Polygon","coordinates":[[[-76.6233714,39.3285568],[-76.6233763,39.3285628],[-76.6233882,39.328576],[-76.6234042,39.328592],[-76.6234216,39.3286083],[-76.6234369,39.3286212],[-76.6234448,39.3286272],[-76.6234554,39.3286345],[-76.623502,39.3286654],[-76.6235161,39.3286755],[-76.623529,39.3286854],[-76.6235425,39.328696],[-76.6235527,39.3287045],[-76.6235591,39.3287103],[-76.6235669,39.3287179],[-76.6235822,39.3287341],[-76.6235903,39.3287434],[-76.6235997,39.328754],[-76.6236038,39.3287593],[-76.6236153,39.3287733],[-76.6236241,39.3287856],[-76.6236348,39.3288017],[-76.6236469,39.3288213],[-76.6236475,39.3288225],[-76.6236586,39.3288412],[-76.6236831,39.3288861],[-76.6236858,39.3288911],[-76.6237001,39.3289144],[-76.6236732,39.3289243],[-76.6236586,39.3289007],[-76.623657,39.3288974],[-76.6236545,39.3288931],[-76.6236472,39.3288795],[-76.623643,39.328872],[-76.6236392,39.3288648],[-76.6236352,39.3288578],[-76.6236314,39.3288505],[-76.6236182,39.3288283],[-76.623608,39.328812],[-76.6236036,39.3288052],[-76.6235978,39.3287966],[-76.6235934,39.3287902],[-76.6235896,39.3287851],[-76.6235821,39.3287758],[-76.6235748,39.3287669],[-76.6235748,39.3287667],[-76.6235579,39.3287475],[-76.6235435,39.3287323],[-76.6235362,39.3287251],[-76.6235304,39.32872],[-76.6235209,39.3287121],[-76.6235087,39.3287024],[-76.6234954,39.3286922],[-76.6234841,39.3286839],[-76.6234824,39.328683],[-76.6234358,39.328652],[-76.6234245,39.3286442],[-76.6234155,39.3286374],[-76.6234003,39.3286244],[-76.6233809,39.3286065],[-76.6233712,39.3285967],[-76.6233714,39.3285568]]]}},{"type":"Feature","properties":{"layer":"Sidewalk","_tile":"6/28/34"},"geometry":{"type":"Polygon","coordinates":[[[-76.6233745,39.3279649],[-76.6234008,39.327965],[-76.6234007,39.3279682],[-76.6234008,39.328022],[-76.6234316,39.3280215],[-76.6234604,39.3279969],[-76.6234954,39.3279978],[-76.623538,39.3280316],[-76.6235899,39.3280313],[-76.62359,39.3280379],[-76.6235661,39.3280381],[-76.6235665,39.3280683],[-76.6234872,39.3280682],[-76.6234473,39.328051],[-76.6233741,39.3280529],[-76.6233745,39.3279649]]]}},{"type":"Feature","properties":{"layer":"Sidewalk","symbol":1,"class":"Other","_tile":"6/28/35"},"geometry":{"type":"Polygon","coordinates":[[[-76.6233781,39.3278112],[-76.6234138,39.3277548],[-76.6234488,39.3276997],[-76.6234519,39.3276952],[-76.623481,39.327651],[-76.6234912,39.3276349],[-76.6234988,39.3276223],[-76.6235095,39.3276029],[-76.6235268,39.3275699],[-76.6235369,39.3275502],[-76.6235465,39.327531],[-76.6235543,39.3275148],[-76.62356,39.3275023],[-76.6235648,39.3274907],[-76.6235698,39.3274775],[-76.6235977,39.3274776],[-76.6235967,39.3274809],[-76.6235906,39.3274967],[-76.6235856,39.327509],[-76.6235797,39.3275221],[-76.6235716,39.3275385],[-76.623552,39.3275776],[-76.6235344,39.327611],[-76.6235234,39.3276308],[-76.6235155,39.327644],[-76.623505,39.3276604],[-76.6234729,39.3277092],[-76.6234544,39.3277382],[-76.6234021,39.3278208],[-76.6233781,39.3278112]]]}},{"type":"Feature","properties":{"layer":"Sidewalk","symbol":1,"class":"Other","_tile":"6/28/35"},"geometry":{"type":"Polygon","coordinates":[[[-76.623382,39.3278503],[-76.623389,39.3278398],[-76.6233936,39.3278406],[-76.6234014,39.3278414],[-76.6234066,39.3278417],[-76.6234102,39.3278416],[-76.6234139,39.3278411],[-76.6234203,39.3278398],[-76.6234284,39.3278377],[-76.6234372,39.3278351],[-76.6234452,39.3278322],[-76.6234552,39.3278277],[-76.6234664,39.3278221],[-76.623476,39.3278167],[-76.6234815,39.327813],[-76.6234995,39.3278],[-76.6235052,39.3277963],[-76.6235108,39.3277933],[-76.6235185,39.32779],[-76.6235278,39.3277869],[-76.6235384,39.3277841],[-76.6235478,39.3277822],[-76.6235553,39.3277815],[-76.6235645,39.3277814],[-76.6235918,39.3277827],[-76.6236033,39.3277831],[-76.6236716,39.3277851],[-76.6236998,39.327786],[-76.6237365,39.327787],[-76.6237457,39.3277876],[-76.6237543,39.3277883],[-76.6237633,39.3277899],[-76.6237745,39.3277925],[-76.6238134,39.327803],[-76.6238387,39.3278088],[-76.6238551,39.3278118],[-76.6238567,39.3278122],[-76.6238617,39.3278126],[-76.6238689,39.327813],[-76.6238841,39.3278133],[-76.6238869,39.3278134],[-76.623887,39.3278248],[-76.6238682,39.3278239],[-76.6238673,39.3278237],[-76.6238603,39.3278234],[-76.6238541,39.3278227],[-76.6238351,39.3278191],[-76.6238117,39.3278138],[-76.6238091,39.3278132],[-76.6237714,39.3278031],[-76.6237599,39.3278004],[-76.6237519,39.3277991],[-76.6237443,39.3277983],[-76.6237343,39.3277977],[-76.6237042,39.327797],[-76.6235912,39.3277935],[-76.6235643,39.3277923],[-76.6235562,39.3277924],[-76.6235504,39.3277928],[-76.6235424,39.3277945],[-76.6235328,39.3277969],[-76.6235245,39.3277998],[-76.6235181,39.3278025],[-76.6235138,39.3278049],[-76.6235087,39.3278082],[-76.6234908,39.327821],[-76.6234847,39.3278251],[-76.6234742,39.3278311],[-76.6234625,39.327837],[-76.6234517,39.3278417],[-76.6234427,39.3278451],[-76.6234331,39.3278479],[-76.6234242,39.3278502],[-76.6234167,39.3278517],[-76.6234113,39.3278524],[-76.6234063,39.3278525],[-76.6234001,39.3278522],[-76.623382,39.3278503]]]}},{"type":"Feature","properties":{"layer":"Sidewalk","symbol":1,"class":"Other","_tile":"6/28/35"},"geometry":{"type":"Polygon","coordinates":[[[-76.6239865,39.3278303],[-76.6239832,39.3278205],[-76.6239146,39.3278246],[-76.6239143,39.3278133],[-76.6239937,39.3278093],[-76.6240009,39.3278302],[-76.6240219,39.3278909],[-76.6240132,39.3278926],[-76.624009,39.3278961],[-76.6239948,39.3278549],[-76.6239865,39.3278303]]]}},{"type":"Feature","properties":{"layer":"Sidewalk","_tile":"6/28/35"},"geometry":{"type":"Polygon","coordinates":[[[-76.6233753,39.3278104],[-76.6233781,39.3278112],[-76.6234021,39.3278208],[-76.623389,39.3278398],[-76.623382,39.3278503],[-76.6233751,39.3278613],[-76.6233753,39.3278104]],[[-76.6233745,39.327961],[-76.623392,39.3279607],[-76.6234006,39.3279606],[-76.6234007,39.3279682],[-76.6234007,39.3279803],[-76.6233744,39.3279802],[-76.6233745,39.327961]]]}},{"type":"Feature","properties":{"layer":"Sidewalk","symbol":1,"class":"Other","_tile":"6/28/36"},"geometry":{"type":"Polygon","coordinates":[[[-76.6234799,39.3269941],[-76.6234839,39.3270073],[-76.6234823,39.3270076],[-76.6234597,39.3270118],[-76.6234566,39.3270122],[-76.6234527,39.326999],[-76.6234799,39.3269941]]]}},{"type":"Feature","properties":{"layer":"Sidewalk","symbol":1,"class":"Other","_tile":"6/28/36"},"geometry":{"type":"Polygon","coordinates":[[[-76.6233955,39.3270121],[-76.6233985,39.3270265],[-76.6233795,39.3270314],[-76.6233796,39.3270166],[-76.623384,39.3270154],[-76.6233955,39.3270121]]]}},{"type":"Feature","properties":{"layer":"Sidewalk","symbol":1,"class":"Other","_tile":"6/28/36"},"geometry":{"type":"Polygon","coordinates":[[[-76.6236245,39.3272094],[-76.6236275,39.3271964],[-76.6236305,39.3271818],[-76.6236341,39.327157],[-76.6236369,39.3271307],[-76.6236375,39.3271194],[-76.6236379,39.3271049],[-76.6236377,39.3270698],[-76.6236371,39.3270541],[-76.623636,39.3270359],[-76.6236346,39.3270191],[-76.6236331,39.3270059],[-76.6236765,39.3270044],[-76.6236738,39.3270262],[-76.6236724,39.3270357],[-76.6236662,39.32706],[-76.6236651,39.3270661],[-76.6236645,39.3270708],[-76.6236643,39.3270811],[-76.6236656,39.3271189],[-76.6236657,39.3271347],[-76.6236648,39.3271587],[-76.6236631,39.3271847],[-76.6236615,39.3272067],[-76.6236599,39.3272199],[-76.6236574,39.327233],[-76.623657,39.3272367],[-76.623657,39.3272394],[-76.6236575,39.3272429],[-76.6236582,39.327245],[-76.6236597,39.3272471],[-76.623661,39.3272479],[-76.6236623,39.3272478],[-76.6236645,39.3272469],[-76.623668,39.3272437],[-76.6236829,39.3272172],[-76.6236893,39.3272041],[-76.6236938,39.3271922],[-76.6236991,39.3271756],[-76.6237044,39.3271575],[-76.6237083,39.3271423],[-76.6237116,39.3271265],[-76.6237197,39.3270801],[-76.6237235,39.3270616],[-76.6237283,39.3270426],[-76.6237412,39.3269964],[-76.6237427,39.3269899],[-76.6237663,39.32699],[-76.6237655,39.3269966],[-76.6237448,39.3270809],[-76.6237413,39.3271217],[-76.6237435,39.3271274],[-76.623745,39.32713],[-76.623747,39.3271322],[-76.6237487,39.3271333],[-76.6237501,39.3271334],[-76.6237518,39.3271332],[-76.6237572,39.3271313],[-76.6238285,39.3271028],[-76.6239026,39.3270746],[-76.6239295,39.3270646],[-76.6239845,39.3270446],[-76.6240127,39.3270344],[-76.6240276,39.3270289],[-76.6240275,39.3270466],[-76.6239801,39.3270646],[-76.6239672,39.3270693],[-76.6239356,39.3270805],[-76.6238914,39.3270963],[-76.6238501,39.3271122],[-76.6238369,39.3271171],[-76.623801,39.3271295],[-76.6237917,39.3271331],[-76.6237846,39.327136],[-76.6237734,39.3271414],[-76.6237638,39.3271465],[-76.6237561,39.3271511],[-76.6237511,39.3271549],[-76.623747,39.3271588],[-76.6237421,39.3271643],[-76.6237365,39.327171],[-76.6237314,39.3271777],[-76.6237203,39.3271947],[-76.6236918,39.3272416],[-76.6236739,39.3272682],[-76.6236677,39.3272779],[-76.6236615,39.3272885],[-76.6236522,39.3273059],[-76.6236296,39.3273784],[-76.6236168,39.3274209],[-76.6236102,39.327442],[-76.6235967,39.3274809],[-76.6235921,39.3274928],[-76.6235641,39.3274927],[-76.6235648,39.3274907],[-76.6235706,39.3274752],[-76.6235842,39.3274368],[-76.6235946,39.3274027],[-76.6236034,39.3273735],[-76.6236239,39.3272998],[-76.6236295,39.3272391],[-76.6236331,39.3272075],[-76.6236245,39.3272094]]]}},{"type":"Feature","properties":{"layer":"Sidewalk","symbol":1,"class":"Other","_tile":"6/28/36"},"geometry":{"type":"Polygon","coordinates":[[[-76.6236487,39.3269896],[-76.6236331,39.3270059],[-76.6236306,39.3269896],[-76.6236487,39.3269896]]]}},{"type":"Feature","properties":{"layer":"Sidewalk","symbol":1,"class":"Other","_tile":"6/28/36"},"geometry":{"type":"Polygon","coordinates":[[[-76.6235446,39.3269893],[-76.623547,39.3270038],[-76.6235487,39.3270148],[-76.6235491,39.3270177],[-76.6235208,39.3269992],[-76.623519,39.3269892],[-76.6235446,39.3269893]]]}},{"type":"Feature","properties":{"layer":"Sidewalk","_tile":"6/28/36"},"geometry":{"type":"Polygon","coordinates":[[[-76.623519,39.3269892],[-76.6235208,39.3269992],[-76.6235491,39.3270177],[-76.6235494,39.3270201],[-76.6235251,39.3270239],[-76.6235162,39.3270017],[-76.6235127,39.3270019],[-76.6235087,39.3269892],[-76.623519,39.3269892]]]}},{"type":"Feature","properties":{"layer":"Sidewalk","_tile":"6/28/36"},"geometry":{"type":"Polygon","coordinates":[[[-76.623676,39.3269897],[-76.6236765,39.3270044],[-76.6236331,39.3270059],[-76.6236487,39.3269896],[-76.623676,39.3269897]]]}},{"type":"Feature","properties":{"layer":"Sidewalk","symbol":1,"class":"Other","_tile":"6/28/37"},"geometry":{"type":"Polygon","coordinates":[[[-76.6234799,39.3269941],[-76.623483,39.3270043],[-76.6234542,39.3270043],[-76.6234527,39.326999],[-76.6234799,39.3269941]]]}},{"type":"Feature","properties":{"layer":"Sidewalk","symbol":1,"class":"Other","_tile":"6/28/37"},"geometry":{"type":"Polygon","coordinates":[[[-76.623661,39.3270049],[-76.6236765,39.3270044],[-76.6236765,39.327005],[-76.623661,39.3270049]],[[-76.6237634,39.3270052],[-76.6237386,39.3270052],[-76.6237412,39.3269964],[-76.6237513,39.3269549],[-76.6237545,39.3269441],[-76.6237573,39.326936],[-76.6237622,39.3269252],[-76.6237691,39.3269121],[-76.6237782,39.3268965],[-76.623811,39.3268417],[-76.6237858,39.3268589],[-76.6237751,39.3268666],[-76.623769,39.3268712],[-76.6237526,39.3268838],[-76.6237338,39.3268991],[-76.6237132,39.3269177],[-76.6237075,39.3269224],[-76.6237022,39.3269259],[-76.6236926,39.3269314],[-76.623681,39.3269371],[-76.6236661,39.3269436],[-76.6236634,39.3269263],[-76.6236696,39.3269248],[-76.6236768,39.3269224],[-76.6236833,39.3269198],[-76.6236879,39.3269174],[-76.6236923,39.3269145],[-76.6236974,39.3269101],[-76.6237141,39.3268936],[-76.6237241,39.326885],[-76.6237381,39.3268747],[-76.623751,39.3268658],[-76.6237848,39.3268435],[-76.6237974,39.3268347],[-76.6238171,39.3268199],[-76.6238658,39.3267806],[-76.6238849,39.3267659],[-76.6239105,39.3267475],[-76.6239336,39.326732],[-76.6239533,39.3267196],[-76.6239617,39.3267148],[-76.6239688,39.3267111],[-76.6239819,39.3267049],[-76.6240034,39.3266955],[-76.6240139,39.3267176],[-76.6239862,39.3267272],[-76.6239747,39.3267317],[-76.6239596,39.3267382],[-76.6239449,39.3267452],[-76.6239329,39.3267513],[-76.6239244,39.3267561],[-76.6239162,39.3267617],[-76.6239067,39.3267686],[-76.6238985,39.326775],[-76.6238922,39.3267804],[-76.6238837,39.3267895],[-76.6238734,39.3268021],[-76.6238616,39.3268176],[-76.6238128,39.3268865],[-76.6238061,39.3268956],[-76.6237925,39.3269148],[-76.6237854,39.3269254],[-76.6237798,39.3269344],[-76.6237786,39.3269367],[-76.6237763,39.3269417],[-76.6237732,39.3269507],[-76.6237705,39.3269621],[-76.6237683,39.3269763],[-76.6237655,39.3269966],[-76.6237634,39.3270052]]]}},{"type":"Feature","properties":{"layer":"Sidewalk","symbol":1,"class":"Other","_tile":"6/28/37"},"geometry":{"type":"Polygon","coordinates":[[[-76.6234781,39.3265173],[-76.6234847,39.326539],[-76.6234724,39.3265551],[-76.6234437,39.3265618],[-76.6234471,39.3265538],[-76.6234494,39.3265494],[-76.6234539,39.3265421],[-76.6234585,39.3265357],[-76.6234625,39.3265306],[-76.6234649,39.3265281],[-76.6234684,39.326525],[-76.6234758,39.3265192],[-76.6234781,39.3265173]]]}},{"type":"Feature","properties":{"layer":"Sidewalk","symbol":1,"class":"Other","_tile":"6/28/37"},"geometry":{"type":"Polygon","coordinates":[[[-76.6234399,39.3265717],[-76.6234621,39.3265866],[-76.6234647,39.326607],[-76.6234464,39.3266236],[-76.6234434,39.326619],[-76.6234394,39.3266053],[-76.6234386,39.3265989],[-76.623438,39.326591],[-76.6234382,39.3265828],[-76.6234388,39.3265759],[-76.6234399,39.3265717]]]}},{"type":"Feature","properties":{"layer":"Sidewalk","symbol":1,"class":"Other","_tile":"6/28/37"},"geometry":{"type":"Polygon","coordinates":[[[-76.6236232,39.3269528],[-76.6236505,39.326967],[-76.6236528,39.3269852],[-76.6236342,39.3270048],[-76.6236329,39.3270048],[-76.6236292,39.3269816],[-76.6236232,39.3269528]]]}},{"type":"Feature","properties":{"layer":"Sidewalk","symbol":1,"class":"Other","_tile":"6/28/37"},"geometry":{"type":"Polygon","coordinates":[[[-76.6235391,39.3269632],[-76.6235417,39.3269743],[-76.6235445,39.3269883],[-76.623547,39.3270038],[-76.6235472,39.3270046],[-76.6235289,39.3270045],[-76.6235208,39.3269992],[-76.6235186,39.3269862],[-76.6235178,39.3269818],[-76.6235391,39.3269632]]]}},{"type":"Feature","properties":{"layer":"Sidewalk","symbol":1,"class":"Other","_tile":"6/28/37"},"geometry":{"type":"Polygon","coordinates":[[[-76.6240304,39.3265028],[-76.6240302,39.3265308],[-76.6240249,39.3265194],[-76.6240173,39.3265027],[-76.6240304,39.3265028]]]}},{"type":"Feature","properties":{"layer":"Sidewalk","_tile":"6/28/37"},"geometry":{"type":"Polygon","coordinates":[[[-76.6233814,39.3266763],[-76.6233956,39.3266929],[-76.6234163,39.3267181],[-76.6234283,39.3267332],[-76.6234372,39.3267449],[-76.6234477,39.3267595],[-76.6234571,39.3267732],[-76.623464,39.3267837],[-76.6234723,39.326798],[-76.6234843,39.3268205],[-76.6234956,39.3268426],[-76.6235044,39.3268615],[-76.6235107,39.3268775],[-76.6235204,39.3269043],[-76.6235314,39.3269374],[-76.6235391,39.3269632],[-76.6235178,39.3269818],[-76.6235186,39.3269862],[-76.6235208,39.3269992],[-76.6235289,39.3270045],[-76.6235173,39.3270045],[-76.6235162,39.3270017],[-76.6235127,39.3270019],[-76.6235086,39.3269887],[-76.6235109,39.3269882],[-76.6235042,39.3269719],[-76.6235018,39.3269657],[-76.6235095,39.3269584],[-76.6235114,39.3269549],[-76.6235118,39.3269536],[-76.6235119,39.3269514],[-76.623511,39.3269482],[-76.6235032,39.3269305],[-76.6234999,39.3269213],[-76.6234895,39.3268883],[-76.623486,39.326878],[-76.6234784,39.3268598],[-76.6234681,39.3268382],[-76.623457,39.3268169],[-76.6234472,39.3267999],[-76.6234304,39.3267747],[-76.6234103,39.3267465],[-76.6233893,39.3267187],[-76.6233812,39.3267087],[-76.6233814,39.3266763]]]}},{"type":"Feature","properties":{"layer":"Sidewalk","_tile":"6/28/37"},"geometry":{"type":"Polygon","coordinates":[[[-76.6236903,39.3269732],[-76.6236893,39.3269619],[-76.6236718,39.3269628],[-76.623673,39.3269742],[-76.6236903,39.3269732]],[[-76.6236232,39.3269528],[-76.6236196,39.3269394],[-76.6236145,39.3269221],[-76.623608,39.3269025],[-76.6236017,39.3268843],[-76.6235967,39.3268716],[-76.6235902,39.3268557],[-76.6235742,39.3268203],[-76.6235621,39.3267956],[-76.623549,39.3267711],[-76.6235361,39.3267495],[-76.62352,39.3267247],[-76.6235038,39.3267022],[-76.6234709,39.3266589],[-76.6234558,39.3266384],[-76.6234464,39.3266236],[-76.6234647,39.326607],[-76.6234621,39.3265866],[-76.6234399,39.3265717],[-76.6234416,39.3265663],[-76.6234437,39.3265618],[-76.6234724,39.3265551],[-76.6234847,39.326539],[-76.6234781,39.3265173],[-76.6234837,39.3265129],[-76.6234952,39.3265076],[-76.6235181,39.3265369],[-76.6235934,39.3265014],[-76.6236482,39.3265015],[-76.6235871,39.3265298],[-76.6235395,39.3265522],[-76.623523,39.3265598],[-76.6235144,39.326564],[-76.6235071,39.3265685],[-76.6235045,39.3265705],[-76.6235027,39.3265723],[-76.6234982,39.3265785],[-76.6234935,39.3265864],[-76.6234897,39.3265945],[-76.6234869,39.326601],[-76.623485,39.3266066],[-76.6234844,39.3266106],[-76.6234845,39.3266153],[-76.6234851,39.3266207],[-76.6234863,39.3266264],[-76.6234876,39.3266309],[-76.6234923,39.3266415],[-76.6234958,39.3266474],[-76.6235013,39.3266554],[-76.6235219,39.3266823],[-76.6235354,39.3267011],[-76.6235511,39.3267244],[-76.6235659,39.3267473],[-76.6235774,39.3267666],[-76.6235896,39.3267884],[-76.6236008,39.3268094],[-76.6236096,39.3268271],[-76.6236157,39.3268406],[-76.6236221,39.3268574],[-76.6236242,39.3268626],[-76.6236366,39.3268994],[-76.6236455,39.3269269],[-76.6236581,39.3269267],[-76.6236634,39.3269263],[-76.6236661,39.3269436],[-76.6236677,39.3269522],[-76.623675,39.3269511],[-76.6236981,39.326949],[-76.6237039,39.3269824],[-76.6236758,39.3269857],[-76.6236765,39.3270044],[-76.623661,39.3270049],[-76.6236342,39.3270048],[-76.6236528,39.3269852],[-76.6236505,39.326967],[-76.6236232,39.3269528]]]}},{"type":"Feature","properties":{"layer":"Sidewalk","symbol":1,"class":"Other","_tile":"6/28/38"},"geometry":{"type":"Polygon","coordinates":[[[-76.6238281,39.3263907],[-76.6238451,39.3263826],[-76.6238477,39.3263841],[-76.6238521,39.3263868],[-76.6238567,39.3263908],[-76.623866,39.3264011],[-76.6238434,39.3264115],[-76.6238281,39.3263907]]]}},{"type":"Feature","properties":{"layer":"Sidewalk","symbol":1,"class":"Other","_tile":"6/28/38"},"geometry":{"type":"Polygon","coordinates":[[[-76.6234339,39.3264584],[-76.6234285,39.3264608],[-76.6234052,39.326471],[-76.6233836,39.3264798],[-76.6233824,39.3264803],[-76.6233825,39.3264602],[-76.6233827,39.3264596],[-76.6234027,39.3264502],[-76.6234339,39.3264584]]]}},{"type":"Feature","properties":{"layer":"Sidewalk","symbol":1,"class":"Other","_tile":"6/28/38"},"geometry":{"type":"Polygon","coordinates":[[[-76.6237379,39.3262544],[-76.6237516,39.3262481],[-76.6237634,39.3262424],[-76.6237655,39.3262465],[-76.6237687,39.3262538],[-76.6237707,39.3262596],[-76.6237714,39.3262633],[-76.6237513,39.3262731],[-76.6237431,39.3262615],[-76.6237379,39.3262544]]]}},{"type":"Feature","properties":{"layer":"Sidewalk","symbol":1,"class":"Other","_tile":"6/28/38"},"geometry":{"type":"Polygon","coordinates":[[[-76.6239512,39.3263327],[-76.6239666,39.3263516],[-76.6239666,39.3263534],[-76.6240159,39.3264599],[-76.6240304,39.3264916],[-76.6240303,39.326518],[-76.6240243,39.326518],[-76.6239949,39.3264536],[-76.6239823,39.3264262],[-76.6239554,39.3263698],[-76.6239488,39.3263789],[-76.6239327,39.3263435],[-76.6239323,39.3263416],[-76.6239512,39.3263327]]]}},{"type":"Feature","properties":{"layer":"Sidewalk","symbol":1,"class":"Other","_tile":"6/28/38"},"geometry":{"type":"Polygon","coordinates":[[[-76.6233849,39.3260126],[-76.6234035,39.3260127],[-76.623441,39.3260607],[-76.6233845,39.3260872],[-76.6233849,39.3260126]],[[-76.6233842,39.3261475],[-76.6234525,39.3262352],[-76.6233835,39.3262675],[-76.6233842,39.3261475]]]}},{"type":"Feature","properties":{"layer":"Sidewalk","_tile":"6/28/38"},"geometry":{"type":"Polygon","coordinates":[[[-76.6239512,39.3263327],[-76.6240312,39.3262954],[-76.6240315,39.3262953],[-76.6240313,39.3263204],[-76.6240247,39.3263235],[-76.6239666,39.3263516],[-76.6239512,39.3263327]]]}},{"type":"Feature","properties":{"layer":"Sidewalk","_tile":"6/28/38"},"geometry":{"type":"Polygon","coordinates":[[[-76.6234795,39.3265163],[-76.6234837,39.3265129],[-76.6234952,39.3265076],[-76.6235021,39.3265163],[-76.6234795,39.3265163]],[[-76.6236154,39.3265167],[-76.6235613,39.3265165],[-76.6236234,39.3264873],[-76.6238281,39.3263907],[-76.6238434,39.3264115],[-76.6237345,39.3264618],[-76.6236779,39.3264878],[-76.6236154,39.3265167]]]}},{"type":"Feature","properties":{"layer":"Sidewalk","_tile":"6/28/38"},"geometry":{"type":"Polygon","coordinates":[[[-76.6238731,39.3262165],[-76.6238677,39.3262132],[-76.6238615,39.3262085],[-76.6238544,39.3262026],[-76.6238535,39.3262018],[-76.6238818,39.3261883],[-76.6240266,39.3261206],[-76.6240324,39.3261179],[-76.6240323,39.3261422],[-76.6239502,39.3261805],[-76.6238739,39.3262169],[-76.6238731,39.3262165]]]}},{"type":"Feature","properties":{"layer":"Sidewalk","_tile":"6/28/38"},"geometry":{"type":"Polygon","coordinates":[[[-76.6233827,39.3264189],[-76.6233963,39.3264137],[-76.6234173,39.3264054],[-76.6234326,39.3263984],[-76.6234672,39.3263813],[-76.6235976,39.3263217],[-76.6236493,39.3262968],[-76.6237082,39.3262688],[-76.6237379,39.3262544],[-76.6237516,39.3262481],[-76.6237634,39.3262424],[-76.6237655,39.3262465],[-76.6237687,39.3262538],[-76.6237707,39.3262596],[-76.6237714,39.3262633],[-76.6237513,39.3262731],[-76.6236839,39.3263058],[-76.6235543,39.3263648],[-76.6234313,39.3264247],[-76.6234496,39.3264512],[-76.6234339,39.3264584],[-76.6234027,39.3264502],[-76.6233827,39.3264596],[-76.6233825,39.3264602],[-76.6233827,39.3264189]]]}},{"type":"Feature","properties":{"layer":"Sidewalk","symbol":1,"class":"Other","_tile":"6/28/39"},"geometry":{"type":"Polygon","coordinates":[[[-76.6236277,39.3255321],[-76.6236422,39.3255253],[-76.6236468,39.3255254],[-76.6236587,39.3255412],[-76.6236405,39.3255494],[-76.6236277,39.3255321]]]}},{"type":"Feature","properties":{"layer":"Sidewalk","symbol":1,"class":"Other","_tile":"6/28/39"},"geometry":{"type":"Polygon","coordinates":[[[-76.6233853,39.3259312],[-76.6234202,39.3259782],[-76.6233882,39.3259932],[-76.6234153,39.326028],[-76.6233848,39.3260279],[-76.6233853,39.3259312]]]}},{"type":"Feature","properties":{"layer":"Sidewalk","symbol":1,"class":"Other","_tile":"6/28/40"},"geometry":{"type":"Polygon","coordinates":[[[-76.6234751,39.3250368],[-76.6234818,39.3250471],[-76.623483,39.3250487],[-76.623467,39.325056],[-76.623464,39.3250519],[-76.6234586,39.3250449],[-76.6234751,39.3250368]]]}},{"type":"Feature","properties":{"layer":"Sidewalk","symbol":1,"class":"Other","_tile":"6/28/40"},"geometry":{"type":"Polygon","coordinates":[[[-76.6236277,39.3255321],[-76.6236456,39.3255238],[-76.6236582,39.3255406],[-76.623634,39.3255406],[-76.6236277,39.3255321]]]}},{"type":"Feature","properties":{"layer":"Sidewalk","symbol":1,"class":"Other","_tile":"6/28/40"},"geometry":{"type":"Polygon","coordinates":[[[-76.6233886,39.3253239],[-76.6233901,39.3253242],[-76.6233921,39.3253248],[-76.6233885,39.3253285],[-76.6233886,39.3253239]]]}},{"type":"Feature","properties":{"layer":"Sidewalk","symbol":1,"class":"Other","_tile":"6/28/41"},"geometry":{"type":"Polygon","coordinates":[[[-76.6234025,39.3249474],[-76.6234047,39.3249463],[-76.6234629,39.3250213],[-76.6234463,39.3250289],[-76.6234297,39.3250073],[-76.6233905,39.3249571],[-76.6233905,39.324953],[-76.6234025,39.3249474]]]}},{"type":"Feature","properties":{"layer":"Sidewalk","symbol":1,"class":"Other","_tile":"6/28/41"},"geometry":{"type":"Polygon","coordinates":[[[-76.6234751,39.3250368],[-76.6234818,39.3250471],[-76.623483,39.3250487],[-76.6234758,39.325052],[-76.623464,39.3250519],[-76.6234586,39.3250449],[-76.6234751,39.3250368]]]}},{"type":"Feature","properties":{"layer":"Sidewalk","symbol":1,"class":"Other","_tile":"6/28/41"},"geometry":{"type":"Polygon","coordinates":[[[-76.6239428,39.3245501],[-76.6239611,39.3245733],[-76.6239814,39.3245632],[-76.6239849,39.3245678],[-76.6239649,39.3245775],[-76.6240232,39.3246523],[-76.6240401,39.3246739],[-76.6240398,39.3247263],[-76.6240206,39.3247018],[-76.6240315,39.324697],[-76.6239578,39.3246025],[-76.6239438,39.324609],[-76.6239153,39.3245726],[-76.6239294,39.3245652],[-76.6239175,39.3245501],[-76.6239428,39.3245501]]]}},{"type":"Feature","properties":{"layer":"Sidewalk","symbol":1,"class":"Other","_tile":"6/28/42"},"geometry":{"type":"Polygon","coordinates":[[[-76.6235636,39.3242216],[-76.6235789,39.3242141],[-76.6235851,39.324223],[-76.6235962,39.3242382],[-76.623581,39.3242433],[-76.6235795,39.324244],[-76.6235636,39.3242216]]]}},{"type":"Feature","properties":{"layer":"Sidewalk","symbol":1,"class":"Other","_tile":"6/28/42"},"geometry":{"type":"Polygon","coordinates":[[[-76.6237774,39.3240615],[-76.6238001,39.3240909],[-76.6238263,39.3240794],[-76.623833,39.3240879],[-76.6238354,39.3240911],[-76.6238108,39.3241025],[-76.6238238,39.3241212],[-76.6238265,39.3241201],[-76.623829,39.3241189],[-76.6238501,39.3241098],[-76.6238604,39.3241229],[-76.6238676,39.324132],[-76.6238613,39.3241347],[-76.6238579,39.3241364],[-76.6238421,39.3241433],[-76.6238741,39.324185],[-76.6238768,39.3241885],[-76.6239026,39.3241767],[-76.6239096,39.3241856],[-76.6239188,39.3241973],[-76.6238916,39.3242106],[-76.6239065,39.3242285],[-76.623909,39.3242273],[-76.6239337,39.3242163],[-76.623936,39.3242191],[-76.6239391,39.3242231],[-76.6239124,39.3242353],[-76.6239254,39.3242538],[-76.6239531,39.3242411],[-76.6239613,39.3242515],[-76.6239538,39.324255],[-76.623937,39.3242622],[-76.6239907,39.3243289],[-76.6240054,39.3243208],[-76.6240115,39.3243286],[-76.6239901,39.3243378],[-76.6240087,39.3243624],[-76.624035,39.3243942],[-76.6240416,39.3243909],[-76.6240414,39.324431],[-76.6239717,39.3243417],[-76.6239004,39.324251],[-76.6238451,39.3241803],[-76.6237852,39.3241042],[-76.6237518,39.3240614],[-76.6237774,39.3240615]]]}},{"type":"Feature","properties":{"layer":"Sidewalk","symbol":1,"class":"Other","_tile":"6/28/42"},"geometry":{"type":"Polygon","coordinates":[[[-76.6235533,39.3241823],[-76.623538,39.3241898],[-76.623535,39.324185],[-76.6233942,39.3242525],[-76.6233944,39.3242334],[-76.6234593,39.3242025],[-76.6234991,39.3241837],[-76.6234912,39.3241734],[-76.6235836,39.3241299],[-76.6235714,39.324121],[-76.6235823,39.3241168],[-76.6235906,39.3241133],[-76.6235966,39.3241112],[-76.6235978,39.324111],[-76.6236012,39.32411],[-76.6236061,39.3241095],[-76.6236109,39.3241094],[-76.6236144,39.3241097],[-76.6236188,39.3241109],[-76.6236231,39.3241124],[-76.6236276,39.3241143],[-76.6236293,39.3241155],[-76.6236312,39.3241173],[-76.6236398,39.3241278],[-76.6236486,39.324139],[-76.6236734,39.324171],[-76.6237109,39.3242184],[-76.6236891,39.3242285],[-76.6237516,39.3243064],[-76.6238703,39.3244579],[-76.6239549,39.3245654],[-76.6239293,39.3245653],[-76.6239294,39.3245652],[-76.6238118,39.3244151],[-76.6237231,39.3243042],[-76.6237214,39.3243019],[-76.6236046,39.3241562],[-76.6236016,39.3241522],[-76.6235939,39.324156],[-76.6235528,39.3241758],[-76.6235488,39.3241776],[-76.6235533,39.3241823]],[[-76.6239831,39.3245655],[-76.6239768,39.3245655],[-76.6239814,39.3245632],[-76.6239831,39.3245655]]]}},{"type":"Feature","properties":{"layer":"Sidewalk","symbol":1,"class":"Other","_tile":"6/28/43"},"geometry":{"type":"Polygon","coordinates":[[[-76.6236976,39.3235732],[-76.6236996,39.3235759],[-76.6236984,39.3235765],[-76.6236958,39.3235732],[-76.6236976,39.3235732]]]}},{"type":"Feature","properties":{"layer":"Sidewalk","symbol":1,"class":"Other","_tile":"6/28/43"},"geometry":{"type":"Polygon","coordinates":[[[-76.6236976,39.3235903],[-76.6236942,39.3235861],[-76.6237223,39.3235733],[-76.6237332,39.3235733],[-76.6237032,39.3235876],[-76.6237031,39.3235876],[-76.6236976,39.3235903]]]}},{"type":"Feature","properties":{"layer":"Sidewalk","symbol":1,"class":"Other","_tile":"6/28/43"},"geometry":{"type":"Polygon","coordinates":[[[-76.6237224,39.3236221],[-76.6237174,39.3236158],[-76.6237164,39.3236145],[-76.6237434,39.3236024],[-76.6238084,39.3235735],[-76.6238254,39.3235736],[-76.6238222,39.323575],[-76.6237362,39.3236158],[-76.6237524,39.3236376],[-76.6238622,39.3235904],[-76.6238972,39.3235738],[-76.6239183,39.3235739],[-76.6238544,39.3236031],[-76.6238503,39.3236048],[-76.6237511,39.3236462],[-76.6237296,39.3236188],[-76.6237224,39.3236221]],[[-76.6239644,39.323574],[-76.623982,39.3235971],[-76.6239717,39.3236018],[-76.6239303,39.3236212],[-76.6239257,39.3236147],[-76.623968,39.3235964],[-76.6239525,39.323574],[-76.6239644,39.323574]],[[-76.6240181,39.3235742],[-76.6240132,39.3235764],[-76.6240115,39.3235742],[-76.6240181,39.3235742]]]}},{"type":"Feature","properties":{"layer":"Sidewalk","symbol":1,"class":"Other","_tile":"6/28/43"},"geometry":{"type":"Polygon","coordinates":[[[-76.6236133,39.3238864],[-76.6236331,39.3238773],[-76.6236226,39.323864],[-76.6236038,39.3238745],[-76.6235712,39.323833],[-76.6235897,39.3238241],[-76.6235766,39.3238085],[-76.6235592,39.3238177],[-76.6235276,39.3237777],[-76.623549,39.3237696],[-76.6235359,39.3237527],[-76.6235207,39.3237605],[-76.6235161,39.323763],[-76.6235011,39.3237441],[-76.6234734,39.3237085],[-76.623494,39.3237004],[-76.6234867,39.3236915],[-76.6234676,39.3237012],[-76.6234233,39.3236434],[-76.6234429,39.3236352],[-76.6234349,39.3236248],[-76.6234156,39.3236336],[-76.6233977,39.3236107],[-76.6233979,39.3235722],[-76.6234169,39.3235723],[-76.6234212,39.3235781],[-76.6234295,39.3235889],[-76.6234468,39.3236079],[-76.6234478,39.3236073],[-76.6234572,39.323603],[-76.6234655,39.3235994],[-76.6234678,39.3236022],[-76.6234748,39.3236114],[-76.6234533,39.3236198],[-76.6234707,39.3236406],[-76.6234904,39.3236314],[-76.6234992,39.3236427],[-76.6234826,39.3236517],[-76.6235016,39.3236744],[-76.6235175,39.3236661],[-76.6235266,39.3236778],[-76.623524,39.3236791],[-76.623508,39.3236866],[-76.6235717,39.3237682],[-76.6235903,39.3237594],[-76.6235916,39.3237611],[-76.6236008,39.3237729],[-76.6235822,39.3237817],[-76.6236493,39.3238678],[-76.6236679,39.3238591],[-76.623669,39.3238605],[-76.6236988,39.3238986],[-76.6237011,39.3239017],[-76.6238944,39.3238108],[-76.6238859,39.3237999],[-76.6238913,39.3237973],[-76.6238997,39.3238062],[-76.6239278,39.3237958],[-76.6239433,39.3237899],[-76.623938,39.3237806],[-76.6239493,39.3237755],[-76.6239545,39.323773],[-76.6239592,39.323781],[-76.6239872,39.3237694],[-76.6239817,39.3237603],[-76.6239908,39.3237561],[-76.6239946,39.3237543],[-76.6239974,39.3237593],[-76.6240249,39.3237461],[-76.6240229,39.3237412],[-76.6240352,39.3237354],[-76.6240447,39.3237478],[-76.624045,39.3237477],[-76.6240448,39.323775],[-76.6239555,39.3238167],[-76.6239473,39.3238206],[-76.6239376,39.3238082],[-76.6238945,39.3238283],[-76.623785,39.3238798],[-76.6237412,39.3239003],[-76.623717,39.3239118],[-76.6237283,39.3239231],[-76.6237011,39.3239358],[-76.6236828,39.3239441],[-76.623676,39.323947],[-76.6236683,39.3239469],[-76.6236654,39.3239465],[-76.6236625,39.3239452],[-76.6236575,39.3239424],[-76.6236133,39.3238864]]]}},{"type":"Feature","properties":{"layer":"Sidewalk","symbol":1,"class":"Other","_tile":"6/28/43"},"geometry":{"type":"Polygon","coordinates":[[[-76.6237392,39.3240399],[-76.6237404,39.3240365],[-76.6237432,39.3240326],[-76.6237475,39.3240285],[-76.6237505,39.3240269],[-76.6237517,39.3240264],[-76.6237572,39.3240348],[-76.6237756,39.3240265],[-76.6238821,39.3239777],[-76.6240442,39.3239015],[-76.6240441,39.323916],[-76.6240273,39.3239241],[-76.62385,39.324008],[-76.6238637,39.324024],[-76.6238522,39.3240295],[-76.6238378,39.3240137],[-76.6237662,39.3240468],[-76.6237893,39.3240768],[-76.6237637,39.3240767],[-76.6237407,39.3240471],[-76.623739,39.3240428],[-76.6237392,39.3240399]]]}},{"type":"Feature","properties":{"layer":"Sidewalk","symbol":1,"class":"Other","_tile":"6/28/43"},"geometry":{"type":"Polygon","coordinates":[[[-76.6233954,39.324038],[-76.6234018,39.3240349],[-76.6233954,39.3240268],[-76.6233955,39.324017],[-76.6233978,39.324016],[-76.6234097,39.3240313],[-76.6234142,39.3240293],[-76.6234435,39.3240154],[-76.6234316,39.3240001],[-76.6234398,39.3239962],[-76.6234517,39.3240116],[-76.6234827,39.3239971],[-76.6234847,39.3239994],[-76.6235063,39.3239896],[-76.6235164,39.3239849],[-76.6235166,39.3239849],[-76.6235213,39.323991],[-76.6235022,39.3240012],[-76.6234934,39.324006],[-76.6234902,39.3240077],[-76.6234551,39.3240238],[-76.6233953,39.3240519],[-76.6233954,39.324038]]]}},{"type":"Feature","properties":{"layer":"Sidewalk","_tile":"6/29/32"},"geometry":{"type":"Polygon","coordinates":[[[-76.6227386,39.3293676],[-76.6227611,39.3293716],[-76.6228686,39.3293905],[-76.6228727,39.3293912],[-76.6228801,39.3293947],[-76.6228836,39.3293992],[-76.6228812,39.3294129],[-76.6228875,39.329414],[-76.6228808,39.3294407],[-76.6228801,39.3294429],[-76.6228544,39.3294428],[-76.6228544,39.3294426],[-76.6228544,39.3294397],[-76.6228536,39.3294342],[-76.6228532,39.329432],[-76.6228517,39.3294269],[-76.6228511,39.3294255],[-76.6228493,39.3294225],[-76.6228468,39.3294192],[-76.6228433,39.3294153],[-76.6228396,39.329412],[-76.6228383,39.3294109],[-76.6228343,39.3294084],[-76.6228289,39.3294055],[-76.6228257,39.3294039],[-76.6228194,39.3294012],[-76.622817,39.3294002],[-76.6228139,39.3293993],[-76.6228107,39.3293983],[-76.622804,39.3293968],[-76.6227764,39.3293916],[-76.6227385,39.3293846],[-76.6227386,39.3293676]]]}},{"type":"Feature","properties":{"layer":"Sidewalk","symbol":1,"class":"Other","_tile":"6/29/33"},"geometry":{"type":"Polygon","coordinates":[[[-76.6233026,39.3284528],[-76.6233263,39.3284907],[-76.6233476,39.3285235],[-76.6233633,39.328546],[-76.62337,39.3285551],[-76.6233763,39.3285628],[-76.6233882,39.328576],[-76.6233909,39.3285788],[-76.6233907,39.3286156],[-76.6233809,39.3286065],[-76.6233643,39.3285898],[-76.6233513,39.3285756],[-76.6233446,39.3285672],[-76.6233373,39.3285574],[-76.6233212,39.3285342],[-76.6233087,39.328515],[-76.6233043,39.3285084],[-76.6233011,39.3285032],[-76.6232977,39.328498],[-76.6232895,39.3284848],[-76.6232877,39.328482],[-76.6232822,39.3284731],[-76.6232694,39.3284527],[-76.6233026,39.3284528]]]}},{"type":"Feature","properties":{"layer":"Sidewalk","symbol":1,"class":"Other","_tile":"6/29/34"},"geometry":{"type":"Polygon","coordinates":[[[-76.6229069,39.3279634],[-76.6228978,39.327968],[-76.6228946,39.3279634],[-76.6229069,39.3279634]]]}},{"type":"Feature","properties":{"layer":"Sidewalk","symbol":1,"class":"Other","_tile":"6/29/34"},"geometry":{"type":"Polygon","coordinates":[[[-76.6229329,39.3279734],[-76.6229416,39.3279859],[-76.6229239,39.3279965],[-76.6229117,39.3279843],[-76.6229329,39.3279734]]]}},{"type":"Feature","properties":{"layer":"Sidewalk","symbol":1,"class":"Other","_tile":"6/29/34"},"geometry":{"type":"Polygon","coordinates":[[[-76.6230773,39.327964],[-76.6230761,39.3279653],[-76.6230656,39.3279747],[-76.6230541,39.327985],[-76.6230101,39.3280026],[-76.6229821,39.328016],[-76.6229626,39.328025],[-76.6229463,39.3280321],[-76.6229332,39.3280371],[-76.6229172,39.3280427],[-76.6228304,39.3280702],[-76.6227919,39.3280827],[-76.622783,39.3280853],[-76.6227761,39.3280869],[-76.6227694,39.3280879],[-76.6227606,39.3280888],[-76.6227454,39.3280896],[-76.6227455,39.3280759],[-76.6227518,39.3280753],[-76.6227661,39.3280734],[-76.622773,39.3280719],[-76.6227819,39.3280693],[-76.6228076,39.3280607],[-76.6228282,39.3280531],[-76.6228611,39.3280405],[-76.6229356,39.3280105],[-76.622932,39.3280046],[-76.6229497,39.3279939],[-76.6229543,39.3279979],[-76.6229564,39.3279991],[-76.6229628,39.3280008],[-76.6230014,39.3279871],[-76.6230136,39.3279824],[-76.6230426,39.3279727],[-76.6230516,39.3279639],[-76.6230773,39.327964]]]}},{"type":"Feature","properties":{"layer":"Sidewalk","symbol":1,"class":"Other","_tile":"6/29/34"},"geometry":{"type":"Polygon","coordinates":[[[-76.62323,39.3280833],[-76.6232585,39.3280901],[-76.6232513,39.3281076],[-76.623247,39.3281188],[-76.6232454,39.3281224],[-76.6232392,39.3281404],[-76.6232336,39.3281586],[-76.6232326,39.3281612],[-76.6232314,39.3281663],[-76.6232286,39.3281762],[-76.6232243,39.328195],[-76.6232229,39.3282061],[-76.6232217,39.3282205],[-76.623221,39.3282368],[-76.6232212,39.3282391],[-76.6232211,39.3282509],[-76.6232218,39.3282603],[-76.6232226,39.328267],[-76.623226,39.3282869],[-76.623226,39.3282874],[-76.623229,39.3283],[-76.6232311,39.3283097],[-76.6232365,39.3283285],[-76.6232413,39.3283415],[-76.6232488,39.3283579],[-76.6232583,39.3283773],[-76.6232693,39.328398],[-76.6232816,39.328419],[-76.6233122,39.3284681],[-76.623279,39.328468],[-76.6232571,39.328433],[-76.6232547,39.3284289],[-76.6232418,39.3284071],[-76.6232307,39.3283859],[-76.6232251,39.3283747],[-76.6232208,39.3283659],[-76.6232131,39.3283486],[-76.6232072,39.328333],[-76.6232018,39.3283141],[-76.6231965,39.3282909],[-76.6231929,39.3282695],[-76.6231919,39.32826],[-76.6231913,39.3282515],[-76.6231913,39.3282366],[-76.623192,39.3282197],[-76.6231925,39.3282117],[-76.6231931,39.3282042],[-76.6231947,39.3281918],[-76.623198,39.3281771],[-76.6232032,39.3281577],[-76.6232063,39.3281475],[-76.6232073,39.3281441],[-76.6232102,39.3281346],[-76.6232158,39.3281187],[-76.62323,39.3280833]]]}},{"type":"Feature","properties":{"layer":"Sidewalk","_tile":"6/29/34"},"geometry":{"type":"Polygon","coordinates":[[[-76.62323,39.3280833],[-76.6232181,39.3280668],[-76.6232059,39.3280502],[-76.6232112,39.3280465],[-76.6232159,39.3280421],[-76.6232213,39.3280358],[-76.6232267,39.3280284],[-76.6232365,39.3280138],[-76.623255,39.3279875],[-76.6232657,39.3279722],[-76.623271,39.3279646],[-76.6233942,39.327965],[-76.6233937,39.3280523],[-76.6233658,39.3280531],[-76.6233297,39.3280235],[-76.623278,39.3280238],[-76.6232747,39.3280346],[-76.6232585,39.3280901],[-76.62323,39.3280833]]]}},{"type":"Feature","properties":{"layer":"Sidewalk","symbol":1,"class":"Other","_tile":"6/29/35"},"geometry":{"type":"Polygon","coordinates":[[[-76.6233781,39.3278112],[-76.6233951,39.3277843],[-76.6233949,39.3278179],[-76.6233781,39.3278112]]]}},{"type":"Feature","properties":{"layer":"Sidewalk","symbol":1,"class":"Other","_tile":"6/29/35"},"geometry":{"type":"Polygon","coordinates":[[[-76.623382,39.3278503],[-76.623389,39.3278398],[-76.6233936,39.3278406],[-76.6233948,39.3278407],[-76.6233948,39.3278517],[-76.623382,39.3278503]]]}},{"type":"Feature","properties":{"layer":"Sidewalk","symbol":1,"class":"Other","_tile":"6/29/35"},"geometry":{"type":"Polygon","coordinates":[[[-76.6231257,39.3279367],[-76.6231348,39.3279242],[-76.6231391,39.3279256],[-76.6231421,39.3279266],[-76.6231325,39.3279402],[-76.6231257,39.3279367]]]}},{"type":"Feature","properties":{"layer":"Sidewalk","symbol":1,"class":"Other","_tile":"6/29/35"},"geometry":{"type":"Polygon","coordinates":[[[-76.6228846,39.3279183],[-76.6228873,39.3279213],[-76.6228986,39.3279337],[-76.6228877,39.3279395],[-76.6228788,39.3279441],[-76.6228676,39.3279316],[-76.6228846,39.3279183]]]}},{"type":"Feature","properties":{"layer":"Sidewalk","symbol":1,"class":"Other","_tile":"6/29/35"},"geometry":{"type":"Polygon","coordinates":[[[-76.6228931,39.3279554],[-76.6229099,39.3279466],[-76.622919,39.3279573],[-76.6228978,39.327968],[-76.6228934,39.3279617],[-76.62289,39.3279571],[-76.6228931,39.3279554]]]}},{"type":"Feature","properties":{"layer":"Sidewalk","symbol":1,"class":"Other","_tile":"6/29/35"},"geometry":{"type":"Polygon","coordinates":[[[-76.6229329,39.3279734],[-76.6229366,39.3279788],[-76.6229224,39.3279787],[-76.6229329,39.3279734]]]}},{"type":"Feature","properties":{"layer":"Sidewalk","symbol":1,"class":"Other","_tile":"6/29/35"},"geometry":{"type":"Polygon","coordinates":[[[-76.6232292,39.3278044],[-76.6232106,39.3278039],[-76.6232041,39.3278141],[-76.6232129,39.327824],[-76.6232074,39.3278238],[-76.6232042,39.3278241],[-76.6231973,39.3278253],[-76.6231842,39.3278435],[-76.6231545,39.3278789],[-76.6231423,39.3278932],[-76.623136,39.3279008],[-76.6231202,39.3279183],[-76.6231241,39.3279194],[-76.6231149,39.3279319],[-76.6231125,39.327931],[-76.6231099,39.3279298],[-76.6230871,39.3279542],[-76.6230761,39.3279653],[-76.6230656,39.3279747],[-76.6230605,39.3279792],[-76.6230236,39.3279791],[-76.6230426,39.3279727],[-76.6230661,39.3279496],[-76.6230929,39.3279221],[-76.6231089,39.3279058],[-76.6231355,39.3278769],[-76.6231474,39.3278634],[-76.6231562,39.3278529],[-76.6231798,39.3278218],[-76.6231872,39.3278125],[-76.6231908,39.3278085],[-76.6231937,39.3278057],[-76.623196,39.3278043],[-76.6231994,39.3278027],[-76.6232034,39.327801],[-76.6232072,39.3277998],[-76.6232103,39.3277992],[-76.6232146,39.3277993],[-76.6232201,39.3278],[-76.6232313,39.3278012],[-76.6232292,39.3278044]]]}},{"type":"Feature","properties":{"layer":"Sidewalk","symbol":1,"class":"Other","_tile":"6/29/35"},"geometry":{"type":"Polygon","coordinates":[[[-76.6232129,39.327824],[-76.6232041,39.3278141],[-76.6232106,39.3278039],[-76.6232292,39.3278044],[-76.6232224,39.3278143],[-76.6232152,39.3278242],[-76.6232129,39.327824]]]}},{"type":"Feature","properties":{"layer":"Sidewalk","symbol":1,"class":"Other","_tile":"6/29/35"},"geometry":{"type":"Polygon","coordinates":[[[-76.6233335,39.3278071],[-76.6233584,39.3278274],[-76.6233555,39.327844],[-76.6233304,39.3278597],[-76.6233311,39.3278553],[-76.6233313,39.3278497],[-76.6233314,39.3278256],[-76.6233327,39.3278118],[-76.6233335,39.3278071]]]}},{"type":"Feature","properties":{"layer":"Sidewalk","_tile":"6/29/35"},"geometry":{"type":"Polygon","coordinates":[[[-76.6232605,39.3279798],[-76.6232657,39.3279722],[-76.6232776,39.3279547],[-76.6232922,39.3279332],[-76.6233092,39.3279074],[-76.6233149,39.3278982],[-76.6233188,39.3278912],[-76.6233222,39.3278838],[-76.6233258,39.3278749],[-76.6233287,39.3278663],[-76.6233304,39.3278597],[-76.6233555,39.327844],[-76.6233584,39.3278274],[-76.6233335,39.3278071],[-76.6233349,39.3278006],[-76.623336,39.3277976],[-76.6233735,39.3278098],[-76.6233781,39.3278112],[-76.6233949,39.3278179],[-76.6233949,39.3278313],[-76.623389,39.3278398],[-76.623382,39.3278503],[-76.6233636,39.3278793],[-76.6233471,39.3279055],[-76.6233256,39.3279407],[-76.6233343,39.3279616],[-76.6233432,39.3279614],[-76.623392,39.3279607],[-76.6233942,39.3279607],[-76.6233941,39.3279802],[-76.6232605,39.3279798]]]}},{"type":"Feature","properties":{"layer":"Sidewalk","_tile":"6/29/35"},"geometry":{"type":"Polygon","coordinates":[[[-76.6227467,39.3278424],[-76.6227546,39.3278373],[-76.6227654,39.3278464],[-76.6227841,39.3278626],[-76.6228203,39.3278937],[-76.6228112,39.3279004],[-76.6228061,39.3279038],[-76.62276,39.3278624],[-76.6227466,39.3278704],[-76.6227467,39.3278424]]]}},{"type":"Feature","properties":{"layer":"Sidewalk","symbol":1,"class":"Other","_tile":"6/29/36"},"geometry":{"type":"Polygon","coordinates":[[[-76.6233955,39.3270121],[-76.6233985,39.3270265],[-76.6233623,39.3270358],[-76.6233509,39.3270386],[-76.6233389,39.327042],[-76.6233294,39.327045],[-76.6232904,39.327059],[-76.6232854,39.3270609],[-76.6232542,39.3270724],[-76.6232362,39.3270785],[-76.6232192,39.3270833],[-76.6231708,39.3270962],[-76.6231216,39.3271109],[-76.6230986,39.3271173],[-76.623084,39.3271212],[-76.62308,39.3271091],[-76.6230897,39.327106],[-76.6230899,39.3271059],[-76.6231197,39.3270965],[-76.623183,39.3270798],[-76.6232139,39.3270708],[-76.6232414,39.3270623],[-76.6232718,39.3270518],[-76.6232973,39.3270425],[-76.6233222,39.3270335],[-76.6233353,39.3270297],[-76.623384,39.3270154],[-76.6233955,39.3270121]]]}},{"type":"Feature","properties":{"layer":"Sidewalk","symbol":1,"class":"Other","_tile":"6/29/36"},"geometry":{"type":"Polygon","coordinates":[[[-76.6230584,39.3271133],[-76.6230623,39.3271255],[-76.6230509,39.3271282],[-76.6230327,39.327132],[-76.6230156,39.3271349],[-76.6230013,39.3271364],[-76.6229699,39.3271387],[-76.6229726,39.3271227],[-76.6229997,39.3271204],[-76.6230179,39.3271184],[-76.6230584,39.3271133]]]}},{"type":"Feature","properties":{"layer":"Sidewalk","_tile":"6/29/36"},"geometry":{"type":"Polygon","coordinates":[[[-76.6227506,39.3271234],[-76.6227673,39.3271225],[-76.6228367,39.3271189],[-76.6228894,39.3271159],[-76.6228997,39.3271158],[-76.6229066,39.327117],[-76.62291,39.3271175],[-76.6229083,39.3271242],[-76.6229072,39.3271291],[-76.6229035,39.3271333],[-76.6229004,39.3271333],[-76.622892,39.3271331],[-76.6228728,39.3271335],[-76.6228392,39.3271354],[-76.6227701,39.3271398],[-76.6227505,39.3271407],[-76.6227506,39.3271234]]]}},{"type":"Feature","properties":{"layer":"Sidewalk","symbol":1,"class":"Other","_tile":"6/29/37"},"geometry":{"type":"Polygon","coordinates":[[[-76.6231508,39.3265504],[-76.6231729,39.3265265],[-76.6231778,39.3265211],[-76.6231962,39.3265311],[-76.6232107,39.3265391],[-76.6232289,39.3265499],[-76.6232129,39.3265693],[-76.623209,39.3265677],[-76.6232025,39.3265653],[-76.6231937,39.3265626],[-76.6231876,39.326561],[-76.6231611,39.3265535],[-76.6231508,39.3265504]]]}},{"type":"Feature","properties":{"layer":"Sidewalk","symbol":1,"class":"Other","_tile":"6/29/37"},"geometry":{"type":"Polygon","coordinates":[[[-76.6233072,39.3266355],[-76.6233227,39.3266228],[-76.623345,39.3266424],[-76.6233664,39.3266616],[-76.623349,39.3266738],[-76.6233452,39.3266699],[-76.6233376,39.3266625],[-76.6233119,39.3266396],[-76.6233089,39.3266368],[-76.6233072,39.3266355]]]}},{"type":"Feature","properties":{"layer":"Sidewalk","_tile":"6/29/37"},"geometry":{"type":"Polygon","coordinates":[[[-76.623086,39.3264997],[-76.6231358,39.3265246],[-76.6231703,39.3265204],[-76.6231752,39.3265197],[-76.6231778,39.3265211],[-76.6231729,39.3265265],[-76.6231508,39.3265504],[-76.6231369,39.3265455],[-76.6231194,39.3265389],[-76.6231003,39.3265311],[-76.6230836,39.326524],[-76.6230544,39.3265108],[-76.6230307,39.3264996],[-76.623086,39.3264997]]]}},{"type":"Feature","properties":{"layer":"Sidewalk","_tile":"6/29/37"},"geometry":{"type":"Polygon","coordinates":[[[-76.6232129,39.3265693],[-76.6232289,39.3265499],[-76.6232317,39.3265514],[-76.6232431,39.3265591],[-76.6232574,39.3265695],[-76.6232746,39.3265826],[-76.6232768,39.3265844],[-76.6232917,39.3265962],[-76.6233098,39.3266114],[-76.6233227,39.3266228],[-76.6233072,39.3266355],[-76.6232821,39.3266132],[-76.6232736,39.326606],[-76.6232664,39.3266005],[-76.6232504,39.326589],[-76.6232436,39.3265846],[-76.6232383,39.3265814],[-76.6232231,39.3265737],[-76.6232129,39.3265693]]]}},{"type":"Feature","properties":{"layer":"Sidewalk","_tile":"6/29/37"},"geometry":{"type":"Polygon","coordinates":[[[-76.623349,39.3266738],[-76.6233664,39.3266616],[-76.6233768,39.326671],[-76.6233956,39.3266929],[-76.6234009,39.3266994],[-76.6234007,39.3267338],[-76.6233893,39.3267187],[-76.6233751,39.3267013],[-76.6233658,39.3266911],[-76.623355,39.3266797],[-76.623349,39.3266738]]]}},{"type":"Feature","properties":{"layer":"Sidewalk","symbol":1,"class":"Other","_tile":"6/29/38"},"geometry":{"type":"Polygon","coordinates":[[[-76.62289,39.3264047],[-76.6228999,39.3264137],[-76.6229053,39.3264186],[-76.6228865,39.3264232],[-76.6228853,39.3264189],[-76.6228828,39.3264105],[-76.6228819,39.3264072],[-76.6228894,39.3264048],[-76.62289,39.3264047]]]}},{"type":"Feature","properties":{"layer":"Sidewalk","symbol":1,"class":"Other","_tile":"6/29/38"},"geometry":{"type":"Polygon","coordinates":[[[-76.6227546,39.3263562],[-76.6227578,39.3263713],[-76.6227614,39.3263917],[-76.6227656,39.3264282],[-76.6228531,39.3264124],[-76.6228578,39.3264283],[-76.6227883,39.3264404],[-76.6227542,39.326446],[-76.6227546,39.3263562]]]}},{"type":"Feature","properties":{"layer":"Sidewalk","symbol":1,"class":"Other","_tile":"6/29/38"},"geometry":{"type":"Polygon","coordinates":[[[-76.6234021,39.3264723],[-76.6233836,39.3264798],[-76.6233763,39.3264826],[-76.6233827,39.3264596],[-76.6234022,39.3264505],[-76.6234021,39.3264723]]]}},{"type":"Feature","properties":{"layer":"Sidewalk","symbol":1,"class":"Other","_tile":"6/29/38"},"geometry":{"type":"Polygon","coordinates":[[[-76.6232302,39.3264558],[-76.6232606,39.3264487],[-76.623281,39.3264585],[-76.6232846,39.3264717],[-76.6232879,39.3264831],[-76.6232865,39.3264826],[-76.6232782,39.3264796],[-76.6232688,39.3264753],[-76.623266,39.3264742],[-76.6232518,39.326467],[-76.6232302,39.3264558]]]}},{"type":"Feature","properties":{"layer":"Sidewalk","symbol":1,"class":"Other","_tile":"6/29/38"},"geometry":{"type":"Polygon","coordinates":[[[-76.623249,39.32635],[-76.6232732,39.3263386],[-76.6232867,39.3263561],[-76.6232626,39.3263674],[-76.623249,39.32635]]]}},{"type":"Feature","properties":{"layer":"Sidewalk","symbol":1,"class":"Other","_tile":"6/29/38"},"geometry":{"type":"Polygon","coordinates":[[[-76.6232717,39.3263793],[-76.6232959,39.3263679],[-76.6233096,39.3263853],[-76.6232853,39.3263967],[-76.6232717,39.3263793]]]}},{"type":"Feature","properties":{"layer":"Sidewalk","symbol":1,"class":"Other","_tile":"6/29/38"},"geometry":{"type":"Polygon","coordinates":[[[-76.6230447,39.3260452],[-76.6230629,39.3260684],[-76.6230927,39.3260543],[-76.6230447,39.3260452]],[[-76.6230185,39.3260114],[-76.6230242,39.3260186],[-76.623127,39.3260384],[-76.6231447,39.3260301],[-76.6231845,39.326012],[-76.6234035,39.3260127],[-76.6234045,39.3260141],[-76.6234042,39.326078],[-76.62335,39.3261034],[-76.6233625,39.3261197],[-76.6234037,39.3261726],[-76.6234032,39.3262583],[-76.6232622,39.3263245],[-76.6232379,39.3263358],[-76.623006,39.3260377],[-76.6228653,39.3260109],[-76.6230185,39.3260114]]]}},{"type":"Feature","properties":{"layer":"Sidewalk","symbol":1,"class":"Other","_tile":"6/29/38"},"geometry":{"type":"Polygon","coordinates":[[[-76.6232963,39.3264108],[-76.6233206,39.3263994],[-76.6233449,39.3264309],[-76.6233402,39.3264318],[-76.6233265,39.3264331],[-76.6233139,39.3264334],[-76.6232963,39.3264108]]]}},{"type":"Feature","properties":{"layer":"Sidewalk","_tile":"6/29/38"},"geometry":{"type":"Polygon","coordinates":[[[-76.6229053,39.3264186],[-76.6228999,39.3264137],[-76.62289,39.3264047],[-76.6228489,39.3263722],[-76.6228251,39.326353],[-76.6228139,39.3263438],[-76.6227829,39.326316],[-76.6227643,39.3262973],[-76.622755,39.3262874],[-76.6227552,39.3262595],[-76.6227628,39.3262676],[-76.6228,39.3263071],[-76.6228215,39.3263257],[-76.6228431,39.3263439],[-76.6228571,39.3263554],[-76.6228591,39.3263572],[-76.6228993,39.3263881],[-76.6229011,39.3263892],[-76.622903,39.3263896],[-76.6229053,39.3263895],[-76.6229093,39.3263889],[-76.6229176,39.326385],[-76.62292,39.3263875],[-76.6229316,39.3263983],[-76.6229454,39.3264105],[-76.622958,39.3264214],[-76.6229686,39.32643],[-76.6229785,39.3264372],[-76.6229911,39.3264457],[-76.6230083,39.3264568],[-76.6230261,39.3264678],[-76.6230411,39.3264766],[-76.6230596,39.3264864],[-76.6230848,39.3264991],[-76.6231168,39.3265151],[-76.6230634,39.3265149],[-76.6230544,39.3265108],[-76.6230299,39.3264992],[-76.6230105,39.3264892],[-76.6229965,39.3264811],[-76.6229863,39.3264743],[-76.6229716,39.3264637],[-76.6229594,39.3264543],[-76.6229389,39.3264387],[-76.6229053,39.3264186]]]}},{"type":"Feature","properties":{"layer":"Sidewalk","_tile":"6/29/38"},"geometry":{"type":"Polygon","coordinates":[[[-76.6233011,39.326486],[-76.6232959,39.326485],[-76.6232879,39.3264831],[-76.6232846,39.3264717],[-76.623281,39.3264585],[-76.6232606,39.3264487],[-76.6232302,39.3264558],[-76.6232026,39.3264418],[-76.6232136,39.326424],[-76.6232052,39.32642],[-76.6231817,39.3264086],[-76.6231458,39.3263911],[-76.6231275,39.3263818],[-76.6231103,39.3263725],[-76.6230967,39.3263646],[-76.6230886,39.3263596],[-76.6230862,39.3263579],[-76.6230767,39.326351],[-76.6230646,39.3263411],[-76.6230504,39.3263285],[-76.6230365,39.3263155],[-76.6230245,39.3263035],[-76.6230199,39.3262977],[-76.6230126,39.326288],[-76.6229859,39.326255],[-76.6229558,39.3262171],[-76.6228835,39.3261261],[-76.6228619,39.326099],[-76.6228157,39.3260406],[-76.6227918,39.3260107],[-76.6228172,39.3260108],[-76.6228245,39.3260201],[-76.622834,39.3260318],[-76.6228445,39.3260452],[-76.6228474,39.3260487],[-76.6228773,39.3260865],[-76.6229728,39.3262067],[-76.6229741,39.3262084],[-76.622992,39.3262311],[-76.6230308,39.3262792],[-76.6230484,39.3262995],[-76.623055,39.3263066],[-76.6230629,39.3263139],[-76.6230878,39.3263347],[-76.623104,39.3263471],[-76.6231105,39.3263516],[-76.6231178,39.3263561],[-76.6231368,39.3263668],[-76.6231611,39.3263795],[-76.6231628,39.3263805],[-76.6231905,39.326394],[-76.623207,39.3264018],[-76.6232263,39.3264102],[-76.6232442,39.3264178],[-76.6232584,39.3264233],[-76.6232747,39.3264286],[-76.6232816,39.3264305],[-76.6232874,39.3264319],[-76.623292,39.3264326],[-76.6232974,39.3264331],[-76.6233107,39.3264335],[-76.6233265,39.3264331],[-76.6233402,39.3264318],[-76.6233585,39.3264282],[-76.6233963,39.3264137],[-76.6234024,39.3264113],[-76.6234022,39.3264505],[-76.6233827,39.3264596],[-76.6233763,39.3264826],[-76.6233706,39.3264841],[-76.6233597,39.3264863],[-76.6233564,39.3264703],[-76.6233375,39.3264702],[-76.6233292,39.3264698],[-76.6233072,39.3264674],[-76.6233011,39.326486]]]}},{"type":"Feature","properties":{"layer":"Sidewalk","symbol":1,"class":"Other","_tile":"6/29/39"},"geometry":{"type":"Polygon","coordinates":[[[-76.6230685,39.3255818],[-76.6230707,39.3255794],[-76.6230678,39.3255808],[-76.6230685,39.3255818]],[[-76.6229549,39.3256363],[-76.6227877,39.3257148],[-76.6228026,39.3257339],[-76.6228207,39.3257254],[-76.6228645,39.3257818],[-76.6228463,39.3257903],[-76.6228666,39.3258162],[-76.6230395,39.325735],[-76.6230561,39.3257563],[-76.6230439,39.325762],[-76.6230348,39.3257502],[-76.6228739,39.3258256],[-76.6230242,39.3260186],[-76.6230671,39.3260268],[-76.6229468,39.3260265],[-76.6228085,39.3260002],[-76.6227869,39.3259732],[-76.6229852,39.3260112],[-76.622758,39.3257192],[-76.6227583,39.3256771],[-76.6227765,39.3257006],[-76.6229222,39.3256323],[-76.6228837,39.3255958],[-76.622895,39.3255896],[-76.622934,39.3256267],[-76.6230572,39.3255678],[-76.6230574,39.325568],[-76.6230582,39.3255549],[-76.6230563,39.3255522],[-76.6230361,39.3255264],[-76.6230424,39.3255234],[-76.6230667,39.3255235],[-76.6230726,39.3255314],[-76.6230827,39.3255444],[-76.6230844,39.3255445],[-76.6231009,39.3255468],[-76.6231012,39.3255465],[-76.6231105,39.3255421],[-76.6230989,39.3255283],[-76.6231083,39.3255236],[-76.6231457,39.3255238],[-76.6231462,39.3255242],[-76.6231471,39.3255238],[-76.623185,39.3255239],[-76.6230685,39.3255818],[-76.6229549,39.3256363]],[[-76.6234048,39.3259575],[-76.6234047,39.3259855],[-76.6233882,39.3259932],[-76.6234045,39.3260141],[-76.6234045,39.3260279],[-76.6231512,39.3260271],[-76.6233795,39.3259235],[-76.6234048,39.3259575]]]}},{"type":"Feature","properties":{"layer":"Sidewalk","symbol":1,"class":"Other","_tile":"6/29/39"},"geometry":{"type":"Polygon","coordinates":[[[-76.6228837,39.3255958],[-76.6228,39.325636],[-76.6227584,39.3256559],[-76.6227584,39.3256455],[-76.6227941,39.3256286],[-76.6228787,39.325588],[-76.6228191,39.3255227],[-76.6228336,39.3255228],[-76.6228468,39.3255371],[-76.6228884,39.3255825],[-76.6228956,39.3255902],[-76.6228837,39.3255958]]]}},{"type":"Feature","properties":{"layer":"Sidewalk","_tile":"6/29/39"},"geometry":{"type":"Polygon","coordinates":[[[-76.6228041,39.326026],[-76.622786,39.3260034],[-76.6227751,39.3259902],[-76.6227584,39.3259692],[-76.6227567,39.3259671],[-76.6227569,39.3259353],[-76.6227739,39.3259571],[-76.6227935,39.3259813],[-76.6228085,39.3260002],[-76.6228154,39.3260085],[-76.6228245,39.3260201],[-76.6228294,39.3260261],[-76.6228041,39.326026]]]}},{"type":"Feature","properties":{"layer":"Sidewalk","symbol":1,"class":"Other","_tile":"6/29/40"},"geometry":{"type":"Polygon","coordinates":[[[-76.6230129,39.3253387],[-76.6230344,39.3253662],[-76.6230743,39.3254176],[-76.6230603,39.3254241],[-76.6229991,39.3253453],[-76.6230129,39.3253387]]]}},{"type":"Feature","properties":{"layer":"Sidewalk","symbol":1,"class":"Other","_tile":"6/29/40"},"geometry":{"type":"Polygon","coordinates":[[[-76.62315,39.3253119],[-76.623162,39.3253062],[-76.6232027,39.3253585],[-76.6231907,39.3253642],[-76.62315,39.3253119]]]}},{"type":"Feature","properties":{"layer":"Sidewalk","symbol":1,"class":"Other","_tile":"6/29/40"},"geometry":{"type":"Polygon","coordinates":[[[-76.6232744,39.3253613],[-76.6232827,39.3253721],[-76.6232694,39.3253782],[-76.623261,39.3253674],[-76.6232744,39.3253613]]]}},{"type":"Feature","properties":{"layer":"Sidewalk","symbol":1,"class":"Other","_tile":"6/29/40"},"geometry":{"type":"Polygon","coordinates":[[[-76.622875,39.3250348],[-76.6228718,39.3250363],[-76.6228706,39.3250348],[-76.6227905,39.3250724],[-76.6227739,39.3250512],[-76.6227616,39.325057],[-76.6227617,39.3250344],[-76.6227807,39.3250345],[-76.6227882,39.3250441],[-76.6228083,39.3250346],[-76.622875,39.3250348]]]}},{"type":"Feature","properties":{"layer":"Sidewalk","symbol":1,"class":"Other","_tile":"6/29/40"},"geometry":{"type":"Polygon","coordinates":[[[-76.6231305,39.3250919],[-76.6231322,39.3250941],[-76.6230374,39.3251398],[-76.6230322,39.3251795],[-76.6230138,39.32517],[-76.6229807,39.3251587],[-76.6229651,39.3251534],[-76.6231211,39.3250802],[-76.6231305,39.3250919]]]}},{"type":"Feature","properties":{"layer":"Sidewalk","symbol":1,"class":"Other","_tile":"6/29/40"},"geometry":{"type":"Polygon","coordinates":[[[-76.6230457,39.3255387],[-76.6230361,39.3255264],[-76.6230603,39.3255151],[-76.6230726,39.3255314],[-76.6230784,39.3255388],[-76.6230457,39.3255387]],[[-76.6231544,39.325539],[-76.6231077,39.3255389],[-76.6230989,39.3255283],[-76.6231347,39.3255105],[-76.6231462,39.3255242],[-76.6232717,39.3254614],[-76.6232948,39.3254469],[-76.6233034,39.3254399],[-76.6233079,39.3254359],[-76.6233142,39.3254293],[-76.6233184,39.3254246],[-76.6233218,39.3254202],[-76.6233247,39.3254161],[-76.6233284,39.3254104],[-76.6233315,39.3254047],[-76.623334,39.3253998],[-76.6233374,39.3253915],[-76.6233398,39.3253842],[-76.6233412,39.3253788],[-76.6233426,39.3253705],[-76.6233432,39.3253633],[-76.6233434,39.3253602],[-76.623343,39.3253499],[-76.6233313,39.3253506],[-76.6233137,39.3253578],[-76.6232998,39.3253643],[-76.6232908,39.3253526],[-76.6233434,39.3253281],[-76.6233433,39.3253218],[-76.6233622,39.3253212],[-76.6233731,39.3253217],[-76.6233837,39.3253229],[-76.6233901,39.3253242],[-76.6233921,39.3253248],[-76.6233831,39.3253341],[-76.6233679,39.3253334],[-76.623363,39.3253355],[-76.6233645,39.3253519],[-76.6233646,39.3253574],[-76.6233646,39.3253622],[-76.6233636,39.3253731],[-76.623362,39.3253815],[-76.6233611,39.3253857],[-76.6233583,39.3253947],[-76.6233566,39.3253994],[-76.6233538,39.3254057],[-76.6233511,39.3254112],[-76.6233466,39.3254191],[-76.6233406,39.325428],[-76.6233355,39.3254344],[-76.6233289,39.3254418],[-76.623323,39.3254475],[-76.6233198,39.3254504],[-76.6233175,39.3254524],[-76.6233124,39.3254566],[-76.6233085,39.3254596],[-76.6233031,39.3254634],[-76.6232999,39.3254655],[-76.6232907,39.3254711],[-76.6232848,39.3254743],[-76.6231544,39.325539]]]}},{"type":"Feature","properties":{"layer":"Sidewalk","symbol":1,"class":"Other","_tile":"6/29/40"},"geometry":{"type":"Polygon","coordinates":[[[-76.6227595,39.3254416],[-76.6228468,39.3255371],[-76.6228477,39.3255381],[-76.6228331,39.325538],[-76.6227594,39.3254575],[-76.6227595,39.3254416]]]}},{"type":"Feature","properties":{"layer":"Sidewalk","symbol":1,"class":"Other","_tile":"6/29/41"},"geometry":{"type":"Polygon","coordinates":[[[-76.6230174,39.324611],[-76.6230346,39.324603],[-76.6230303,39.3245975],[-76.6230499,39.3245883],[-76.6230547,39.3245945],[-76.6230652,39.3245896],[-76.6230759,39.3246034],[-76.6230673,39.3246074],[-76.6230702,39.324611],[-76.6230483,39.3246213],[-76.6230424,39.3246136],[-76.6230256,39.3246216],[-76.6230174,39.324611]]]}},{"type":"Feature","properties":{"layer":"Sidewalk","symbol":1,"class":"Other","_tile":"6/29/41"},"geometry":{"type":"Polygon","coordinates":[[[-76.6227682,39.3245483],[-76.6227642,39.3245502],[-76.6227643,39.3245464],[-76.6227722,39.3245464],[-76.6227682,39.3245483]],[[-76.6228589,39.3245467],[-76.6228676,39.3245578],[-76.6229443,39.3246562],[-76.6229849,39.3247089],[-76.6229887,39.3247153],[-76.6229916,39.3247209],[-76.6229933,39.3247257],[-76.622996,39.3247363],[-76.6229966,39.3247407],[-76.622997,39.3247459],[-76.622997,39.3247503],[-76.6229967,39.3247544],[-76.6229949,39.324764],[-76.6229937,39.3247681],[-76.6229921,39.3247725],[-76.6229898,39.3247777],[-76.6229872,39.3247827],[-76.6229847,39.3247868],[-76.6229807,39.3247918],[-76.6229762,39.3247968],[-76.6229699,39.3248023],[-76.6229631,39.3248074],[-76.6229576,39.324811],[-76.6229477,39.3248167],[-76.6229377,39.3248218],[-76.6229317,39.3248247],[-76.6229251,39.324828],[-76.6228842,39.3248467],[-76.6228782,39.324839],[-76.6229175,39.3248219],[-76.6229268,39.3248176],[-76.6229334,39.3248143],[-76.6229413,39.3248097],[-76.6229491,39.3248046],[-76.6229539,39.324801],[-76.6229649,39.3247921],[-76.622972,39.3247839],[-76.6229769,39.3247761],[-76.6229788,39.3247721],[-76.6229827,39.3247627],[-76.6229838,39.3247586],[-76.6229849,39.3247524],[-76.6229852,39.3247463],[-76.6229848,39.3247418],[-76.6229839,39.3247364],[-76.6229819,39.3247279],[-76.6229804,39.3247246],[-76.6229784,39.3247211],[-76.6229757,39.324717],[-76.6229512,39.3246845],[-76.6229414,39.3246718],[-76.6228573,39.3245638],[-76.6228436,39.3245466],[-76.6228589,39.3245467]]]}},{"type":"Feature","properties":{"layer":"Sidewalk","symbol":1,"class":"Other","_tile":"6/29/41"},"geometry":{"type":"Polygon","coordinates":[[[-76.6234025,39.3249474],[-76.6234047,39.3249463],[-76.6234102,39.3249533],[-76.62341,39.3249821],[-76.6233882,39.3249541],[-76.6234025,39.3249474]]]}},{"type":"Feature","properties":{"layer":"Sidewalk","symbol":1,"class":"Other","_tile":"6/29/41"},"geometry":{"type":"Polygon","coordinates":[[[-76.623038,39.324825],[-76.6231148,39.3249238],[-76.6230833,39.3249386],[-76.6230575,39.3249056],[-76.6230778,39.324896],[-76.6230268,39.3248303],[-76.623038,39.324825]]]}},{"type":"Feature","properties":{"layer":"Sidewalk","symbol":1,"class":"Other","_tile":"6/29/41"},"geometry":{"type":"Polygon","coordinates":[[[-76.622971,39.3249582],[-76.622983,39.3249535],[-76.6230006,39.3249759],[-76.6228718,39.3250363],[-76.6228706,39.3250348],[-76.6228383,39.3250499],[-76.6227616,39.3250497],[-76.6227617,39.3250312],[-76.6227737,39.3250255],[-76.6227882,39.3250441],[-76.622971,39.3249582]]]}},{"type":"Feature","properties":{"layer":"Sidewalk","symbol":1,"class":"Other","_tile":"6/29/41"},"geometry":{"type":"Polygon","coordinates":[[[-76.622784,39.3247546],[-76.6227884,39.3247609],[-76.6227764,39.3247661],[-76.622783,39.3247752],[-76.622763,39.3247846],[-76.6227631,39.3247714],[-76.6227812,39.3247629],[-76.6227825,39.324756],[-76.622782,39.3247554],[-76.622784,39.3247546]],[[-76.6227629,39.3247979],[-76.6227651,39.3248006],[-76.6227629,39.3248017],[-76.6227629,39.3247979]]]}},{"type":"Feature","properties":{"layer":"Sidewalk","symbol":1,"class":"Other","_tile":"6/29/41"},"geometry":{"type":"Polygon","coordinates":[[[-76.6227829,39.3247269],[-76.622766,39.3247349],[-76.6227633,39.3247313],[-76.6227634,39.3247159],[-76.6227714,39.3247123],[-76.6227746,39.3247162],[-76.6227829,39.3247269]]]}},{"type":"Feature","properties":{"layer":"Sidewalk","symbol":1,"class":"Other","_tile":"6/29/41"},"geometry":{"type":"Polygon","coordinates":[[[-76.6227884,39.3247609],[-76.622784,39.3247546],[-76.6227989,39.3247475],[-76.622804,39.324745],[-76.6228062,39.3247476],[-76.6228294,39.3247371],[-76.6228315,39.3247371],[-76.6228337,39.3247374],[-76.6228354,39.324738],[-76.6228377,39.3247392],[-76.6228456,39.3247492],[-76.6227965,39.324772],[-76.622795,39.32477],[-76.6227884,39.3247609]]]}},{"type":"Feature","properties":{"layer":"Sidewalk","symbol":1,"class":"Other","_tile":"6/29/41"},"geometry":{"type":"Polygon","coordinates":[[[-76.6232827,39.3247713],[-76.6233301,39.3248321],[-76.62332,39.3248369],[-76.6233265,39.3248453],[-76.6233088,39.3248536],[-76.6232962,39.3248374],[-76.6233009,39.3248351],[-76.6232596,39.3247821],[-76.6232827,39.3247713]]]}},{"type":"Feature","properties":{"layer":"Sidewalk","symbol":1,"class":"Other","_tile":"6/29/41"},"geometry":{"type":"Polygon","coordinates":[[[-76.6229643,39.324932],[-76.6229446,39.324939],[-76.6229062,39.3248904],[-76.622961,39.3248642],[-76.6229954,39.3249085],[-76.6230091,39.324926],[-76.6229913,39.3249345],[-76.6229551,39.3248885],[-76.6229355,39.3248958],[-76.6229643,39.324932]]]}},{"type":"Feature","properties":{"layer":"Sidewalk","symbol":1,"class":"Other","_tile":"6/29/42"},"geometry":{"type":"Polygon","coordinates":[[[-76.6227682,39.3245483],[-76.6227642,39.3245502],[-76.6227644,39.3245296],[-76.6227865,39.324519],[-76.6228194,39.3245042],[-76.622829,39.3245122],[-76.6228339,39.3245171],[-76.6228434,39.3245275],[-76.6228463,39.3245309],[-76.6228524,39.3245384],[-76.6228676,39.3245578],[-76.6228708,39.3245619],[-76.6228558,39.3245619],[-76.6228355,39.3245366],[-76.6228107,39.324528],[-76.6227682,39.3245483]]]}},{"type":"Feature","properties":{"layer":"Sidewalk","symbol":1,"class":"Other","_tile":"6/29/42"},"geometry":{"type":"Polygon","coordinates":[[[-76.6228305,39.3240585],[-76.6228421,39.3240728],[-76.6228497,39.3240825],[-76.62284,39.3240869],[-76.6228304,39.3240749],[-76.6228169,39.3240584],[-76.6228305,39.3240585]]]}},{"type":"Feature","properties":{"layer":"Sidewalk","symbol":1,"class":"Other","_tile":"6/29/42"},"geometry":{"type":"Polygon","coordinates":[[[-76.6227666,39.3241111],[-76.622776,39.3241231],[-76.6227665,39.3241277],[-76.6227666,39.3241111]]]}},{"type":"Feature","properties":{"layer":"Sidewalk","symbol":1,"class":"Other","_tile":"6/29/42"},"geometry":{"type":"MultiPolygon","coordinates":[[[[-76.6227886,39.324362],[-76.6227738,39.3243432],[-76.6227653,39.3243472],[-76.6227654,39.3243329],[-76.6227688,39.3243314],[-76.6227654,39.3243271],[-76.6227655,39.3243145],[-76.6227683,39.3243132],[-76.6227788,39.3243267],[-76.62281,39.3243119],[-76.6227993,39.3242985],[-76.6228089,39.324294],[-76.6228189,39.3243077],[-76.6228463,39.3242947],[-76.6228358,39.3242812],[-76.6228443,39.3242772],[-76.6228549,39.3242907],[-76.6228863,39.3242759],[-76.6228758,39.3242624],[-76.6228852,39.324258],[-76.6228952,39.3242717],[-76.6229252,39.3242575],[-76.6229144,39.3242442],[-76.6229221,39.3242405],[-76.6229327,39.3242541],[-76.6229798,39.3242321],[-76.6229691,39.3242184],[-76.6229781,39.3242141],[-76.6229889,39.3242278],[-76.6230081,39.324219],[-76.6229973,39.3242051],[-76.6230054,39.3242012],[-76.6230163,39.3242152],[-76.623047,39.3242007],[-76.6230356,39.3241869],[-76.6230431,39.3241833],[-76.6230543,39.3241974],[-76.6230839,39.3241836],[-76.6230728,39.3241701],[-76.6230736,39.324169],[-76.623081,39.3241656],[-76.6230921,39.3241798],[-76.6231244,39.3241646],[-76.6231133,39.3241503],[-76.6231208,39.3241468],[-76.6231321,39.3241611],[-76.6231635,39.3241464],[-76.623152,39.324132],[-76.6231596,39.3241284],[-76.623171,39.324143],[-76.623203,39.324128],[-76.6231922,39.3241131],[-76.6232028,39.3241081],[-76.6232136,39.3241231],[-76.6232397,39.3241108],[-76.6232283,39.324096],[-76.6232378,39.3240915],[-76.6232487,39.3241067],[-76.6232757,39.324094],[-76.6232767,39.3240936],[-76.6232747,39.324091],[-76.6232668,39.3240798],[-76.6232691,39.3240768],[-76.6232781,39.3240724],[-76.6232899,39.3240874],[-76.6233057,39.32408],[-76.6233216,39.3240726],[-76.6233117,39.32406],[-76.6233225,39.3240601],[-76.6233294,39.3240689],[-76.623348,39.3240601],[-76.6233776,39.3240602],[-76.6233219,39.3240864],[-76.6232586,39.3241163],[-76.6232377,39.324126],[-76.6231966,39.3241452],[-76.6231906,39.3241479],[-76.6231991,39.3241589],[-76.623201,39.3241614],[-76.6232031,39.3241641],[-76.6232063,39.3241682],[-76.6232238,39.3241712],[-76.6232254,39.3241734],[-76.6232264,39.324175],[-76.623073,39.3242467],[-76.622929,39.3243148],[-76.6228537,39.3243499],[-76.6228501,39.3243517],[-76.6227651,39.3243917],[-76.6227652,39.324373],[-76.6227886,39.324362]]],[[[-76.6228309,39.3243424],[-76.6228159,39.3243233],[-76.6227827,39.324339],[-76.6227885,39.3243465],[-76.6227976,39.3243581],[-76.6228309,39.3243424]]],[[[-76.622869,39.3243253],[-76.6228536,39.3243056],[-76.6228247,39.3243192],[-76.6228396,39.3243383],[-76.6228402,39.3243389],[-76.622869,39.3243253]]],[[[-76.6229096,39.3243075],[-76.6229014,39.3242969],[-76.6228973,39.3242918],[-76.6228934,39.3242868],[-76.6228639,39.3243007],[-76.6228801,39.3243215],[-76.6229096,39.3243075]]],[[[-76.6229491,39.3242872],[-76.6229478,39.3242856],[-76.6229469,39.3242843],[-76.6229435,39.3242801],[-76.6229406,39.3242762],[-76.622938,39.3242731],[-76.6229339,39.3242678],[-76.6229031,39.3242823],[-76.6229184,39.3243016],[-76.6229491,39.3242872]]],[[[-76.623001,39.3242614],[-76.622997,39.3242562],[-76.622997,39.3242561],[-76.6229868,39.3242431],[-76.6229448,39.3242627],[-76.6229489,39.3242679],[-76.622954,39.3242746],[-76.6229587,39.3242804],[-76.623001,39.3242614]]],[[[-76.6230282,39.3242491],[-76.6230136,39.3242305],[-76.6229967,39.3242385],[-76.6230095,39.324255],[-76.6230108,39.3242569],[-76.6230282,39.3242491]]],[[[-76.623039,39.3242437],[-76.6230391,39.3242441],[-76.6230394,39.3242439],[-76.6230668,39.3242315],[-76.6230517,39.3242128],[-76.6230254,39.3242251],[-76.6230365,39.3242406],[-76.623039,39.3242437]]],[[[-76.6231074,39.3242131],[-76.6231015,39.3242056],[-76.6230946,39.3241966],[-76.6230923,39.3241939],[-76.6230636,39.3242073],[-76.6230728,39.3242201],[-76.6230777,39.3242266],[-76.6231074,39.3242131]]],[[[-76.6231465,39.3241955],[-76.6231311,39.3241757],[-76.6231229,39.3241797],[-76.6231045,39.3241882],[-76.6231151,39.3242038],[-76.6231185,39.3242081],[-76.6231465,39.3241955]]],[[[-76.6231566,39.3241638],[-76.6231437,39.3241699],[-76.6231528,39.3241842],[-76.6231548,39.324187],[-76.6231575,39.3241905],[-76.6231955,39.3241733],[-76.6231888,39.3241648],[-76.6231856,39.3241605],[-76.6231823,39.3241564],[-76.6231798,39.324153],[-76.6231566,39.3241638]]]]}},{"type":"Feature","properties":{"layer":"Sidewalk","symbol":1,"class":"Other","_tile":"6/29/42"},"geometry":{"type":"Polygon","coordinates":[[[-76.6234139,39.324243],[-76.6233841,39.3242573],[-76.6233218,39.3242871],[-76.6233152,39.3242904],[-76.6232634,39.3243154],[-76.623244,39.3243246],[-76.6232334,39.3243298],[-76.6231638,39.3243633],[-76.6230123,39.3244348],[-76.6229563,39.3244607],[-76.622943,39.324467],[-76.622919,39.3244773],[-76.6229181,39.3244777],[-76.6229173,39.3244792],[-76.6229168,39.3244811],[-76.6229174,39.3244849],[-76.6229118,39.3244805],[-76.6228959,39.3244678],[-76.6228959,39.3244675],[-76.6229286,39.3244521],[-76.6230074,39.3244156],[-76.6231515,39.3243475],[-76.623329,39.3242644],[-76.623414,39.3242241],[-76.6234139,39.324243]]]}},{"type":"Feature","properties":{"layer":"Sidewalk","symbol":1,"class":"Other","_tile":"6/29/43"},"geometry":{"type":"Polygon","coordinates":[[[-76.6231363,39.323601],[-76.6231214,39.3236084],[-76.6231198,39.3236065],[-76.6230814,39.3236243],[-76.6230757,39.3236169],[-76.6231293,39.3235921],[-76.6231363,39.323601]]]}},{"type":"Feature","properties":{"layer":"Sidewalk","symbol":1,"class":"Other","_tile":"6/29/43"},"geometry":{"type":"Polygon","coordinates":[[[-76.6232518,39.3238276],[-76.6232878,39.3238717],[-76.6232783,39.3238764],[-76.6232421,39.3238321],[-76.6232518,39.3238276]]]}},{"type":"Feature","properties":{"layer":"Sidewalk","symbol":1,"class":"Other","_tile":"6/29/43"},"geometry":{"type":"Polygon","coordinates":[[[-76.6229461,39.3237826],[-76.6229386,39.3237862],[-76.6228958,39.3238067],[-76.6228817,39.3238134],[-76.6228702,39.3238187],[-76.6228517,39.3238276],[-76.6227996,39.3238522],[-76.6227679,39.3238675],[-76.622768,39.3238502],[-76.622963,39.3237555],[-76.6230176,39.3237302],[-76.6230217,39.3237356],[-76.623028,39.3237436],[-76.6229461,39.3237826]]]}},{"type":"Feature","properties":{"layer":"Sidewalk","symbol":1,"class":"Other","_tile":"6/29/43"},"geometry":{"type":"Polygon","coordinates":[[[-76.6230126,39.3237875],[-76.6230159,39.3237918],[-76.6228541,39.3238669],[-76.6228536,39.3238662],[-76.62278,39.3239022],[-76.6227689,39.3239075],[-76.6227677,39.323906],[-76.6227677,39.3238988],[-76.6227746,39.3238956],[-76.6228477,39.3238625],[-76.6230126,39.3237875]]]}},{"type":"Feature","properties":{"layer":"Sidewalk","symbol":1,"class":"Other","_tile":"6/29/43"},"geometry":{"type":"Polygon","coordinates":[[[-76.6232309,39.3238374],[-76.6232388,39.3238337],[-76.6232956,39.3239034],[-76.6232985,39.3239067],[-76.623289,39.3239115],[-76.6232449,39.3238554],[-76.6232309,39.3238374]]]}},{"type":"Feature","properties":{"layer":"Sidewalk","symbol":1,"class":"Other","_tile":"6/29/43"},"geometry":{"type":"Polygon","coordinates":[[[-76.6231592,39.3238709],[-76.6231702,39.3238658],[-76.6232147,39.323921],[-76.6232042,39.3239261],[-76.6231592,39.3238709]]]}},{"type":"Feature","properties":{"layer":"Sidewalk","symbol":1,"class":"Other","_tile":"6/29/43"},"geometry":{"type":"Polygon","coordinates":[[[-76.6234172,39.3236329],[-76.6234156,39.3236336],[-76.6233673,39.3235721],[-76.6234169,39.3235723],[-76.6234175,39.323573],[-76.6234172,39.3236329]]]}},{"type":"Feature","properties":{"layer":"Sidewalk","symbol":1,"class":"Other","_tile":"6/29/43"},"geometry":{"type":"Polygon","coordinates":[[[-76.6231592,39.3238709],[-76.6232042,39.3239261],[-76.623215,39.3239394],[-76.6232162,39.3239408],[-76.6232062,39.3239456],[-76.6231489,39.3238758],[-76.6231592,39.3238709]]]}},{"type":"Feature","properties":{"layer":"Sidewalk","symbol":1,"class":"Other","_tile":"6/29/43"},"geometry":{"type":"Polygon","coordinates":[[[-76.6229374,39.3238695],[-76.6230308,39.3238207],[-76.6230352,39.3238263],[-76.6229418,39.3238752],[-76.622835,39.3239311],[-76.6228018,39.3239485],[-76.6227972,39.3239429],[-76.6228385,39.3239214],[-76.6229374,39.3238695]]]}},{"type":"Feature","properties":{"layer":"Sidewalk","symbol":1,"class":"Other","_tile":"6/29/43"},"geometry":{"type":"Polygon","coordinates":[[[-76.6230534,39.3238621],[-76.6230581,39.3238681],[-76.6229828,39.3238914],[-76.6229345,39.3239159],[-76.6228904,39.3239382],[-76.6228442,39.3239616],[-76.6228215,39.3239731],[-76.6228167,39.3239673],[-76.6228372,39.323957],[-76.6229429,39.3239033],[-76.6229787,39.3238852],[-76.6230534,39.3238621]]]}},{"type":"Feature","properties":{"layer":"Sidewalk","symbol":1,"class":"Other","_tile":"6/29/43"},"geometry":{"type":"Polygon","coordinates":[[[-76.6230819,39.3239071],[-76.6231332,39.3239748],[-76.6231229,39.3239799],[-76.62307,39.3239127],[-76.6230819,39.3239071]]]}},{"type":"Feature","properties":{"layer":"Sidewalk","symbol":1,"class":"Other","_tile":"6/29/43"},"geometry":{"type":"Polygon","coordinates":[[[-76.6229997,39.3239456],[-76.6230005,39.3239463],[-76.6230068,39.3239541],[-76.6230423,39.3239976],[-76.623032,39.3240026],[-76.6230042,39.3239695],[-76.6229907,39.3239533],[-76.6229887,39.3239508],[-76.6229997,39.3239456]]]}},{"type":"Feature","properties":{"layer":"Sidewalk","symbol":1,"class":"Other","_tile":"6/29/43"},"geometry":{"type":"Polygon","coordinates":[[[-76.6230423,39.3239976],[-76.6230068,39.3239541],[-76.6230005,39.3239463],[-76.6229997,39.3239456],[-76.6230005,39.3239452],[-76.6230074,39.323942],[-76.6230111,39.3239403],[-76.6230352,39.3239708],[-76.6230565,39.3239982],[-76.6230475,39.3240026],[-76.6230467,39.324003],[-76.6230444,39.3240001],[-76.6230423,39.3239976]]]}},{"type":"Feature","properties":{"layer":"Sidewalk","symbol":1,"class":"Other","_tile":"6/29/43"},"geometry":{"type":"Polygon","coordinates":[[[-76.6228009,39.3240388],[-76.6228109,39.3240341],[-76.622811,39.3240341],[-76.6228421,39.3240728],[-76.6228429,39.3240738],[-76.6228295,39.3240737],[-76.6228009,39.3240388]]]}},{"type":"Feature","properties":{"layer":"Sidewalk","symbol":1,"class":"Other","_tile":"6/29/43"},"geometry":{"type":"Polygon","coordinates":[[[-76.62316,39.3236414],[-76.6231536,39.3236332],[-76.6231439,39.3236377],[-76.6231435,39.3236324],[-76.6231435,39.3236313],[-76.6231412,39.3236263],[-76.6231363,39.3236213],[-76.6231276,39.3236165],[-76.6231387,39.3236111],[-76.6231558,39.3236322],[-76.6231593,39.3236304],[-76.6231658,39.3236384],[-76.6231608,39.3236409],[-76.62316,39.3236414]]]}},{"type":"Feature","properties":{"layer":"Sidewalk","symbol":1,"class":"Other","_tile":"6/29/43"},"geometry":{"type":"Polygon","coordinates":[[[-76.6228817,39.3238134],[-76.6228958,39.3238067],[-76.6229013,39.3238136],[-76.6229016,39.3238134],[-76.6229441,39.3237931],[-76.6229386,39.3237862],[-76.6229461,39.3237826],[-76.6229513,39.3237892],[-76.6229767,39.3237771],[-76.6229828,39.323785],[-76.6228928,39.3238276],[-76.6228817,39.3238134]]]}},{"type":"Feature","properties":{"layer":"Sidewalk","symbol":1,"class":"Other","_tile":"6/29/43"},"geometry":{"type":"Polygon","coordinates":[[[-76.6232816,39.3237413],[-76.6232636,39.3237192],[-76.6232622,39.3237198],[-76.6232535,39.3237242],[-76.6232405,39.3237304],[-76.6232585,39.3237525],[-76.6232816,39.3237413]],[[-76.62316,39.3236414],[-76.6231611,39.3236426],[-76.623178,39.3236635],[-76.6231831,39.3236611],[-76.6231896,39.3236691],[-76.6232078,39.3236911],[-76.6232143,39.3236991],[-76.6232318,39.3237216],[-76.6232328,39.3237212],[-76.6232363,39.3237195],[-76.6232395,39.323718],[-76.6232571,39.3237096],[-76.6232478,39.3236979],[-76.6232392,39.3236869],[-76.6232497,39.3236818],[-76.6232431,39.3236737],[-76.6232328,39.3236788],[-76.6232155,39.3236565],[-76.623225,39.3236517],[-76.6232184,39.3236437],[-76.6232091,39.3236483],[-76.6231915,39.3236259],[-76.6232012,39.3236212],[-76.6231947,39.3236131],[-76.6231891,39.3236158],[-76.6231851,39.3236178],[-76.6231685,39.3235965],[-76.6231782,39.3235918],[-76.6231717,39.3235836],[-76.6231727,39.3235832],[-76.623186,39.3235763],[-76.6231822,39.3235715],[-76.6232035,39.3235716],[-76.6232481,39.3236286],[-76.6232357,39.3236344],[-76.6232442,39.3236452],[-76.6232567,39.3236394],[-76.623271,39.3236577],[-76.6232571,39.3236642],[-76.6232671,39.3236768],[-76.6232807,39.3236703],[-76.6232888,39.3236804],[-76.623289,39.3236808],[-76.6233121,39.3237098],[-76.6232984,39.3237163],[-76.6233076,39.3237278],[-76.6233213,39.3237212],[-76.623362,39.3237722],[-76.6233172,39.3237882],[-76.6232877,39.32375],[-76.6232668,39.3237598],[-76.6232835,39.3237813],[-76.6232625,39.3237912],[-76.623262,39.3237848],[-76.6232605,39.3237803],[-76.6232578,39.3237766],[-76.6232537,39.3237729],[-76.6232448,39.3237686],[-76.623239,39.3237612],[-76.623239,39.3237576],[-76.6232384,39.3237537],[-76.6232349,39.3237473],[-76.6232314,39.3237437],[-76.6232218,39.3237387],[-76.6232148,39.3237295],[-76.6232149,39.3237236],[-76.6232141,39.3237189],[-76.6232104,39.3237137],[-76.623205,39.3237099],[-76.6231978,39.3237078],[-76.623191,39.3236988],[-76.6231913,39.3236933],[-76.6231906,39.3236894],[-76.6231874,39.3236844],[-76.6231822,39.3236803],[-76.6231744,39.3236772],[-76.6231672,39.323668],[-76.6231675,39.3236642],[-76.6231677,39.3236602],[-76.6231644,39.3236548],[-76.623158,39.3236491],[-76.6231509,39.3236467],[-76.6231502,39.3236459],[-76.62316,39.3236414]]]}},{"type":"Feature","properties":{"layer":"Sidewalk","symbol":1,"class":"Other","_tile":"6/29/43"},"geometry":{"type":"Polygon","coordinates":[[[-76.6232725,39.3240752],[-76.6232781,39.3240724],[-76.6232803,39.3240752],[-76.6232725,39.3240752]],[[-76.6234151,39.3240288],[-76.623415,39.3240426],[-76.6233453,39.3240754],[-76.6233157,39.3240753],[-76.6233216,39.3240726],[-76.6233098,39.3240576],[-76.6233177,39.3240538],[-76.6233294,39.3240689],[-76.6233589,39.3240551],[-76.623348,39.3240395],[-76.6233555,39.324036],[-76.6233672,39.3240511],[-76.6234018,39.3240349],[-76.62339,39.3240198],[-76.6233978,39.324016],[-76.6234097,39.3240313],[-76.6234142,39.3240293],[-76.6234151,39.3240288]]]}},{"type":"Feature","properties":{"layer":"Sidewalk","symbol":1,"class":"Other","_tile":"6/30/32"},"geometry":{"type":"Polygon","coordinates":[[[-76.6226233,39.3292067],[-76.6226416,39.3292102],[-76.6226383,39.3292204],[-76.6226222,39.3292174],[-76.62262,39.329217],[-76.6226205,39.3292156],[-76.6226233,39.3292067]]]}},{"type":"Feature","properties":{"layer":"Sidewalk","symbol":1,"class":"Other","_tile":"6/30/32"},"geometry":{"type":"Polygon","coordinates":[[[-76.6225937,39.3291725],[-76.6225896,39.3291717],[-76.6225935,39.3291593],[-76.6226128,39.3291629],[-76.6226095,39.3291732],[-76.6226083,39.3291728],[-76.6226074,39.3291754],[-76.6225937,39.3291725]]]}},{"type":"Feature","properties":{"layer":"Sidewalk","symbol":1,"class":"Other","_tile":"6/30/32"},"geometry":{"type":"Polygon","coordinates":[[[-76.6225924,39.3291866],[-76.6226019,39.3291886],[-76.6226027,39.3291887],[-76.6225971,39.3292045],[-76.6226058,39.3292064],[-76.6226057,39.3292069],[-76.6226036,39.3292132],[-76.6225996,39.3292251],[-76.622599,39.3292265],[-76.6225928,39.3292253],[-76.6225741,39.3292218],[-76.6225741,39.3292215],[-76.6225777,39.3292112],[-76.622586,39.3291881],[-76.6225881,39.3291886],[-76.6225891,39.329186],[-76.6225924,39.3291866]]]}},{"type":"Feature","properties":{"layer":"Sidewalk","symbol":1,"class":"Other","_tile":"6/30/32"},"geometry":{"type":"Polygon","coordinates":[[[-76.622405,39.329116],[-76.6224213,39.3291189],[-76.6224189,39.3291276],[-76.6224178,39.3291321],[-76.6223314,39.3291154],[-76.6223348,39.3291047],[-76.6224047,39.3291176],[-76.622405,39.329116]]]}},{"type":"Feature","properties":{"layer":"Sidewalk","_tile":"6/30/32"},"geometry":{"type":"Polygon","coordinates":[[[-76.6221305,39.3289371],[-76.6221333,39.3289474],[-76.6221291,39.328949],[-76.622124,39.3289495],[-76.6221187,39.3289491],[-76.6221158,39.3289483],[-76.6221124,39.3289469],[-76.6221124,39.328937],[-76.6221305,39.3289371]]]}},{"type":"Feature","properties":{"layer":"Sidewalk","_tile":"6/30/32"},"geometry":{"type":"Polygon","coordinates":[[[-76.6221119,39.3290311],[-76.6221124,39.3290288],[-76.6221131,39.3290242],[-76.6221442,39.3290275],[-76.6221421,39.3290356],[-76.6221314,39.3290429],[-76.6221123,39.3291024],[-76.6221672,39.329113],[-76.6222731,39.3291326],[-76.6222834,39.3291343],[-76.6222796,39.3291459],[-76.6222703,39.3291441],[-76.6221705,39.3291279],[-76.6221647,39.3291443],[-76.6221419,39.32914],[-76.6221483,39.3291216],[-76.6221239,39.3291158],[-76.6221115,39.3291129],[-76.6221119,39.3290311]],[[-76.6221108,39.3292433],[-76.622133,39.3292468],[-76.6221382,39.3292275],[-76.6221566,39.3292312],[-76.6221502,39.3292564],[-76.6223425,39.3292919],[-76.6223619,39.3292956],[-76.6223743,39.3292978],[-76.6224826,39.3293179],[-76.6224898,39.3292965],[-76.6225134,39.3293009],[-76.6225078,39.3293246],[-76.6225499,39.3293342],[-76.6225934,39.329342],[-76.622728,39.3293656],[-76.6227582,39.3293711],[-76.6227581,39.3293882],[-76.6225485,39.3293494],[-76.6225467,39.3293547],[-76.6224253,39.329332],[-76.6224272,39.3293263],[-76.6221276,39.3292688],[-76.6221104,39.3293225],[-76.6221108,39.3292433]]]}},{"type":"Feature","properties":{"layer":"Sidewalk","_tile":"6/30/33"},"geometry":{"type":"Polygon","coordinates":[[[-76.6221128,39.3288717],[-76.6221333,39.3289474],[-76.6221291,39.328949],[-76.622124,39.3289495],[-76.6221187,39.3289491],[-76.6221158,39.3289483],[-76.6221124,39.3289469],[-76.6221128,39.3288717]]]}},{"type":"Feature","properties":{"layer":"Sidewalk","symbol":1,"class":"Other","_tile":"6/30/34"},"geometry":{"type":"Polygon","coordinates":[[[-76.6227651,39.3280883],[-76.6227606,39.3280888],[-76.6227319,39.3280904],[-76.6226671,39.3280929],[-76.6226346,39.3280947],[-76.6226113,39.3280967],[-76.622595,39.3280989],[-76.6225583,39.3281048],[-76.6225317,39.3281086],[-76.6225107,39.328111],[-76.6225004,39.3281118],[-76.6224897,39.3281123],[-76.6224802,39.3281124],[-76.6224728,39.3281122],[-76.622465,39.3281112],[-76.6224585,39.3281097],[-76.6224546,39.328109],[-76.6224357,39.3281038],[-76.6224213,39.3280996],[-76.6224072,39.3280959],[-76.6223931,39.3280939],[-76.6223539,39.3281033],[-76.6223347,39.3281098],[-76.6222882,39.3281253],[-76.6222542,39.3281372],[-76.6222333,39.328145],[-76.6222291,39.3281468],[-76.6222061,39.3281559],[-76.622167,39.3281718],[-76.6221315,39.3281865],[-76.6221219,39.3281904],[-76.6221164,39.3281928],[-76.6221165,39.3281762],[-76.62213,39.3281701],[-76.622145,39.3281633],[-76.6221609,39.3281563],[-76.622166,39.3281541],[-76.6221823,39.3281472],[-76.6222015,39.3281397],[-76.6222257,39.3281307],[-76.6222518,39.3281212],[-76.622275,39.3281132],[-76.6222882,39.3281088],[-76.6223237,39.328097],[-76.6223568,39.3280869],[-76.6223785,39.3280809],[-76.6224304,39.3280674],[-76.6224441,39.3280874],[-76.6224588,39.3280952],[-76.622464,39.3280974],[-76.622468,39.3280987],[-76.6224735,39.3280995],[-76.6224815,39.3280997],[-76.6224833,39.3280996],[-76.6224913,39.3280991],[-76.6225062,39.3280977],[-76.6225146,39.3280967],[-76.6225251,39.3280951],[-76.6225713,39.3280872],[-76.6225995,39.3280837],[-76.6226305,39.3280809],[-76.622647,39.3280798],[-76.6226729,39.3280789],[-76.6227065,39.3280779],[-76.6227323,39.3280769],[-76.6227518,39.3280753],[-76.6227651,39.3280736],[-76.6227651,39.3280883]]]}},{"type":"Feature","properties":{"layer":"Sidewalk","_tile":"6/30/34"},"geometry":{"type":"Polygon","coordinates":[[[-76.6225328,39.3279622],[-76.6225348,39.327975],[-76.6225339,39.3279819],[-76.622527,39.32799],[-76.6225118,39.3279928],[-76.6224895,39.3279972],[-76.6224717,39.3280011],[-76.622446,39.3280075],[-76.6223983,39.3280202],[-76.6223957,39.3280208],[-76.6223861,39.3280234],[-76.622376,39.3280259],[-76.6223153,39.3280454],[-76.6222984,39.3280507],[-76.622293,39.3280154],[-76.6222893,39.3279614],[-76.6225328,39.3279622]]]}},{"type":"Feature","properties":{"layer":"Sidewalk","symbol":1,"class":"Other","_tile":"6/30/35"},"geometry":{"type":"Polygon","coordinates":[[[-76.6222425,39.3278327],[-76.6222442,39.3278548],[-76.6222291,39.3278551],[-76.6222277,39.3278336],[-76.6222425,39.3278327]]]}},{"type":"Feature","properties":{"layer":"Sidewalk","symbol":1,"class":"Other","_tile":"6/30/35"},"geometry":{"type":"Polygon","coordinates":[[[-76.6221849,39.3278573],[-76.6221837,39.3278338],[-76.6221993,39.3278347],[-76.6222008,39.3278562],[-76.6221849,39.3278573]]]}},{"type":"Feature","properties":{"layer":"Sidewalk","_tile":"6/30/35"},"geometry":{"type":"Polygon","coordinates":[[[-76.6222756,39.3278533],[-76.6222738,39.3278313],[-76.6222733,39.3278252],[-76.6222729,39.327821],[-76.6222729,39.3278178],[-76.6223114,39.3278164],[-76.6223291,39.3278156],[-76.6223345,39.3278151],[-76.622335,39.3278243],[-76.6223439,39.327824],[-76.6223432,39.3278135],[-76.6223503,39.3278132],[-76.6223785,39.3278121],[-76.6223792,39.3278224],[-76.6223875,39.3278221],[-76.6223872,39.3278196],[-76.6223871,39.3278163],[-76.6223868,39.3278129],[-76.622405,39.3278121],[-76.6224379,39.3278108],[-76.6224396,39.3278333],[-76.6224482,39.3279187],[-76.6224626,39.3279195],[-76.6224718,39.327919],[-76.6224853,39.327918],[-76.6225027,39.3279161],[-76.6225207,39.3279139],[-76.6225572,39.3279087],[-76.6225853,39.3279041],[-76.6226156,39.3278983],[-76.6226369,39.3278936],[-76.6226609,39.3278874],[-76.6226689,39.3278848],[-76.6226744,39.3278827],[-76.6226815,39.3278788],[-76.6226898,39.3278734],[-76.6227193,39.3278602],[-76.6227202,39.3278595],[-76.6227546,39.3278373],[-76.6227654,39.3278464],[-76.6227663,39.3278473],[-76.6227662,39.327868],[-76.62276,39.3278624],[-76.6227338,39.3278781],[-76.622725,39.3278831],[-76.6227176,39.3278869],[-76.6227086,39.3278909],[-76.6226958,39.3278959],[-76.6226809,39.3279012],[-76.6226666,39.3279059],[-76.6226548,39.3279092],[-76.6226388,39.3279131],[-76.6226191,39.3279175],[-76.6225941,39.3279226],[-76.6225743,39.3279264],[-76.6225287,39.3279344],[-76.6225348,39.327975],[-76.6225344,39.3279775],[-76.6222903,39.3279767],[-76.6222856,39.3279095],[-76.6222806,39.3278532],[-76.6222756,39.3278533]]]}},{"type":"Feature","properties":{"layer":"Sidewalk","_tile":"6/30/35"},"geometry":{"type":"Polygon","coordinates":[[[-76.6221562,39.3278348],[-76.6221576,39.3278583],[-76.6221561,39.3278583],[-76.6221409,39.3278593],[-76.6221228,39.3278636],[-76.6221193,39.3278732],[-76.6221186,39.3278772],[-76.6221182,39.327882],[-76.6221189,39.3279044],[-76.6221184,39.3279124],[-76.6221179,39.3279142],[-76.6221184,39.3278132],[-76.622119,39.3278149],[-76.6221212,39.3278199],[-76.6221233,39.327824],[-76.6221251,39.3278265],[-76.6221265,39.3278277],[-76.6221282,39.3278288],[-76.6221331,39.3278305],[-76.6221387,39.3278317],[-76.6221562,39.3278348]],[[-76.6221192,39.3276773],[-76.6221233,39.3276784],[-76.6221291,39.3276791],[-76.6221362,39.3276789],[-76.6221449,39.3276781],[-76.6221726,39.3276771],[-76.6221753,39.327717],[-76.6221608,39.3277191],[-76.6221292,39.3277234],[-76.6221198,39.3277273],[-76.6221189,39.3277278],[-76.6221192,39.3276773]]]}},{"type":"Feature","properties":{"layer":"Sidewalk","symbol":1,"class":"Other","_tile":"6/30/36"},"geometry":{"type":"Polygon","coordinates":[[[-76.6224607,39.3272925],[-76.6224698,39.3272923],[-76.6224733,39.3273262],[-76.6224297,39.327328],[-76.622428,39.3273049],[-76.6224614,39.3273059],[-76.6224607,39.3272925]]]}},{"type":"Feature","properties":{"layer":"Sidewalk","_tile":"6/30/36"},"geometry":{"type":"Polygon","coordinates":[[[-76.6224575,39.3269858],[-76.6224643,39.3270831],[-76.6224678,39.327127],[-76.6225351,39.3271254],[-76.6225867,39.327123],[-76.6226043,39.3271225],[-76.6226349,39.3271227],[-76.6226488,39.3271233],[-76.6226806,39.3271252],[-76.6226945,39.3271259],[-76.6227053,39.3271258],[-76.6227191,39.3271252],[-76.6227673,39.3271225],[-76.6227702,39.3271224],[-76.6227701,39.3271398],[-76.6227308,39.3271416],[-76.6227,39.3271423],[-76.6226678,39.3271417],[-76.6226197,39.3271398],[-76.6226021,39.3271399],[-76.6225687,39.3271406],[-76.6225607,39.3271407],[-76.6225182,39.3271416],[-76.6224878,39.3271426],[-76.6224482,39.3271451],[-76.6224476,39.3271477],[-76.6224426,39.3271479],[-76.6224196,39.3271487],[-76.6222734,39.3271542],[-76.6222186,39.3271564],[-76.6221425,39.3271591],[-76.6221369,39.3271616],[-76.6221349,39.3271629],[-76.6221325,39.3271666],[-76.6221311,39.3271701],[-76.6221309,39.3271746],[-76.6221319,39.3271786],[-76.6221335,39.3271814],[-76.6221348,39.3271833],[-76.6221388,39.3271855],[-76.6221445,39.3271875],[-76.6221498,39.3271882],[-76.6221589,39.3271889],[-76.6221983,39.3271868],[-76.62222,39.3271856],[-76.6222229,39.3272413],[-76.6222013,39.3272421],[-76.6221215,39.3272453],[-76.622122,39.3271408],[-76.6221343,39.3271413],[-76.6221392,39.3271411],[-76.6221393,39.3271424],[-76.6222457,39.3271375],[-76.6222501,39.3271375],[-76.6222505,39.3271368],[-76.6222526,39.3271362],[-76.6222739,39.3271354],[-76.6222755,39.3271358],[-76.6222799,39.327136],[-76.6223402,39.327133],[-76.6223837,39.3271311],[-76.6223863,39.3271308],[-76.6224162,39.3271289],[-76.6224389,39.3271273],[-76.6224331,39.3270196],[-76.6224303,39.3269857],[-76.6224575,39.3269858]],[[-76.6221213,39.32728],[-76.622167,39.3272788],[-76.6221955,39.327278],[-76.6222037,39.3272777],[-76.6222262,39.327277],[-76.622225,39.3272756],[-76.6222769,39.3272737],[-76.622361,39.3272708],[-76.6224191,39.3272687],[-76.6224233,39.3272686],[-76.6224468,39.3272676],[-76.622459,39.3272705],[-76.6224615,39.3272716],[-76.6224632,39.3272726],[-76.6224654,39.3272758],[-76.6224688,39.3272821],[-76.6224698,39.3272923],[-76.6224607,39.3272925],[-76.6224245,39.3272936],[-76.6221469,39.3273058],[-76.6221211,39.3273068],[-76.6221213,39.32728]]]}},{"type":"Feature","properties":{"layer":"Sidewalk","_tile":"6/30/37"},"geometry":{"type":"Polygon","coordinates":[[[-76.6224254,39.3264976],[-76.6224273,39.3265187],[-76.6224345,39.3266304],[-76.6224427,39.326742],[-76.6224452,39.326783],[-76.6224483,39.3267871],[-76.6224516,39.3267893],[-76.622455,39.3267908],[-76.622459,39.3267918],[-76.6224643,39.3267924],[-76.6224711,39.3267926],[-76.6224777,39.3267922],[-76.6224913,39.3267905],[-76.6225098,39.3267873],[-76.6225429,39.3267808],[-76.6225727,39.3267742],[-76.6225929,39.3267695],[-76.6226055,39.3267663],[-76.6226159,39.3267631],[-76.6226235,39.3267604],[-76.6226305,39.326757],[-76.6226396,39.3267522],[-76.6226499,39.3267463],[-76.6226595,39.3267404],[-76.6226656,39.3267364],[-76.6226689,39.3267337],[-76.6226718,39.3267302],[-76.6226729,39.3267276],[-76.6226724,39.326724],[-76.6226706,39.3267196],[-76.6226668,39.3267141],[-76.6226601,39.3267067],[-76.6226493,39.326696],[-76.6226306,39.3266786],[-76.6225857,39.3266443],[-76.6226025,39.3266308],[-76.6226141,39.3266397],[-76.6226381,39.3266588],[-76.6226503,39.3266691],[-76.6226659,39.3266831],[-76.6226793,39.3266959],[-76.6226995,39.3267172],[-76.6227057,39.3267243],[-76.6227109,39.3267301],[-76.6227292,39.3267516],[-76.62271,39.3267639],[-76.6226878,39.3267435],[-76.62267,39.3267553],[-76.6226612,39.3267601],[-76.622649,39.3267659],[-76.6226343,39.3267722],[-76.6226192,39.326778],[-76.6226072,39.3267822],[-76.6225916,39.3267869],[-76.6225723,39.3267919],[-76.6225531,39.3267968],[-76.6225312,39.3268013],[-76.6225097,39.3268052],[-76.6225005,39.3268065],[-76.6224899,39.3268075],[-76.6224813,39.3268082],[-76.6224747,39.3268084],[-76.6224649,39.3268084],[-76.6224604,39.3268086],[-76.6224569,39.3268091],[-76.6224546,39.3268099],[-76.622452,39.3268111],[-76.6224496,39.3268125],[-76.6224481,39.3268138],[-76.6224472,39.3268158],[-76.6224467,39.3268213],[-76.6224536,39.3269307],[-76.6224553,39.3269541],[-76.6224559,39.3269624],[-76.6224586,39.3270011],[-76.6224315,39.327001],[-76.6224261,39.3269357],[-76.6224163,39.3269359],[-76.6224153,39.3269223],[-76.6224117,39.3268716],[-76.6224225,39.326872],[-76.6224195,39.3268347],[-76.6224175,39.3268348],[-76.6224086,39.3268349],[-76.6223656,39.3268358],[-76.6223636,39.326836],[-76.6223597,39.3267846],[-76.622401,39.3267832],[-76.622415,39.3267826],[-76.6224149,39.326772],[-76.6224146,39.3267456],[-76.622404,39.326746],[-76.6223997,39.3266851],[-76.6224101,39.3266844],[-76.6223973,39.3264975],[-76.6224254,39.3264976]]]}},{"type":"Feature","properties":{"layer":"Sidewalk","symbol":1,"class":"Other","_tile":"6/30/38"},"geometry":{"type":"Polygon","coordinates":[[[-76.6226781,39.3262015],[-76.6226797,39.3262035],[-76.6226858,39.326211],[-76.6226932,39.3262198],[-76.6227098,39.3262386],[-76.6227179,39.3262476],[-76.6227217,39.3262517],[-76.6227251,39.3262555],[-76.6227434,39.326275],[-76.6227393,39.3262754],[-76.6227376,39.3262763],[-76.6227366,39.3262785],[-76.6227366,39.326282],[-76.6227371,39.3262867],[-76.6227376,39.3262914],[-76.6227384,39.3262958],[-76.6227394,39.3263008],[-76.6227421,39.326312],[-76.62275,39.3263376],[-76.6227531,39.326349],[-76.6227578,39.3263713],[-76.6227614,39.3263917],[-76.6227656,39.3264282],[-76.6227739,39.3264266],[-76.6227738,39.3264427],[-76.62274,39.3264483],[-76.6227138,39.3264528],[-76.6227122,39.3264529],[-76.6226875,39.3264562],[-76.6226735,39.3264579],[-76.6226727,39.3264415],[-76.6226951,39.3264393],[-76.6227271,39.326434],[-76.6227441,39.3264311],[-76.6227403,39.3263915],[-76.622738,39.3263745],[-76.6227327,39.3263512],[-76.6227195,39.3262997],[-76.6227172,39.326292],[-76.6227141,39.3262827],[-76.6227089,39.3262689],[-76.622705,39.3262592],[-76.6226971,39.326241],[-76.6226897,39.3262251],[-76.6226781,39.3262015]]]}},{"type":"Feature","properties":{"layer":"Sidewalk","symbol":1,"class":"Other","_tile":"6/30/38"},"geometry":{"type":"Polygon","coordinates":[[[-76.622581,39.3264389],[-76.6226087,39.3264411],[-76.6226287,39.3264429],[-76.6226295,39.3264593],[-76.6226019,39.3264602],[-76.6225889,39.3264474],[-76.622581,39.3264389]]]}},{"type":"Feature","properties":{"layer":"Sidewalk","_tile":"6/30/38"},"geometry":{"type":"Polygon","coordinates":[[[-76.6227745,39.3263076],[-76.6227643,39.3262973],[-76.6227455,39.3262774],[-76.6227434,39.326275],[-76.6227251,39.3262555],[-76.6227217,39.3262517],[-76.6227179,39.3262476],[-76.6227098,39.3262386],[-76.6226932,39.3262198],[-76.6226858,39.326211],[-76.6226797,39.3262035],[-76.6226781,39.3262015],[-76.6226698,39.3261907],[-76.6226627,39.3261814],[-76.6226557,39.3261719],[-76.6226522,39.3261673],[-76.6226431,39.3261547],[-76.6226407,39.3261511],[-76.6226359,39.3261445],[-76.6226285,39.3261336],[-76.6226102,39.3261065],[-76.6225795,39.3260598],[-76.6225537,39.3260228],[-76.6225495,39.3260152],[-76.6225432,39.3260099],[-76.6225699,39.32601],[-76.622573,39.3260157],[-76.6225984,39.3260521],[-76.6226282,39.3260975],[-76.6226474,39.3261259],[-76.622657,39.3261399],[-76.6226617,39.3261466],[-76.6226676,39.3261546],[-76.6226742,39.3261637],[-76.6226864,39.3261799],[-76.6226948,39.3261909],[-76.6227071,39.3262061],[-76.6227231,39.3262245],[-76.6227355,39.326238],[-76.6227425,39.3262459],[-76.6227628,39.3262676],[-76.6227747,39.3262802],[-76.6227745,39.3263076]]]}},{"type":"Feature","properties":{"layer":"Sidewalk","_tile":"6/30/38"},"geometry":{"type":"Polygon","coordinates":[[[-76.6224484,39.326045],[-76.6225205,39.3260098],[-76.6225432,39.3260099],[-76.6225495,39.3260152],[-76.6224586,39.3260594],[-76.6224484,39.326045]]]}},{"type":"Feature","properties":{"layer":"Sidewalk","_tile":"6/30/38"},"geometry":{"type":"Polygon","coordinates":[[[-76.6224484,39.326045],[-76.6224411,39.3260485],[-76.6224307,39.3260538],[-76.6224308,39.3260515],[-76.6224318,39.3260468],[-76.6224332,39.3260426],[-76.6224341,39.3260405],[-76.6224352,39.3260384],[-76.6224361,39.3260373],[-76.622439,39.3260384],[-76.6224484,39.326045]]]}},{"type":"Feature","properties":{"layer":"Sidewalk","_tile":"6/30/38"},"geometry":{"type":"Polygon","coordinates":[[[-76.6224411,39.3260485],[-76.6224484,39.326045],[-76.6224586,39.3260594],[-76.622439,39.3260686],[-76.6224411,39.3260485]]]}},{"type":"Feature","properties":{"layer":"Sidewalk","_tile":"6/30/38"},"geometry":{"type":"Polygon","coordinates":[[[-76.622431,39.3260722],[-76.622439,39.3260686],[-76.6224586,39.3260594],[-76.6224365,39.3260883],[-76.6224339,39.3260888],[-76.6224339,39.3260883],[-76.622433,39.3260843],[-76.6224315,39.3260758],[-76.622431,39.3260722]]]}},{"type":"Feature","properties":{"layer":"Sidewalk","_tile":"6/30/38"},"geometry":{"type":"Polygon","coordinates":[[[-76.6224307,39.3260538],[-76.6224411,39.3260485],[-76.622439,39.3260686],[-76.622431,39.3260722],[-76.6224309,39.3260708],[-76.6224303,39.3260658],[-76.6224302,39.3260615],[-76.6224304,39.3260569],[-76.6224307,39.3260538]]]}},{"type":"Feature","properties":{"layer":"Sidewalk","_tile":"6/30/38"},"geometry":{"type":"Polygon","coordinates":[[[-76.6223397,39.3261041],[-76.6223543,39.3261],[-76.6223609,39.3260981],[-76.6223622,39.3261001],[-76.6223637,39.3261044],[-76.6223659,39.3261134],[-76.6223665,39.3261162],[-76.6223439,39.3261193],[-76.6223433,39.3261165],[-76.6223408,39.326107],[-76.6223397,39.3261041]]]}},{"type":"Feature","properties":{"layer":"Sidewalk","_tile":"6/30/38"},"geometry":{"type":"Polygon","coordinates":[[[-76.6223447,39.3260889],[-76.6223543,39.3261],[-76.6223397,39.3261041],[-76.6223381,39.3260997],[-76.6223353,39.3260949],[-76.6223447,39.3260889]]]}},{"type":"Feature","properties":{"layer":"Sidewalk","_tile":"6/30/38"},"geometry":{"type":"Polygon","coordinates":[[[-76.6223447,39.3260889],[-76.6223504,39.3260852],[-76.6223553,39.3260895],[-76.6223591,39.3260946],[-76.6223609,39.3260981],[-76.6223543,39.3261],[-76.6223447,39.3260889]]]}},{"type":"Feature","properties":{"layer":"Sidewalk","_tile":"6/30/38"},"geometry":{"type":"Polygon","coordinates":[[[-76.6221259,39.3264198],[-76.6223028,39.3264135],[-76.6223241,39.326413],[-76.6223484,39.3264134],[-76.6223648,39.326414],[-76.6223821,39.3264157],[-76.62241,39.3264193],[-76.6224362,39.326422],[-76.6224428,39.3264207],[-76.6224456,39.3264197],[-76.622449,39.3264175],[-76.622451,39.3264157],[-76.6224524,39.3264133],[-76.6224533,39.3264107],[-76.6224536,39.3264076],[-76.6224537,39.3264052],[-76.622452,39.3264011],[-76.6224417,39.3263828],[-76.6224313,39.3263637],[-76.6224149,39.3263286],[-76.6224072,39.3263114],[-76.6223984,39.3262913],[-76.6223949,39.3262829],[-76.6223825,39.3262516],[-76.6223812,39.3262476],[-76.6223769,39.3262361],[-76.6223706,39.3262176],[-76.6223617,39.3261899],[-76.6223606,39.3261859],[-76.6223594,39.3261821],[-76.6223528,39.3261586],[-76.6223483,39.3261406],[-76.6223463,39.3261312],[-76.6223454,39.3261261],[-76.6223439,39.3261193],[-76.6223665,39.3261162],[-76.622367,39.3261181],[-76.622368,39.3261234],[-76.6223701,39.3261333],[-76.622371,39.3261376],[-76.622374,39.3261502],[-76.6223767,39.3261599],[-76.6223779,39.3261646],[-76.6223818,39.3261781],[-76.6223841,39.3261858],[-76.6223867,39.3261942],[-76.6223912,39.3262083],[-76.622396,39.3262226],[-76.6223977,39.3262271],[-76.6223986,39.3262301],[-76.6223992,39.3262314],[-76.6224031,39.3262428],[-76.6224078,39.3262549],[-76.6224186,39.3262818],[-76.6224219,39.3262895],[-76.6224233,39.326293],[-76.6224333,39.326315],[-76.6224415,39.3263323],[-76.6224431,39.3263359],[-76.6224456,39.3263406],[-76.6224478,39.3263455],[-76.6224607,39.3263713],[-76.622473,39.3263946],[-76.6224895,39.3264248],[-76.6225082,39.326453],[-76.6225135,39.3264607],[-76.6225178,39.3264667],[-76.6225171,39.3264761],[-76.6225091,39.3264828],[-76.622504,39.3264858],[-76.6224905,39.3264648],[-76.622483,39.326453],[-76.6224807,39.3264504],[-76.6224787,39.3264487],[-76.6224754,39.326447],[-76.6224702,39.326445],[-76.6224642,39.326443],[-76.6224588,39.3264415],[-76.6224493,39.3264394],[-76.622442,39.3264382],[-76.622436,39.3264377],[-76.6224314,39.3264381],[-76.6224271,39.326439],[-76.6224249,39.3264397],[-76.6224237,39.3264411],[-76.6224228,39.3264432],[-76.6224214,39.3264501],[-76.6224269,39.3265129],[-76.6223983,39.3265128],[-76.622397,39.3264942],[-76.6223927,39.3264435],[-76.622391,39.3264395],[-76.6223895,39.3264371],[-76.6223872,39.3264356],[-76.6223828,39.3264338],[-76.6223803,39.3264331],[-76.6223768,39.3264324],[-76.6223653,39.3264312],[-76.622349,39.32643],[-76.6223276,39.3264295],[-76.6223111,39.3264296],[-76.6222663,39.3264305],[-76.6222478,39.3264308],[-76.6222419,39.3264312],[-76.6222373,39.3264321],[-76.6222312,39.3264343],[-76.622228,39.3264362],[-76.6222275,39.3264373],[-76.6222272,39.3264397],[-76.6222292,39.326463],[-76.6221996,39.3264644],[-76.6221971,39.3264478],[-76.6221962,39.3264434],[-76.6221951,39.326441],[-76.6221934,39.3264393],[-76.6221916,39.3264379],[-76.6221902,39.3264373],[-76.6221864,39.3264362],[-76.622146,39.3264368],[-76.6221318,39.326437],[-76.6221332,39.3264551],[-76.6221257,39.3264554],[-76.6221259,39.3264198]]]}},{"type":"Feature","properties":{"layer":"Sidewalk","symbol":1,"class":"Other","_tile":"6/30/39"},"geometry":{"type":"Polygon","coordinates":[[[-76.6224727,39.3258585],[-76.6224725,39.325861],[-76.6224717,39.3258656],[-76.6224708,39.3258695],[-76.6224689,39.3258744],[-76.6224643,39.3258827],[-76.6224626,39.3258855],[-76.6224568,39.3258939],[-76.6224534,39.3258984],[-76.6224499,39.3259028],[-76.6224482,39.3259047],[-76.6224368,39.3258822],[-76.6224443,39.3258668],[-76.6224727,39.3258585]]]}},{"type":"Feature","properties":{"layer":"Sidewalk","symbol":1,"class":"Other","_tile":"6/30/39"},"geometry":{"type":"Polygon","coordinates":[[[-76.6225147,39.325986],[-76.6225199,39.3259839],[-76.622526,39.325982],[-76.6225323,39.3259807],[-76.6225375,39.3259802],[-76.6225438,39.3259801],[-76.6225501,39.3259803],[-76.6225556,39.3259806],[-76.6225676,39.3259823],[-76.6225725,39.3259833],[-76.6225765,39.3259844],[-76.6225617,39.325999],[-76.6225374,39.3259999],[-76.6225156,39.3259866],[-76.6225147,39.325986]]]}},{"type":"Feature","properties":{"layer":"Sidewalk","symbol":1,"class":"Other","_tile":"6/30/39"},"geometry":{"type":"Polygon","coordinates":[[[-76.6227775,39.3257443],[-76.6227221,39.325673],[-76.6227462,39.3256617],[-76.6227765,39.3257006],[-76.6227778,39.3257],[-76.6227775,39.3257443]]]}},{"type":"Feature","properties":{"layer":"Sidewalk","symbol":1,"class":"Other","_tile":"6/30/39"},"geometry":{"type":"Polygon","coordinates":[[[-76.6227781,39.3256464],[-76.6226998,39.3256837],[-76.6225961,39.3257328],[-76.6227139,39.3258805],[-76.6226956,39.3258892],[-76.622543,39.3256979],[-76.622485,39.3256245],[-76.6224575,39.3255916],[-76.6224511,39.3255945],[-76.6224516,39.3255879],[-76.6224524,39.325583],[-76.6224536,39.3255775],[-76.622455,39.3255728],[-76.6224569,39.3255689],[-76.6224594,39.3255643],[-76.622462,39.3255599],[-76.6224645,39.3255562],[-76.6224676,39.3255521],[-76.6224744,39.3255435],[-76.6224819,39.3255353],[-76.622491,39.3255267],[-76.6224964,39.3255217],[-76.6225276,39.3255218],[-76.6225259,39.3255232],[-76.6225203,39.3255285],[-76.6225094,39.3255385],[-76.6225009,39.3255467],[-76.6224975,39.3255503],[-76.6224915,39.3255573],[-76.6224882,39.3255616],[-76.6224873,39.3255626],[-76.6224834,39.3255682],[-76.6224811,39.325572],[-76.6224803,39.3255752],[-76.6224803,39.3255804],[-76.6224814,39.3255838],[-76.6224835,39.32559],[-76.622488,39.3255968],[-76.6225018,39.3256139],[-76.6225613,39.3256892],[-76.6225901,39.3257253],[-76.6225958,39.3257227],[-76.622694,39.3256761],[-76.6227781,39.3256361],[-76.6227781,39.3256464]]]}},{"type":"Feature","properties":{"layer":"Sidewalk","_tile":"6/30/39"},"geometry":{"type":"Polygon","coordinates":[[[-76.6225554,39.3260252],[-76.6225537,39.3260228],[-76.6225495,39.3260152],[-76.6225348,39.3260029],[-76.6225107,39.325988],[-76.6225147,39.325986],[-76.6225156,39.3259866],[-76.6225374,39.3259999],[-76.6225617,39.325999],[-76.6225765,39.3259844],[-76.6225791,39.3259851],[-76.6225822,39.3259864],[-76.6225687,39.326002],[-76.6225681,39.326004],[-76.6225682,39.3260065],[-76.622569,39.3260084],[-76.622573,39.3260157],[-76.6225797,39.3260253],[-76.6225554,39.3260252]]]}},{"type":"Feature","properties":{"layer":"Sidewalk","_tile":"6/30/39"},"geometry":{"type":"Polygon","coordinates":[[[-76.6224894,39.326025],[-76.6225348,39.3260029],[-76.6225495,39.3260152],[-76.622529,39.3260251],[-76.6224894,39.326025]]]}},{"type":"Feature","properties":{"layer":"Sidewalk","_tile":"6/30/39"},"geometry":{"type":"Polygon","coordinates":[[[-76.6227762,39.3259915],[-76.6227751,39.3259902],[-76.6227584,39.3259692],[-76.6227428,39.3259494],[-76.6227364,39.3259411],[-76.6227168,39.3259159],[-76.6226963,39.3259254],[-76.6226753,39.325899],[-76.6226956,39.3258892],[-76.6227139,39.3258805],[-76.6227352,39.3259071],[-76.6227547,39.3259325],[-76.6227739,39.3259571],[-76.6227764,39.3259601],[-76.6227762,39.3259915]]]}},{"type":"Feature","properties":{"layer":"Sidewalk","_tile":"6/30/39"},"geometry":{"type":"Polygon","coordinates":[[[-76.6221307,39.3255205],[-76.6221504,39.3255206],[-76.6221527,39.3255235],[-76.622159,39.3255287],[-76.622164,39.3255326],[-76.6221726,39.3255391],[-76.6221914,39.3255525],[-76.6222128,39.3255687],[-76.6222236,39.3255778],[-76.6222297,39.3255831],[-76.6222441,39.3255964],[-76.6222481,39.3256005],[-76.6222522,39.3256049],[-76.6222566,39.3256094],[-76.6222693,39.3256232],[-76.6222763,39.3256312],[-76.6222795,39.3256347],[-76.622301,39.3256602],[-76.6223255,39.3256902],[-76.6223348,39.3257011],[-76.6223382,39.3257053],[-76.622342,39.3257096],[-76.6223496,39.3257188],[-76.6223577,39.3257281],[-76.6223728,39.3257459],[-76.6223894,39.3257651],[-76.6224126,39.3257925],[-76.6224231,39.3258054],[-76.622431,39.3258157],[-76.6224353,39.325822],[-76.622443,39.3258345],[-76.6224526,39.3258504],[-76.6224552,39.3258523],[-76.6224578,39.3258535],[-76.6224629,39.325855],[-76.6224728,39.3258561],[-76.6224727,39.3258585],[-76.6224443,39.3258668],[-76.6224368,39.3258822],[-76.6224482,39.3259047],[-76.6224466,39.3259065],[-76.6224413,39.3259116],[-76.6224345,39.3259172],[-76.6224275,39.3259225],[-76.6224215,39.3259271],[-76.6224161,39.3259307],[-76.6224032,39.3259392],[-76.6223966,39.3259431],[-76.6223909,39.3259463],[-76.6223863,39.3259485],[-76.6223751,39.3259534],[-76.6223635,39.3259576],[-76.6223586,39.3259593],[-76.6223534,39.3259608],[-76.6223474,39.3259623],[-76.6223346,39.325965],[-76.6223291,39.3259661],[-76.6223165,39.3259676],[-76.6223076,39.3259683],[-76.6222866,39.3259695],[-76.6222691,39.3259704],[-76.6222356,39.3259714],[-76.6222221,39.3259718],[-76.6221282,39.3259754],[-76.6221283,39.3259621],[-76.6222781,39.3259557],[-76.6222782,39.3259539],[-76.622291,39.325953],[-76.6223049,39.3259517],[-76.6223177,39.3259503],[-76.6223312,39.3259485],[-76.6223435,39.325946],[-76.622351,39.3259442],[-76.6223573,39.3259423],[-76.6223624,39.3259405],[-76.6223681,39.325938],[-76.6223796,39.3259324],[-76.6223898,39.3259266],[-76.6223959,39.3259227],[-76.6224018,39.3259187],[-76.6224066,39.3259147],[-76.6224107,39.3259107],[-76.622415,39.3259059],[-76.6224186,39.3259017],[-76.6224215,39.3258971],[-76.6224245,39.3258922],[-76.6224273,39.3258868],[-76.6224293,39.325882],[-76.6224307,39.3258774],[-76.6224319,39.3258722],[-76.6224326,39.3258674],[-76.6224323,39.325863],[-76.6224317,39.3258581],[-76.6224307,39.3258538],[-76.6224292,39.3258495],[-76.622427,39.3258449],[-76.6224249,39.3258408],[-76.6224225,39.3258371],[-76.6224161,39.3258284],[-76.6224049,39.325814],[-76.6223947,39.3258015],[-76.6223717,39.3257743],[-76.6223617,39.3257627],[-76.6223398,39.3257372],[-76.6223106,39.3257027],[-76.6222793,39.3256646],[-76.622265,39.3256476],[-76.6222555,39.3256368],[-76.6222436,39.3256237],[-76.6222311,39.3256104],[-76.6222273,39.3256066],[-76.6222192,39.3255989],[-76.6222137,39.3255939],[-76.6222023,39.325584],[-76.6221975,39.3255802],[-76.6221826,39.3255689],[-76.6221775,39.3255641],[-76.6221644,39.3255546],[-76.6221587,39.3255506],[-76.6221497,39.3255438],[-76.6221315,39.3255293],[-76.6221306,39.3255286],[-76.6221307,39.3255205]]]}},{"type":"Feature","properties":{"layer":"Sidewalk","symbol":1,"class":"Other","_tile":"6/30/40"},"geometry":{"type":"Polygon","coordinates":[[[-76.6224301,39.325319],[-76.6225515,39.3252614],[-76.6225565,39.3252673],[-76.6225587,39.3252701],[-76.622557,39.3252708],[-76.6224367,39.3253276],[-76.6224346,39.3253239],[-76.6224318,39.3253206],[-76.6224301,39.325319]]]}},{"type":"Feature","properties":{"layer":"Sidewalk","symbol":1,"class":"Other","_tile":"6/30/40"},"geometry":{"type":"Polygon","coordinates":[[[-76.6222545,39.325429],[-76.6222534,39.3254281],[-76.6222308,39.3254102],[-76.6222168,39.325399],[-76.6222123,39.3253943],[-76.622242,39.3253931],[-76.6222151,39.3253726],[-76.6221974,39.32537],[-76.6221958,39.3253644],[-76.6221947,39.3253592],[-76.6221938,39.3253523],[-76.6221936,39.3253458],[-76.6221939,39.3253398],[-76.6221942,39.3253375],[-76.6221945,39.3253353],[-76.6222243,39.3253593],[-76.6222652,39.3253873],[-76.6222953,39.3254098],[-76.6223258,39.3254351],[-76.6223637,39.3254687],[-76.6223912,39.3254923],[-76.622382,39.3254928],[-76.6223766,39.3254928],[-76.6223705,39.3254925],[-76.622364,39.3254921],[-76.6223609,39.3254917],[-76.6223446,39.3254761],[-76.6223283,39.3254617],[-76.622289,39.3254284],[-76.6222537,39.3254013],[-76.6222545,39.325429]]]}},{"type":"Feature","properties":{"layer":"Sidewalk","symbol":1,"class":"Other","_tile":"6/30/40"},"geometry":{"type":"Polygon","coordinates":[[[-76.6227812,39.3250605],[-76.6227739,39.3250512],[-76.6227576,39.3250588],[-76.6227429,39.32504],[-76.6227548,39.3250344],[-76.6227807,39.3250345],[-76.6227813,39.3250353],[-76.6227812,39.3250605]]]}},{"type":"Feature","properties":{"layer":"Sidewalk","symbol":1,"class":"Other","_tile":"6/30/40"},"geometry":{"type":"Polygon","coordinates":[[[-76.6221309,39.3254831],[-76.6221353,39.3254844],[-76.62214,39.3254862],[-76.6221452,39.3254885],[-76.6221509,39.3254914],[-76.6221589,39.3254959],[-76.6221493,39.3254992],[-76.622136,39.3255036],[-76.6221308,39.3255012],[-76.6221309,39.3254831]]]}},{"type":"Feature","properties":{"layer":"Sidewalk","symbol":1,"class":"Other","_tile":"6/30/40"},"geometry":{"type":"Polygon","coordinates":[[[-76.6224301,39.325319],[-76.6224318,39.3253206],[-76.6224346,39.3253239],[-76.6224367,39.3253276],[-76.6224382,39.3253314],[-76.622439,39.3253354],[-76.6224389,39.3253394],[-76.6224383,39.3253433],[-76.6224369,39.3253471],[-76.6224349,39.3253508],[-76.6224321,39.3253543],[-76.6224289,39.3253574],[-76.622425,39.32536],[-76.6224207,39.3253622],[-76.6224161,39.325364],[-76.6224113,39.3253653],[-76.6224063,39.325366],[-76.622401,39.3253662],[-76.622396,39.3253658],[-76.6223909,39.3253649],[-76.6223862,39.3253634],[-76.6223817,39.3253614],[-76.6223776,39.325359],[-76.6223739,39.3253561],[-76.6223709,39.3253529],[-76.6223685,39.3253493],[-76.6223668,39.3253456],[-76.6223656,39.3253417],[-76.6223653,39.3253377],[-76.6223656,39.3253337],[-76.6223666,39.3253298],[-76.6223683,39.3253261],[-76.6223707,39.3253225],[-76.6223737,39.3253193],[-76.6223772,39.3253163],[-76.6223814,39.3253138],[-76.6223857,39.3253118],[-76.6223904,39.3253103],[-76.6223955,39.3253094],[-76.6224006,39.3253089],[-76.6224058,39.325309],[-76.6224109,39.3253096],[-76.6224158,39.3253109],[-76.6224204,39.3253127],[-76.6224246,39.3253148],[-76.6224285,39.3253174],[-76.6224301,39.325319]]]}},{"type":"Feature","properties":{"layer":"Sidewalk","symbol":1,"class":"Other","_tile":"6/30/40"},"geometry":{"type":"Polygon","coordinates":[[[-76.6221817,39.3250326],[-76.6221799,39.3250405],[-76.6221791,39.3250445],[-76.6221773,39.3250519],[-76.6221739,39.3250657],[-76.6221693,39.3250828],[-76.6221683,39.3250873],[-76.6221657,39.3250965],[-76.6221598,39.325117],[-76.6221528,39.3251385],[-76.6221498,39.3251472],[-76.6221371,39.3251832],[-76.6221324,39.3251967],[-76.6221326,39.3251554],[-76.6221365,39.3251444],[-76.6221412,39.3251306],[-76.6221452,39.3251181],[-76.622151,39.3250986],[-76.6221521,39.3250942],[-76.6221571,39.3250761],[-76.6221602,39.3250636],[-76.6221621,39.3250567],[-76.6221645,39.3250463],[-76.6221673,39.3250348],[-76.6221678,39.3250325],[-76.6221817,39.3250326]],[[-76.6221321,39.3252562],[-76.6221388,39.3252523],[-76.6221448,39.3252486],[-76.6221555,39.3252414],[-76.6221613,39.3252372],[-76.6221669,39.3252326],[-76.6221747,39.3252268],[-76.6221833,39.3252207],[-76.6221917,39.3252152],[-76.6222003,39.3252099],[-76.6222081,39.3252054],[-76.6222234,39.3251977],[-76.6222361,39.3251917],[-76.62225,39.3251856],[-76.6222618,39.3251807],[-76.6222719,39.3251767],[-76.6222787,39.3251741],[-76.6222993,39.3251669],[-76.6223142,39.3251622],[-76.6223293,39.3251578],[-76.6223367,39.3251558],[-76.6223439,39.325154],[-76.6223583,39.3251508],[-76.6223734,39.3251479],[-76.6223884,39.3251455],[-76.6223964,39.3251444],[-76.6224045,39.3251436],[-76.6224211,39.3251425],[-76.6224297,39.3251422],[-76.6224394,39.3251421],[-76.6224503,39.3251426],[-76.6224914,39.3251463],[-76.6225193,39.325145],[-76.6225207,39.3251441],[-76.6225256,39.3251495],[-76.6225311,39.3251537],[-76.6225362,39.3251574],[-76.6225538,39.3251657],[-76.6225676,39.3251711],[-76.6225738,39.3251729],[-76.6225785,39.3251735],[-76.6225828,39.3251734],[-76.622587,39.3251728],[-76.6225897,39.3251721],[-76.6225931,39.3251712],[-76.6225968,39.3251696],[-76.6225997,39.3251735],[-76.6225928,39.3251769],[-76.622675,39.3252819],[-76.622682,39.3252787],[-76.6226847,39.3252826],[-76.6226779,39.3252862],[-76.6226739,39.3252905],[-76.6226715,39.3252938],[-76.6226694,39.3252986],[-76.6226685,39.3253048],[-76.622669,39.325317],[-76.6226699,39.325327],[-76.6226695,39.3253351],[-76.6226689,39.3253405],[-76.6227575,39.3254395],[-76.622779,39.325463],[-76.6227789,39.3254788],[-76.6227478,39.3254448],[-76.6226656,39.3253541],[-76.6226644,39.3253529],[-76.6226625,39.32536],[-76.6226608,39.3253657],[-76.6226606,39.3253667],[-76.6226585,39.325373],[-76.622656,39.3253797],[-76.6226524,39.3253873],[-76.6226485,39.3253945],[-76.6226448,39.3254012],[-76.6226374,39.3254131],[-76.6226255,39.3254299],[-76.6226153,39.3254434],[-76.6226068,39.3254527],[-76.6225998,39.3254598],[-76.6225966,39.325463],[-76.6225891,39.3254699],[-76.6225755,39.3254818],[-76.6225653,39.3254903],[-76.6225601,39.3254949],[-76.6225488,39.3255042],[-76.6225431,39.3255091],[-76.6225259,39.3255232],[-76.6225203,39.3255285],[-76.6225111,39.325537],[-76.6224805,39.3255369],[-76.6224819,39.3255353],[-76.6224862,39.3255312],[-76.622508,39.3255109],[-76.6225425,39.3254823],[-76.6225528,39.3254735],[-76.6225709,39.3254578],[-76.622581,39.3254483],[-76.622584,39.3254453],[-76.6225875,39.3254416],[-76.622606,39.3254216],[-76.6226176,39.3254052],[-76.6226212,39.3253997],[-76.6226282,39.3253878],[-76.6226317,39.3253811],[-76.6226348,39.3253744],[-76.622639,39.3253626],[-76.6226409,39.3253564],[-76.6226426,39.3253498],[-76.6226439,39.3253432],[-76.6226447,39.3253368],[-76.6226452,39.3253308],[-76.6226455,39.3253246],[-76.6226456,39.325318],[-76.6226453,39.3253115],[-76.6226445,39.3253055],[-76.6226437,39.3252997],[-76.6226411,39.3252871],[-76.6226392,39.3252808],[-76.622637,39.3252746],[-76.6226345,39.3252684],[-76.6226314,39.3252619],[-76.6226279,39.3252547],[-76.6226234,39.3252473],[-76.6226168,39.3252385],[-76.6226097,39.32523],[-76.6226022,39.3252221],[-76.6225942,39.3252149],[-76.6225858,39.3252078],[-76.6225765,39.3252009],[-76.6225669,39.3251944],[-76.622558,39.3251892],[-76.6225487,39.3251843],[-76.6225384,39.3251792],[-76.6225277,39.3251747],[-76.6225185,39.3251715],[-76.6225011,39.3251665],[-76.6224919,39.3251643],[-76.6224873,39.3251633],[-76.6224772,39.3251623],[-76.6224661,39.3251615],[-76.6224575,39.3251605],[-76.6224483,39.3251597],[-76.6224388,39.3251594],[-76.6224304,39.3251594],[-76.6224225,39.3251597],[-76.622407,39.3251608],[-76.6223995,39.3251615],[-76.6223923,39.3251624],[-76.6223783,39.3251646],[-76.6223641,39.3251675],[-76.6223504,39.3251704],[-76.6223367,39.325174],[-76.6223223,39.3251783],[-76.6223078,39.3251828],[-76.6222948,39.3251872],[-76.6222817,39.3251922],[-76.6222677,39.3251978],[-76.6222537,39.3252037],[-76.6222416,39.3252092],[-76.622228,39.3252159],[-76.6222208,39.3252197],[-76.6222137,39.3252237],[-76.6222059,39.3252286],[-76.6221978,39.3252338],[-76.6221898,39.3252393],[-76.6221767,39.3252495],[-76.6221643,39.3252583],[-76.6221589,39.3252619],[-76.6221524,39.3252659],[-76.6221447,39.3252704],[-76.6221376,39.3252741],[-76.6221327,39.3252765],[-76.622132,39.3252768],[-76.6221321,39.3252562]]]}},{"type":"Feature","properties":{"layer":"Sidewalk","_tile":"6/30/40"},"geometry":{"type":"Polygon","coordinates":[[[-76.6221308,39.3255012],[-76.622136,39.3255036],[-76.6221376,39.3255044],[-76.6221307,39.3255135],[-76.6221308,39.3255012]]]}},{"type":"Feature","properties":{"layer":"Sidewalk","_tile":"6/30/40"},"geometry":{"type":"Polygon","coordinates":[[[-76.6221307,39.3255135],[-76.6221376,39.3255044],[-76.622136,39.3255036],[-76.6221493,39.3254992],[-76.6221589,39.3254959],[-76.6221613,39.3254974],[-76.6221488,39.3255095],[-76.6221474,39.3255126],[-76.6221474,39.3255144],[-76.6221479,39.325516],[-76.6221488,39.3255184],[-76.6221527,39.3255235],[-76.622159,39.3255287],[-76.622164,39.3255326],[-76.6221683,39.3255359],[-76.6221396,39.3255358],[-76.6221315,39.3255293],[-76.6221306,39.3255286],[-76.6221307,39.3255135]]]}},{"type":"Feature","properties":{"layer":"Sidewalk","symbol":1,"class":"Other","_tile":"6/30/41"},"geometry":{"type":"Polygon","coordinates":[[[-76.6221355,39.3246111],[-76.6221715,39.3246575],[-76.6221862,39.3246506],[-76.6221486,39.3246017],[-76.62216,39.3245964],[-76.6221932,39.3246395],[-76.6221972,39.3246444],[-76.6222899,39.3246012],[-76.6222527,39.3245529],[-76.6222646,39.3245475],[-76.6223016,39.3245955],[-76.6223162,39.3245888],[-76.6223133,39.3245851],[-76.6223017,39.3245701],[-76.6222822,39.3245448],[-76.6222994,39.3245449],[-76.6223005,39.3245462],[-76.6223195,39.3245701],[-76.6223294,39.3245824],[-76.6223705,39.3245626],[-76.6223748,39.3245583],[-76.6223773,39.324554],[-76.6223775,39.3245483],[-76.622376,39.3245451],[-76.6223924,39.3245452],[-76.6223934,39.3245479],[-76.6223945,39.3245541],[-76.6223918,39.3245607],[-76.6223872,39.3245664],[-76.6223837,39.32457],[-76.62238,39.3245724],[-76.6223763,39.3245749],[-76.6222131,39.3246521],[-76.6221532,39.3246801],[-76.6221448,39.3246814],[-76.6221396,39.3246813],[-76.6221351,39.3246793],[-76.6221352,39.324674],[-76.6221593,39.3246629],[-76.6221354,39.3246319],[-76.6221355,39.3246111]]]}},{"type":"Feature","properties":{"layer":"Sidewalk","symbol":1,"class":"Other","_tile":"6/30/41"},"geometry":{"type":"Polygon","coordinates":[[[-76.6227682,39.3245483],[-76.6227087,39.3245767],[-76.622686,39.3245875],[-76.6226911,39.3246044],[-76.6226921,39.324612],[-76.6226922,39.3246167],[-76.6226914,39.3246237],[-76.6226778,39.3246151],[-76.6226775,39.3246109],[-76.622677,39.324606],[-76.6226761,39.3246011],[-76.6226749,39.324597],[-76.6226733,39.3245925],[-76.6226714,39.3245875],[-76.6226696,39.3245832],[-76.6226662,39.3245764],[-76.6227294,39.3245462],[-76.6227722,39.3245464],[-76.6227682,39.3245483]]]}},{"type":"Feature","properties":{"layer":"Sidewalk","symbol":1,"class":"Other","_tile":"6/30/41"},"geometry":{"type":"Polygon","coordinates":[[[-76.6227504,39.3250497],[-76.6227429,39.32504],[-76.6227737,39.3250255],[-76.6227813,39.3250353],[-76.6227812,39.3250497],[-76.6227504,39.3250497]]]}},{"type":"Feature","properties":{"layer":"Sidewalk","symbol":1,"class":"Other","_tile":"6/30/41"},"geometry":{"type":"Polygon","coordinates":[[[-76.6227828,39.3247634],[-76.6227764,39.3247661],[-76.6227827,39.3247747],[-76.6227827,39.3247753],[-76.6227555,39.3247881],[-76.6227651,39.3248006],[-76.6227457,39.3248098],[-76.6227285,39.3247878],[-76.6227812,39.3247629],[-76.6227825,39.324756],[-76.622782,39.3247554],[-76.6227828,39.3247551],[-76.6227828,39.3247634]]]}},{"type":"Feature","properties":{"layer":"Sidewalk","symbol":1,"class":"Other","_tile":"6/30/41"},"geometry":{"type":"Polygon","coordinates":[[[-76.6227829,39.3247269],[-76.622766,39.3247349],[-76.6227546,39.3247201],[-76.6227714,39.3247123],[-76.6227746,39.3247162],[-76.6227829,39.3247269]]]}},{"type":"Feature","properties":{"layer":"Sidewalk","symbol":1,"class":"Other","_tile":"6/30/41"},"geometry":{"type":"Polygon","coordinates":[[[-76.6225989,39.3246085],[-76.6226011,39.3246134],[-76.6226016,39.3246178],[-76.6226012,39.3246222],[-76.6226006,39.3246265],[-76.6226001,39.3246283],[-76.6225907,39.3246328],[-76.6224895,39.3246793],[-76.6223897,39.3247265],[-76.6223824,39.324723],[-76.622377,39.3247196],[-76.6223718,39.3247153],[-76.6223714,39.3247148],[-76.6223886,39.3247067],[-76.6223895,39.3247061],[-76.622478,39.3246645],[-76.6225792,39.3246179],[-76.6225989,39.3246085]]]}},{"type":"Feature","properties":{"layer":"Sidewalk","symbol":1,"class":"Other","_tile":"6/30/41"},"geometry":{"type":"Polygon","coordinates":[[[-76.6223948,39.3247781],[-76.6223977,39.3247784],[-76.622404,39.3247786],[-76.6224164,39.3247789],[-76.6224218,39.3247788],[-76.6224276,39.3247785],[-76.6224344,39.324778],[-76.6224412,39.3247773],[-76.622447,39.3247765],[-76.6224584,39.3247742],[-76.6224643,39.3247726],[-76.6224693,39.3247711],[-76.622474,39.3247694],[-76.6224911,39.3247621],[-76.6226166,39.3247027],[-76.6226265,39.3246978],[-76.6226341,39.3246938],[-76.6226418,39.324689],[-76.6226468,39.3246841],[-76.6226511,39.3246791],[-76.6226556,39.3246728],[-76.6226665,39.3246696],[-76.6226719,39.3246687],[-76.6226772,39.3246681],[-76.6226802,39.3246682],[-76.6226774,39.3246757],[-76.6226744,39.32468],[-76.6226702,39.3246851],[-76.6226662,39.3246896],[-76.622661,39.3246945],[-76.6226554,39.324699],[-76.6226422,39.324708],[-76.6226588,39.3247295],[-76.6224376,39.3248333],[-76.6223948,39.3247781]]]}},{"type":"Feature","properties":{"layer":"Sidewalk","symbol":1,"class":"Other","_tile":"6/30/41"},"geometry":{"type":"Polygon","coordinates":[[[-76.622242,39.3248433],[-76.6222303,39.3248502],[-76.6222263,39.3248447],[-76.6222243,39.3248391],[-76.6222179,39.3248698],[-76.6221907,39.3249922],[-76.6221847,39.3250197],[-76.6221799,39.3250405],[-76.6221791,39.3250445],[-76.6221783,39.3250478],[-76.6221642,39.3250478],[-76.6221645,39.3250463],[-76.6221673,39.3250348],[-76.622169,39.3250265],[-76.6221711,39.3250179],[-76.6221771,39.3249904],[-76.6222042,39.324868],[-76.6222127,39.3248272],[-76.6221965,39.3248175],[-76.6221342,39.3248469],[-76.6221344,39.3248265],[-76.6223134,39.3247424],[-76.6223184,39.324748],[-76.6223234,39.3247543],[-76.6223257,39.3247568],[-76.6223093,39.3247646],[-76.6223033,39.3247674],[-76.6222698,39.3247831],[-76.622227,39.3248033],[-76.6222398,39.3248403],[-76.622242,39.3248433]]]}},{"type":"Feature","properties":{"layer":"Sidewalk","symbol":1,"class":"Other","_tile":"6/30/42"},"geometry":{"type":"Polygon","coordinates":[[[-76.6224649,39.3240573],[-76.622444,39.3240669],[-76.6224393,39.3240606],[-76.6224465,39.3240572],[-76.6224649,39.3240573]]]}},{"type":"Feature","properties":{"layer":"Sidewalk","symbol":1,"class":"Other","_tile":"6/30/42"},"geometry":{"type":"Polygon","coordinates":[[[-76.6225758,39.3241458],[-76.6226152,39.3241942],[-76.6226079,39.3241978],[-76.6225691,39.3241492],[-76.6225758,39.3241458]]]}},{"type":"Feature","properties":{"layer":"Sidewalk","symbol":1,"class":"Other","_tile":"6/30/42"},"geometry":{"type":"Polygon","coordinates":[[[-76.6221383,39.3240816],[-76.6221548,39.3240966],[-76.6222229,39.3240698],[-76.6222298,39.324079],[-76.6221649,39.3241048],[-76.6221763,39.324116],[-76.6222017,39.3241402],[-76.6222572,39.324115],[-76.6222653,39.3241259],[-76.6222548,39.3241309],[-76.6222127,39.3241503],[-76.6222108,39.3241512],[-76.6222421,39.3241859],[-76.6222715,39.3241722],[-76.6222856,39.3241655],[-76.6222922,39.3241626],[-76.6222997,39.3241726],[-76.6222511,39.3241964],[-76.6222801,39.3242307],[-76.6223277,39.3242094],[-76.6223381,39.3242232],[-76.6222961,39.3242433],[-76.6222903,39.3242459],[-76.6222832,39.3242485],[-76.6222778,39.32425],[-76.6222729,39.324251],[-76.6222689,39.3242511],[-76.6222651,39.3242505],[-76.6222583,39.3242481],[-76.6222536,39.3242423],[-76.6222659,39.3242365],[-76.622258,39.324227],[-76.6222161,39.3241786],[-76.6222,39.3241624],[-76.6221965,39.324159],[-76.6221719,39.3241347],[-76.6221382,39.3241038],[-76.6221383,39.3240816]]]}},{"type":"Feature","properties":{"layer":"Sidewalk","symbol":1,"class":"Other","_tile":"6/30/42"},"geometry":{"type":"Polygon","coordinates":[[[-76.6221375,39.324236],[-76.6221457,39.3242324],[-76.6221479,39.3242349],[-76.6221493,39.3242402],[-76.6221491,39.3242439],[-76.6221471,39.324248],[-76.6221448,39.3242517],[-76.6221426,39.3242544],[-76.622138,39.3242572],[-76.6221374,39.3242574],[-76.6221375,39.324236]]]}},{"type":"Feature","properties":{"layer":"Sidewalk","symbol":1,"class":"Other","_tile":"6/30/42"},"geometry":{"type":"Polygon","coordinates":[[[-76.6223682,39.3242409],[-76.6223765,39.3242372],[-76.6223802,39.3242421],[-76.6224295,39.3243061],[-76.6224219,39.3243101],[-76.6223719,39.3242461],[-76.6223682,39.3242409]]]}},{"type":"Feature","properties":{"layer":"Sidewalk","symbol":1,"class":"Other","_tile":"6/30/42"},"geometry":{"type":"Polygon","coordinates":[[[-76.6222582,39.32456],[-76.6222527,39.3245529],[-76.6222646,39.3245475],[-76.6222742,39.32456],[-76.6222582,39.32456]],[[-76.622137,39.3243211],[-76.6221371,39.3243046],[-76.6221967,39.3243787],[-76.6222125,39.3243809],[-76.6222172,39.3243867],[-76.622242,39.3243746],[-76.6221852,39.3243044],[-76.6221739,39.3242903],[-76.6221719,39.3242881],[-76.6221762,39.3242867],[-76.62218,39.3242864],[-76.6221848,39.3242866],[-76.6221914,39.3242883],[-76.6222463,39.3243557],[-76.6223337,39.324468],[-76.6223849,39.3245331],[-76.6223909,39.3245411],[-76.6223934,39.3245479],[-76.6223945,39.3245541],[-76.622392,39.3245604],[-76.6223728,39.3245604],[-76.6223748,39.3245583],[-76.6223773,39.324554],[-76.6223775,39.3245483],[-76.6223752,39.3245434],[-76.6223732,39.324541],[-76.6223255,39.3244805],[-76.6223197,39.3244731],[-76.6223019,39.3244505],[-76.6222617,39.3243995],[-76.6222484,39.3243825],[-76.622222,39.3243949],[-76.6222004,39.324405],[-76.6221907,39.3243923],[-76.6221979,39.3243888],[-76.622189,39.3243859],[-76.6221747,39.3243677],[-76.6221377,39.3243208],[-76.622137,39.3243211]],[[-76.6223116,39.3245602],[-76.622294,39.3245601],[-76.622279,39.3245407],[-76.6222915,39.3245349],[-76.6223005,39.3245462],[-76.6223116,39.3245602]]]}},{"type":"Feature","properties":{"layer":"Sidewalk","symbol":1,"class":"Other","_tile":"6/30/42"},"geometry":{"type":"Polygon","coordinates":[[[-76.6227682,39.3245483],[-76.6227404,39.3245615],[-76.6226978,39.3245614],[-76.622784,39.3245202],[-76.6227839,39.3245408],[-76.6227682,39.3245483]]]}},{"type":"Feature","properties":{"layer":"Sidewalk","symbol":1,"class":"Other","_tile":"6/30/42"},"geometry":{"type":"Polygon","coordinates":[[[-76.6227255,39.3240747],[-76.6227347,39.3240702],[-76.622776,39.3241231],[-76.6227643,39.3241288],[-76.6227255,39.3240747]]]}},{"type":"Feature","properties":{"layer":"Sidewalk","symbol":1,"class":"Other","_tile":"6/30/42"},"geometry":{"type":"Polygon","coordinates":[[[-76.6226911,39.324091],[-76.6226977,39.3240878],[-76.6227382,39.3241418],[-76.6227325,39.3241447],[-76.6226911,39.324091]]]}},{"type":"Feature","properties":{"layer":"Sidewalk","symbol":1,"class":"Other","_tile":"6/30/42"},"geometry":{"type":"Polygon","coordinates":[[[-76.6226606,39.3241055],[-76.6226726,39.3241199],[-76.6226762,39.3241229],[-76.6226801,39.3241253],[-76.6226869,39.324128],[-76.6226934,39.3241311],[-76.6226985,39.3241363],[-76.6227073,39.3241473],[-76.622703,39.3241495],[-76.6226943,39.3241386],[-76.6226899,39.3241341],[-76.6226844,39.3241314],[-76.6226774,39.3241287],[-76.6226728,39.3241259],[-76.6226686,39.3241224],[-76.6226563,39.3241076],[-76.6226606,39.3241055]]]}},{"type":"Feature","properties":{"layer":"Sidewalk","symbol":1,"class":"Other","_tile":"6/30/42"},"geometry":{"type":"Polygon","coordinates":[[[-76.6226195,39.324125],[-76.6226602,39.3241766],[-76.6226504,39.3241814],[-76.622647,39.3241831],[-76.6226468,39.3241831],[-76.6226182,39.3241449],[-76.6226077,39.3241307],[-76.622618,39.3241258],[-76.6226195,39.324125]]]}},{"type":"Feature","properties":{"layer":"Sidewalk","symbol":1,"class":"Other","_tile":"6/30/42"},"geometry":{"type":"MultiPolygon","coordinates":[[[[-76.622433,39.3244687],[-76.6224453,39.3244623],[-76.6223895,39.3243917],[-76.622311,39.3242905],[-76.6222967,39.3242953],[-76.6222928,39.3242904],[-76.6222917,39.3242854],[-76.6222919,39.3242818],[-76.622293,39.3242791],[-76.6222947,39.3242769],[-76.6222978,39.3242746],[-76.6223064,39.3242697],[-76.6223138,39.3242664],[-76.6223252,39.324261],[-76.6223287,39.3242665],[-76.6223831,39.3243361],[-76.6224739,39.3244521],[-76.6224857,39.3244464],[-76.6224961,39.3244598],[-76.6225275,39.324445],[-76.6225171,39.3244316],[-76.6225269,39.324427],[-76.6225375,39.3244404],[-76.6225676,39.3244261],[-76.6225574,39.3244127],[-76.6225672,39.324408],[-76.6225778,39.3244214],[-76.6226114,39.3244055],[-76.6226009,39.3243921],[-76.6226106,39.3243876],[-76.622621,39.324401],[-76.6226485,39.324388],[-76.6226383,39.3243751],[-76.6226394,39.324374],[-76.6226472,39.3243702],[-76.6226577,39.3243837],[-76.6226899,39.3243684],[-76.6226797,39.3243549],[-76.6226897,39.3243502],[-76.6227002,39.3243636],[-76.6227291,39.32435],[-76.6227186,39.3243366],[-76.6227283,39.324332],[-76.6227386,39.3243455],[-76.6227688,39.3243314],[-76.6227583,39.3243179],[-76.6227683,39.3243132],[-76.6227788,39.3243267],[-76.6227851,39.3243237],[-76.622785,39.3243379],[-76.6227827,39.324339],[-76.622785,39.3243419],[-76.6227849,39.3243573],[-76.6227738,39.3243432],[-76.6227456,39.3243565],[-76.6227603,39.3243753],[-76.6227849,39.3243637],[-76.6227848,39.3243825],[-76.6227076,39.3244188],[-76.6225102,39.3245128],[-76.6225022,39.3245155],[-76.6224976,39.3245161],[-76.6224913,39.3245165],[-76.6224857,39.3245161],[-76.6224763,39.3245135],[-76.622468,39.3245099],[-76.6224601,39.3245033],[-76.6224574,39.3244996],[-76.622433,39.3244687]]],[[[-76.6225114,39.324495],[-76.6224952,39.3244745],[-76.6224697,39.3244868],[-76.6224752,39.3244931],[-76.6224801,39.3244972],[-76.622486,39.3245008],[-76.6224951,39.3245015],[-76.6225006,39.3245003],[-76.6225057,39.3244985],[-76.6225114,39.324495]]],[[[-76.62255,39.3244751],[-76.6225349,39.3244558],[-76.6225043,39.3244702],[-76.6225194,39.3244896],[-76.62255,39.3244751]]],[[[-76.6225898,39.3244564],[-76.6225748,39.324437],[-76.6225452,39.3244509],[-76.6225603,39.3244703],[-76.6225898,39.3244564]]],[[[-76.6226284,39.3244382],[-76.6226134,39.3244188],[-76.6225858,39.3244317],[-76.6226009,39.3244511],[-76.6226284,39.3244382]]],[[[-76.6226717,39.3244178],[-76.6226608,39.3244041],[-76.6226566,39.3243985],[-76.6226237,39.324414],[-76.6226389,39.3244333],[-76.6226717,39.3244178]]],[[[-76.6227129,39.3243988],[-76.6226977,39.3243791],[-76.6226666,39.3243938],[-76.622671,39.3243992],[-76.622682,39.3244133],[-76.6227129,39.3243988]]],[[[-76.6227507,39.3243809],[-76.6227353,39.3243613],[-76.6227086,39.324374],[-76.622724,39.3243936],[-76.6227507,39.3243809]]]]}},{"type":"Feature","properties":{"layer":"Sidewalk","symbol":1,"class":"Other","_tile":"6/30/43"},"geometry":{"type":"Polygon","coordinates":[[[-76.6221925,39.3236969],[-76.6221974,39.3237033],[-76.6221697,39.3237163],[-76.6221402,39.3237304],[-76.6221402,39.3237217],[-76.6221901,39.323698],[-76.6221925,39.3236969]]]}},{"type":"Feature","properties":{"layer":"Sidewalk","symbol":1,"class":"Other","_tile":"6/30/43"},"geometry":{"type":"Polygon","coordinates":[[[-76.6222384,39.3237566],[-76.6222439,39.3237639],[-76.6222442,39.3237642],[-76.6222314,39.3237703],[-76.6221647,39.3238018],[-76.6221587,39.3237943],[-76.6222384,39.3237566]]]}},{"type":"Feature","properties":{"layer":"Sidewalk","symbol":1,"class":"Other","_tile":"6/30/43"},"geometry":{"type":"Polygon","coordinates":[[[-76.6227554,39.3237935],[-76.6226994,39.3238207],[-76.6226921,39.3238117],[-76.6227482,39.3237845],[-76.6227554,39.3237935]]]}},{"type":"Feature","properties":{"layer":"Sidewalk","symbol":1,"class":"Other","_tile":"6/30/43"},"geometry":{"type":"Polygon","coordinates":[[[-76.6222713,39.3237995],[-76.6222777,39.323808],[-76.6222096,39.3238398],[-76.6221959,39.3238464],[-76.6221887,39.3238372],[-76.622229,39.3238188],[-76.6222487,39.3238098],[-76.6222713,39.3237995]]]}},{"type":"Feature","properties":{"layer":"Sidewalk","symbol":1,"class":"Other","_tile":"6/30/43"},"geometry":{"type":"Polygon","coordinates":[[[-76.6227876,39.323858],[-76.6227473,39.3238774],[-76.6227456,39.3238783],[-76.6227357,39.323866],[-76.6227877,39.3238408],[-76.6227876,39.323858]]]}},{"type":"Feature","properties":{"layer":"Sidewalk","symbol":1,"class":"Other","_tile":"6/30/43"},"geometry":{"type":"Polygon","coordinates":[[[-76.6223067,39.3238458],[-76.6223126,39.3238534],[-76.6222312,39.3238918],[-76.6222253,39.3238841],[-76.6223067,39.3238458]]]}},{"type":"Feature","properties":{"layer":"Sidewalk","symbol":1,"class":"Other","_tile":"6/30/43"},"geometry":{"type":"Polygon","coordinates":[[[-76.6227874,39.3238987],[-76.62278,39.3239022],[-76.6227689,39.3239075],[-76.6227636,39.3239009],[-76.6227653,39.3239],[-76.6227746,39.3238956],[-76.6227874,39.3238898],[-76.6227874,39.3238987]]]}},{"type":"Feature","properties":{"layer":"Sidewalk","symbol":1,"class":"Other","_tile":"6/30/43"},"geometry":{"type":"Polygon","coordinates":[[[-76.6223045,39.3239691],[-76.6222875,39.323977],[-76.6222804,39.3239677],[-76.6222973,39.3239599],[-76.6223045,39.3239691]]]}},{"type":"Feature","properties":{"layer":"Sidewalk","symbol":1,"class":"Other","_tile":"6/30/43"},"geometry":{"type":"Polygon","coordinates":[[[-76.6226374,39.323845],[-76.6226414,39.3238501],[-76.6226297,39.3238555],[-76.622567,39.3238846],[-76.6223695,39.3239762],[-76.6223727,39.3239805],[-76.6223538,39.3239889],[-76.6223328,39.3239983],[-76.6223258,39.3239887],[-76.6223591,39.3239739],[-76.6223566,39.3239706],[-76.622485,39.3239131],[-76.6226374,39.323845]]]}},{"type":"Feature","properties":{"layer":"Sidewalk","symbol":1,"class":"Other","_tile":"6/30/43"},"geometry":{"type":"Polygon","coordinates":[[[-76.6226728,39.32389],[-76.6226781,39.3238968],[-76.6226329,39.3239188],[-76.6226077,39.3239312],[-76.6226003,39.3239345],[-76.6223657,39.3240426],[-76.6223601,39.3240349],[-76.6226728,39.32389]]]}},{"type":"Feature","properties":{"layer":"Sidewalk","symbol":1,"class":"Other","_tile":"6/30/43"},"geometry":{"type":"Polygon","coordinates":[[[-76.6226368,39.3239699],[-76.6226415,39.3239762],[-76.622444,39.3240669],[-76.6224393,39.3240606],[-76.6225382,39.3240152],[-76.6226368,39.3239699]]]}},{"type":"Feature","properties":{"layer":"Sidewalk","symbol":1,"class":"Other","_tile":"6/30/43"},"geometry":{"type":"Polygon","coordinates":[[[-76.6222178,39.3240718],[-76.6222229,39.3240698],[-76.6222244,39.3240718],[-76.6222178,39.3240718]]]}},{"type":"Feature","properties":{"layer":"Sidewalk","symbol":1,"class":"Other","_tile":"6/30/43"},"geometry":{"type":"Polygon","coordinates":[[[-76.6226416,39.3238708],[-76.6226533,39.3238652],[-76.6226614,39.3238754],[-76.6226494,39.3238809],[-76.6226416,39.3238708]]]}},{"type":"Feature","properties":{"layer":"Sidewalk","symbol":1,"class":"Other","_tile":"6/30/43"},"geometry":{"type":"Polygon","coordinates":[[[-76.6227281,39.3240734],[-76.6227347,39.3240702],[-76.6227373,39.3240734],[-76.6227281,39.3240734]]]}},{"type":"Feature","properties":{"layer":"Sidewalk","_tile":"6/31/32"},"geometry":{"type":"Polygon","coordinates":[[[-76.6221305,39.3289371],[-76.6221321,39.3289429],[-76.622132,39.3289478],[-76.6221291,39.328949],[-76.622124,39.3289495],[-76.6221187,39.3289491],[-76.6221158,39.3289483],[-76.6221107,39.3289463],[-76.6221081,39.328937],[-76.6221305,39.3289371]]]}},{"type":"Feature","properties":{"layer":"Sidewalk","_tile":"6/31/32"},"geometry":{"type":"Polygon","coordinates":[[[-76.621754,39.3294392],[-76.6217601,39.3294365],[-76.6217792,39.3294279],[-76.6217909,39.3294221],[-76.621815,39.3294094],[-76.6218321,39.3294],[-76.6218466,39.3293916],[-76.6218547,39.3293866],[-76.621864,39.3293808],[-76.6218829,39.3293685],[-76.6218878,39.3293652],[-76.6218998,39.3293569],[-76.6219125,39.3293475],[-76.6219194,39.3293421],[-76.6219267,39.3293361],[-76.6219421,39.3293229],[-76.6219498,39.3293162],[-76.6219564,39.3293101],[-76.6219618,39.3293049],[-76.62197,39.3292965],[-76.6219854,39.3292791],[-76.6219962,39.329266],[-76.6220041,39.3292561],[-76.6220078,39.3292509],[-76.6220118,39.3292451],[-76.6220165,39.3292383],[-76.6220264,39.3292234],[-76.6220361,39.3292079],[-76.6220392,39.3292028],[-76.6220428,39.3291965],[-76.6220468,39.3291897],[-76.62206,39.3291658],[-76.6220635,39.3291588],[-76.6220665,39.3291533],[-76.6220708,39.3291445],[-76.6220806,39.3291233],[-76.622092,39.3290948],[-76.6220966,39.3290823],[-76.6221026,39.3290646],[-76.6221072,39.3290499],[-76.6221105,39.329038],[-76.6221124,39.3290288],[-76.6221131,39.3290242],[-76.6221316,39.3290261],[-76.6221315,39.3290428],[-76.6221314,39.3290429],[-76.6221123,39.3291024],[-76.6221312,39.3291061],[-76.6221311,39.3291175],[-76.6221239,39.3291158],[-76.6221071,39.329112],[-76.6220925,39.3291338],[-76.6220877,39.3291442],[-76.6220841,39.3291513],[-76.6220838,39.3291522],[-76.6220789,39.3291619],[-76.622075,39.3291687],[-76.6220625,39.3291897],[-76.6220586,39.3291972],[-76.6220567,39.3292014],[-76.622055,39.3292062],[-76.6220547,39.3292074],[-76.6220544,39.3292107],[-76.6220543,39.3292145],[-76.6220551,39.3292176],[-76.6220557,39.3292194],[-76.6220578,39.3292237],[-76.622059,39.3292257],[-76.6220616,39.3292293],[-76.6220636,39.3292313],[-76.6220659,39.3292334],[-76.6220681,39.3292347],[-76.6220717,39.3292361],[-76.6220748,39.329237],[-76.622078,39.3292377],[-76.6221059,39.3292424],[-76.6221304,39.3292464],[-76.6221303,39.3292693],[-76.6221276,39.3292688],[-76.6220778,39.3294244],[-76.6220728,39.3294403],[-76.6220436,39.3294402],[-76.6220502,39.3294191],[-76.622084,39.3293133],[-76.6220864,39.3293056],[-76.622087,39.329303],[-76.6220873,39.3293009],[-76.6220872,39.3292977],[-76.6220865,39.3292935],[-76.6220859,39.329291],[-76.6220843,39.3292862],[-76.6220834,39.3292843],[-76.6220828,39.3292831],[-76.622081,39.3292801],[-76.6220784,39.3292768],[-76.6220772,39.3292754],[-76.6220749,39.3292731],[-76.6220734,39.3292719],[-76.6220712,39.3292704],[-76.6220688,39.3292691],[-76.622066,39.3292678],[-76.6220596,39.3292653],[-76.6220558,39.3292641],[-76.6220533,39.3292635],[-76.6220513,39.3292631],[-76.6220487,39.3292629],[-76.6220434,39.3292626],[-76.6220378,39.3292628],[-76.6220354,39.3292631],[-76.6220334,39.3292634],[-76.6220298,39.3292646],[-76.622026,39.3292668],[-76.6220234,39.3292689],[-76.6220208,39.3292711],[-76.622015,39.3292766],[-76.6220072,39.3292849],[-76.6220042,39.3292881],[-76.6219922,39.329302],[-76.6219859,39.3293088],[-76.6219788,39.3293161],[-76.6219706,39.3293242],[-76.6219618,39.3293327],[-76.6219527,39.3293408],[-76.6219438,39.3293487],[-76.6219318,39.3293588],[-76.6219282,39.3293615],[-76.6219228,39.3293655],[-76.6219091,39.3293749],[-76.621892,39.3293857],[-76.6218488,39.3294118],[-76.6218389,39.3294178],[-76.6218027,39.3294392],[-76.6218023,39.3294394],[-76.621754,39.3294392]]]}},{"type":"Feature","properties":{"layer":"Sidewalk","_tile":"6/31/32"},"geometry":{"type":"Polygon","coordinates":[[[-76.6220015,39.3290574],[-76.6220009,39.3290547],[-76.6220003,39.3290536],[-76.6219991,39.3290527],[-76.6219969,39.3290515],[-76.6219928,39.3290502],[-76.6219903,39.32905],[-76.6219874,39.3290501],[-76.6219853,39.3290509],[-76.6219829,39.3290525],[-76.6219757,39.329059],[-76.6219698,39.329063],[-76.6219614,39.3290674],[-76.6219506,39.3290719],[-76.6219394,39.3290759],[-76.6219279,39.3290793],[-76.621919,39.3290817],[-76.6219116,39.3290832],[-76.6219084,39.3290844],[-76.6219062,39.3290861],[-76.6219042,39.3290878],[-76.6219028,39.3290901],[-76.621902,39.329092],[-76.6219016,39.3290956],[-76.621902,39.3290997],[-76.621904,39.3291058],[-76.6219052,39.3291083],[-76.6219064,39.3291102],[-76.6219082,39.329112],[-76.6219107,39.3291138],[-76.6219221,39.3291214],[-76.621925,39.3291239],[-76.6219337,39.329132],[-76.6219365,39.3291342],[-76.6219388,39.3291356],[-76.6219458,39.3291386],[-76.6219489,39.3291396],[-76.6219516,39.3291401],[-76.6219547,39.3291401],[-76.6219585,39.3291397],[-76.6219621,39.329139],[-76.6219645,39.3291383],[-76.6219675,39.3291369],[-76.6219707,39.3291348],[-76.6219742,39.3291321],[-76.6219769,39.3291297],[-76.6219796,39.3291263],[-76.6219829,39.3291217],[-76.6219864,39.3291162],[-76.6219889,39.3291113],[-76.6219959,39.3290941],[-76.6220007,39.3290698],[-76.6220015,39.3290574]],[[-76.6220273,39.3289368],[-76.6220303,39.3289563],[-76.6220319,39.3289704],[-76.6220323,39.3289771],[-76.622033,39.3289947],[-76.6220329,39.3290115],[-76.6220322,39.329024],[-76.6220306,39.3290338],[-76.6220286,39.3290419],[-76.6220239,39.3290584],[-76.6220189,39.3290787],[-76.6220146,39.3290976],[-76.6220153,39.329118],[-76.6220098,39.3291294],[-76.6220071,39.3291343],[-76.6219992,39.3291475],[-76.6219976,39.3291497],[-76.6219877,39.3291654],[-76.621964,39.3292012],[-76.6219461,39.3292281],[-76.6219365,39.3292412],[-76.6219305,39.329249],[-76.6219266,39.3292537],[-76.6218899,39.3292326],[-76.621906,39.3292115],[-76.6219165,39.3291971],[-76.6219287,39.3291781],[-76.6219298,39.329172],[-76.6219303,39.3291655],[-76.6219185,39.3291414],[-76.6219106,39.3291337],[-76.621904,39.3291266],[-76.6218996,39.3291228],[-76.6218936,39.32912],[-76.6218904,39.3291191],[-76.6218832,39.3291179],[-76.6218724,39.3291186],[-76.6218686,39.3290518],[-76.6218697,39.3290519],[-76.6218696,39.3290489],[-76.621888,39.3290471],[-76.6218884,39.3290499],[-76.6218881,39.3290511],[-76.6218969,39.3290498],[-76.6219053,39.329048],[-76.6219161,39.329045],[-76.6219264,39.3290411],[-76.6219361,39.3290362],[-76.6219452,39.3290308],[-76.6219533,39.3290245],[-76.6219606,39.3290176],[-76.6219671,39.3290102],[-76.6219723,39.3290023],[-76.6219765,39.3289939],[-76.6219795,39.3289854],[-76.6219814,39.3289765],[-76.621982,39.3289677],[-76.6219815,39.3289588],[-76.6219798,39.32895],[-76.6219768,39.3289414],[-76.6219745,39.3289366],[-76.6220273,39.3289368]]]}},{"type":"Feature","properties":{"layer":"Sidewalk","symbol":1,"class":"Other","_tile":"6/31/33"},"geometry":{"type":"Polygon","coordinates":[[[-76.6220159,39.3284486],[-76.622023,39.3285116],[-76.6220025,39.3285128],[-76.6219995,39.328489],[-76.6219959,39.3284601],[-76.6219948,39.3284486],[-76.6220159,39.3284486]]]}},{"type":"Feature","properties":{"layer":"Sidewalk","symbol":1,"class":"Other","_tile":"6/31/33"},"geometry":{"type":"Polygon","coordinates":[[[-76.6220025,39.3285128],[-76.622023,39.3285116],[-76.6220246,39.3285263],[-76.6220283,39.3285513],[-76.6220082,39.3285525],[-76.6220048,39.3285296],[-76.6220025,39.3285128]]]}},{"type":"Feature","properties":{"layer":"Sidewalk","symbol":1,"class":"Other","_tile":"6/31/33"},"geometry":{"type":"Polygon","coordinates":[[[-76.6219518,39.3285891],[-76.6219314,39.3285917],[-76.621928,39.3285921],[-76.6219277,39.3285903],[-76.6219276,39.3285761],[-76.6219207,39.3284483],[-76.6219317,39.3284484],[-76.6219358,39.3284888],[-76.6219381,39.3285091],[-76.6219405,39.3285259],[-76.6219447,39.3285504],[-76.6219518,39.3285891]]]}},{"type":"Feature","properties":{"layer":"Sidewalk","symbol":1,"class":"Other","_tile":"6/31/33"},"geometry":{"type":"Polygon","coordinates":[[[-76.621928,39.3285921],[-76.6219314,39.3285917],[-76.6219518,39.3285891],[-76.6219552,39.3286079],[-76.6219269,39.3286068],[-76.62192,39.3286069],[-76.6219097,39.3286069],[-76.6218893,39.3286078],[-76.6218079,39.3286134],[-76.6218084,39.328618],[-76.6217869,39.3286176],[-76.6217867,39.3286141],[-76.6217821,39.3286139],[-76.6216471,39.3286164],[-76.621647,39.328615],[-76.621646,39.3285857],[-76.6216698,39.3285848],[-76.6216701,39.3285889],[-76.6216704,39.3285951],[-76.6216713,39.3286013],[-76.6218474,39.3285954],[-76.621928,39.3285921]]]}},{"type":"Feature","properties":{"layer":"Sidewalk","_tile":"6/31/33"},"geometry":{"type":"Polygon","coordinates":[[[-76.6220082,39.3285525],[-76.6220283,39.3285513],[-76.6220299,39.3285632],[-76.6220323,39.3285785],[-76.6220352,39.328596],[-76.6220379,39.3286099],[-76.6220414,39.3286245],[-76.6220426,39.3286284],[-76.6220467,39.3286435],[-76.6220672,39.3287111],[-76.6220873,39.3287809],[-76.6221083,39.328855],[-76.6221321,39.3289429],[-76.622132,39.3289478],[-76.6221291,39.328949],[-76.622124,39.3289495],[-76.6221187,39.3289491],[-76.6221158,39.3289483],[-76.6221107,39.3289463],[-76.6221062,39.3289304],[-76.6220967,39.3289007],[-76.6220863,39.3288646],[-76.6220813,39.3288467],[-76.6220676,39.3287963],[-76.6220419,39.3287028],[-76.6220244,39.3286375],[-76.6220192,39.328616],[-76.6220157,39.3285995],[-76.6220105,39.328569],[-76.6220082,39.3285525]]]}},{"type":"Feature","properties":{"layer":"Sidewalk","_tile":"6/31/33"},"geometry":{"type":"Polygon","coordinates":[[[-76.6219786,39.3288598],[-76.6219786,39.3288573],[-76.6219774,39.328853],[-76.6219748,39.3288475],[-76.621971,39.3288408],[-76.6219657,39.3288323],[-76.6219558,39.3288171],[-76.6219523,39.3288127],[-76.6219491,39.3288095],[-76.6219438,39.3288055],[-76.6219404,39.3288039],[-76.6219364,39.3288033],[-76.6219333,39.3288032],[-76.62193,39.3288044],[-76.6219253,39.3288073],[-76.6219215,39.3288104],[-76.6219133,39.3288187],[-76.6219098,39.3288216],[-76.6219038,39.3288254],[-76.6219013,39.3288266],[-76.6218991,39.3288274],[-76.6218939,39.3288283],[-76.6218921,39.3288289],[-76.6218905,39.3288299],[-76.6218892,39.3288313],[-76.6218881,39.328833],[-76.6218874,39.3288346],[-76.6218871,39.3288379],[-76.6218879,39.3288411],[-76.6218903,39.3288453],[-76.6218917,39.3288467],[-76.6218931,39.3288478],[-76.6218958,39.328849],[-76.6218992,39.3288498],[-76.6219026,39.3288501],[-76.6219107,39.3288502],[-76.6219159,39.328851],[-76.6219223,39.3288523],[-76.62193,39.3288544],[-76.6219409,39.3288577],[-76.6219569,39.328864],[-76.6219665,39.3288652],[-76.6219689,39.3288648],[-76.6219728,39.3288639],[-76.6219757,39.3288626],[-76.6219777,39.3288609],[-76.6219786,39.3288598]],[[-76.6217894,39.3286629],[-76.6218139,39.3286628],[-76.621814,39.3286738],[-76.6218163,39.328676],[-76.6218439,39.3286905],[-76.6218553,39.3286971],[-76.6218667,39.3287042],[-76.6218793,39.3287127],[-76.6218896,39.3287201],[-76.6218975,39.3287259],[-76.6219093,39.3287362],[-76.6219227,39.3287488],[-76.6219247,39.3287509],[-76.6219354,39.3287617],[-76.621945,39.3287725],[-76.6219584,39.3287895],[-76.6219615,39.3287939],[-76.6219706,39.3288063],[-76.6219816,39.3288231],[-76.6219924,39.3288405],[-76.6220004,39.3288549],[-76.6220062,39.3288665],[-76.6220121,39.3288816],[-76.6220181,39.3288998],[-76.6220233,39.3289175],[-76.6220265,39.328932],[-76.6220297,39.328952],[-76.6219801,39.3289519],[-76.6219798,39.32895],[-76.6219768,39.3289414],[-76.6219727,39.328933],[-76.6219675,39.328925],[-76.6219613,39.3289176],[-76.6219541,39.3289107],[-76.621946,39.3289043],[-76.621937,39.3288987],[-76.6219273,39.3288939],[-76.6219338,39.3288805],[-76.6218844,39.3288667],[-76.6218739,39.328867],[-76.6218581,39.3288677],[-76.6218575,39.328859],[-76.6218552,39.3288175],[-76.6218636,39.3288185],[-76.6218769,39.3288186],[-76.6218879,39.3288153],[-76.621894,39.3288128],[-76.6218977,39.3288104],[-76.6219023,39.3288065],[-76.6219066,39.3288017],[-76.6219097,39.3287973],[-76.6219111,39.3287942],[-76.6219124,39.3287897],[-76.6219133,39.3287845],[-76.6219137,39.3287794],[-76.6219134,39.3287765],[-76.6219125,39.3287729],[-76.6219069,39.3287586],[-76.6218975,39.3287629],[-76.6218949,39.3287612],[-76.6218773,39.3287481],[-76.6218717,39.3287438],[-76.6218838,39.3287361],[-76.6218753,39.3287313],[-76.6218465,39.3287123],[-76.6218311,39.3287031],[-76.6218132,39.3286934],[-76.6217968,39.3286852],[-76.6217836,39.3286797],[-76.6217734,39.3286763],[-76.6217605,39.3286728],[-76.6217473,39.3286699],[-76.6217361,39.3286681],[-76.6217291,39.3286676],[-76.6217197,39.3286673],[-76.6216918,39.3286677],[-76.6216533,39.3286691],[-76.6216548,39.3286782],[-76.6216035,39.3286803],[-76.6216019,39.3286715],[-76.6215531,39.328673],[-76.6215254,39.3286742],[-76.6215086,39.3286746],[-76.6214943,39.3286746],[-76.6214854,39.3286741],[-76.6214855,39.328654],[-76.6214958,39.3286553],[-76.6215103,39.3286562],[-76.6215291,39.3286568],[-76.6215407,39.3286568],[-76.6215511,39.328657],[-76.6215723,39.3286568],[-76.6216018,39.328656],[-76.6216434,39.3286544],[-76.6216856,39.3286525],[-76.6217071,39.3286521],[-76.6217235,39.3286523],[-76.6217357,39.3286528],[-76.6217456,39.3286535],[-76.6217531,39.3286545],[-76.6217618,39.3286565],[-76.6217762,39.3286605],[-76.6217894,39.3286629]]]}},{"type":"Feature","properties":{"layer":"Sidewalk","symbol":1,"class":"Other","_tile":"6/31/34"},"geometry":{"type":"Polygon","coordinates":[[[-76.6221361,39.3281846],[-76.6221315,39.3281865],[-76.6221219,39.3281904],[-76.6220904,39.3282038],[-76.6220658,39.3282148],[-76.6220464,39.3282245],[-76.6220386,39.3282287],[-76.6220324,39.3282327],[-76.622025,39.328238],[-76.6220172,39.3282444],[-76.622011,39.3282502],[-76.6220067,39.3282552],[-76.6220042,39.3282591],[-76.6220016,39.3282645],[-76.6219992,39.3282707],[-76.6219975,39.3282763],[-76.6219972,39.3282791],[-76.621997,39.3282827],[-76.621998,39.3282977],[-76.6219982,39.3282986],[-76.6220086,39.3283838],[-76.6220175,39.3284639],[-76.6219964,39.3284638],[-76.6219959,39.3284601],[-76.6219869,39.3283662],[-76.6219787,39.3282898],[-76.621978,39.328284],[-76.6219764,39.3282676],[-76.6219814,39.3282563],[-76.6219849,39.3282513],[-76.6219895,39.3282455],[-76.6219945,39.32824],[-76.6219983,39.3282361],[-76.6220017,39.3282338],[-76.6220064,39.3282303],[-76.6220193,39.3282218],[-76.6220214,39.3282208],[-76.6220602,39.3282024],[-76.6220859,39.3281903],[-76.62213,39.3281701],[-76.6221362,39.3281672],[-76.6221361,39.3281846]]]}},{"type":"Feature","properties":{"layer":"Sidewalk","symbol":1,"class":"Other","_tile":"6/31/34"},"geometry":{"type":"Polygon","coordinates":[[[-76.6219215,39.3284636],[-76.6219166,39.3283729],[-76.6219134,39.3283153],[-76.6219175,39.3283151],[-76.6219183,39.3283199],[-76.6219227,39.3283579],[-76.6219333,39.3284636],[-76.6219215,39.3284636]]]}},{"type":"Feature","properties":{"layer":"Sidewalk","symbol":1,"class":"Other","_tile":"6/31/34"},"geometry":{"type":"Polygon","coordinates":[[[-76.6219175,39.3283151],[-76.6219134,39.3283153],[-76.6219132,39.328313],[-76.6218885,39.3283137],[-76.6218808,39.3281739],[-76.6218942,39.3281735],[-76.6219175,39.3283151]]]}},{"type":"Feature","properties":{"layer":"Sidewalk","_tile":"6/31/34"},"geometry":{"type":"Polygon","coordinates":[[[-76.6215451,39.328352],[-76.6215473,39.3283515],[-76.6215468,39.3283443],[-76.6215788,39.3283432],[-76.6215814,39.3283898],[-76.6215532,39.3283908],[-76.6215497,39.3283913],[-76.6215457,39.3283916],[-76.6215453,39.328378],[-76.6215456,39.3283766],[-76.6215451,39.3283536],[-76.6215451,39.328352]]]}},{"type":"Feature","properties":{"layer":"Sidewalk","_tile":"6/31/34"},"geometry":{"type":"Polygon","coordinates":[[[-76.6215428,39.3283444],[-76.6215468,39.3283443],[-76.6215473,39.3283515],[-76.6215451,39.328352],[-76.6214871,39.3283527],[-76.6214872,39.328331],[-76.621542,39.3283287],[-76.6215423,39.328332],[-76.6215428,39.3283444]],[[-76.6220959,39.3279608],[-76.6220945,39.3279632],[-76.6220901,39.3279706],[-76.6220801,39.3279861],[-76.6220705,39.3279998],[-76.6220492,39.3280278],[-76.6220441,39.3280351],[-76.6220405,39.3280412],[-76.6220374,39.3280477],[-76.6220343,39.3280563],[-76.6220262,39.3280845],[-76.622013,39.3281314],[-76.6220107,39.3281307],[-76.6219983,39.3281265],[-76.6219851,39.3281222],[-76.6220005,39.3280653],[-76.6220038,39.3280554],[-76.6220066,39.3280481],[-76.6220106,39.3280403],[-76.6220166,39.3280298],[-76.6220244,39.3280186],[-76.6220457,39.32799],[-76.6220559,39.3279746],[-76.6220644,39.3279607],[-76.6220959,39.3279608]]]}},{"type":"Feature","properties":{"layer":"Sidewalk","symbol":1,"class":"Other","_tile":"6/31/35"},"geometry":{"type":"Polygon","coordinates":[[[-76.6215298,39.3275186],[-76.6215307,39.3275778],[-76.6214997,39.3275795],[-76.6214912,39.3275798],[-76.6214915,39.3275201],[-76.6215298,39.3275186]]]}},{"type":"Feature","properties":{"layer":"Sidewalk","symbol":1,"class":"Other","_tile":"6/31/35"},"geometry":{"type":"Polygon","coordinates":[[[-76.6217217,39.3275111],[-76.6218915,39.3275045],[-76.6218893,39.3274721],[-76.6219664,39.3274723],[-76.6219689,39.3275119],[-76.621972,39.3275605],[-76.6217225,39.3275691],[-76.6217217,39.3275111]]]}},{"type":"Feature","properties":{"layer":"Sidewalk","_tile":"6/31/35"},"geometry":{"type":"MultiPolygon","coordinates":[[[[-76.6221378,39.32786],[-76.6221228,39.3278636],[-76.6221193,39.3278732],[-76.6221186,39.3278772],[-76.6221182,39.327882],[-76.6221189,39.3279044],[-76.6221184,39.3279124],[-76.622117,39.3279179],[-76.6221143,39.3279251],[-76.6221104,39.3279338],[-76.6221045,39.3279455],[-76.6220985,39.3279567],[-76.6220945,39.3279632],[-76.6220901,39.3279706],[-76.6220866,39.327976],[-76.622055,39.3279759],[-76.6220559,39.3279746],[-76.6220729,39.3279469],[-76.6220821,39.3279313],[-76.6220852,39.3279255],[-76.6220867,39.3279217],[-76.6220872,39.3279209],[-76.6220889,39.3279144],[-76.62209,39.327906],[-76.6220905,39.3278962],[-76.6220908,39.3278777],[-76.6220913,39.3278582],[-76.6220914,39.3278409],[-76.6220911,39.327827],[-76.6220902,39.3278167],[-76.6220894,39.3278118],[-76.6220885,39.3278089],[-76.6220867,39.3278058],[-76.6220846,39.3278034],[-76.6220827,39.3278024],[-76.6220801,39.3278017],[-76.6220717,39.3278006],[-76.6220662,39.3278002],[-76.6220588,39.3278003],[-76.6220054,39.3278034],[-76.6220046,39.3277861],[-76.6220083,39.3277861],[-76.62201,39.327786],[-76.6220219,39.3277861],[-76.6220347,39.3277858],[-76.6220459,39.3277847],[-76.6220503,39.3277837],[-76.6220545,39.3277825],[-76.6220603,39.3277804],[-76.6220658,39.327778],[-76.6220698,39.3277759],[-76.6220726,39.327774],[-76.622076,39.3277703],[-76.6220794,39.3277655],[-76.6220819,39.3277608],[-76.622083,39.327757],[-76.622083,39.3277537],[-76.6220827,39.3277495],[-76.6220818,39.327745],[-76.6220808,39.3277413],[-76.6220788,39.3277367],[-76.6220758,39.3277315],[-76.6220649,39.327716],[-76.6220345,39.3276976],[-76.621986,39.3276795],[-76.6219497,39.3276672],[-76.621933,39.3276638],[-76.6219225,39.3276718],[-76.6218905,39.3277068],[-76.621883,39.3277157],[-76.6218773,39.3277236],[-76.6218706,39.3277334],[-76.6218667,39.3277396],[-76.6218641,39.3277452],[-76.6218629,39.3277495],[-76.6218624,39.3277559],[-76.6218629,39.3277607],[-76.621864,39.3277637],[-76.6218657,39.3277674],[-76.6218677,39.3277706],[-76.6218695,39.327773],[-76.6218731,39.3277765],[-76.6218779,39.3277803],[-76.6218828,39.3277834],[-76.6218869,39.3277855],[-76.621891,39.3277869],[-76.6218961,39.3277882],[-76.6219007,39.3277892],[-76.6219042,39.3277897],[-76.6219125,39.3277896],[-76.6219272,39.3277883],[-76.6219384,39.3277876],[-76.621953,39.327787],[-76.6219912,39.3277861],[-76.6219919,39.3278041],[-76.6219821,39.3278047],[-76.6219658,39.327805],[-76.6219245,39.3278052],[-76.6219103,39.3278055],[-76.6219003,39.3278062],[-76.6218926,39.3278073],[-76.6218874,39.3278087],[-76.6218855,39.3278096],[-76.6218842,39.3278108],[-76.6218821,39.3278142],[-76.6218814,39.3278174],[-76.6218812,39.3278242],[-76.6218918,39.3278241],[-76.6218942,39.3278648],[-76.6218806,39.3278655],[-76.6218815,39.3278742],[-76.6218774,39.3278744],[-76.6218625,39.3278756],[-76.6218618,39.3278635],[-76.6218547,39.3278638],[-76.6218547,39.3278627],[-76.6218538,39.3278558],[-76.6217751,39.3278565],[-76.6217581,39.3278574],[-76.6217569,39.3278434],[-76.6218091,39.3278413],[-76.6218466,39.3278386],[-76.6218494,39.3278355],[-76.6218506,39.327833],[-76.621852,39.3278292],[-76.6218528,39.3278254],[-76.6218531,39.3278224],[-76.621853,39.3278176],[-76.6218525,39.327816],[-76.6218519,39.3278149],[-76.621849,39.327813],[-76.6218446,39.3278112],[-76.6218392,39.3278103],[-76.621832,39.3278099],[-76.6218196,39.3278101],[-76.6217921,39.3278116],[-76.6217409,39.3278116],[-76.6217244,39.3278122],[-76.6217131,39.327813],[-76.6217114,39.3278131],[-76.6217005,39.3278145],[-76.621692,39.3278163],[-76.6216851,39.3278182],[-76.6216843,39.327819],[-76.6216824,39.3278196],[-76.6216808,39.3278214],[-76.6216796,39.3278239],[-76.6216786,39.3278274],[-76.6216781,39.3278308],[-76.6216783,39.327835],[-76.621679,39.3278373],[-76.6216818,39.3278404],[-76.6216847,39.3278424],[-76.6216884,39.3278433],[-76.621694,39.3278436],[-76.621695,39.3278438],[-76.6217022,39.3278441],[-76.6217023,39.3278693],[-76.6216944,39.3278691],[-76.6216832,39.327869],[-76.6216829,39.3278698],[-76.6216858,39.3279234],[-76.6216382,39.3279249],[-76.6216303,39.3278758],[-76.6216293,39.3278508],[-76.6216281,39.3278359],[-76.6216271,39.3278299],[-76.6216254,39.3278262],[-76.6216225,39.3278237],[-76.6216176,39.3278209],[-76.6216151,39.3278204],[-76.621609,39.3278198],[-76.6215578,39.3278218],[-76.6214899,39.3278224],[-76.6214901,39.3277941],[-76.6214959,39.3277965],[-76.6215043,39.3277994],[-76.6215117,39.3278014],[-76.6215175,39.3278024],[-76.6215239,39.3278029],[-76.6215298,39.3278031],[-76.6215328,39.3278031],[-76.6215548,39.327803],[-76.6215918,39.3278015],[-76.6215958,39.3277997],[-76.6215984,39.3277967],[-76.621599,39.3277939],[-76.6215971,39.3277739],[-76.6215923,39.3277397],[-76.6215841,39.3277404],[-76.6215799,39.3276995],[-76.62159,39.3276994],[-76.6215876,39.3276656],[-76.6215861,39.3276502],[-76.6215838,39.327633],[-76.6215798,39.3276296],[-76.6215757,39.3276284],[-76.6215605,39.32763],[-76.6215367,39.3276329],[-76.6215202,39.3276351],[-76.621496,39.3276391],[-76.6214981,39.3276467],[-76.6214909,39.3276481],[-76.6214911,39.3276112],[-76.6214989,39.3276098],[-76.621509,39.3276093],[-76.6215155,39.3276086],[-76.6215207,39.3276074],[-76.6215242,39.3276059],[-76.6215269,39.327604],[-76.621529,39.3276019],[-76.6215299,39.3276001],[-76.621531,39.3275962],[-76.6215307,39.3275778],[-76.6215298,39.3275186],[-76.6217217,39.3275111],[-76.6217225,39.3275691],[-76.6217222,39.3275902],[-76.6217332,39.3275981],[-76.6217684,39.3276016],[-76.6218168,39.3276088],[-76.6218334,39.3276115],[-76.6218525,39.3276153],[-76.6218709,39.3276192],[-76.6218853,39.3276224],[-76.6219097,39.3276287],[-76.6219218,39.3276311],[-76.6219302,39.3276319],[-76.6219356,39.3276313],[-76.6219433,39.3276295],[-76.6219477,39.3276279],[-76.6219531,39.3276254],[-76.6219688,39.3276162],[-76.6219981,39.3275979],[-76.6220071,39.3275924],[-76.6220298,39.3275804],[-76.6220398,39.3275747],[-76.6220481,39.3275691],[-76.6220513,39.3275666],[-76.6220539,39.3275641],[-76.622057,39.3275603],[-76.6220597,39.3275567],[-76.6220607,39.327554],[-76.6220623,39.3275479],[-76.6220569,39.3274726],[-76.6220923,39.3274727],[-76.622094,39.3275043],[-76.6221014,39.3276124],[-76.6221074,39.3276655],[-76.6221104,39.3276721],[-76.6221114,39.3276736],[-76.6221124,39.3276745],[-76.6221172,39.3276767],[-76.6221233,39.3276784],[-76.6221291,39.3276791],[-76.6221362,39.3276789],[-76.6221388,39.3276787],[-76.6221386,39.3277222],[-76.6221292,39.3277234],[-76.6221198,39.3277273],[-76.6221169,39.3277289],[-76.622115,39.3277304],[-76.622114,39.3277318],[-76.622113,39.3277339],[-76.622111,39.3277402],[-76.6221102,39.3277445],[-76.6221096,39.3277499],[-76.6221096,39.3277653],[-76.6221102,39.3277739],[-76.622112,39.3277873],[-76.6221144,39.3277993],[-76.6221171,39.3278096],[-76.622119,39.3278149],[-76.6221212,39.3278199],[-76.6221233,39.327824],[-76.6221251,39.3278265],[-76.6221265,39.3278277],[-76.6221282,39.3278288],[-76.6221331,39.3278305],[-76.622138,39.3278315],[-76.6221378,39.32786]]],[[[-76.6219114,39.3276576],[-76.6218977,39.3276524],[-76.6218188,39.3276368],[-76.6218146,39.3276451],[-76.6217642,39.3276393],[-76.6217656,39.3276298],[-76.6217334,39.3276268],[-76.6216912,39.3276244],[-76.6216814,39.3276263],[-76.6216769,39.3276311],[-76.621677,39.3276383],[-76.621678,39.3276495],[-76.6216818,39.3276955],[-76.6216925,39.3276947],[-76.6216964,39.3277369],[-76.6216854,39.3277381],[-76.6216901,39.3277765],[-76.6216947,39.327797],[-76.6217331,39.3277954],[-76.6217508,39.3277943],[-76.6217653,39.327793],[-76.6217746,39.327792],[-76.6217822,39.3277907],[-76.6217878,39.3277893],[-76.6217945,39.3277866],[-76.6218027,39.3277823],[-76.621811,39.3277772],[-76.6218178,39.3277725],[-76.6218249,39.3277662],[-76.6218321,39.3277592],[-76.621838,39.3277525],[-76.621842,39.3277472],[-76.6218454,39.3277409],[-76.6218532,39.3277242],[-76.6218563,39.327718],[-76.6218612,39.327711],[-76.621868,39.3277026],[-76.6218784,39.3276912],[-76.6218904,39.3276787],[-76.6219114,39.3276576]]],[[[-76.6216682,39.3277887],[-76.6216648,39.3277387],[-76.6216548,39.3276317],[-76.6216544,39.327629],[-76.6216507,39.3276262],[-76.6216456,39.3276254],[-76.6216133,39.3276259],[-76.6216107,39.327627],[-76.6216083,39.3276287],[-76.621607,39.32763],[-76.6216057,39.3276332],[-76.6216058,39.3276385],[-76.6216075,39.3276506],[-76.6216104,39.3276783],[-76.6216131,39.3277151],[-76.6216153,39.3277546],[-76.6216162,39.3277658],[-76.6216169,39.3277703],[-76.6216174,39.3277745],[-76.6216219,39.3277958],[-76.6216246,39.327798],[-76.6216272,39.3277992],[-76.6216295,39.3277996],[-76.6216335,39.3278],[-76.6216449,39.3278002],[-76.6216564,39.3277998],[-76.6216601,39.3277993],[-76.6216627,39.3277984],[-76.6216664,39.3277964],[-76.6216673,39.3277954],[-76.6216678,39.3277938],[-76.6216682,39.3277887]]],[[[-76.622079,39.3276692],[-76.622079,39.3276645],[-76.6220777,39.3276505],[-76.6220748,39.3276145],[-76.6220722,39.3275885],[-76.6220689,39.3275848],[-76.6220672,39.3275837],[-76.6220647,39.3275832],[-76.6220624,39.3275831],[-76.6220592,39.3275838],[-76.6220541,39.3275856],[-76.6219893,39.3276244],[-76.6220018,39.3276381],[-76.6219977,39.3276446],[-76.6220444,39.3276613],[-76.6220383,39.3276694],[-76.6220558,39.3276763],[-76.6220645,39.3276793],[-76.6220676,39.3276802],[-76.6220693,39.3276805],[-76.6220713,39.32768],[-76.6220734,39.327679],[-76.6220759,39.3276774],[-76.6220773,39.3276762],[-76.6220785,39.3276727],[-76.622079,39.3276692]]]]}},{"type":"Feature","properties":{"layer":"Sidewalk","symbol":1,"class":"Other","_tile":"6/31/36"},"geometry":{"type":"Polygon","coordinates":[[[-76.6215015,39.3271298],[-76.6215051,39.3271869],[-76.6214933,39.3271873],[-76.6214936,39.3271301],[-76.6215015,39.3271298]]]}},{"type":"Feature","properties":{"layer":"Sidewalk","symbol":1,"class":"Other","_tile":"6/31/36"},"geometry":{"type":"Polygon","coordinates":[[[-76.6216934,39.3271795],[-76.6216911,39.3271226],[-76.6216942,39.3271225],[-76.6216942,39.32712],[-76.6219427,39.3271108],[-76.6219451,39.3271441],[-76.6219457,39.3271508],[-76.621955,39.3272767],[-76.6219557,39.3272863],[-76.6219565,39.3273134],[-76.6219587,39.3273507],[-76.6219675,39.3274876],[-76.6218903,39.3274873],[-76.6218756,39.3272572],[-76.6218701,39.3271727],[-76.6216934,39.3271795]]]}},{"type":"Feature","properties":{"layer":"Sidewalk","_tile":"6/31/36"},"geometry":{"type":"Polygon","coordinates":[[[-76.6215015,39.3271298],[-76.6215645,39.3271274],[-76.621625,39.3271251],[-76.6216911,39.3271226],[-76.6216934,39.3271795],[-76.6215051,39.3271869],[-76.6215015,39.3271298]]]}},{"type":"Feature","properties":{"layer":"Sidewalk","_tile":"6/31/36"},"geometry":{"type":"Polygon","coordinates":[[[-76.6216474,39.3270442],[-76.6216592,39.3270435],[-76.6216595,39.3270425],[-76.6216594,39.32704],[-76.6216587,39.3270391],[-76.6217099,39.3270351],[-76.6217106,39.3270424],[-76.6217267,39.3270423],[-76.6217377,39.3270415],[-76.621737,39.3270314],[-76.6217836,39.3270264],[-76.6217846,39.3270265],[-76.6217854,39.3270329],[-76.6217857,39.3270351],[-76.6217875,39.3270349],[-76.6218038,39.3270327],[-76.6218303,39.3270268],[-76.6218362,39.3270253],[-76.6218376,39.3270247],[-76.6218388,39.3270245],[-76.6218405,39.3270237],[-76.6218416,39.3270229],[-76.6218423,39.3270204],[-76.6218425,39.3270167],[-76.6218419,39.3270131],[-76.6218407,39.3270108],[-76.6218381,39.3270087],[-76.6218328,39.3270057],[-76.6217664,39.3269836],[-76.6219194,39.3269841],[-76.6219271,39.3269886],[-76.6219401,39.3269969],[-76.6219445,39.3269992],[-76.621948,39.3270003],[-76.6219534,39.3270007],[-76.6219584,39.3270005],[-76.6219607,39.3269998],[-76.6219635,39.3269985],[-76.6219663,39.3269969],[-76.6219681,39.3269953],[-76.6219694,39.3269925],[-76.6219703,39.3269881],[-76.6219703,39.3269854],[-76.6219702,39.3269842],[-76.6219986,39.3269843],[-76.6219987,39.3269853],[-76.6220016,39.3269976],[-76.622004,39.3270069],[-76.6220087,39.3270204],[-76.6220149,39.3270356],[-76.6220219,39.3270499],[-76.6220282,39.3270612],[-76.6220354,39.3270711],[-76.6220561,39.3270963],[-76.6220602,39.3271018],[-76.6220634,39.3271066],[-76.6220721,39.3271229],[-76.6220765,39.3271303],[-76.6220789,39.3271337],[-76.6220814,39.3271363],[-76.6220837,39.3271383],[-76.6220861,39.3271399],[-76.6220918,39.327142],[-76.6220952,39.3271425],[-76.6220996,39.3271425],[-76.6221162,39.3271408],[-76.6221216,39.3271408],[-76.6221343,39.3271413],[-76.6221392,39.3271411],[-76.6221393,39.3271424],[-76.6221416,39.3271423],[-76.6221416,39.3271596],[-76.6221369,39.3271616],[-76.6221349,39.3271629],[-76.6221325,39.3271666],[-76.6221311,39.3271701],[-76.6221309,39.3271746],[-76.6221319,39.3271786],[-76.6221335,39.3271814],[-76.6221348,39.3271833],[-76.6221388,39.3271855],[-76.6221414,39.3271864],[-76.6221411,39.3272446],[-76.6221015,39.3272461],[-76.622096,39.3272475],[-76.6220924,39.3272487],[-76.6220897,39.3272504],[-76.6220881,39.3272519],[-76.6220881,39.3272538],[-76.6220889,39.3272556],[-76.6220981,39.3272555],[-76.6221008,39.3272696],[-76.6220934,39.3272711],[-76.6220912,39.327272],[-76.6220899,39.3272731],[-76.6220892,39.3272743],[-76.6220889,39.3272756],[-76.6220908,39.3272773],[-76.6220954,39.3272791],[-76.6221101,39.3272803],[-76.6221409,39.3272795],[-76.6221408,39.327306],[-76.6220949,39.3273078],[-76.6220901,39.3273104],[-76.6220881,39.3273118],[-76.622086,39.3273147],[-76.6220839,39.3273179],[-76.6220832,39.3273202],[-76.6220825,39.327323],[-76.6220823,39.3273297],[-76.6220834,39.3273379],[-76.6220859,39.3273497],[-76.6220932,39.327488],[-76.622058,39.3274879],[-76.622052,39.327402],[-76.6220476,39.3273354],[-76.6220468,39.3273267],[-76.6220456,39.3273216],[-76.6220436,39.3273172],[-76.6220413,39.3273143],[-76.6220386,39.3273128],[-76.622034,39.3273111],[-76.6220301,39.3273101],[-76.6219933,39.3273118],[-76.6219878,39.327312],[-76.6219565,39.3273134],[-76.6219557,39.3272863],[-76.6219589,39.3272862],[-76.6219603,39.327286],[-76.6219845,39.3272852],[-76.6219945,39.3272847],[-76.6220271,39.3272835],[-76.6220329,39.3272818],[-76.6220361,39.3272803],[-76.6220378,39.3272785],[-76.6220412,39.3272737],[-76.6220395,39.3272461],[-76.6220379,39.3272297],[-76.6220358,39.3272178],[-76.622033,39.3272048],[-76.6220297,39.3271937],[-76.6220247,39.3271803],[-76.6220185,39.3271656],[-76.6220124,39.3271529],[-76.6220075,39.3271444],[-76.622001,39.3271339],[-76.6219938,39.3271235],[-76.6219874,39.3271153],[-76.6219809,39.327108],[-76.6219717,39.3270989],[-76.62196,39.327088],[-76.6219471,39.3270768],[-76.6219334,39.327066],[-76.6219008,39.3270424],[-76.6218935,39.3270381],[-76.6218866,39.3270362],[-76.6218315,39.3270475],[-76.6218129,39.3270511],[-76.6217977,39.3270536],[-76.6217774,39.3270565],[-76.6217512,39.3270599],[-76.6217258,39.3270625],[-76.6216707,39.3270672],[-76.6216293,39.3270692],[-76.6216294,39.3270764],[-76.6216389,39.3270765],[-76.6216409,39.3271044],[-76.6216202,39.3271059],[-76.6216203,39.3271124],[-76.6215637,39.3271145],[-76.6215625,39.3271082],[-76.6215448,39.3271087],[-76.6215416,39.3270791],[-76.6215545,39.3270792],[-76.6215532,39.3270712],[-76.6215153,39.3270726],[-76.6214988,39.3270728],[-76.6214939,39.3270728],[-76.6214941,39.3270437],[-76.6215186,39.3270434],[-76.6215186,39.3270458],[-76.6215186,39.3270507],[-76.6215227,39.3270507],[-76.6215275,39.3270501],[-76.6215332,39.3270487],[-76.621538,39.3270472],[-76.621541,39.3270458],[-76.6215452,39.3270427],[-76.621548,39.3270402],[-76.621549,39.3270384],[-76.6215498,39.3270364],[-76.6215505,39.3270322],[-76.6215506,39.3270308],[-76.6215505,39.3270236],[-76.6215502,39.3270186],[-76.6215498,39.3270138],[-76.6215492,39.3270029],[-76.621549,39.3269986],[-76.6215481,39.3269918],[-76.6215467,39.3269872],[-76.6215464,39.326986],[-76.6215452,39.3269837],[-76.6215446,39.3269829],[-76.6216253,39.3269831],[-76.6216245,39.3269859],[-76.6216231,39.3269942],[-76.6216229,39.3270011],[-76.6216251,39.3270226],[-76.6216252,39.3270235],[-76.6216272,39.327036],[-76.6216278,39.3270389],[-76.6216284,39.3270411],[-76.6216297,39.327042],[-76.6216313,39.3270424],[-76.6216325,39.327043],[-76.6216357,39.3270437],[-76.6216395,39.3270442],[-76.6216474,39.3270442]]]}},{"type":"Feature","properties":{"layer":"Sidewalk","_tile":"6/31/37"},"geometry":{"type":"Polygon","coordinates":[[[-76.6219815,39.3264962],[-76.6219891,39.3266271],[-76.621989,39.3266281],[-76.6219818,39.3266548],[-76.6219777,39.3266723],[-76.6219756,39.3266862],[-76.6219738,39.3267049],[-76.6219736,39.3267099],[-76.6219726,39.3267269],[-76.6219724,39.3267465],[-76.6219729,39.3267594],[-76.6219732,39.3267628],[-76.6219447,39.3267863],[-76.6219445,39.3267757],[-76.6219437,39.3267674],[-76.6219427,39.3267627],[-76.6219403,39.3267569],[-76.621939,39.3267553],[-76.6219378,39.326755],[-76.6219358,39.3267559],[-76.6219329,39.3267578],[-76.6219303,39.3267606],[-76.6219264,39.3267652],[-76.6219153,39.3267784],[-76.6219125,39.3267821],[-76.6219106,39.326785],[-76.6219093,39.3267877],[-76.6218552,39.3267895],[-76.6218696,39.3267753],[-76.6218819,39.3267616],[-76.621891,39.3267502],[-76.6218991,39.3267381],[-76.6219084,39.3267228],[-76.6219169,39.326707],[-76.6219233,39.326694],[-76.6219299,39.3266776],[-76.6219373,39.3266573],[-76.621944,39.3266366],[-76.6219487,39.3266191],[-76.6219539,39.3265952],[-76.6219588,39.3265682],[-76.6219621,39.3265441],[-76.6219637,39.3265256],[-76.621964,39.326501],[-76.6219639,39.3264961],[-76.6219815,39.3264962]]]}},{"type":"Feature","properties":{"layer":"Sidewalk","_tile":"6/31/37"},"geometry":{"type":"Polygon","coordinates":[[[-76.6219615,39.3269995],[-76.6219635,39.3269985],[-76.6219663,39.3269969],[-76.6219681,39.3269953],[-76.6219694,39.3269925],[-76.6219703,39.3269881],[-76.6219703,39.3269854],[-76.6219697,39.3269821],[-76.6219667,39.326971],[-76.6219631,39.3269548],[-76.6219585,39.3269312],[-76.6219546,39.3269092],[-76.6219511,39.3268866],[-76.6219465,39.3268471],[-76.6219444,39.3268089],[-76.6219447,39.3267863],[-76.6219732,39.3267628],[-76.6219735,39.3267656],[-76.6219755,39.3267897],[-76.6219981,39.3267885],[-76.6221101,39.3267834],[-76.6221113,39.3267833],[-76.6221129,39.3268036],[-76.6221142,39.3268035],[-76.6221141,39.3268064],[-76.6221137,39.3268077],[-76.622114,39.3268117],[-76.6221147,39.3268129],[-76.6221162,39.3268129],[-76.6221164,39.3268137],[-76.6221177,39.3268302],[-76.622116,39.3268304],[-76.6221155,39.3268316],[-76.6221158,39.3268355],[-76.6221166,39.3268368],[-76.6221169,39.3268398],[-76.6221158,39.3268398],[-76.6221174,39.326861],[-76.6221154,39.3268614],[-76.6221109,39.3268615],[-76.6220776,39.3268629],[-76.6220746,39.326863],[-76.6220595,39.3268636],[-76.6219782,39.3268669],[-76.621981,39.3268917],[-76.6219842,39.326911],[-76.6219917,39.3269493],[-76.6219971,39.3269768],[-76.6219987,39.3269853],[-76.6220016,39.3269976],[-76.622002,39.3269996],[-76.6219615,39.3269995]],[[-76.6219453,39.3269994],[-76.6218125,39.326999],[-76.6217415,39.3269753],[-76.62173,39.3269727],[-76.6217186,39.3269707],[-76.6217099,39.3269692],[-76.6216868,39.3269657],[-76.621667,39.3269629],[-76.6216651,39.3269626],[-76.621659,39.3269621],[-76.6216538,39.326962],[-76.62165,39.3269624],[-76.6216461,39.3269626],[-76.6216443,39.3269629],[-76.6216418,39.3269634],[-76.62164,39.3269642],[-76.6216378,39.3269657],[-76.6216336,39.3269693],[-76.6216295,39.3269742],[-76.6216267,39.3269788],[-76.6216245,39.3269859],[-76.6216231,39.3269942],[-76.6216229,39.3269984],[-76.621549,39.3269981],[-76.6215481,39.3269918],[-76.6215467,39.3269872],[-76.6215464,39.326986],[-76.6215452,39.3269837],[-76.6215438,39.3269818],[-76.6215403,39.3269784],[-76.6215353,39.3269747],[-76.6215279,39.3269723],[-76.6215216,39.3269711],[-76.6215169,39.3269709],[-76.6215104,39.326971],[-76.6215031,39.3269714],[-76.6214962,39.3269721],[-76.6214945,39.3269723],[-76.6214949,39.3268901],[-76.6214966,39.3268904],[-76.6215191,39.3268927],[-76.6215379,39.3268938],[-76.6215618,39.3268942],[-76.6215868,39.3268936],[-76.6216083,39.3268925],[-76.6216173,39.3268917],[-76.6216249,39.3268908],[-76.6216433,39.3268876],[-76.6216651,39.3268829],[-76.6216863,39.3268777],[-76.6217038,39.3268727],[-76.62172,39.3268671],[-76.621737,39.3268609],[-76.6217516,39.3268551],[-76.6217624,39.3268503],[-76.6217725,39.3268454],[-76.6217841,39.3268392],[-76.6217958,39.3268326],[-76.6218073,39.3268257],[-76.6218176,39.3268192],[-76.621827,39.326813],[-76.621835,39.3268072],[-76.6218417,39.326802],[-76.6218552,39.3267895],[-76.6219093,39.3267877],[-76.621908,39.32679],[-76.6219072,39.3267934],[-76.6219083,39.3267974],[-76.6219101,39.326801],[-76.6219118,39.3268027],[-76.6219145,39.3268048],[-76.621917,39.3268065],[-76.6219188,39.3268074],[-76.6219231,39.3268084],[-76.6219306,39.3268093],[-76.6219326,39.3268476],[-76.621933,39.3268501],[-76.6219287,39.3268502],[-76.6219261,39.3268502],[-76.6219,39.3268509],[-76.6218905,39.3268514],[-76.6218778,39.3268519],[-76.6218597,39.3268533],[-76.6218454,39.326855],[-76.6218308,39.3268581],[-76.6218177,39.3268615],[-76.6218105,39.3268641],[-76.6218014,39.3268681],[-76.621791,39.3268732],[-76.6217759,39.326881],[-76.6217643,39.3268875],[-76.6217603,39.3268903],[-76.6217576,39.3268926],[-76.6217545,39.3268968],[-76.6217521,39.3269018],[-76.6217518,39.3269041],[-76.6217518,39.3269068],[-76.6217523,39.3269099],[-76.621753,39.3269128],[-76.6217554,39.3269166],[-76.6217594,39.3269206],[-76.6217612,39.3269218],[-76.6217637,39.3269229],[-76.6217732,39.3269262],[-76.6217847,39.3269299],[-76.6218173,39.3269399],[-76.6218297,39.3269441],[-76.6218452,39.32695],[-76.6218623,39.3269568],[-76.6218779,39.3269633],[-76.6218906,39.3269691],[-76.6219049,39.3269762],[-76.6219176,39.326983],[-76.6219271,39.3269886],[-76.6219401,39.3269969],[-76.6219445,39.3269992],[-76.6219453,39.3269994]],[[-76.6219815,39.3264962],[-76.6220046,39.3264963],[-76.6220052,39.3265178],[-76.6220042,39.326533],[-76.6220169,39.326534],[-76.6220142,39.3265633],[-76.6220121,39.3265801],[-76.6220091,39.3265951],[-76.6220006,39.3266295],[-76.6219891,39.3266271],[-76.6219815,39.3264962]]]}},{"type":"Feature","properties":{"layer":"Sidewalk","_tile":"6/31/38"},"geometry":{"type":"Polygon","coordinates":[[[-76.6214996,39.3260066],[-76.621563,39.3260068],[-76.6215633,39.3260116],[-76.6216306,39.3260088],[-76.6216336,39.3260512],[-76.6216461,39.3260525],[-76.6216566,39.3260539],[-76.6216623,39.326055],[-76.6216689,39.3260564],[-76.6216799,39.3260592],[-76.6216856,39.3260609],[-76.621692,39.3260627],[-76.6216971,39.3260644],[-76.6217129,39.3260691],[-76.6217181,39.3260702],[-76.6217233,39.3260704],[-76.6217294,39.3260701],[-76.6217348,39.3260696],[-76.6217399,39.3260691],[-76.6217457,39.3260681],[-76.6217515,39.3260669],[-76.6217572,39.3260657],[-76.6217618,39.3260644],[-76.6217677,39.3260619],[-76.6217741,39.3260587],[-76.6217795,39.3260555],[-76.6217848,39.3260513],[-76.6217902,39.3260462],[-76.6217943,39.3260415],[-76.6217973,39.3260375],[-76.6218001,39.3260327],[-76.6218025,39.3260277],[-76.6218044,39.3260235],[-76.6218055,39.326019],[-76.6218066,39.3260125],[-76.6218066,39.3260085],[-76.6218066,39.3260075],[-76.6218278,39.3260076],[-76.6218278,39.3260086],[-76.6218276,39.3260138],[-76.6218265,39.3260206],[-76.6218249,39.3260275],[-76.6218226,39.3260332],[-76.6218197,39.326039],[-76.6218161,39.3260449],[-76.6218124,39.3260502],[-76.621807,39.3260562],[-76.6218005,39.3260623],[-76.6217939,39.3260693],[-76.6217895,39.3260765],[-76.6217881,39.326084],[-76.6217886,39.3260891],[-76.6217896,39.3260941],[-76.6217935,39.3261018],[-76.6218009,39.3261089],[-76.6218064,39.3261128],[-76.6218169,39.3261193],[-76.6218351,39.3261313],[-76.6218454,39.3261243],[-76.621852,39.3261292],[-76.6218633,39.326138],[-76.6218676,39.3261417],[-76.6218777,39.3261508],[-76.6218871,39.3261598],[-76.6218938,39.3261665],[-76.6219048,39.3261785],[-76.621914,39.3261887],[-76.6219047,39.3261951],[-76.621921,39.3262187],[-76.621925,39.3262247],[-76.621929,39.3262293],[-76.6219337,39.3262324],[-76.6219407,39.3262333],[-76.6219463,39.3262331],[-76.6219513,39.3262323],[-76.6219573,39.3262295],[-76.6219612,39.3262268],[-76.6219623,39.326224],[-76.6219635,39.3262185],[-76.6219651,39.3262127],[-76.6219824,39.3265114],[-76.621964,39.3265114],[-76.621964,39.326501],[-76.6219633,39.3264727],[-76.6219614,39.3264468],[-76.6219602,39.3264361],[-76.6219589,39.3264268],[-76.6219568,39.3264153],[-76.6219537,39.3264011],[-76.6219436,39.32636],[-76.6219306,39.3263238],[-76.6219244,39.3263078],[-76.6219229,39.3263042],[-76.6219195,39.3262966],[-76.62191,39.3262771],[-76.6219033,39.3262646],[-76.6218951,39.3262507],[-76.6218858,39.3262361],[-76.6218799,39.3262275],[-76.6218771,39.3262238],[-76.6218742,39.3262201],[-76.6218634,39.3262071],[-76.6218552,39.3261978],[-76.6218433,39.3261852],[-76.6218346,39.3261773],[-76.6218225,39.3261669],[-76.6218161,39.3261618],[-76.6218098,39.3261571],[-76.6218042,39.3261531],[-76.6217999,39.3261504],[-76.621795,39.3261475],[-76.6217779,39.3261379],[-76.6217719,39.3261348],[-76.6217561,39.3261268],[-76.6217323,39.3261149],[-76.6217199,39.3261091],[-76.6217098,39.3261052],[-76.6216928,39.3260992],[-76.6216869,39.3260972],[-76.6216765,39.326094],[-76.6216583,39.3260889],[-76.6216519,39.3260874],[-76.6216465,39.3260861],[-76.6216356,39.3260843],[-76.6216359,39.3260891],[-76.6214992,39.3260943],[-76.6214996,39.3260066]]]}},{"type":"Feature","properties":{"layer":"Sidewalk","_tile":"6/31/38"},"geometry":{"type":"Polygon","coordinates":[[[-76.6219992,39.3260082],[-76.6220011,39.3260215],[-76.622003,39.3260339],[-76.6220039,39.3260383],[-76.6220065,39.3260531],[-76.6220079,39.3260628],[-76.6220088,39.3260718],[-76.6220096,39.326088],[-76.6220096,39.3260966],[-76.6220088,39.3261101],[-76.6220079,39.3261192],[-76.622007,39.3261273],[-76.622004,39.3261464],[-76.6220013,39.3261601],[-76.6219992,39.3261684],[-76.6219953,39.3261826],[-76.6219852,39.3262217],[-76.6219823,39.3262418],[-76.6219816,39.3262462],[-76.6219803,39.326261],[-76.6219798,39.3262818],[-76.6219824,39.3263133],[-76.6219818,39.3263339],[-76.6219824,39.326343],[-76.6219845,39.3263527],[-76.6219857,39.3263573],[-76.6219896,39.3263719],[-76.6219945,39.3263918],[-76.6219999,39.3264159],[-76.6220007,39.3264184],[-76.622002,39.3264208],[-76.6220031,39.3264221],[-76.6220069,39.3264239],[-76.6220092,39.3264243],[-76.6220129,39.3264246],[-76.622037,39.326423],[-76.6220734,39.3264215],[-76.6221127,39.3264202],[-76.6221455,39.326419],[-76.6221454,39.3264368],[-76.6221318,39.326437],[-76.6221332,39.3264551],[-76.6220856,39.3264574],[-76.6220786,39.3264578],[-76.6220757,39.3264381],[-76.6220639,39.3264388],[-76.6220228,39.3264408],[-76.6220159,39.3264412],[-76.62201,39.326444],[-76.6220068,39.326446],[-76.622005,39.3264476],[-76.6220042,39.3264491],[-76.6220033,39.3264526],[-76.6220051,39.3265115],[-76.6219824,39.3265114],[-76.6219651,39.3262127],[-76.6219725,39.3261838],[-76.6219753,39.3261742],[-76.6219797,39.3261573],[-76.6219817,39.3261469],[-76.6219846,39.3261297],[-76.621986,39.326118],[-76.6219868,39.326109],[-76.6219872,39.3261045],[-76.6219877,39.3260926],[-76.6219877,39.3260882],[-76.6219866,39.3260684],[-76.6219847,39.3260553],[-76.6219838,39.3260504],[-76.621983,39.3260454],[-76.6219806,39.3260322],[-76.6219771,39.3260081],[-76.6219992,39.3260082]]]}},{"type":"Feature","properties":{"layer":"Sidewalk","symbol":1,"class":"Other","_tile":"6/31/39"},"geometry":{"type":"Polygon","coordinates":[[[-76.6217028,39.325795],[-76.6216933,39.3257953],[-76.6216933,39.3257933],[-76.6216932,39.3257933],[-76.6216901,39.325789],[-76.621684,39.3257844],[-76.6216765,39.3257823],[-76.6216697,39.3257821],[-76.6216641,39.3257823],[-76.621645,39.3257834],[-76.6216446,39.3257774],[-76.6216547,39.3257768],[-76.6216698,39.3257762],[-76.6216779,39.3257764],[-76.6216882,39.3257792],[-76.6216963,39.3257854],[-76.6216998,39.3257903],[-76.6217028,39.325795]]]}},{"type":"Feature","properties":{"layer":"Sidewalk","symbol":1,"class":"Other","_tile":"6/31/39"},"geometry":{"type":"Polygon","coordinates":[[[-76.6215009,39.3257637],[-76.6215407,39.3257623],[-76.6215414,39.3257731],[-76.6215416,39.3257936],[-76.6215008,39.3257947],[-76.6215009,39.3257637]]]}},{"type":"Feature","properties":{"layer":"Sidewalk","_tile":"6/31/39"},"geometry":{"type":"Polygon","coordinates":[[[-76.6216341,39.3256695],[-76.6216208,39.3256725],[-76.6216159,39.3256734],[-76.6216152,39.3256736],[-76.6215999,39.3256766],[-76.6215922,39.3256778],[-76.6215884,39.3256784],[-76.6215729,39.3256804],[-76.6215555,39.3256824],[-76.62155,39.3256828],[-76.6215448,39.3256834],[-76.621536,39.3256841],[-76.6215218,39.325685],[-76.6215105,39.3256856],[-76.6215013,39.3256859],[-76.6215015,39.325663],[-76.6216316,39.3256575],[-76.6216341,39.3256695]]]}},{"type":"Feature","properties":{"layer":"Sidewalk","_tile":"6/31/39"},"geometry":{"type":"Polygon","coordinates":[[[-76.6216933,39.3257953],[-76.6217028,39.325795],[-76.621703,39.3257952],[-76.621705,39.3258261],[-76.6216954,39.3258265],[-76.6216933,39.3257953]]]}},{"type":"Feature","properties":{"layer":"Sidewalk","_tile":"6/31/39"},"geometry":{"type":"Polygon","coordinates":[[[-76.6214997,39.3259846],[-76.6215539,39.3259824],[-76.6215543,39.3259892],[-76.6215556,39.3259892],[-76.6215557,39.3259915],[-76.6215612,39.3259913],[-76.6215623,39.3259956],[-76.6215627,39.3260038],[-76.6215633,39.3260116],[-76.6216306,39.3260088],[-76.6216316,39.3260222],[-76.6214995,39.3260218],[-76.6214997,39.3259846]],[[-76.621826,39.3260229],[-76.6218046,39.3260228],[-76.6218055,39.326019],[-76.6218066,39.3260125],[-76.6218066,39.3260085],[-76.6218064,39.3260002],[-76.6218056,39.3259918],[-76.6218041,39.3259723],[-76.6218251,39.3259715],[-76.6218268,39.3259906],[-76.6218275,39.3259994],[-76.6218278,39.3260086],[-76.6218276,39.3260138],[-76.6218265,39.3260206],[-76.621826,39.3260229]]]}},{"type":"Feature","properties":{"layer":"Sidewalk","_tile":"6/31/39"},"geometry":{"type":"Polygon","coordinates":[[[-76.6215542,39.3257933],[-76.621553,39.3257764],[-76.6216265,39.3257745],[-76.6216258,39.3257448],[-76.6216416,39.3257418],[-76.6216456,39.3257899],[-76.6215542,39.3257933]]]}},{"type":"Feature","properties":{"layer":"Sidewalk","_tile":"6/31/39"},"geometry":{"type":"MultiPolygon","coordinates":[[[[-76.621501,39.3257414],[-76.6215023,39.3257414],[-76.6215268,39.3257403],[-76.6215377,39.3257396],[-76.6215529,39.3257385],[-76.6215649,39.3257373],[-76.6215838,39.3257353],[-76.6215957,39.3257337],[-76.6216106,39.3257315],[-76.6216159,39.3257306],[-76.6216334,39.3257272],[-76.6216454,39.3257247],[-76.6216666,39.3257199],[-76.6216825,39.3257158],[-76.6216885,39.3257141],[-76.6217008,39.3257106],[-76.6217185,39.3257053],[-76.6217332,39.3257006],[-76.6217495,39.3256949],[-76.6217672,39.3256883],[-76.6217843,39.3256817],[-76.6217895,39.3256796],[-76.6218035,39.3256735],[-76.6218141,39.3256687],[-76.6218255,39.3256631],[-76.6218372,39.3256572],[-76.6218537,39.3256487],[-76.6218627,39.3256436],[-76.6218732,39.3256374],[-76.621879,39.3256338],[-76.6218974,39.3256221],[-76.6219089,39.3256144],[-76.6219188,39.3256076],[-76.621924,39.3256038],[-76.6219425,39.3255897],[-76.6219488,39.3255847],[-76.6219605,39.3255752],[-76.6219698,39.3255675],[-76.6219844,39.3255543],[-76.6219992,39.3255403],[-76.6220074,39.3255323],[-76.6220188,39.3255201],[-76.6220581,39.3255203],[-76.6220561,39.3255217],[-76.6220516,39.325526],[-76.6220433,39.3255374],[-76.6220392,39.3255452],[-76.6220346,39.3255547],[-76.6220309,39.325563],[-76.6220245,39.3255777],[-76.6220206,39.3255873],[-76.6220178,39.325595],[-76.6220139,39.3256075],[-76.6220075,39.3256302],[-76.6220037,39.325645],[-76.6220018,39.3256533],[-76.6219985,39.3256668],[-76.6219946,39.3256846],[-76.6219924,39.3256962],[-76.6219919,39.3256999],[-76.6219899,39.3257128],[-76.6219879,39.3257276],[-76.6219875,39.3257323],[-76.6219868,39.3257367],[-76.6219857,39.3257482],[-76.6219838,39.325776],[-76.6219831,39.325794],[-76.6219831,39.3258016],[-76.6219836,39.3258257],[-76.621988,39.3258254],[-76.6219906,39.3258541],[-76.6220015,39.3258535],[-76.622002,39.3258581],[-76.6220055,39.3258963],[-76.6219969,39.3258967],[-76.6219932,39.325897],[-76.6219993,39.325965],[-76.6219942,39.3259655],[-76.6219954,39.3259773],[-76.6219962,39.3259862],[-76.6219965,39.3259897],[-76.6219981,39.3260016],[-76.6220011,39.3260215],[-76.6220014,39.3260234],[-76.6219793,39.3260233],[-76.6219763,39.3260034],[-76.6219743,39.3259876],[-76.6219722,39.3259667],[-76.6219575,39.3259673],[-76.6219549,39.3259673],[-76.6219506,39.3259672],[-76.621948,39.3259299],[-76.6219478,39.3259243],[-76.6218439,39.3259285],[-76.6218442,39.3259338],[-76.6217978,39.3259359],[-76.6217974,39.3259343],[-76.6217955,39.325902],[-76.6217853,39.3259024],[-76.621783,39.3258624],[-76.6217931,39.3258624],[-76.6217924,39.3258333],[-76.6217967,39.3258328],[-76.6217947,39.3258232],[-76.6217932,39.325816],[-76.6217899,39.3258056],[-76.6217879,39.3258006],[-76.6217854,39.3257962],[-76.621782,39.3257911],[-76.6217782,39.325786],[-76.6217747,39.3257821],[-76.6217704,39.325778],[-76.6217651,39.3257735],[-76.6217593,39.3257689],[-76.6217535,39.3257648],[-76.6217481,39.3257613],[-76.6217376,39.3257552],[-76.6217316,39.3257522],[-76.6217264,39.3257498],[-76.6217209,39.3257477],[-76.6217079,39.3257436],[-76.621702,39.3257422],[-76.6216961,39.3257409],[-76.6216892,39.3257395],[-76.6216821,39.3257383],[-76.6216761,39.3257377],[-76.6216698,39.3257373],[-76.6216625,39.3257372],[-76.6216568,39.3257385],[-76.6216385,39.3257423],[-76.6216205,39.3257459],[-76.6216047,39.3257484],[-76.6215931,39.3257499],[-76.6215805,39.3257514],[-76.6215676,39.3257528],[-76.6215553,39.325754],[-76.6215496,39.3257544],[-76.621501,39.3257561],[-76.621501,39.3257414]]],[[[-76.6219662,39.3259109],[-76.6219651,39.3258919],[-76.6219367,39.325893],[-76.621937,39.3258954],[-76.621938,39.3259119],[-76.6219662,39.3259109]]],[[[-76.6218541,39.3259155],[-76.6218529,39.3258965],[-76.6218247,39.3258976],[-76.6218258,39.3259166],[-76.6218541,39.3259155]]],[[[-76.6219012,39.3258851],[-76.6219003,39.3258732],[-76.6218864,39.3258739],[-76.6218872,39.3258857],[-76.6219012,39.3258851]]],[[[-76.6219625,39.3258624],[-76.6219614,39.3258435],[-76.6219332,39.3258445],[-76.6219343,39.3258635],[-76.6219625,39.3258624]]],[[[-76.6218503,39.3258671],[-76.6218492,39.325848],[-76.621821,39.3258491],[-76.6218221,39.3258682],[-76.6218503,39.3258671]]],[[[-76.6218605,39.3258237],[-76.6218604,39.3258225],[-76.6218645,39.3258223],[-76.6218656,39.3258222],[-76.6219086,39.3258204],[-76.6219152,39.3258201],[-76.6219158,39.3258269],[-76.6219633,39.3258248],[-76.6219629,39.3258107],[-76.6219629,39.3257937],[-76.6219634,39.3257783],[-76.6219643,39.3257654],[-76.6219644,39.3257605],[-76.6219651,39.3257514],[-76.6219656,39.3257472],[-76.6219662,39.3257395],[-76.6219677,39.325726],[-76.621969,39.3257164],[-76.6219723,39.3256941],[-76.6219731,39.3256904],[-76.6219737,39.3256863],[-76.6219775,39.3256686],[-76.6219808,39.3256548],[-76.6219818,39.3256504],[-76.6219847,39.3256382],[-76.6219888,39.3256226],[-76.6219915,39.3256135],[-76.6219927,39.3256087],[-76.6219982,39.3255911],[-76.6219752,39.325586],[-76.6219695,39.3255906],[-76.6219502,39.3256058],[-76.6219439,39.3256107],[-76.6219324,39.3256191],[-76.6219274,39.3256226],[-76.6219165,39.32563],[-76.6219042,39.3256381],[-76.6218917,39.325646],[-76.6218857,39.3256497],[-76.6218746,39.3256562],[-76.6218702,39.3256587],[-76.6218634,39.3256624],[-76.6218483,39.3256703],[-76.6218363,39.3256764],[-76.6218246,39.325682],[-76.6218136,39.3256871],[-76.6217989,39.3256934],[-76.621782,39.3257001],[-76.6217713,39.3257043],[-76.62177,39.3257046],[-76.6217639,39.325707],[-76.6217522,39.3257112],[-76.6217411,39.325715],[-76.6217354,39.3257189],[-76.6217333,39.3257218],[-76.6217328,39.3257261],[-76.6217332,39.3257301],[-76.6217366,39.3257341],[-76.621747,39.3257407],[-76.6217586,39.3257469],[-76.6217647,39.3257505],[-76.6217698,39.3257537],[-76.6217753,39.3257578],[-76.6217814,39.3257628],[-76.6217873,39.3257681],[-76.6217921,39.3257727],[-76.621796,39.3257773],[-76.6218005,39.3257827],[-76.6218046,39.3257882],[-76.6218078,39.3257931],[-76.6218099,39.325797],[-76.621811,39.3257994],[-76.6218122,39.325802],[-76.6218141,39.3258068],[-76.6218146,39.3258079],[-76.6218161,39.3258117],[-76.6218185,39.3258203],[-76.6218208,39.3258312],[-76.621861,39.3258294],[-76.6218605,39.3258237]]],[[[-76.6221503,39.3255206],[-76.6221502,39.3255442],[-76.6221497,39.3255438],[-76.6221315,39.3255293],[-76.6221257,39.3255249],[-76.6221193,39.3255205],[-76.6221503,39.3255206]]],[[[-76.6221479,39.3259613],[-76.6221479,39.3259747],[-76.6220698,39.3259778],[-76.6220656,39.3259779],[-76.6220648,39.3259662],[-76.6220648,39.325965],[-76.6220783,39.3259643],[-76.6221479,39.3259613]]]]}},{"type":"Feature","properties":{"layer":"Sidewalk","symbol":1,"class":"Other","_tile":"6/31/40"},"geometry":{"type":"Polygon","coordinates":[[[-76.6219884,39.325411],[-76.6219895,39.3254136],[-76.6219908,39.3254182],[-76.6219916,39.3254227],[-76.6219918,39.3254282],[-76.6219917,39.3254308],[-76.6219917,39.3254335],[-76.6219912,39.3254381],[-76.6219898,39.3254443],[-76.6219879,39.3254503],[-76.6219689,39.3254333],[-76.6219689,39.325422],[-76.6219884,39.325411]]]}},{"type":"Feature","properties":{"layer":"Sidewalk","symbol":1,"class":"Other","_tile":"6/31/40"},"geometry":{"type":"Polygon","coordinates":[[[-76.6220641,39.3254843],[-76.6220675,39.325483],[-76.6220733,39.3254811],[-76.6220782,39.32548],[-76.6220839,39.3254792],[-76.622095,39.3254782],[-76.6221005,39.3254782],[-76.6221069,39.3254785],[-76.6221088,39.3254787],[-76.6220996,39.3254955],[-76.6220864,39.3254964],[-76.6220641,39.3254843]]]}},{"type":"Feature","properties":{"layer":"Sidewalk","symbol":1,"class":"Other","_tile":"6/31/40"},"geometry":{"type":"Polygon","coordinates":[[[-76.622124,39.3254981],[-76.6221236,39.3254946],[-76.6221212,39.3254804],[-76.6221238,39.3254809],[-76.6221295,39.3254826],[-76.6221353,39.3254844],[-76.62214,39.3254862],[-76.6221452,39.3254885],[-76.6221504,39.3254911],[-76.6221504,39.3254989],[-76.6221493,39.3254992],[-76.622136,39.3255036],[-76.622124,39.3254981]]]}},{"type":"Feature","properties":{"layer":"Sidewalk","symbol":1,"class":"Other","_tile":"6/31/40"},"geometry":{"type":"Polygon","coordinates":[[[-76.6221523,39.32514],[-76.6221498,39.3251472],[-76.6221371,39.3251832],[-76.6221314,39.3251995],[-76.6221279,39.3252104],[-76.6221233,39.3252232],[-76.6221144,39.3252515],[-76.6221132,39.325257],[-76.6221135,39.325261],[-76.6221145,39.3252629],[-76.6221167,39.3252635],[-76.6221218,39.3252614],[-76.6221258,39.3252595],[-76.6221318,39.3252563],[-76.6221388,39.3252523],[-76.6221448,39.3252486],[-76.6221518,39.3252439],[-76.6221516,39.3252664],[-76.6221447,39.3252704],[-76.6221376,39.3252741],[-76.6221327,39.3252765],[-76.6221206,39.3252812],[-76.6221152,39.325283],[-76.6221094,39.3252842],[-76.6221026,39.3252854],[-76.6220957,39.3252863],[-76.6220897,39.3252869],[-76.622083,39.3252874],[-76.6220753,39.3252876],[-76.6220719,39.3252876],[-76.622065,39.3252803],[-76.62206,39.3252757],[-76.6220551,39.3252729],[-76.6220505,39.3252707],[-76.6220389,39.3252659],[-76.622034,39.3252643],[-76.6220272,39.3252618],[-76.6220243,39.3252609],[-76.6219975,39.3252504],[-76.6219766,39.325241],[-76.6219629,39.3252352],[-76.6219507,39.3252301],[-76.6219366,39.3252241],[-76.6219124,39.325214],[-76.6218659,39.3251943],[-76.621852,39.3251886],[-76.6217361,39.3251412],[-76.6216611,39.3251091],[-76.6216331,39.3250969],[-76.6216081,39.3250954],[-76.6216044,39.3250963],[-76.621593,39.3251019],[-76.6215899,39.3251006],[-76.6215837,39.3250969],[-76.6215797,39.3250936],[-76.6215754,39.3250873],[-76.6215733,39.3250811],[-76.6215727,39.3250748],[-76.621574,39.325071],[-76.6215949,39.3250673],[-76.6216247,39.3250614],[-76.6216402,39.3250574],[-76.6216519,39.3250534],[-76.6216565,39.3250511],[-76.6216995,39.325031],[-76.621743,39.3250312],[-76.6217243,39.3250398],[-76.6216734,39.3250636],[-76.6216657,39.3250684],[-76.6216633,39.3250708],[-76.6216613,39.3250737],[-76.6216602,39.3250768],[-76.6216601,39.3250805],[-76.6216606,39.3250845],[-76.6216623,39.325088],[-76.6216684,39.325093],[-76.6217786,39.3251391],[-76.6219785,39.3252225],[-76.6220645,39.3252585],[-76.6220776,39.3252635],[-76.6220823,39.3252644],[-76.6220907,39.3252654],[-76.6220986,39.3252542],[-76.6221019,39.3252462],[-76.6221095,39.3252228],[-76.6221203,39.3251905],[-76.6221212,39.3251874],[-76.6221365,39.3251444],[-76.6221412,39.3251306],[-76.6221452,39.3251181],[-76.622151,39.3250986],[-76.6221521,39.3250942],[-76.6221526,39.3250925],[-76.6221523,39.32514]]]}},{"type":"Feature","properties":{"layer":"Sidewalk","_tile":"6/31/40"},"geometry":{"type":"Polygon","coordinates":[[[-76.6219875,39.3254084],[-76.6219884,39.325411],[-76.6219689,39.325422],[-76.6219689,39.3254333],[-76.6219879,39.3254503],[-76.6219854,39.3254558],[-76.6219848,39.3254553],[-76.6219611,39.3254321],[-76.6219491,39.3254208],[-76.621944,39.3254173],[-76.6219365,39.3254118],[-76.6219114,39.3253985],[-76.621859,39.3253717],[-76.6218525,39.3253687],[-76.6218134,39.3253499],[-76.6217656,39.3253287],[-76.6217185,39.3253088],[-76.6216566,39.3252836],[-76.6216191,39.3252668],[-76.6215038,39.3252194],[-76.6215039,39.325201],[-76.6215108,39.3252039],[-76.6216468,39.3252599],[-76.6216537,39.3252626],[-76.6218213,39.3253337],[-76.6218482,39.3253463],[-76.6218762,39.3253598],[-76.6219123,39.3253783],[-76.6219452,39.3253964],[-76.621957,39.3254021],[-76.6219685,39.3254061],[-76.6219761,39.3254077],[-76.6219875,39.3254084]]]}},{"type":"Feature","properties":{"layer":"Sidewalk","_tile":"6/31/40"},"geometry":{"type":"Polygon","coordinates":[[[-76.622124,39.3254981],[-76.622136,39.3255036],[-76.6221376,39.3255044],[-76.6221285,39.3255162],[-76.6221134,39.3255091],[-76.6221225,39.3254974],[-76.622124,39.3254981]]]}},{"type":"Feature","properties":{"layer":"Sidewalk","_tile":"6/31/40"},"geometry":{"type":"Polygon","coordinates":[[[-76.6220864,39.3254964],[-76.6220996,39.3254955],[-76.6221018,39.3254954],[-76.6221033,39.3255091],[-76.6220856,39.3255102],[-76.6220841,39.3254965],[-76.6220864,39.3254964]]]}},{"type":"Feature","properties":{"layer":"Sidewalk","_tile":"6/31/40"},"geometry":{"type":"Polygon","coordinates":[[[-76.6220043,39.3255353],[-76.6220074,39.3255323],[-76.6220288,39.3255096],[-76.6220328,39.3255056],[-76.6220376,39.3255012],[-76.6220436,39.3254964],[-76.6220498,39.3254916],[-76.6220555,39.3254881],[-76.6220583,39.3254868],[-76.6220609,39.3254856],[-76.6220641,39.3254843],[-76.6220864,39.3254964],[-76.6220841,39.3254965],[-76.6220856,39.3255102],[-76.6221033,39.3255091],[-76.6221018,39.3254954],[-76.6220996,39.3254955],[-76.6221088,39.3254787],[-76.6221132,39.3254791],[-76.6221188,39.3254798],[-76.6221212,39.3254804],[-76.6221236,39.3254946],[-76.622124,39.3254981],[-76.6221225,39.3254974],[-76.6221134,39.3255091],[-76.6221285,39.3255162],[-76.6221376,39.3255044],[-76.622136,39.3255036],[-76.6221493,39.3254992],[-76.6221504,39.3254989],[-76.6221504,39.3255079],[-76.6221488,39.3255095],[-76.6221474,39.3255126],[-76.6221474,39.3255144],[-76.6221479,39.325516],[-76.6221488,39.3255184],[-76.6221503,39.3255204],[-76.6221502,39.3255358],[-76.6221396,39.3255358],[-76.6221315,39.3255293],[-76.6221257,39.3255249],[-76.6221173,39.325519],[-76.622112,39.3255161],[-76.6221097,39.3255151],[-76.6221034,39.3255128],[-76.6220965,39.3255114],[-76.6220896,39.3255108],[-76.6220882,39.3255108],[-76.622081,39.3255113],[-76.6220741,39.3255127],[-76.6220675,39.3255149],[-76.6220615,39.3255179],[-76.6220561,39.3255217],[-76.6220516,39.325526],[-76.6220447,39.3255355],[-76.6220043,39.3255353]]]}},{"type":"Feature","properties":{"layer":"Sidewalk","symbol":1,"class":"Other","_tile":"6/31/41"},"geometry":{"type":"Polygon","coordinates":[[[-76.6218778,39.3245435],[-76.6218514,39.3245682],[-76.6218432,39.3245629],[-76.621864,39.3245435],[-76.6218778,39.3245435]]]}},{"type":"Feature","properties":{"layer":"Sidewalk","symbol":1,"class":"Other","_tile":"6/31/41"},"geometry":{"type":"Polygon","coordinates":[[[-76.6219453,39.3245677],[-76.6219532,39.32456],[-76.6219582,39.3245664],[-76.621953,39.3245718],[-76.6219065,39.3246195],[-76.621903,39.3246229],[-76.6218946,39.3246176],[-76.6219453,39.3245677]]]}},{"type":"Feature","properties":{"layer":"Sidewalk","symbol":1,"class":"Other","_tile":"6/31/41"},"geometry":{"type":"Polygon","coordinates":[[[-76.6221217,39.3246142],[-76.6221337,39.3246087],[-76.622155,39.3246363],[-76.6221549,39.3246571],[-76.6221217,39.3246142]],[[-76.6221552,39.3245986],[-76.6221551,39.3246102],[-76.6221486,39.3246017],[-76.6221552,39.3245986]],[[-76.6221549,39.3246649],[-76.6221548,39.3246794],[-76.6221532,39.3246801],[-76.6221448,39.3246814],[-76.6221396,39.3246813],[-76.6221347,39.3246791],[-76.6221304,39.3246762],[-76.6221549,39.3246649]]]}},{"type":"Feature","properties":{"layer":"Sidewalk","symbol":1,"class":"Other","_tile":"6/31/41"},"geometry":{"type":"Polygon","coordinates":[[[-76.6215703,39.3246159],[-76.6215811,39.3246229],[-76.6215344,39.3246672],[-76.6215882,39.324702],[-76.6216354,39.3246572],[-76.6216461,39.3246642],[-76.621631,39.3246786],[-76.6215989,39.324709],[-76.6216546,39.3247451],[-76.6217022,39.3246998],[-76.6217138,39.3247071],[-76.6216659,39.3247525],[-76.6216706,39.3247555],[-76.6217183,39.3247866],[-76.6217657,39.3247414],[-76.6217782,39.3247493],[-76.6217306,39.3247946],[-76.6217755,39.3248238],[-76.621778,39.3248252],[-76.6217908,39.3248336],[-76.6217937,39.3248322],[-76.6220152,39.3247269],[-76.6220257,39.3247401],[-76.6219128,39.3247934],[-76.6217921,39.3248505],[-76.6217887,39.3248511],[-76.6217853,39.3248518],[-76.6217807,39.3248523],[-76.6217732,39.3248519],[-76.6217666,39.3248508],[-76.62176,39.3248487],[-76.621775,39.3248407],[-76.6217695,39.3248368],[-76.621651,39.3247597],[-76.6216396,39.3247703],[-76.6216276,39.3247626],[-76.621639,39.324752],[-76.6215886,39.3247191],[-76.6215884,39.3247191],[-76.6215772,39.3247297],[-76.6215663,39.3247228],[-76.6215777,39.324712],[-76.6215678,39.3247056],[-76.6215239,39.3246771],[-76.6215127,39.3246878],[-76.6215067,39.324684],[-76.6215067,39.3246764],[-76.6215132,39.3246702],[-76.6215068,39.324666],[-76.6215069,39.3246492],[-76.6215237,39.3246601],[-76.6215251,39.3246589],[-76.6215703,39.3246159]],[[-76.6215073,39.3245754],[-76.6215163,39.3245812],[-76.6215072,39.3245899],[-76.6215073,39.3245754]]]}},{"type":"Feature","properties":{"layer":"Sidewalk","symbol":1,"class":"Other","_tile":"6/31/41"},"geometry":{"type":"Polygon","coordinates":[[[-76.6216671,39.3250462],[-76.6217326,39.3250156],[-76.6217921,39.3249881],[-76.6219244,39.3249257],[-76.6220382,39.3248717],[-76.622154,39.3248173],[-76.6221539,39.3248377],[-76.6220229,39.3248993],[-76.621936,39.3249406],[-76.6218037,39.325003],[-76.6217243,39.3250398],[-76.6217103,39.3250463],[-76.6216671,39.3250462]]]}},{"type":"Feature","properties":{"layer":"Sidewalk","symbol":1,"class":"Other","_tile":"6/31/42"},"geometry":{"type":"Polygon","coordinates":[[[-76.6216544,39.3240547],[-76.6216569,39.3240579],[-76.6216384,39.3240663],[-76.6215097,39.3241287],[-76.6215097,39.3241204],[-76.6216426,39.3240547],[-76.6216544,39.3240547]]]}},{"type":"Feature","properties":{"layer":"Sidewalk","symbol":1,"class":"Other","_tile":"6/31/42"},"geometry":{"type":"Polygon","coordinates":[[[-76.6215999,39.3241462],[-76.6215946,39.3241392],[-76.6216137,39.3241304],[-76.621619,39.3241373],[-76.6215999,39.3241462]]]}},{"type":"Feature","properties":{"layer":"Sidewalk","symbol":1,"class":"Other","_tile":"6/31/42"},"geometry":{"type":"Polygon","coordinates":[[[-76.6221101,39.3240562],[-76.6221548,39.3240966],[-76.6221579,39.3240954],[-76.6221577,39.3241217],[-76.6221103,39.3240783],[-76.6220858,39.3240561],[-76.6221101,39.3240562]]]}},{"type":"Feature","properties":{"layer":"Sidewalk","symbol":1,"class":"Other","_tile":"6/31/42"},"geometry":{"type":"Polygon","coordinates":[[[-76.6220097,39.3242955],[-76.6221204,39.324245],[-76.622103,39.3242254],[-76.6220907,39.3242111],[-76.6220122,39.324247],[-76.6219812,39.3242611],[-76.6219731,39.3242503],[-76.6220808,39.3242012],[-76.6220597,39.3241801],[-76.622045,39.3241667],[-76.6220443,39.3241661],[-76.6219445,39.324213],[-76.6219367,39.3242029],[-76.6220336,39.3241573],[-76.6219971,39.3241259],[-76.6219085,39.324166],[-76.6218997,39.3241543],[-76.6219849,39.3241153],[-76.6219633,39.3240966],[-76.6219498,39.3240845],[-76.62187,39.3241172],[-76.6218626,39.3241076],[-76.6219388,39.3240744],[-76.6219197,39.3240556],[-76.6219432,39.3240556],[-76.6219564,39.3240682],[-76.621966,39.3240627],[-76.6219764,39.3240723],[-76.6219665,39.3240776],[-76.6219989,39.3241074],[-76.6220064,39.3241041],[-76.6220096,39.3241026],[-76.6220115,39.3241042],[-76.622024,39.3241149],[-76.6220123,39.3241182],[-76.6220507,39.324152],[-76.6220818,39.3241823],[-76.6220845,39.3241851],[-76.6221163,39.3242169],[-76.6221344,39.3242374],[-76.6221457,39.3242324],[-76.6221479,39.3242349],[-76.6221493,39.3242402],[-76.6221491,39.3242439],[-76.6221471,39.324248],[-76.6221448,39.3242517],[-76.6221426,39.3242544],[-76.622138,39.3242572],[-76.6221183,39.3242663],[-76.6221153,39.3242609],[-76.6220181,39.3243063],[-76.6220097,39.3242955]],[[-76.6218707,39.3240554],[-76.6218349,39.324073],[-76.6218264,39.324062],[-76.6218405,39.3240553],[-76.6218707,39.3240554]]]}},{"type":"Feature","properties":{"layer":"Sidewalk","symbol":1,"class":"Other","_tile":"6/31/42"},"geometry":{"type":"Polygon","coordinates":[[[-76.6217952,39.3242363],[-76.621803,39.3242463],[-76.6217845,39.3242548],[-76.6217124,39.3242901],[-76.6216727,39.3243096],[-76.6216721,39.3243099],[-76.6216608,39.3243028],[-76.6216609,39.3243027],[-76.6216611,39.3243027],[-76.6217952,39.3242363]]]}},{"type":"Feature","properties":{"layer":"Sidewalk","symbol":1,"class":"Other","_tile":"6/31/42"},"geometry":{"type":"Polygon","coordinates":[[[-76.6215839,39.3243231],[-76.6215866,39.3243239],[-76.6215936,39.3243283],[-76.6215299,39.3243605],[-76.6215101,39.3243587],[-76.6215719,39.3243289],[-76.6215839,39.3243231]]]}},{"type":"Feature","properties":{"layer":"Sidewalk","symbol":1,"class":"Other","_tile":"6/31/42"},"geometry":{"type":"Polygon","coordinates":[[[-76.6218703,39.3243304],[-76.6218795,39.3243424],[-76.6218535,39.3243541],[-76.621807,39.3243781],[-76.6217921,39.3243859],[-76.6217773,39.3243765],[-76.6218703,39.3243304]]]}},{"type":"Feature","properties":{"layer":"Sidewalk","symbol":1,"class":"Other","_tile":"6/31/42"},"geometry":{"type":"Polygon","coordinates":[[[-76.6216913,39.3243913],[-76.6217017,39.3243971],[-76.6216565,39.3244419],[-76.6216458,39.3244353],[-76.6216464,39.3244347],[-76.6216913,39.3243913]]]}},{"type":"Feature","properties":{"layer":"Sidewalk","symbol":1,"class":"Other","_tile":"6/31/42"},"geometry":{"type":"Polygon","coordinates":[[[-76.6220329,39.3243538],[-76.6220433,39.3243489],[-76.6221172,39.3244443],[-76.6221088,39.3244483],[-76.6220329,39.3243538]]]}},{"type":"Feature","properties":{"layer":"Sidewalk","symbol":1,"class":"Other","_tile":"6/31/42"},"geometry":{"type":"Polygon","coordinates":[[[-76.6221178,39.3244841],[-76.6221039,39.3244661],[-76.6220938,39.3244708],[-76.6220867,39.3244617],[-76.6221072,39.3244521],[-76.6221282,39.3244792],[-76.6221178,39.3244841]]]}},{"type":"Feature","properties":{"layer":"Sidewalk","symbol":1,"class":"Other","_tile":"6/31/42"},"geometry":{"type":"Polygon","coordinates":[[[-76.6218226,39.3244753],[-76.621833,39.324482],[-76.6218333,39.3244822],[-76.6217885,39.3245258],[-76.6217773,39.3245189],[-76.6217801,39.3245166],[-76.6217895,39.3245076],[-76.6218226,39.3244753]]]}},{"type":"Feature","properties":{"layer":"Sidewalk","symbol":1,"class":"Other","_tile":"6/31/42"},"geometry":{"type":"Polygon","coordinates":[[[-76.6218904,39.3245189],[-76.6218985,39.3245241],[-76.6218912,39.3245309],[-76.6218616,39.3245587],[-76.6218478,39.3245587],[-76.6218904,39.3245189]]]}},{"type":"Feature","properties":{"layer":"Sidewalk","symbol":1,"class":"Other","_tile":"6/31/42"},"geometry":{"type":"Polygon","coordinates":[[[-76.6221566,39.3243288],[-76.6221566,39.3243448],[-76.6221377,39.3243208],[-76.6221358,39.3243217],[-76.6221265,39.3243092],[-76.6221368,39.3243042],[-76.6221566,39.3243288]]]}},{"type":"Feature","properties":{"layer":"Sidewalk","symbol":1,"class":"Other","_tile":"6/31/42"},"geometry":{"type":"Polygon","coordinates":[[[-76.6215255,39.32427],[-76.6215311,39.3242775],[-76.6215088,39.3242885],[-76.6215089,39.3242779],[-76.6215255,39.32427]]]}},{"type":"Feature","properties":{"layer":"Sidewalk","symbol":1,"class":"Other","_tile":"6/31/42"},"geometry":{"type":"Polygon","coordinates":[[[-76.6217612,39.3244371],[-76.6217664,39.3244403],[-76.6217526,39.3244537],[-76.6217473,39.3244505],[-76.6217612,39.3244371]]]}},{"type":"Feature","properties":{"layer":"Sidewalk","symbol":1,"class":"Other","_tile":"6/31/42"},"geometry":{"type":"Polygon","coordinates":[[[-76.6215717,39.3243985],[-76.6215651,39.3244044],[-76.621525,39.3243797],[-76.6215286,39.3243709],[-76.6215717,39.3243985]]]}},{"type":"Feature","properties":{"layer":"Sidewalk","symbol":1,"class":"Other","_tile":"6/31/43"},"geometry":{"type":"Polygon","coordinates":[[[-76.6216902,39.3235667],[-76.6217063,39.3235873],[-76.6217106,39.3235903],[-76.6217149,39.3235915],[-76.6217238,39.323589],[-76.6217713,39.323567],[-76.6218051,39.3235671],[-76.6217259,39.3236047],[-76.6217309,39.3236115],[-76.6217249,39.3236125],[-76.6217186,39.3236131],[-76.6217129,39.3236126],[-76.62171,39.3236122],[-76.6217073,39.3236117],[-76.6217008,39.32361],[-76.6216949,39.3236077],[-76.6216903,39.3236052],[-76.621692,39.323595],[-76.6216693,39.3235667],[-76.6216902,39.3235667]]]}},{"type":"Feature","properties":{"layer":"Sidewalk","symbol":1,"class":"Other","_tile":"6/31/43"},"geometry":{"type":"Polygon","coordinates":[[[-76.6219826,39.3235984],[-76.6219915,39.3235942],[-76.6220188,39.323629],[-76.6220115,39.3236325],[-76.6220098,39.3236333],[-76.6220048,39.3236267],[-76.6219826,39.3235984]]]}},{"type":"Feature","properties":{"layer":"Sidewalk","symbol":1,"class":"Other","_tile":"6/31/43"},"geometry":{"type":"Polygon","coordinates":[[[-76.6221599,39.323721],[-76.6220856,39.3237563],[-76.6220807,39.3237499],[-76.6221112,39.3237355],[-76.6221353,39.323724],[-76.6221599,39.3237123],[-76.6221599,39.323721]]]}},{"type":"Feature","properties":{"layer":"Sidewalk","symbol":1,"class":"Other","_tile":"6/31/43"},"geometry":{"type":"Polygon","coordinates":[[[-76.6221595,39.3237952],[-76.6221587,39.3237943],[-76.6221595,39.3237939],[-76.6221595,39.3237952]]]}},{"type":"Feature","properties":{"layer":"Sidewalk","symbol":1,"class":"Other","_tile":"6/31/43"},"geometry":{"type":"Polygon","coordinates":[[[-76.6215256,39.323993],[-76.6215103,39.324],[-76.6215104,39.3239902],[-76.6215201,39.3239857],[-76.6215256,39.323993]]]}},{"type":"Feature","properties":{"layer":"Sidewalk","symbol":1,"class":"Other","_tile":"6/31/43"},"geometry":{"type":"Polygon","coordinates":[[[-76.6216512,39.3240504],[-76.6216569,39.3240579],[-76.6216384,39.3240663],[-76.621631,39.3240699],[-76.621612,39.3240698],[-76.6216512,39.3240504]]]}},{"type":"Feature","properties":{"layer":"Sidewalk","symbol":1,"class":"Other","_tile":"6/31/43"},"geometry":{"type":"Polygon","coordinates":[[[-76.6219915,39.3235942],[-76.6219826,39.3235984],[-76.6219681,39.3236053],[-76.6219467,39.3236153],[-76.6217877,39.3236907],[-76.6217864,39.3236988],[-76.6218474,39.3237725],[-76.6218499,39.3237715],[-76.6218838,39.3237554],[-76.6218654,39.3237314],[-76.6218622,39.3237261],[-76.6218596,39.3237212],[-76.621858,39.3237169],[-76.6218574,39.3237132],[-76.6218571,39.3237088],[-76.6218572,39.3236948],[-76.6218577,39.3236892],[-76.6218597,39.323683],[-76.6218662,39.3236789],[-76.621874,39.3236768],[-76.621882,39.323676],[-76.6218858,39.3236772],[-76.6218916,39.3236788],[-76.6218959,39.3236788],[-76.6219014,39.3236774],[-76.6219071,39.3236753],[-76.6219133,39.3236727],[-76.6219234,39.3236678],[-76.6219285,39.3236652],[-76.6219393,39.3236593],[-76.6219653,39.3236441],[-76.621968,39.323647],[-76.6219363,39.3236652],[-76.6219311,39.3236681],[-76.6219259,39.3236708],[-76.621921,39.3236732],[-76.6219156,39.3236757],[-76.6219093,39.3236784],[-76.6219031,39.3236806],[-76.6218965,39.3236824],[-76.6218908,39.3236821],[-76.6218842,39.3236806],[-76.6218813,39.3236796],[-76.6218749,39.3236803],[-76.6218683,39.3236819],[-76.6218637,39.3236849],[-76.621862,39.3236897],[-76.6218616,39.3236949],[-76.6218615,39.3237087],[-76.6218617,39.323713],[-76.6218623,39.3237162],[-76.6218638,39.3237201],[-76.6218693,39.3237297],[-76.6218875,39.3237535],[-76.6219092,39.3237433],[-76.6219179,39.3237544],[-76.6218547,39.3237843],[-76.6218827,39.3238182],[-76.6219455,39.3237898],[-76.6219522,39.3237984],[-76.6218901,39.3238269],[-76.6219222,39.3238649],[-76.6219825,39.323836],[-76.6219909,39.3238469],[-76.6219317,39.3238759],[-76.6219614,39.3239102],[-76.62202,39.323884],[-76.6220282,39.3238944],[-76.6219709,39.3239211],[-76.6219805,39.3239312],[-76.6220031,39.3239556],[-76.6220552,39.3239292],[-76.6220634,39.3239397],[-76.6220114,39.323967],[-76.6220121,39.3239677],[-76.6220243,39.3239794],[-76.6220472,39.3239991],[-76.6220921,39.3239766],[-76.6220997,39.3239864],[-76.6220574,39.3240085],[-76.622127,39.3240715],[-76.6221026,39.3240714],[-76.6220693,39.3240411],[-76.622028,39.3240042],[-76.6220042,39.3239809],[-76.6219849,39.32396],[-76.6219708,39.3239438],[-76.6219168,39.3238817],[-76.6219055,39.3238875],[-76.6218966,39.3238761],[-76.6219069,39.3238703],[-76.6218839,39.3238408],[-76.6218438,39.3237899],[-76.6218336,39.323795],[-76.6218248,39.3237837],[-76.6218349,39.323778],[-76.6218269,39.3237681],[-76.6217711,39.3236977],[-76.6217651,39.3237002],[-76.6217653,39.323694],[-76.6217664,39.3236879],[-76.6217689,39.3236819],[-76.6217723,39.3236761],[-76.621778,39.3236704],[-76.6217845,39.3236653],[-76.6217914,39.3236617],[-76.6217998,39.3236703],[-76.6218788,39.3236324],[-76.6220156,39.3235678],[-76.622047,39.3235679],[-76.6219915,39.3235942]]]}},{"type":"Feature","properties":{"layer":"Sidewalk","symbol":1,"class":"Other","_tile":"6/31/43"},"geometry":{"type":"Polygon","coordinates":[[[-76.6219351,39.3240709],[-76.6219034,39.3240394],[-76.62184,39.3240706],[-76.6218329,39.3240705],[-76.6218264,39.324062],[-76.6218945,39.3240296],[-76.6218818,39.3240183],[-76.6218713,39.3240077],[-76.6218614,39.3239972],[-76.6217985,39.3240251],[-76.6217901,39.3240139],[-76.6218521,39.3239856],[-76.6218234,39.3239511],[-76.6217607,39.3239794],[-76.6217525,39.3239684],[-76.6218052,39.3239442],[-76.6218144,39.3239401],[-76.621787,39.3239037],[-76.6217759,39.3239088],[-76.6217369,39.3239265],[-76.6217243,39.3239322],[-76.6217166,39.3239222],[-76.6217796,39.3238934],[-76.6217518,39.3238568],[-76.6216882,39.3238858],[-76.6216792,39.323874],[-76.6216889,39.3238696],[-76.6217216,39.3238547],[-76.6217395,39.3238464],[-76.6217126,39.323811],[-76.6216647,39.3238329],[-76.6216554,39.3238438],[-76.6216427,39.3238272],[-76.6216537,39.3238222],[-76.6217038,39.3237994],[-76.621679,39.3237666],[-76.6216168,39.323795],[-76.6216071,39.323782],[-76.6216686,39.3237539],[-76.6216659,39.3237504],[-76.6216394,39.3237153],[-76.6215961,39.3237349],[-76.6215757,39.3237444],[-76.6215672,39.323733],[-76.6216293,39.3237046],[-76.6216023,39.3236689],[-76.6215393,39.3236977],[-76.6215312,39.3236869],[-76.6215926,39.3236589],[-76.6215647,39.323622],[-76.6215256,39.3236397],[-76.6215122,39.3236459],[-76.6215123,39.3236328],[-76.6215566,39.3236125],[-76.621529,39.323576],[-76.6215126,39.3235836],[-76.6215126,39.3235708],[-76.6215185,39.323568],[-76.6215205,39.3235669],[-76.6215199,39.3235662],[-76.6215449,39.3235663],[-76.6215418,39.3235677],[-76.6215508,39.323579],[-76.6216059,39.3236501],[-76.6216156,39.3236456],[-76.6216233,39.3236556],[-76.6216242,39.3236566],[-76.6216137,39.3236615],[-76.6216427,39.3236987],[-76.6216534,39.3236938],[-76.6216606,39.3237025],[-76.6216498,39.3237077],[-76.62168,39.3237452],[-76.6216906,39.32374],[-76.6216975,39.3237484],[-76.6216872,39.3237533],[-76.6217183,39.323792],[-76.6217286,39.3237872],[-76.6217362,39.3237967],[-76.6217257,39.3238018],[-76.6217538,39.323837],[-76.6217641,39.3238321],[-76.6217711,39.3238413],[-76.6217723,39.3238427],[-76.6217602,39.3238484],[-76.6217813,39.323876],[-76.6217897,39.3238869],[-76.6218019,39.3238812],[-76.6218049,39.323885],[-76.6218093,39.3238909],[-76.621799,39.3238957],[-76.6218194,39.323922],[-76.6218365,39.3239438],[-76.6218652,39.3239786],[-76.6218772,39.3239727],[-76.6218837,39.3239802],[-76.6218854,39.3239819],[-76.6218748,39.3239878],[-76.6218746,39.3239878],[-76.6219009,39.3240155],[-76.6219129,39.3240271],[-76.6219564,39.3240682],[-76.621966,39.3240627],[-76.621975,39.324071],[-76.6219351,39.3240709]]]}},{"type":"Feature","properties":{"layer":"Sidewalk","symbol":1,"class":"Other","_tile":"6/32/32"},"geometry":{"type":"Polygon","coordinates":[[[-76.6213828,39.3294025],[-76.6213896,39.3294017],[-76.6213921,39.3294012],[-76.6213937,39.3294008],[-76.6213954,39.3294002],[-76.6213974,39.3293992],[-76.6213997,39.3293979],[-76.6214025,39.3293962],[-76.6214027,39.3293959],[-76.6214034,39.3293954],[-76.6214056,39.3293934],[-76.6214082,39.3293907],[-76.6214104,39.3293882],[-76.6214139,39.3293832],[-76.6214161,39.3293795],[-76.62142,39.3293723],[-76.6214228,39.3293661],[-76.6214256,39.3293588],[-76.6214279,39.329352],[-76.6214293,39.3293471],[-76.62143,39.3293442],[-76.6214307,39.3293394],[-76.6214308,39.3293349],[-76.6214302,39.3293264],[-76.6214299,39.3293202],[-76.621428,39.3292986],[-76.6214253,39.3292721],[-76.6214354,39.3292717],[-76.6214367,39.3292835],[-76.6214389,39.3293057],[-76.6214405,39.3293261],[-76.621441,39.3293375],[-76.6214409,39.3293384],[-76.6214409,39.32934],[-76.6214405,39.3293424],[-76.6214401,39.3293454],[-76.6214393,39.3293486],[-76.6214379,39.3293538],[-76.6214368,39.3293573],[-76.621434,39.3293648],[-76.6214309,39.3293719],[-76.6214281,39.3293779],[-76.621423,39.3293867],[-76.621421,39.3293898],[-76.621419,39.3293925],[-76.6214136,39.3293983],[-76.6214109,39.3294007],[-76.6214095,39.3294018],[-76.6214058,39.3294043],[-76.6214052,39.3294045],[-76.6214031,39.3294058],[-76.6213975,39.3294082],[-76.6213948,39.3294089],[-76.6213916,39.3294095],[-76.6213826,39.3294106],[-76.6213828,39.3294025]]]}},{"type":"Feature","properties":{"layer":"Sidewalk","symbol":1,"class":"Other","_tile":"6/32/32"},"geometry":{"type":"Polygon","coordinates":[[[-76.6212132,39.3290434],[-76.6212065,39.3289439],[-76.6212537,39.328942],[-76.6212542,39.3289514],[-76.6212783,39.3289507],[-76.6212825,39.3290247],[-76.6212584,39.3290256],[-76.6212594,39.3290412],[-76.6212412,39.3290423],[-76.6212243,39.3290431],[-76.6212132,39.3290434]]]}},{"type":"Feature","properties":{"layer":"Sidewalk","_tile":"6/32/32"},"geometry":{"type":"Polygon","coordinates":[[[-76.6213828,39.3294025],[-76.6213826,39.3294106],[-76.621383,39.3294334],[-76.6214043,39.3294326],[-76.6214045,39.3294357],[-76.6214044,39.3294381],[-76.6213544,39.3294379],[-76.6213527,39.3294127],[-76.6212949,39.3294121],[-76.6212882,39.3294054],[-76.6212876,39.3293874],[-76.6213352,39.3293864],[-76.6213355,39.3293894],[-76.6213387,39.3293892],[-76.621339,39.3293925],[-76.6213513,39.3293921],[-76.6213519,39.3294002],[-76.6213826,39.329399],[-76.6213828,39.3294025]]]}},{"type":"Feature","properties":{"layer":"Sidewalk","_tile":"6/32/32"},"geometry":{"type":"Polygon","coordinates":[[[-76.6211189,39.3292335],[-76.6211186,39.3292279],[-76.6211158,39.3291656],[-76.6211108,39.3290803],[-76.621107,39.3290806],[-76.6210993,39.3289338],[-76.6211452,39.3289339],[-76.6211458,39.3289346],[-76.6211743,39.3289434],[-76.6211785,39.3290505],[-76.6211602,39.3290541],[-76.6211492,39.3290564],[-76.6211417,39.32908],[-76.621151,39.3292366],[-76.6211993,39.3292345],[-76.6211987,39.3292255],[-76.6212383,39.3292238],[-76.6212764,39.3292213],[-76.621276,39.3292317],[-76.6213164,39.3292302],[-76.6213175,39.3292485],[-76.6211747,39.3292531],[-76.6211592,39.3292533],[-76.6211503,39.3292533],[-76.6211505,39.3293564],[-76.6211229,39.3293575],[-76.6211224,39.3293296],[-76.6211226,39.3293255],[-76.6211226,39.3293204],[-76.6211222,39.3293079],[-76.6211189,39.3292335]]]}},{"type":"Feature","properties":{"layer":"Sidewalk","_tile":"6/32/32"},"geometry":{"type":"Polygon","coordinates":[[[-76.6210049,39.3292327],[-76.6210002,39.3291611],[-76.6209944,39.3290856],[-76.6209815,39.3290862],[-76.6209722,39.3289334],[-76.6210746,39.3289337],[-76.6210823,39.3290814],[-76.6210307,39.3290841],[-76.6210367,39.3291733],[-76.6210411,39.3292307],[-76.6210903,39.3292287],[-76.621092,39.3292681],[-76.6210333,39.3292697],[-76.6210334,39.3292721],[-76.6210193,39.3292721],[-76.6210165,39.3292719],[-76.6210133,39.329272],[-76.6210108,39.329272],[-76.6209972,39.3292726],[-76.6209605,39.3292737],[-76.6209602,39.3292688],[-76.620872,39.3292716],[-76.6208733,39.329295],[-76.6208737,39.3293021],[-76.6208536,39.3293028],[-76.6208539,39.3292444],[-76.620959,39.3292402],[-76.6209586,39.3292346],[-76.6210049,39.3292327]]]}},{"type":"Feature","properties":{"layer":"Sidewalk","symbol":1,"class":"Other","_tile":"6/32/33"},"geometry":{"type":"Polygon","coordinates":[[[-76.621207,39.3289494],[-76.6212065,39.3289439],[-76.6212537,39.328942],[-76.6212541,39.3289495],[-76.621207,39.3289494]]]}},{"type":"Feature","properties":{"layer":"Sidewalk","_tile":"6/32/33"},"geometry":{"type":"Polygon","coordinates":[[[-76.6211002,39.328949],[-76.6210984,39.3289155],[-76.6210884,39.3287797],[-76.6210878,39.3287717],[-76.6210875,39.3287676],[-76.6210856,39.3287277],[-76.6210827,39.3286891],[-76.6210823,39.3286741],[-76.6210805,39.3286455],[-76.6211126,39.328644],[-76.6211197,39.3287393],[-76.621147,39.328738],[-76.621188,39.3287364],[-76.6212881,39.3287337],[-76.6212896,39.3287617],[-76.6212838,39.328762],[-76.6212849,39.3287816],[-76.6212255,39.3287815],[-76.6212242,39.328763],[-76.6212049,39.3287637],[-76.6212055,39.3287704],[-76.6211571,39.328775],[-76.6211557,39.3287544],[-76.6211216,39.3287561],[-76.6211243,39.328829],[-76.6211251,39.3288478],[-76.6211329,39.3289192],[-76.6211458,39.3289346],[-76.6211743,39.3289434],[-76.6211746,39.3289493],[-76.6211002,39.328949]]]}},{"type":"Feature","properties":{"layer":"Sidewalk","_tile":"6/32/33"},"geometry":{"type":"Polygon","coordinates":[[[-76.6212202,39.3284561],[-76.6212219,39.3284828],[-76.6212223,39.3284898],[-76.6212278,39.3284896],[-76.6212452,39.3284889],[-76.6212457,39.3284729],[-76.6212568,39.3284722],[-76.6212686,39.3284715],[-76.6213057,39.3284691],[-76.6213062,39.3284735],[-76.621307,39.3284841],[-76.621317,39.3284837],[-76.6213411,39.3284828],[-76.6213402,39.3284499],[-76.6213402,39.3284465],[-76.6213646,39.3284466],[-76.6213649,39.3284543],[-76.6213653,39.3284605],[-76.6213698,39.328515],[-76.6213729,39.3285679],[-76.6213813,39.3285903],[-76.6213839,39.3285958],[-76.6213864,39.3286],[-76.6213914,39.3286063],[-76.6213976,39.3286134],[-76.6214034,39.3286193],[-76.6214089,39.3286241],[-76.6214189,39.3286311],[-76.6214313,39.3286384],[-76.6214429,39.3286441],[-76.6214479,39.3286463],[-76.6214524,39.3286477],[-76.621461,39.3286499],[-76.6214719,39.328652],[-76.6214843,39.3286539],[-76.6214958,39.3286553],[-76.6215051,39.3286558],[-76.621505,39.3286746],[-76.6214943,39.3286746],[-76.6214835,39.3286739],[-76.6214777,39.3286731],[-76.621471,39.3286719],[-76.6214557,39.3286681],[-76.6214405,39.3286633],[-76.6214342,39.328661],[-76.6214289,39.3286586],[-76.6214238,39.3286559],[-76.6214174,39.3286518],[-76.6214,39.3286392],[-76.6213914,39.3286325],[-76.6213829,39.3286252],[-76.621376,39.3286187],[-76.6213711,39.3286132],[-76.6213682,39.3286091],[-76.6213647,39.3286034],[-76.6213527,39.3285802],[-76.6213437,39.3285664],[-76.6213351,39.3285661],[-76.6213305,39.3285658],[-76.6213304,39.3285635],[-76.6212926,39.328565],[-76.6212931,39.3285606],[-76.6212537,39.3285615],[-76.6212528,39.328549],[-76.6212209,39.3285502],[-76.6212238,39.3285947],[-76.6212239,39.3285955],[-76.6211866,39.3285968],[-76.6211865,39.3285952],[-76.6211854,39.3285633],[-76.6211593,39.3285651],[-76.6211584,39.3285432],[-76.6211584,39.32854],[-76.621155,39.3284459],[-76.6212196,39.3284461],[-76.6212202,39.3284561]],[[-76.6211175,39.3284458],[-76.6211195,39.3285213],[-76.6211104,39.3285219],[-76.6211054,39.3285221],[-76.6211065,39.3285431],[-76.6211057,39.3285486],[-76.6210637,39.3285504],[-76.6210638,39.3285524],[-76.6210603,39.3285525],[-76.6210554,39.3284871],[-76.6210503,39.3284874],[-76.6210472,39.3284455],[-76.6211175,39.3284458]]]}},{"type":"Feature","properties":{"layer":"Sidewalk","_tile":"6/32/33"},"geometry":{"type":"Polygon","coordinates":[[[-76.6208566,39.3287428],[-76.6209255,39.3287404],[-76.6209255,39.3287353],[-76.6209786,39.3287336],[-76.6209998,39.3287321],[-76.6210615,39.3287285],[-76.6210634,39.3287684],[-76.6210114,39.3287712],[-76.6210215,39.3289184],[-76.6210737,39.3289163],[-76.6210753,39.328949],[-76.620973,39.3289486],[-76.6209713,39.3289205],[-76.6209847,39.3289195],[-76.6209786,39.3288265],[-76.6209752,39.3287724],[-76.6209271,39.328774],[-76.6209268,39.3287688],[-76.6209242,39.3287691],[-76.6208589,39.3287719],[-76.6208564,39.328772],[-76.6208566,39.3287428]]]}},{"type":"Feature","properties":{"layer":"Sidewalk","symbol":1,"class":"Other","_tile":"6/32/34"},"geometry":{"type":"Polygon","coordinates":[[[-76.6208843,39.3283848],[-76.6208832,39.3283605],[-76.6208586,39.328361],[-76.6208586,39.3283541],[-76.6208912,39.3283534],[-76.6208925,39.3283915],[-76.6208584,39.3283923],[-76.6208585,39.3283856],[-76.6208843,39.3283848]]]}},{"type":"Feature","properties":{"layer":"Sidewalk","symbol":1,"class":"Other","_tile":"6/32/34"},"geometry":{"type":"Polygon","coordinates":[[[-76.6210509,39.3279575],[-76.6210517,39.3279714],[-76.6209016,39.3279778],[-76.6209035,39.3279964],[-76.6208782,39.3279977],[-76.6208781,39.3279956],[-76.6208664,39.3279964],[-76.6208638,39.3279569],[-76.6210509,39.3279575]]]}},{"type":"Feature","properties":{"layer":"Sidewalk","_tile":"6/32/34"},"geometry":{"type":"Polygon","coordinates":[[[-76.6208843,39.3283848],[-76.6208585,39.3283856],[-76.6208586,39.328361],[-76.6208832,39.3283605],[-76.6208843,39.3283848]]]}},{"type":"Feature","properties":{"layer":"Sidewalk","_tile":"6/32/34"},"geometry":{"type":"Polygon","coordinates":[[[-76.6210422,39.3281492],[-76.6210302,39.3281496],[-76.6210295,39.3281358],[-76.6210448,39.3281353],[-76.6210455,39.3281492],[-76.6210422,39.3281492]]]}},{"type":"Feature","properties":{"layer":"Sidewalk","_tile":"6/32/34"},"geometry":{"type":"MultiPolygon","coordinates":[[[[-76.6212202,39.3284561],[-76.6212205,39.3284613],[-76.6211556,39.3284611],[-76.6211548,39.3284382],[-76.6211425,39.3282738],[-76.621136,39.3282695],[-76.621131,39.3282671],[-76.6211269,39.328266],[-76.6211212,39.328265],[-76.621116,39.3282649],[-76.6211103,39.3282652],[-76.6211055,39.328266],[-76.621102,39.3282672],[-76.6210975,39.3282704],[-76.6210961,39.3282722],[-76.6210938,39.3282761],[-76.6210947,39.3282903],[-76.6210967,39.3283332],[-76.6211011,39.3284277],[-76.6211169,39.3284274],[-76.6211178,39.328461],[-76.6210483,39.3284608],[-76.6210459,39.3284294],[-76.621054,39.3284287],[-76.6210628,39.3284288],[-76.6210608,39.3284005],[-76.6210518,39.3282672],[-76.6208591,39.3282752],[-76.6208592,39.3282463],[-76.6208715,39.3282458],[-76.6210507,39.3282381],[-76.6210506,39.3282345],[-76.6210457,39.3281529],[-76.6210438,39.3281084],[-76.6210436,39.3281059],[-76.6210386,39.3280504],[-76.6209199,39.3280552],[-76.6209078,39.3280558],[-76.6209046,39.3280558],[-76.6208602,39.3280571],[-76.6208604,39.3280323],[-76.6208713,39.3280317],[-76.6208769,39.3280311],[-76.6210597,39.3280237],[-76.6210584,39.3280094],[-76.6210579,39.3279925],[-76.6210573,39.3279649],[-76.6210806,39.3279636],[-76.6210878,39.327965],[-76.6210932,39.3279649],[-76.6210999,39.327964],[-76.6211055,39.3279629],[-76.6211096,39.3279615],[-76.6211151,39.327958],[-76.6211156,39.3279577],[-76.6211908,39.3279579],[-76.6211894,39.3279645],[-76.6211876,39.3279761],[-76.6211867,39.3279857],[-76.6211868,39.3279911],[-76.6211872,39.3279986],[-76.6211894,39.3280213],[-76.6212807,39.3280199],[-76.6212817,39.3280218],[-76.6213165,39.3280079],[-76.6213251,39.3280041],[-76.6213319,39.3280008],[-76.621348,39.3279923],[-76.6213531,39.3279891],[-76.621357,39.3279863],[-76.6213616,39.3279822],[-76.6213659,39.3279778],[-76.6213691,39.327974],[-76.6213708,39.327971],[-76.621373,39.3279643],[-76.6213741,39.3279585],[-76.6214165,39.3279586],[-76.6214184,39.3279997],[-76.6214029,39.3280002],[-76.6213986,39.3280004],[-76.6214041,39.3280648],[-76.6214058,39.3280691],[-76.6214074,39.328071],[-76.6214116,39.3280747],[-76.6214289,39.3280769],[-76.6214311,39.3281145],[-76.6214333,39.3281478],[-76.6214352,39.3281878],[-76.6214203,39.3281904],[-76.6214168,39.3281917],[-76.621414,39.3281943],[-76.6214135,39.3281971],[-76.6214167,39.328266],[-76.6214198,39.3283157],[-76.6214208,39.3283223],[-76.6214248,39.3283275],[-76.6214358,39.328331],[-76.621472,39.3283294],[-76.6214722,39.3283316],[-76.6214734,39.3283316],[-76.6215069,39.3283301],[-76.6215067,39.3283525],[-76.6214788,39.3283528],[-76.6214777,39.3283528],[-76.6214779,39.3283553],[-76.6214779,39.3283599],[-76.6214782,39.3283788],[-76.6214438,39.3283792],[-76.6214359,39.3283797],[-76.6214293,39.3283805],[-76.6214181,39.3283825],[-76.6214085,39.3283847],[-76.621401,39.328387],[-76.6213956,39.3283892],[-76.6213915,39.3283917],[-76.621387,39.3283948],[-76.6213833,39.3283976],[-76.6213805,39.3284002],[-76.6213784,39.3284026],[-76.6213762,39.328406],[-76.6213715,39.328414],[-76.6213677,39.328423],[-76.6213655,39.3284307],[-76.6213648,39.3284359],[-76.6213646,39.3284448],[-76.6213649,39.3284543],[-76.6213653,39.3284605],[-76.6213655,39.3284618],[-76.6213406,39.3284617],[-76.6213402,39.3284499],[-76.6213406,39.3284338],[-76.6213409,39.3284296],[-76.6213417,39.3284261],[-76.6213442,39.3284185],[-76.6213473,39.3284111],[-76.6213507,39.328404],[-76.621354,39.3283985],[-76.6213569,39.3283947],[-76.6213577,39.328394],[-76.6213608,39.3283904],[-76.621381,39.3283703],[-76.6213847,39.3283659],[-76.6213873,39.3283624],[-76.6213914,39.328355],[-76.6213951,39.3283468],[-76.6213974,39.3283394],[-76.6213984,39.3283336],[-76.6213984,39.3283276],[-76.621398,39.3283231],[-76.6213968,39.328319],[-76.6213946,39.328314],[-76.6213918,39.3283079],[-76.6213884,39.328302],[-76.6213822,39.3282915],[-76.6213778,39.3282849],[-76.6213732,39.3282798],[-76.6213691,39.3282764],[-76.6213648,39.3282739],[-76.6213603,39.3282716],[-76.6213553,39.32827],[-76.6213481,39.3282684],[-76.621322,39.3282643],[-76.6213154,39.3282631],[-76.6213069,39.328261],[-76.6212932,39.3282571],[-76.6212091,39.3282614],[-76.6212101,39.3283015],[-76.6212184,39.3284262],[-76.6212202,39.3284561]]],[[[-76.6213095,39.328115],[-76.6213092,39.3280803],[-76.6213113,39.3280803],[-76.6213557,39.3280787],[-76.621371,39.3280778],[-76.6213747,39.3280755],[-76.6213763,39.3280747],[-76.621378,39.328073],[-76.6213792,39.3280706],[-76.6213803,39.3280678],[-76.6213805,39.328064],[-76.6213802,39.3280565],[-76.6213814,39.3280403],[-76.6213811,39.3280328],[-76.6213793,39.3280242],[-76.6213769,39.3280177],[-76.6213755,39.3280155],[-76.6213738,39.3280135],[-76.6213719,39.3280122],[-76.6213705,39.328012],[-76.6213654,39.3280117],[-76.6213587,39.3280123],[-76.6213531,39.3280134],[-76.6213459,39.328015],[-76.6213296,39.3280195],[-76.6213127,39.3280249],[-76.621304,39.3280281],[-76.6213016,39.3280289],[-76.6212964,39.3280314],[-76.621293,39.3280329],[-76.6212898,39.328035],[-76.6212872,39.328037],[-76.6212804,39.3280439],[-76.6212864,39.3281178],[-76.6213095,39.328117],[-76.6213095,39.328115]]],[[[-76.6213464,39.3282414],[-76.6213487,39.3282414],[-76.6213495,39.328242],[-76.6213621,39.3282533],[-76.6213882,39.3282505],[-76.6213933,39.3282499],[-76.6213927,39.3282444],[-76.6213929,39.3282435],[-76.6213923,39.3282343],[-76.6213896,39.3281963],[-76.6213878,39.3281935],[-76.6213841,39.3281918],[-76.6213737,39.3281888],[-76.6213175,39.3281916],[-76.6213129,39.3281919],[-76.6213118,39.3281604],[-76.6213114,39.3281571],[-76.6212974,39.3281574],[-76.6212885,39.3281576],[-76.6212905,39.3281839],[-76.6213464,39.3282414]]]]}},{"type":"Feature","properties":{"layer":"Sidewalk","symbol":1,"class":"Other","_tile":"6/32/35"},"geometry":{"type":"Polygon","coordinates":[[[-76.6210918,39.3275964],[-76.6210957,39.3276334],[-76.6210819,39.3276316],[-76.6210796,39.3275974],[-76.6210918,39.3275964]]]}},{"type":"Feature","properties":{"layer":"Sidewalk","symbol":1,"class":"Other","_tile":"6/32/35"},"geometry":{"type":"Polygon","coordinates":[[[-76.6211063,39.3277966],[-76.6211083,39.3278348],[-76.6210942,39.3278344],[-76.6210925,39.3278009],[-76.6210942,39.3278003],[-76.6211063,39.3277966]]]}},{"type":"Feature","properties":{"layer":"Sidewalk","symbol":1,"class":"Other","_tile":"6/32/35"},"geometry":{"type":"Polygon","coordinates":[[[-76.6212611,39.32747],[-76.6212618,39.3275003],[-76.6212436,39.3275012],[-76.621242,39.32747],[-76.6212611,39.32747]]]}},{"type":"Feature","properties":{"layer":"Sidewalk","symbol":1,"class":"Other","_tile":"6/32/35"},"geometry":{"type":"Polygon","coordinates":[[[-76.6215109,39.3275789],[-76.6214997,39.3275795],[-76.6212768,39.3275879],[-76.6212689,39.3274701],[-76.6213461,39.3274703],[-76.6213496,39.3275255],[-76.6215112,39.3275192],[-76.6215109,39.3275789]]]}},{"type":"Feature","properties":{"layer":"Sidewalk","symbol":1,"class":"Other","_tile":"6/32/35"},"geometry":{"type":"MultiPolygon","coordinates":[[[[-76.6210238,39.3277348],[-76.6210257,39.3277345],[-76.6210292,39.3277336],[-76.6210309,39.327733],[-76.621034,39.3277313],[-76.6210366,39.3277295],[-76.6210389,39.3277271],[-76.6210404,39.3277246],[-76.6210415,39.3277218],[-76.621042,39.327719],[-76.621042,39.3277176],[-76.6210414,39.3277147],[-76.621041,39.3277133],[-76.6210404,39.3277119],[-76.6210385,39.3277094],[-76.6210375,39.3277082],[-76.6210362,39.3277072],[-76.6210335,39.3277053],[-76.6210303,39.3277038],[-76.6210269,39.3277027],[-76.6210234,39.3277021],[-76.6210215,39.327702],[-76.6210195,39.327702],[-76.6210164,39.3276542],[-76.6208624,39.3276605],[-76.6208634,39.3274688],[-76.6210165,39.3274693],[-76.6210228,39.3275302],[-76.6210253,39.327547],[-76.6210331,39.3275996],[-76.6210549,39.3275984],[-76.6210585,39.3275983],[-76.6210589,39.3276044],[-76.6210607,39.3276324],[-76.6210721,39.3278005],[-76.6210756,39.3278012],[-76.6210767,39.3278013],[-76.6210782,39.3278319],[-76.6210412,39.3278344],[-76.621049,39.3279252],[-76.6210517,39.3279714],[-76.6210233,39.3279726],[-76.6208648,39.3279721],[-76.6208613,39.3279191],[-76.6208717,39.3279186],[-76.6208629,39.3277879],[-76.621025,39.3277812],[-76.6210218,39.3277349],[-76.6210238,39.3277348]]],[[[-76.6209966,39.3278813],[-76.6209944,39.3278431],[-76.6209439,39.3278441],[-76.6209463,39.3278837],[-76.6209953,39.3278812],[-76.6209966,39.3278813]]],[[[-76.620977,39.3275962],[-76.6209769,39.3275951],[-76.6209755,39.3275574],[-76.6209256,39.32756],[-76.6209288,39.327598],[-76.620977,39.3275962]]]]}},{"type":"Feature","properties":{"layer":"Sidewalk","_tile":"6/32/35"},"geometry":{"type":"Polygon","coordinates":[[[-76.6210505,39.3275055],[-76.6210533,39.3275268],[-76.6210535,39.3275272],[-76.621053,39.3275272],[-76.621041,39.3275282],[-76.6210386,39.3275283],[-76.6210367,39.3275285],[-76.6210304,39.327529],[-76.6210303,39.3275282],[-76.6210275,39.3275073],[-76.6210289,39.3275073],[-76.6210323,39.327507],[-76.6210505,39.3275055]]]}},{"type":"Feature","properties":{"layer":"Sidewalk","_tile":"6/32/35"},"geometry":{"type":"MultiPolygon","coordinates":[[[[-76.6213924,39.3279236],[-76.6213734,39.3279242],[-76.621371,39.3278896],[-76.6213699,39.3278809],[-76.62137,39.32788],[-76.6213682,39.327872],[-76.6213662,39.3278662],[-76.6213622,39.3278588],[-76.6213603,39.327856],[-76.6213584,39.3278539],[-76.6213554,39.3278513],[-76.6213497,39.3278472],[-76.6213419,39.327848],[-76.6212988,39.3278677],[-76.6212799,39.3278767],[-76.6212404,39.3278966],[-76.6212124,39.3279134],[-76.6212031,39.3279258],[-76.6211997,39.3279311],[-76.621197,39.3279373],[-76.6211941,39.3279461],[-76.6211913,39.327956],[-76.6211894,39.3279645],[-76.6211881,39.3279731],[-76.6210574,39.3279727],[-76.6210573,39.3279649],[-76.6210806,39.3279636],[-76.6210878,39.327965],[-76.6210932,39.3279649],[-76.6210999,39.327964],[-76.6211055,39.3279629],[-76.6211096,39.3279615],[-76.6211151,39.327958],[-76.6211204,39.3279536],[-76.6211238,39.3279493],[-76.6211272,39.327943],[-76.6211305,39.3279353],[-76.6211354,39.3279216],[-76.6211462,39.3278973],[-76.6211483,39.3278909],[-76.6211494,39.3278857],[-76.6211495,39.3278794],[-76.6211488,39.3278717],[-76.6211473,39.327864],[-76.6211456,39.3278579],[-76.6211433,39.3278516],[-76.6211417,39.3278478],[-76.6211398,39.3278448],[-76.621138,39.3278431],[-76.621136,39.327842],[-76.6211331,39.3278409],[-76.6211238,39.3278385],[-76.6211211,39.3277907],[-76.6211236,39.3277897],[-76.6211383,39.3277832],[-76.6211425,39.327781],[-76.6211453,39.3277793],[-76.6211514,39.3277738],[-76.621159,39.327766],[-76.6211656,39.3277578],[-76.6211666,39.3277563],[-76.6211703,39.3277506],[-76.6211738,39.3277431],[-76.6211771,39.327735],[-76.6211791,39.327728],[-76.6211801,39.3277224],[-76.62118,39.3277155],[-76.6211792,39.327708],[-76.6211774,39.327699],[-76.6211753,39.3276925],[-76.6211728,39.3276866],[-76.6211696,39.3276805],[-76.6211662,39.3276749],[-76.6211633,39.327671],[-76.6211566,39.3276641],[-76.6211449,39.3276535],[-76.6211213,39.3276425],[-76.6211177,39.327588],[-76.6211339,39.3275739],[-76.6211375,39.3275702],[-76.6211399,39.3275669],[-76.6211424,39.3275623],[-76.6211448,39.3275574],[-76.6211463,39.3275532],[-76.6211471,39.3275499],[-76.6211473,39.3275458],[-76.621147,39.3275405],[-76.6211461,39.3275344],[-76.6211455,39.3275315],[-76.6211449,39.3275288],[-76.6211423,39.3275197],[-76.6211396,39.3275114],[-76.6211366,39.3275036],[-76.6211333,39.3274964],[-76.6211298,39.3274902],[-76.6211264,39.3274851],[-76.6211228,39.3274808],[-76.6211189,39.3274772],[-76.6211141,39.3274735],[-76.6211099,39.3274707],[-76.6211078,39.3274696],[-76.621242,39.32747],[-76.6212436,39.3275012],[-76.62123,39.3275019],[-76.621229,39.3274716],[-76.6211856,39.327473],[-76.621195,39.3274919],[-76.6212066,39.3275166],[-76.6212107,39.3275262],[-76.6212112,39.3275271],[-76.6212136,39.3275336],[-76.6212157,39.3275412],[-76.6212226,39.3275687],[-76.6212252,39.3275767],[-76.6212281,39.3275825],[-76.6212311,39.327587],[-76.6212354,39.3275923],[-76.6212406,39.3275983],[-76.6212458,39.3276036],[-76.621251,39.3276079],[-76.6212581,39.327613],[-76.6212676,39.327619],[-76.6212786,39.3276255],[-76.6212872,39.3276302],[-76.6212967,39.3276347],[-76.6213054,39.3276386],[-76.6213122,39.327641],[-76.6213226,39.3276433],[-76.621333,39.3276448],[-76.6213368,39.3276447],[-76.6213414,39.3276443],[-76.6213608,39.3276406],[-76.6214275,39.3276225],[-76.6214989,39.3276098],[-76.621509,39.3276093],[-76.6215107,39.3276091],[-76.6215106,39.3276367],[-76.621496,39.3276391],[-76.6214981,39.3276467],[-76.6214486,39.3276562],[-76.6214459,39.327648],[-76.6213998,39.3276591],[-76.6213925,39.3276607],[-76.6213829,39.3276628],[-76.6213779,39.3276643],[-76.6213743,39.327666],[-76.6213706,39.3276686],[-76.6213675,39.3276712],[-76.621368,39.3276758],[-76.6213701,39.3276796],[-76.6213883,39.327694],[-76.6213958,39.3277003],[-76.621409,39.3277143],[-76.6214261,39.3277337],[-76.6214462,39.3277587],[-76.6214519,39.3277651],[-76.6214568,39.3277699],[-76.6214658,39.3277778],[-76.6214743,39.3277846],[-76.6214821,39.3277899],[-76.6214887,39.3277935],[-76.6214959,39.3277965],[-76.6215043,39.3277994],[-76.6215097,39.3278008],[-76.6215096,39.3278223],[-76.6214316,39.3278231],[-76.6214025,39.3278256],[-76.6213969,39.3278276],[-76.621392,39.3278299],[-76.62139,39.3278324],[-76.6213943,39.3279126],[-76.6213924,39.3279236]]],[[[-76.6214433,39.3277962],[-76.621443,39.3277932],[-76.6214413,39.3277906],[-76.6214373,39.3277864],[-76.6214332,39.3277816],[-76.6214282,39.3277749],[-76.6214122,39.3277514],[-76.6214048,39.3277409],[-76.6214031,39.3277383],[-76.6213955,39.327728],[-76.6213888,39.3277197],[-76.6213834,39.3277138],[-76.6213743,39.327705],[-76.6213653,39.3276973],[-76.6213572,39.327691],[-76.6213503,39.3276868],[-76.6213362,39.3276804],[-76.6213305,39.3276804],[-76.6213187,39.3276833],[-76.6212939,39.327693],[-76.6212607,39.327708],[-76.6212541,39.3277123],[-76.6212518,39.3277142],[-76.6212491,39.3277189],[-76.6212466,39.3277261],[-76.6212446,39.3277358],[-76.6212427,39.3277506],[-76.6212388,39.3277935],[-76.6212362,39.3278126],[-76.621234,39.327824],[-76.6212274,39.3278532],[-76.6212252,39.327864],[-76.6212241,39.327872],[-76.6212253,39.3278746],[-76.62123,39.3278781],[-76.621234,39.3278799],[-76.6212543,39.3278706],[-76.6212862,39.3278553],[-76.6213751,39.3278105],[-76.6214351,39.3278064],[-76.6214369,39.3278059],[-76.6214385,39.3278047],[-76.6214403,39.3278031],[-76.6214419,39.3278011],[-76.6214426,39.3277996],[-76.6214433,39.3277962]]],[[[-76.6211664,39.3275909],[-76.6211659,39.3275869],[-76.6211649,39.3275844],[-76.621163,39.3275822],[-76.621161,39.3275808],[-76.6211587,39.3275796],[-76.6211554,39.3275784],[-76.6211522,39.3275777],[-76.6211494,39.3275774],[-76.6211445,39.3275777],[-76.6211407,39.3275786],[-76.6211383,39.3275798],[-76.6211356,39.3275818],[-76.6211334,39.3275837],[-76.6211323,39.3275852],[-76.6211314,39.3275888],[-76.6211314,39.3275925],[-76.6211321,39.327595],[-76.6211333,39.3275979],[-76.6211346,39.3275999],[-76.6211359,39.3276013],[-76.6211376,39.3276025],[-76.6211399,39.3276035],[-76.6211477,39.3276061],[-76.6211603,39.3276028],[-76.6211654,39.3275964],[-76.6211664,39.3275909]]],[[[-76.6212967,39.3276571],[-76.6212958,39.3276549],[-76.6212938,39.3276526],[-76.6212903,39.3276498],[-76.6212837,39.327646],[-76.6212723,39.3276407],[-76.6212628,39.3276362],[-76.6212597,39.3276352],[-76.6212574,39.3276346],[-76.621252,39.3276345],[-76.6212497,39.3276346],[-76.6212484,39.3276349],[-76.6212464,39.327636],[-76.6212441,39.3276379],[-76.6212417,39.3276405],[-76.6212403,39.3276426],[-76.6212391,39.3276474],[-76.6212386,39.3276522],[-76.6212397,39.3276574],[-76.6212415,39.3276624],[-76.6212444,39.3276678],[-76.6212456,39.3276695],[-76.6212469,39.3276707],[-76.6212514,39.3276732],[-76.6212538,39.327674],[-76.621256,39.3276746],[-76.6212584,39.3276746],[-76.621262,39.3276742],[-76.6212663,39.3276734],[-76.6212707,39.3276721],[-76.6212792,39.3276689],[-76.6212926,39.3276632],[-76.6212967,39.3276571]]],[[[-76.6211845,39.3277915],[-76.6211828,39.3277853],[-76.6211813,39.3277827],[-76.6211798,39.3277816],[-76.6211772,39.3277802],[-76.6211741,39.3277789],[-76.6211718,39.3277781],[-76.6211683,39.3277775],[-76.6211671,39.3277775],[-76.6211651,39.3277773],[-76.6211623,39.3277774],[-76.6211601,39.3277779],[-76.6211566,39.3277801],[-76.6211535,39.3277829],[-76.6211512,39.3277864],[-76.6211495,39.3277903],[-76.6211487,39.3277937],[-76.621149,39.3277958],[-76.6211505,39.3277982],[-76.6211528,39.3278008],[-76.6211556,39.3278031],[-76.621158,39.3278044],[-76.6211606,39.3278052],[-76.6211637,39.3278056],[-76.6211666,39.3278059],[-76.6211687,39.3278058],[-76.6211717,39.327805],[-76.6211749,39.3278035],[-76.621178,39.3278019],[-76.6211798,39.3278005],[-76.621182,39.3277971],[-76.6211845,39.3277915]]],[[[-76.6214172,39.3279739],[-76.6213693,39.3279737],[-76.6213708,39.327971],[-76.621373,39.3279643],[-76.6213745,39.3279565],[-76.6213747,39.3279484],[-76.621374,39.3279353],[-76.6213931,39.3279345],[-76.6213931,39.3279501],[-76.6214161,39.3279495],[-76.6214172,39.3279739]]],[[[-76.6210598,39.3274694],[-76.6210535,39.3274732],[-76.6210474,39.3274825],[-76.621031,39.3274838],[-76.6210245,39.3274843],[-76.6210241,39.3274762],[-76.6210239,39.3274693],[-76.6210598,39.3274694]]]]}},{"type":"Feature","properties":{"layer":"Sidewalk","_tile":"6/32/36"},"geometry":{"type":"Polygon","coordinates":[[[-76.6215015,39.3271298],[-76.6215133,39.3271293],[-76.621513,39.3271865],[-76.6215051,39.3271869],[-76.6215015,39.3271298]]]}},{"type":"Feature","properties":{"layer":"Sidewalk","_tile":"6/32/36"},"geometry":{"type":"Polygon","coordinates":[[[-76.6208874,39.3273395],[-76.6208869,39.3273241],[-76.6209424,39.3273213],[-76.6209435,39.3273394],[-76.6210121,39.3273353],[-76.6210441,39.3273334],[-76.621057,39.3273296],[-76.6210599,39.3273285],[-76.6210621,39.3273274],[-76.621065,39.327325],[-76.6210687,39.3273209],[-76.6210729,39.3273157],[-76.621076,39.3273112],[-76.6210787,39.3273058],[-76.6210811,39.3272999],[-76.6210831,39.3272929],[-76.6210847,39.3272853],[-76.621086,39.3272769],[-76.6210871,39.3272654],[-76.6210885,39.3272403],[-76.6210873,39.3272329],[-76.6210864,39.3272297],[-76.621083,39.3272232],[-76.6210813,39.3272208],[-76.6210797,39.327219],[-76.6210771,39.3272173],[-76.6210734,39.3272155],[-76.621069,39.3272138],[-76.6210647,39.3272125],[-76.6210568,39.3272113],[-76.6210435,39.32721],[-76.6208664,39.3272197],[-76.620871,39.3273329],[-76.6208731,39.3273355],[-76.620877,39.3273387],[-76.6208797,39.3273401],[-76.6208823,39.3273401],[-76.6208874,39.3273395]],[[-76.6208648,39.3271945],[-76.6208876,39.3271936],[-76.6208968,39.3271931],[-76.6209225,39.3271921],[-76.6210332,39.3271876],[-76.6210422,39.3271907],[-76.6210697,39.3271964],[-76.6210766,39.3271974],[-76.6210801,39.3271975],[-76.621081,39.3271977],[-76.6210845,39.3271972],[-76.6210895,39.327196],[-76.6210941,39.3271945],[-76.6210974,39.3271929],[-76.6210991,39.3271918],[-76.621103,39.3271881],[-76.621119,39.3271554],[-76.6211239,39.3271443],[-76.6211278,39.3271351],[-76.6211313,39.3271254],[-76.6211352,39.3271123],[-76.6211364,39.327107],[-76.6211447,39.3270755],[-76.6211483,39.3270593],[-76.6211521,39.3270406],[-76.6211553,39.3270233],[-76.6211573,39.3270091],[-76.6211585,39.3269971],[-76.6211588,39.3269949],[-76.6211595,39.3269816],[-76.6211871,39.3269817],[-76.6211868,39.326987],[-76.6211827,39.3270339],[-76.6211845,39.3270409],[-76.6211903,39.3270449],[-76.6211932,39.3270461],[-76.6211967,39.3270465],[-76.6212004,39.3270465],[-76.6212047,39.3270459],[-76.6212082,39.3270451],[-76.6212129,39.3270429],[-76.6212186,39.3270393],[-76.6212247,39.3270343],[-76.6212392,39.327021],[-76.6212495,39.327013],[-76.6212637,39.3270034],[-76.6212808,39.3269927],[-76.621297,39.3269834],[-76.6212994,39.3269821],[-76.6214461,39.3269826],[-76.6214433,39.3269834],[-76.6214266,39.3269887],[-76.6214324,39.3269962],[-76.6213987,39.3270091],[-76.6213861,39.3270142],[-76.621365,39.3270233],[-76.6213633,39.3270239],[-76.6213559,39.3270275],[-76.6213506,39.3270306],[-76.6213458,39.3270338],[-76.6213438,39.3270358],[-76.6213428,39.3270389],[-76.621343,39.3270416],[-76.6213437,39.3270436],[-76.6213446,39.3270445],[-76.6213459,39.3270453],[-76.6213477,39.327046],[-76.6213531,39.327047],[-76.6213666,39.3270483],[-76.621385,39.3270488],[-76.6213887,39.3270493],[-76.6213921,39.3270411],[-76.6214148,39.3270425],[-76.6214301,39.3270433],[-76.6214399,39.3270439],[-76.6214402,39.3270449],[-76.6214405,39.327052],[-76.6214476,39.3270521],[-76.6214698,39.3270523],[-76.6214705,39.3270439],[-76.6215137,39.3270435],[-76.6215136,39.3270726],[-76.6214988,39.3270728],[-76.6214786,39.3270727],[-76.6214386,39.3270719],[-76.6214203,39.327071],[-76.6213965,39.3270694],[-76.6213689,39.327067],[-76.6213448,39.3270648],[-76.6213257,39.3270624],[-76.6212985,39.3270591],[-76.6212906,39.3270603],[-76.6212838,39.3270648],[-76.6212785,39.327069],[-76.6212587,39.3270854],[-76.6212502,39.3270932],[-76.6212395,39.3271039],[-76.6212283,39.327116],[-76.6212187,39.327127],[-76.6212107,39.3271369],[-76.6212014,39.3271497],[-76.6211923,39.3271635],[-76.621185,39.3271752],[-76.6211788,39.3271875],[-76.6211718,39.3272037],[-76.6211648,39.3272226],[-76.6211586,39.3272413],[-76.6211564,39.32725],[-76.6211542,39.3272599],[-76.6211523,39.3272707],[-76.6211505,39.3272821],[-76.6211492,39.3272936],[-76.6211483,39.3273043],[-76.6211479,39.3273141],[-76.6211479,39.3273223],[-76.6211489,39.3273346],[-76.6211511,39.3273501],[-76.6211542,39.3273663],[-76.6211572,39.3273781],[-76.6211622,39.327391],[-76.6212233,39.3273893],[-76.6212297,39.327389],[-76.6212451,39.3273887],[-76.6212558,39.3273877],[-76.6212583,39.327408],[-76.6212422,39.327409],[-76.6212457,39.3274381],[-76.6212466,39.3274698],[-76.621242,39.3274695],[-76.6212427,39.3274852],[-76.6212295,39.3274852],[-76.621229,39.3274716],[-76.6211856,39.327473],[-76.6211916,39.3274851],[-76.6211263,39.3274849],[-76.6211228,39.3274808],[-76.6211189,39.3274772],[-76.6211141,39.3274735],[-76.6211099,39.3274707],[-76.6211061,39.3274686],[-76.6211027,39.3274673],[-76.6210969,39.3274659],[-76.6210897,39.3274651],[-76.6210823,39.3274646],[-76.6210764,39.3274646],[-76.6210714,39.3274648],[-76.6210679,39.3274655],[-76.6210653,39.3274664],[-76.6210621,39.327468],[-76.6210535,39.3274732],[-76.6210474,39.3274825],[-76.621031,39.3274838],[-76.6210245,39.3274843],[-76.6210241,39.3274762],[-76.6210233,39.3274512],[-76.6210229,39.3274416],[-76.6210217,39.3274217],[-76.6210182,39.3273738],[-76.6210155,39.3273702],[-76.6210115,39.3273663],[-76.6210046,39.3273634],[-76.6209842,39.3273641],[-76.6208639,39.3273683],[-76.6208648,39.3271945]]]}},{"type":"Feature","properties":{"layer":"Sidewalk","symbol":1,"class":"Other","_tile":"6/32/36"},"geometry":{"type":"Polygon","coordinates":[[[-76.6212457,39.3274381],[-76.6212605,39.3274376],[-76.6212595,39.3274406],[-76.6212597,39.3274412],[-76.6212607,39.3274572],[-76.6212614,39.3274853],[-76.6212427,39.3274852],[-76.621242,39.3274695],[-76.6212466,39.3274698],[-76.6212457,39.3274381]]]}},{"type":"Feature","properties":{"layer":"Sidewalk","symbol":1,"class":"Other","_tile":"6/32/36"},"geometry":{"type":"Polygon","coordinates":[[[-76.6215015,39.3271298],[-76.6215051,39.3271869],[-76.6213282,39.3271937],[-76.6213376,39.3273373],[-76.621347,39.3274856],[-76.6212699,39.3274853],[-76.621268,39.3274568],[-76.621267,39.3274403],[-76.6212634,39.3273856],[-76.6212475,39.3271392],[-76.6215015,39.3271298]]]}},{"type":"Feature","properties":{"layer":"Sidewalk","symbol":1,"class":"Other","_tile":"6/32/36"},"geometry":{"type":"Polygon","coordinates":[[[-76.620874,39.3274678],[-76.6210152,39.3274615],[-76.6210156,39.3274615],[-76.6210158,39.3274621],[-76.6210181,39.3274845],[-76.6208633,39.327484],[-76.6208635,39.3274537],[-76.6208694,39.3274534],[-76.6208715,39.3274681],[-76.620874,39.3274678]]]}},{"type":"Feature","properties":{"layer":"Sidewalk","_tile":"6/32/37"},"geometry":{"type":"Polygon","coordinates":[[[-76.6211111,39.3266222],[-76.6211231,39.3266206],[-76.6211201,39.3264934],[-76.6211409,39.3264935],[-76.6211409,39.3264948],[-76.6211419,39.32651],[-76.6211432,39.3265232],[-76.6211447,39.3265344],[-76.6211496,39.3265606],[-76.6211567,39.3265907],[-76.6211642,39.3266183],[-76.6211678,39.3266301],[-76.6211714,39.3266402],[-76.6211813,39.3266654],[-76.621191,39.3266879],[-76.6212001,39.3267061],[-76.6212042,39.3267135],[-76.6212081,39.3267199],[-76.6212173,39.3267325],[-76.6212287,39.3267472],[-76.6212403,39.3267613],[-76.6212507,39.3267726],[-76.6212643,39.3267859],[-76.6212778,39.3267986],[-76.6212899,39.3268089],[-76.6212995,39.3268163],[-76.6213005,39.3268168],[-76.6212297,39.3268193],[-76.62123,39.3268184],[-76.6212305,39.3268142],[-76.6212296,39.3268109],[-76.6212275,39.3268061],[-76.6212256,39.3268033],[-76.6212229,39.3268002],[-76.6212104,39.3267882],[-76.6212066,39.3267836],[-76.6212022,39.3267778],[-76.6211985,39.3267726],[-76.621193,39.3267639],[-76.6211906,39.3267614],[-76.621186,39.3267594],[-76.6211808,39.326758],[-76.6211776,39.3267579],[-76.6211753,39.3267584],[-76.6211739,39.3267604],[-76.6211811,39.3268181],[-76.6211815,39.326821],[-76.6210799,39.3268238],[-76.6211106,39.3268225],[-76.6211556,39.3268207],[-76.62115,39.3267844],[-76.6211311,39.3266611],[-76.6211208,39.3266633],[-76.6211204,39.3266618],[-76.6211111,39.3266222]]]}},{"type":"Feature","properties":{"layer":"Sidewalk","_tile":"6/32/37"},"geometry":{"type":"Polygon","coordinates":[[[-76.6208686,39.3264926],[-76.6210516,39.3264932],[-76.6208989,39.3264985],[-76.6208877,39.3264997],[-76.6208685,39.3265015],[-76.6208686,39.3264926]],[[-76.6211201,39.3264934],[-76.6211231,39.3266206],[-76.6211111,39.3266222],[-76.6210988,39.3265709],[-76.6211094,39.326569],[-76.621104,39.3265417],[-76.6211027,39.3265323],[-76.6211019,39.3265248],[-76.6211014,39.3265139],[-76.6211008,39.326508],[-76.6210999,39.3265029],[-76.6210984,39.3264992],[-76.6210952,39.3264948],[-76.6210937,39.3264937],[-76.6210929,39.3264933],[-76.6211201,39.3264934]],[[-76.6215145,39.3268922],[-76.6215141,39.3269709],[-76.6215104,39.326971],[-76.6215031,39.3269714],[-76.6214962,39.3269721],[-76.6214857,39.3269736],[-76.6214779,39.326975],[-76.6214627,39.3269781],[-76.6214538,39.3269802],[-76.6214433,39.3269834],[-76.6214266,39.3269887],[-76.6214324,39.3269962],[-76.6214284,39.3269977],[-76.6212736,39.3269973],[-76.6212808,39.3269927],[-76.621297,39.3269834],[-76.6213142,39.3269744],[-76.6213422,39.3269603],[-76.6213642,39.3269519],[-76.62137,39.3269478],[-76.6213723,39.3269456],[-76.6213757,39.3269407],[-76.6213778,39.3269367],[-76.6213784,39.3269316],[-76.621378,39.3269272],[-76.6213758,39.3269222],[-76.6213743,39.3269198],[-76.6213729,39.3269181],[-76.6213685,39.326915],[-76.6213638,39.3269122],[-76.6213596,39.3269108],[-76.6213524,39.3269085],[-76.6213446,39.3269174],[-76.6213012,39.3268982],[-76.6213088,39.3268881],[-76.6212914,39.3268772],[-76.6212684,39.326876],[-76.6212449,39.326877],[-76.6212045,39.3268787],[-76.6212016,39.3268789],[-76.6211998,39.3268375],[-76.6212048,39.3268364],[-76.6212097,39.3268361],[-76.6212164,39.3268339],[-76.6212201,39.3268323],[-76.6212224,39.3268306],[-76.6212246,39.3268284],[-76.6212288,39.3268222],[-76.6212297,39.3268193],[-76.6213005,39.3268168],[-76.6213148,39.3268261],[-76.6213342,39.3268374],[-76.6213544,39.326848],[-76.6213713,39.3268558],[-76.6213939,39.3268648],[-76.621418,39.3268733],[-76.6214387,39.3268798],[-76.6214474,39.3268821],[-76.6214549,39.3268839],[-76.6214738,39.3268872],[-76.6214966,39.3268904],[-76.6215145,39.3268922]],[[-76.621186,39.326997],[-76.6211585,39.3269969],[-76.6211588,39.3269949],[-76.6211598,39.3269764],[-76.6211606,39.3269542],[-76.6211606,39.3269389],[-76.6211607,39.3269343],[-76.6211589,39.3268981],[-76.6210861,39.3269013],[-76.6210563,39.3269027],[-76.6210565,39.3268986],[-76.6210582,39.3268985],[-76.6210581,39.3268972],[-76.6210561,39.3268972],[-76.6210554,39.3268868],[-76.6210524,39.3268416],[-76.6210512,39.3268259],[-76.6210512,39.3268249],[-76.6210799,39.3268238],[-76.6211815,39.326821],[-76.6211834,39.3268362],[-76.6211877,39.3268377],[-76.6211893,39.3268791],[-76.6211852,39.326879],[-76.6211888,39.3269307],[-76.6211878,39.3269598],[-76.6211876,39.3269698],[-76.6211868,39.326987],[-76.621186,39.326997]]]}},{"type":"Feature","properties":{"layer":"Sidewalk","_tile":"6/32/38"},"geometry":{"type":"Polygon","coordinates":[[[-76.6211204,39.3265087],[-76.6211163,39.3263369],[-76.6211183,39.3263273],[-76.621119,39.3263236],[-76.6211195,39.3263194],[-76.6211196,39.326315],[-76.6211184,39.3263104],[-76.6211168,39.326306],[-76.6211133,39.3262977],[-76.6211119,39.3262951],[-76.6211121,39.3262516],[-76.6211144,39.326256],[-76.6211176,39.3262619],[-76.6211208,39.3262645],[-76.6211263,39.3262674],[-76.6211318,39.3262686],[-76.6211364,39.3262687],[-76.6211409,39.3262666],[-76.6211604,39.3262308],[-76.6211514,39.3262253],[-76.6211601,39.3262108],[-76.6211647,39.3262033],[-76.6211697,39.3261966],[-76.6211732,39.3261921],[-76.6211772,39.3261871],[-76.6211814,39.3261822],[-76.6211853,39.3261775],[-76.621189,39.3261736],[-76.6211998,39.3261631],[-76.621211,39.3261533],[-76.6212186,39.3261472],[-76.6212282,39.3261531],[-76.6212404,39.3261442],[-76.6212495,39.3261365],[-76.6212558,39.3261292],[-76.6212592,39.3261251],[-76.621262,39.3261207],[-76.6212639,39.3261129],[-76.6212636,39.3261084],[-76.6212628,39.3261039],[-76.6212609,39.3260999],[-76.6212578,39.3260953],[-76.6212545,39.3260908],[-76.6212513,39.3260871],[-76.6212465,39.3260826],[-76.6212352,39.3260723],[-76.6212308,39.3260675],[-76.6212273,39.3260628],[-76.6212237,39.3260571],[-76.6212211,39.326052],[-76.6212188,39.326046],[-76.621217,39.3260401],[-76.6212155,39.3260299],[-76.6212151,39.3260253],[-76.6212147,39.3260177],[-76.6212146,39.3260089],[-76.6212144,39.3260056],[-76.621235,39.3260057],[-76.621235,39.3260087],[-76.6212355,39.3260243],[-76.6212365,39.3260335],[-76.6212373,39.3260372],[-76.6212386,39.3260421],[-76.6212404,39.3260467],[-76.6212424,39.3260505],[-76.6212454,39.3260552],[-76.621248,39.3260589],[-76.6212514,39.3260625],[-76.6212593,39.3260699],[-76.6212685,39.3260753],[-76.6212754,39.3260789],[-76.621282,39.3260813],[-76.6212889,39.3260833],[-76.6212962,39.326085],[-76.6213039,39.3260862],[-76.6213094,39.3260865],[-76.6213157,39.3260865],[-76.6213212,39.3260862],[-76.6213281,39.3260854],[-76.6213347,39.3260843],[-76.6213418,39.3260825],[-76.6213501,39.3260802],[-76.6213538,39.326079],[-76.6213612,39.3260764],[-76.6214117,39.3260593],[-76.6214089,39.3260172],[-76.6214784,39.3260143],[-76.6214778,39.3260065],[-76.6215193,39.3260066],[-76.6215188,39.3260935],[-76.6214155,39.3260973],[-76.6214151,39.3260933],[-76.6213926,39.3261006],[-76.6213668,39.3261098],[-76.621349,39.3261174],[-76.621339,39.3261222],[-76.6213287,39.3261275],[-76.6213108,39.3261374],[-76.6213051,39.3261407],[-76.6212954,39.3261467],[-76.6212845,39.3261543],[-76.6212723,39.3261634],[-76.6212609,39.3261723],[-76.6212563,39.3261762],[-76.6212435,39.3261878],[-76.6212343,39.3261968],[-76.6212299,39.3262012],[-76.6212228,39.3262091],[-76.6212168,39.3262168],[-76.6212068,39.3262306],[-76.6211947,39.326249],[-76.6211856,39.3262652],[-76.6211805,39.3262746],[-76.621178,39.3262795],[-76.6211733,39.326289],[-76.6211696,39.3262978],[-76.6211682,39.3263016],[-76.6211671,39.3263052],[-76.621166,39.326309],[-76.6211626,39.3263223],[-76.6211456,39.3263911],[-76.6211425,39.3264067],[-76.6211409,39.3264194],[-76.6211402,39.326431],[-76.6211398,39.3264456],[-76.6211399,39.3264619],[-76.6211402,39.3264788],[-76.6211409,39.3264948],[-76.6211418,39.3265087],[-76.6211204,39.3265087]]]}},{"type":"Feature","properties":{"layer":"Sidewalk","_tile":"6/32/38"},"geometry":{"type":"Polygon","coordinates":[[[-76.6211121,39.3262516],[-76.6211119,39.3262951],[-76.6211084,39.3262879],[-76.6211011,39.3262739],[-76.6210876,39.3262489],[-76.621078,39.3262308],[-76.6210742,39.326223],[-76.6210665,39.3262058],[-76.6210608,39.3261917],[-76.6210568,39.3261801],[-76.6210523,39.3261625],[-76.6210505,39.3261541],[-76.6210492,39.3261465],[-76.6210479,39.3261375],[-76.6210467,39.3261279],[-76.621046,39.3261198],[-76.6210454,39.3261042],[-76.6210455,39.3260858],[-76.6210461,39.326061],[-76.6210458,39.3260429],[-76.6210432,39.3260058],[-76.621043,39.3260051],[-76.6210644,39.3260051],[-76.6210668,39.3260423],[-76.6210673,39.3260609],[-76.6210667,39.3260859],[-76.6210666,39.3261042],[-76.6210668,39.3261159],[-76.6210671,39.326119],[-76.6210673,39.3261224],[-76.6210689,39.3261358],[-76.6210714,39.3261516],[-76.6210753,39.3261683],[-76.6210785,39.3261796],[-76.621081,39.326187],[-76.6210866,39.3262006],[-76.6210941,39.3262174],[-76.6210959,39.3262208],[-76.6210977,39.3262248],[-76.6211047,39.326238],[-76.6211097,39.3262472],[-76.6211121,39.3262516]]]}},{"type":"Feature","properties":{"layer":"Sidewalk","_tile":"6/32/38"},"geometry":{"type":"Polygon","coordinates":[[[-76.6208686,39.326484],[-76.620898,39.3264826],[-76.6210906,39.3264739],[-76.6210955,39.3264713],[-76.6210967,39.3264697],[-76.6210984,39.3264651],[-76.6210998,39.3264457],[-76.6211012,39.3264266],[-76.6211073,39.3263871],[-76.6211163,39.3263369],[-76.6211204,39.3265087],[-76.6211008,39.3265086],[-76.6211008,39.326508],[-76.6210999,39.3265029],[-76.6210984,39.3264992],[-76.6210952,39.3264948],[-76.6210937,39.3264937],[-76.6210898,39.3264919],[-76.6210671,39.3264926],[-76.6208989,39.3264985],[-76.6208877,39.3264997],[-76.6208685,39.3265015],[-76.6208686,39.326484]]]}},{"type":"Feature","properties":{"layer":"Sidewalk","_tile":"6/32/39"},"geometry":{"type":"Polygon","coordinates":[[[-76.621521,39.325685],[-76.6215105,39.3256856],[-76.6214931,39.3256862],[-76.6214739,39.3256866],[-76.6214648,39.3256866],[-76.6214595,39.3256865],[-76.6214539,39.3256865],[-76.6214367,39.325686],[-76.6214217,39.3256855],[-76.6213983,39.3256839],[-76.621376,39.3256819],[-76.6213711,39.3256814],[-76.6213631,39.3256804],[-76.6213635,39.3256667],[-76.6214513,39.3256652],[-76.6215211,39.3256622],[-76.621521,39.325685]]]}},{"type":"Feature","properties":{"layer":"Sidewalk","_tile":"6/32/39"},"geometry":{"type":"Polygon","coordinates":[[[-76.6209097,39.3255166],[-76.6209128,39.3255209],[-76.6209153,39.3255267],[-76.6209173,39.3255318],[-76.6209185,39.3255368],[-76.6209196,39.3255427],[-76.6209206,39.3255521],[-76.620921,39.3255571],[-76.6209211,39.3255622],[-76.6209211,39.3255671],[-76.6209209,39.3255705],[-76.6209203,39.3255752],[-76.6209195,39.3255798],[-76.6209184,39.3255843],[-76.6208992,39.3255898],[-76.6208924,39.3256022],[-76.6208989,39.325621],[-76.6208927,39.3256285],[-76.6208904,39.3256311],[-76.620882,39.3256243],[-76.620876,39.3256188],[-76.6208733,39.3256146],[-76.6208734,39.3255885],[-76.6208741,39.3255873],[-76.6208826,39.3255725],[-76.6208847,39.3255681],[-76.6208861,39.3255642],[-76.6208875,39.3255595],[-76.6208896,39.32555],[-76.6208901,39.3255459],[-76.6208902,39.3255422],[-76.6208903,39.3255379],[-76.6208898,39.3255315],[-76.620889,39.3255246],[-76.6208879,39.3255211],[-76.6208858,39.3255165],[-76.6209097,39.3255166]]]}},{"type":"Feature","properties":{"layer":"Sidewalk","_tile":"6/32/39"},"geometry":{"type":"Polygon","coordinates":[[[-76.6210307,39.3258986],[-76.6210317,39.3259135],[-76.621033,39.325932],[-76.621019,39.3259328],[-76.6210168,39.3258991],[-76.6210307,39.3258986]]]}},{"type":"Feature","properties":{"layer":"Sidewalk","_tile":"6/32/39"},"geometry":{"type":"Polygon","coordinates":[[[-76.6212148,39.3260209],[-76.6212147,39.3260177],[-76.6212146,39.3260089],[-76.6212144,39.3260041],[-76.6212148,39.3259961],[-76.6212341,39.3259953],[-76.6212349,39.3259983],[-76.621235,39.3260039],[-76.621235,39.3260087],[-76.6212354,39.326021],[-76.6212148,39.3260209]],[[-76.6215194,39.3259839],[-76.6215192,39.3260219],[-76.6214092,39.3260215],[-76.6214089,39.3260172],[-76.6214784,39.3260143],[-76.6214773,39.3259991],[-76.6214782,39.3259946],[-76.6214816,39.3259945],[-76.6214814,39.3259922],[-76.6214825,39.3259922],[-76.6214821,39.3259853],[-76.6215194,39.3259839]]]}},{"type":"Feature","properties":{"layer":"Sidewalk","_tile":"6/32/39"},"geometry":{"type":"Polygon","coordinates":[[[-76.6210442,39.3260203],[-76.6210432,39.3260058],[-76.621043,39.326005],[-76.6210642,39.3260041],[-76.6210654,39.3260204],[-76.6210442,39.3260203]]]}},{"type":"Feature","properties":{"layer":"Sidewalk","_tile":"6/32/39"},"geometry":{"type":"Polygon","coordinates":[[[-76.6214566,39.3257973],[-76.6213783,39.3257999],[-76.6213773,39.3257533],[-76.6213919,39.3257549],[-76.621392,39.3257836],[-76.6214556,39.3257824],[-76.6214566,39.3257973]]]}},{"type":"Feature","properties":{"layer":"Sidewalk","_tile":"6/32/39"},"geometry":{"type":"Polygon","coordinates":[[[-76.6210872,39.3259276],[-76.6211785,39.3259239],[-76.6211771,39.3259029],[-76.6211763,39.325894],[-76.6210852,39.3258979],[-76.6210872,39.3259276]],[[-76.6208724,39.3257755],[-76.6208888,39.3257561],[-76.6208987,39.3257448],[-76.6209064,39.3257363],[-76.620915,39.325727],[-76.6209275,39.3257141],[-76.6209359,39.3257062],[-76.6209416,39.3257012],[-76.6209477,39.325696],[-76.6209537,39.3256913],[-76.620959,39.3256874],[-76.6209647,39.3256836],[-76.6209714,39.3256794],[-76.6209747,39.3256776],[-76.6209797,39.3256794],[-76.6209993,39.3256861],[-76.6210107,39.3256837],[-76.6210404,39.3256594],[-76.6210469,39.3256588],[-76.6210529,39.3256586],[-76.6210578,39.3256587],[-76.6210635,39.3256591],[-76.6210753,39.3256604],[-76.6210857,39.3256619],[-76.6210915,39.3256629],[-76.6210975,39.3256641],[-76.6211107,39.3256671],[-76.6211223,39.3256701],[-76.621133,39.3256735],[-76.6211453,39.3256778],[-76.6211629,39.3256844],[-76.6211897,39.3256941],[-76.6212019,39.3256983],[-76.6212136,39.3257024],[-76.6212235,39.3257059],[-76.6212283,39.3257073],[-76.6212335,39.3257091],[-76.6212392,39.3257108],[-76.6212451,39.3257127],[-76.6212572,39.3257163],[-76.6212631,39.325718],[-76.6212733,39.3257209],[-76.6212831,39.3257232],[-76.6212942,39.3257256],[-76.6213061,39.3257279],[-76.6213184,39.3257301],[-76.621328,39.3257317],[-76.6213466,39.3257345],[-76.6213611,39.3257363],[-76.6213668,39.3257368],[-76.6213786,39.325738],[-76.6213967,39.3257395],[-76.6214076,39.3257403],[-76.6214282,39.3257413],[-76.6214584,39.325742],[-76.6214791,39.3257421],[-76.6215023,39.3257414],[-76.6215207,39.3257406],[-76.6215206,39.3257554],[-76.6214566,39.3257576],[-76.621452,39.3257576],[-76.6214396,39.3257573],[-76.6214272,39.3257569],[-76.621406,39.3257559],[-76.6213888,39.3257546],[-76.6213677,39.3257521],[-76.6213559,39.3257505],[-76.6213526,39.3257505],[-76.6213485,39.3257512],[-76.6213308,39.3257564],[-76.6212901,39.3257734],[-76.6212825,39.3257777],[-76.6212684,39.3257846],[-76.621263,39.3257874],[-76.6212584,39.3257899],[-76.6212528,39.3257931],[-76.6212428,39.3257993],[-76.6212396,39.3258019],[-76.6212367,39.3258047],[-76.6212331,39.3258084],[-76.6212302,39.3258118],[-76.6212286,39.3258143],[-76.6212275,39.3258167],[-76.6212261,39.3258203],[-76.6212251,39.3258241],[-76.6212244,39.325827],[-76.6212234,39.3258368],[-76.6212232,39.3258455],[-76.6212235,39.3258562],[-76.6212272,39.325856],[-76.6212272,39.3258574],[-76.6212297,39.3258931],[-76.6212342,39.3259586],[-76.6211869,39.3259606],[-76.6211865,39.3259551],[-76.6210827,39.3259593],[-76.6210825,39.3259642],[-76.6210353,39.3259661],[-76.621033,39.325932],[-76.6210317,39.3259135],[-76.6210307,39.3258986],[-76.6210283,39.3258637],[-76.6210331,39.3258636],[-76.6210268,39.3258089],[-76.6210464,39.3258062],[-76.6210494,39.3258252],[-76.6210555,39.3258631],[-76.6211043,39.3258609],[-76.6211035,39.3258507],[-76.621153,39.3258487],[-76.6211537,39.3258585],[-76.6211871,39.3258568],[-76.6212031,39.3258563],[-76.621203,39.3258507],[-76.6212025,39.3258457],[-76.6212029,39.3258412],[-76.621203,39.325836],[-76.6212035,39.3258302],[-76.6212042,39.325825],[-76.621205,39.3258209],[-76.6212064,39.3258164],[-76.6212081,39.3258119],[-76.6212098,39.325808],[-76.6212126,39.3258039],[-76.6212163,39.3257994],[-76.6212243,39.3257913],[-76.6212289,39.3257877],[-76.6212345,39.3257841],[-76.6212405,39.3257804],[-76.6212465,39.3257769],[-76.6212516,39.3257741],[-76.6212643,39.3257679],[-76.6212709,39.3257645],[-76.6212765,39.3257614],[-76.6212846,39.3257545],[-76.6212868,39.3257488],[-76.6212865,39.3257456],[-76.6212852,39.3257424],[-76.6212832,39.3257395],[-76.6212774,39.3257383],[-76.6212669,39.3257358],[-76.6212561,39.3257328],[-76.6212438,39.3257292],[-76.6212204,39.3257218],[-76.6212156,39.3257201],[-76.6212107,39.3257186],[-76.6212054,39.3257166],[-76.6211996,39.3257147],[-76.6211813,39.3257082],[-76.6211695,39.3257041],[-76.6211366,39.325692],[-76.6211306,39.3256898],[-76.621125,39.3256879],[-76.6211161,39.3256847],[-76.6211048,39.3256816],[-76.6210985,39.3256802],[-76.6210865,39.3256776],[-76.6210816,39.3256768],[-76.6210663,39.3256747],[-76.6210566,39.3256739],[-76.6210532,39.3256738],[-76.6210486,39.3256741],[-76.6210427,39.3256745],[-76.6210356,39.3256772],[-76.6210334,39.3256793],[-76.6210286,39.3256848],[-76.6210252,39.3256925],[-76.6210246,39.3256971],[-76.6210277,39.3257217],[-76.6210079,39.3257243],[-76.621007,39.3257187],[-76.6210061,39.3257142],[-76.6210046,39.3257103],[-76.6210017,39.3257061],[-76.6209971,39.3257014],[-76.6209917,39.3256987],[-76.6209862,39.3256976],[-76.6209815,39.3256971],[-76.620977,39.3256972],[-76.6209721,39.3256986],[-76.6209675,39.325702],[-76.6209619,39.3257066],[-76.6209507,39.3257162],[-76.6209464,39.3257202],[-76.620943,39.3257235],[-76.6209309,39.325736],[-76.6209147,39.3257536],[-76.6208939,39.3257778],[-76.6208794,39.3257952],[-76.6208723,39.325804],[-76.6208724,39.3257755]]]}},{"type":"Feature","properties":{"layer":"Sidewalk","symbol":1,"class":"Other","_tile":"6/32/39"},"geometry":{"type":"Polygon","coordinates":[[[-76.6209184,39.3255843],[-76.6209173,39.3255882],[-76.6209156,39.3255926],[-76.6209108,39.3256024],[-76.6209085,39.3256064],[-76.6209048,39.3256126],[-76.6209006,39.3256187],[-76.6208989,39.325621],[-76.6208924,39.3256022],[-76.6208992,39.3255898],[-76.6209184,39.3255843]]]}},{"type":"Feature","properties":{"layer":"Sidewalk","symbol":1,"class":"Other","_tile":"6/32/39"},"geometry":{"type":"Polygon","coordinates":[[[-76.6209747,39.3256776],[-76.6209778,39.3256759],[-76.6209834,39.3256731],[-76.6209902,39.3256702],[-76.6210001,39.3256665],[-76.6210031,39.3256656],[-76.6210088,39.3256642],[-76.6210156,39.3256628],[-76.6210282,39.3256608],[-76.6210404,39.3256594],[-76.6210107,39.3256837],[-76.6209993,39.3256861],[-76.6209797,39.3256794],[-76.6209747,39.3256776]]]}},{"type":"Feature","properties":{"layer":"Sidewalk","symbol":1,"class":"Other","_tile":"6/32/39"},"geometry":{"type":"Polygon","coordinates":[[[-76.6213533,39.3257955],[-76.6213519,39.3257955],[-76.6213493,39.3257956],[-76.6213398,39.3257964],[-76.6213334,39.3257977],[-76.621327,39.325802],[-76.6213241,39.3258071],[-76.6213239,39.3258076],[-76.62132,39.3258077],[-76.6213201,39.3258101],[-76.6213144,39.3258097],[-76.621315,39.3258087],[-76.6213208,39.3257984],[-76.6213297,39.3257923],[-76.6213386,39.3257907],[-76.6213486,39.3257898],[-76.6213533,39.3257896],[-76.6213584,39.3257895],[-76.6213704,39.3257888],[-76.6213708,39.3257952],[-76.6213587,39.3257953],[-76.6213536,39.3257954],[-76.6213533,39.3257955]]]}},{"type":"Feature","properties":{"layer":"Sidewalk","symbol":1,"class":"Other","_tile":"6/32/39"},"geometry":{"type":"Polygon","coordinates":[[[-76.6215204,39.3257942],[-76.6214589,39.3257957],[-76.6214572,39.3257651],[-76.6215206,39.3257629],[-76.6215204,39.3257942]]]}},{"type":"Feature","properties":{"layer":"Sidewalk","symbol":1,"class":"Other","_tile":"6/32/40"},"geometry":{"type":"Polygon","coordinates":[[[-76.6211737,39.3250642],[-76.6211862,39.3250462],[-76.6212043,39.3250539],[-76.6212225,39.3250614],[-76.62121,39.3250795],[-76.6211737,39.3250642]]]}},{"type":"Feature","properties":{"layer":"Sidewalk","_tile":"6/32/40"},"geometry":{"type":"Polygon","coordinates":[[[-76.6210897,39.3250291],[-76.6211076,39.3250365],[-76.6211508,39.3250545],[-76.6211737,39.3250642],[-76.62121,39.3250795],[-76.6213525,39.3251381],[-76.6215108,39.3252039],[-76.6215235,39.3252091],[-76.6215234,39.3252274],[-76.6214995,39.3252176],[-76.6213575,39.3251585],[-76.6212072,39.3250966],[-76.6211386,39.3250678],[-76.6210724,39.3250402],[-76.6210452,39.3250289],[-76.6210897,39.3250291]],[[-76.6209221,39.3250285],[-76.6209197,39.3250311],[-76.6209146,39.325039],[-76.6209138,39.3250429],[-76.6209169,39.3250424],[-76.6209156,39.3250557],[-76.6209144,39.3250692],[-76.6208762,39.3250688],[-76.6208764,39.3250392],[-76.6208899,39.3250404],[-76.6208931,39.3250349],[-76.6208965,39.3250297],[-76.6208976,39.3250284],[-76.6209221,39.3250285]]]}},{"type":"Feature","properties":{"layer":"Sidewalk","_tile":"6/32/40"},"geometry":{"type":"Polygon","coordinates":[[[-76.6208741,39.3254658],[-76.6208753,39.3254676],[-76.6208937,39.325494],[-76.6209128,39.3255209],[-76.6209153,39.3255267],[-76.6209173,39.3255318],[-76.6208898,39.3255318],[-76.6208898,39.3255315],[-76.620889,39.3255246],[-76.6208879,39.3255211],[-76.6208853,39.3255157],[-76.6208818,39.3255093],[-76.6208753,39.3255002],[-76.6208739,39.3254982],[-76.6208741,39.3254658]]]}},{"type":"Feature","properties":{"layer":"Sidewalk","symbol":1,"class":"Other","_tile":"6/32/41"},"geometry":{"type":"Polygon","coordinates":[[[-76.6208964,39.3249705],[-76.6208975,39.3249695],[-76.6209021,39.3249657],[-76.6209073,39.3249625],[-76.6209139,39.3249594],[-76.6209208,39.3249567],[-76.620927,39.3249549],[-76.6209322,39.3249538],[-76.6209384,39.324953],[-76.6209411,39.3249528],[-76.620932,39.3249719],[-76.6209195,39.324977],[-76.6208964,39.3249705]]]}},{"type":"Feature","properties":{"layer":"Sidewalk","symbol":1,"class":"Other","_tile":"6/32/41"},"geometry":{"type":"Polygon","coordinates":[[[-76.6213402,39.3245418],[-76.6213499,39.3245478],[-76.6213928,39.3245752],[-76.6214277,39.3245421],[-76.6214467,39.3245421],[-76.6214108,39.3245761],[-76.6214041,39.3245825],[-76.6214092,39.3245858],[-76.6214579,39.3246175],[-76.6215042,39.3245735],[-76.6215163,39.3245812],[-76.6214699,39.3246252],[-76.6215237,39.3246601],[-76.6215251,39.3246589],[-76.6215265,39.3246576],[-76.6215264,39.3246787],[-76.6215239,39.3246771],[-76.6215127,39.3246878],[-76.621502,39.3246809],[-76.6215132,39.3246702],[-76.6214597,39.3246355],[-76.6214481,39.324646],[-76.6214387,39.3246399],[-76.6214501,39.3246292],[-76.6213935,39.3245925],[-76.6213822,39.3246033],[-76.6213709,39.324596],[-76.6213823,39.3245852],[-76.6213805,39.3245841],[-76.6213287,39.324551],[-76.6213173,39.3245617],[-76.6213053,39.3245542],[-76.6213166,39.3245434],[-76.621314,39.3245417],[-76.6213402,39.3245418]]]}},{"type":"Feature","properties":{"layer":"Sidewalk","symbol":1,"class":"Other","_tile":"6/32/41"},"geometry":{"type":"Polygon","coordinates":[[[-76.6208777,39.3247916],[-76.6209398,39.3248181],[-76.6210155,39.3248495],[-76.6210837,39.3248776],[-76.6211301,39.3248968],[-76.6211418,39.3248987],[-76.6211479,39.3248991],[-76.6211519,39.3248976],[-76.6211604,39.3248947],[-76.6211788,39.3248948],[-76.621178,39.3248967],[-76.6211755,39.3249018],[-76.6211724,39.3249067],[-76.6211661,39.3249126],[-76.6211606,39.3249162],[-76.6211555,39.3249168],[-76.6211509,39.3249163],[-76.6211418,39.3249146],[-76.6211152,39.3249034],[-76.6211147,39.3249033],[-76.6210919,39.3248938],[-76.6210726,39.324886],[-76.6210667,39.3248835],[-76.6210416,39.3248734],[-76.6210293,39.3248687],[-76.6209289,39.3248269],[-76.6209041,39.3248165],[-76.6208932,39.324812],[-76.6208883,39.3248099],[-76.6208776,39.3248054],[-76.6208777,39.3247916]]]}},{"type":"Feature","properties":{"layer":"Sidewalk","symbol":1,"class":"Other","_tile":"6/32/41"},"geometry":{"type":"Polygon","coordinates":[[[-76.6213206,39.3249607],[-76.6214371,39.3250128],[-76.6214273,39.3250143],[-76.6214212,39.325015],[-76.6214133,39.3250154],[-76.6214053,39.3250154],[-76.6214024,39.3250152],[-76.6213974,39.3250103],[-76.6213908,39.3250064],[-76.6213633,39.3249931],[-76.6213549,39.3249892],[-76.6213474,39.3249867],[-76.6213392,39.3249852],[-76.6213342,39.3249791],[-76.621331,39.3249749],[-76.6213241,39.3249657],[-76.6213206,39.3249607]]]}},{"type":"Feature","properties":{"layer":"Sidewalk","_tile":"6/32/41"},"geometry":{"type":"Polygon","coordinates":[[[-76.6208964,39.3249705],[-76.6209195,39.324977],[-76.620932,39.3249719],[-76.6209411,39.3249528],[-76.6209439,39.3249526],[-76.6209489,39.3249527],[-76.6209548,39.3249532],[-76.6209598,39.3249539],[-76.6209661,39.3249556],[-76.6209793,39.3249605],[-76.6209923,39.3249657],[-76.6209927,39.3249732],[-76.6209939,39.3249789],[-76.620996,39.3249845],[-76.6209988,39.3249886],[-76.621005,39.324994],[-76.6210329,39.3250054],[-76.6211076,39.3250365],[-76.6211266,39.3250444],[-76.6210822,39.3250443],[-76.6210724,39.3250402],[-76.6210231,39.3250198],[-76.6210187,39.3250179],[-76.6210058,39.3250127],[-76.621004,39.3250119],[-76.6209908,39.3250065],[-76.620985,39.3250042],[-76.6209698,39.3250044],[-76.6209559,39.3250071],[-76.6209445,39.3250107],[-76.6209349,39.3250156],[-76.6209262,39.3250245],[-76.6209197,39.3250311],[-76.6209146,39.325039],[-76.6209138,39.3250429],[-76.6209169,39.3250424],[-76.6209167,39.3250438],[-76.6208763,39.3250436],[-76.6208764,39.3250392],[-76.6208899,39.3250404],[-76.6208931,39.3250349],[-76.6208965,39.3250297],[-76.6209004,39.3250248],[-76.6209042,39.3250202],[-76.6209089,39.3250151],[-76.6209178,39.3250061],[-76.6209245,39.3249985],[-76.6209252,39.3249943],[-76.6209248,39.324989],[-76.6209221,39.3249849],[-76.620917,39.3249818],[-76.6209095,39.3249797],[-76.6208983,39.3249774],[-76.620891,39.3249761],[-76.6208927,39.324974],[-76.6208964,39.3249705]],[[-76.620948,39.3249895],[-76.6209475,39.3249894],[-76.6209477,39.3249895],[-76.620948,39.3249895]]]}},{"type":"Feature","properties":{"layer":"Sidewalk","symbol":1,"class":"Other","_tile":"6/32/42"},"geometry":{"type":"Polygon","coordinates":[[[-76.6215018,39.3241325],[-76.6214971,39.3241266],[-76.6215294,39.3241107],[-76.6215293,39.3241192],[-76.6215018,39.3241325]]]}},{"type":"Feature","properties":{"layer":"Sidewalk","symbol":1,"class":"Other","_tile":"6/32/42"},"geometry":{"type":"Polygon","coordinates":[[[-76.6215281,39.3243604],[-76.6215101,39.3243587],[-76.6215281,39.3243501],[-76.6215281,39.3243604]]]}},{"type":"Feature","properties":{"layer":"Sidewalk","symbol":1,"class":"Other","_tile":"6/32/42"},"geometry":{"type":"Polygon","coordinates":[[[-76.6209071,39.3240523],[-76.6209353,39.324088],[-76.6209601,39.3241198],[-76.6210326,39.3240851],[-76.6210393,39.3240935],[-76.6209667,39.3241283],[-76.620997,39.3241671],[-76.6210699,39.3241321],[-76.6210782,39.3241423],[-76.6210051,39.3241773],[-76.6210369,39.324218],[-76.62111,39.324183],[-76.6211181,39.3241931],[-76.6210449,39.3242281],[-76.6210755,39.3242671],[-76.6211486,39.3242307],[-76.6211565,39.3242408],[-76.6210834,39.3242772],[-76.6211125,39.3243148],[-76.6211241,39.3243093],[-76.6211867,39.3242792],[-76.6211949,39.3242894],[-76.6211206,39.324325],[-76.6211509,39.324364],[-76.6211754,39.3243524],[-76.6211988,39.324341],[-76.6212015,39.3243397],[-76.6212257,39.3243282],[-76.6212336,39.3243383],[-76.6211588,39.3243741],[-76.6211617,39.3243779],[-76.6211899,39.3244137],[-76.621265,39.3243776],[-76.6212737,39.3243886],[-76.6211985,39.3244245],[-76.6212335,39.3244692],[-76.6212694,39.3244519],[-76.621309,39.324433],[-76.6213174,39.3244435],[-76.6212434,39.324479],[-76.6212463,39.3244814],[-76.6212801,39.3245033],[-76.6213272,39.3245334],[-76.6213542,39.3245076],[-76.6213739,39.324489],[-76.621386,39.3244965],[-76.6213391,39.3245411],[-76.6213499,39.3245478],[-76.6213645,39.3245571],[-76.621338,39.324557],[-76.6213287,39.324551],[-76.6213223,39.324557],[-76.6213096,39.3245569],[-76.6213053,39.3245542],[-76.6213166,39.3245434],[-76.6212651,39.3245106],[-76.6212349,39.3244909],[-76.6212314,39.3244879],[-76.621229,39.324486],[-76.6212134,39.3244935],[-76.6212084,39.3244887],[-76.6212041,39.3244833],[-76.6212194,39.324476],[-76.6211843,39.3244314],[-76.6211691,39.3244386],[-76.6211606,39.3244278],[-76.6211756,39.3244204],[-76.6211516,39.3243897],[-76.6211447,39.324381],[-76.6211295,39.3243882],[-76.6211215,39.3243781],[-76.6211368,39.3243708],[-76.6211098,39.3243362],[-76.6211064,39.3243319],[-76.6210912,39.3243391],[-76.6210831,39.3243288],[-76.6210984,39.3243215],[-76.6210694,39.3242842],[-76.6210543,39.3242917],[-76.621054,39.3242914],[-76.6210464,39.3242817],[-76.6210615,39.3242741],[-76.6210307,39.3242349],[-76.6210156,39.3242422],[-76.6210076,39.3242321],[-76.6210228,39.3242247],[-76.6210201,39.3242212],[-76.6209909,39.3241841],[-76.6209757,39.3241913],[-76.6209678,39.3241812],[-76.6209829,39.3241738],[-76.6209826,39.3241732],[-76.6209684,39.3241553],[-76.6209525,39.324135],[-76.6209373,39.3241424],[-76.6209308,39.3241339],[-76.620946,39.3241267],[-76.6209291,39.3241049],[-76.6209097,39.3240803],[-76.6208945,39.3240875],[-76.6208873,39.3240784],[-76.6209026,39.3240712],[-76.6208876,39.3240522],[-76.6209071,39.3240523]],[[-76.6214305,39.3245573],[-76.6214116,39.3245573],[-76.6214391,39.3245313],[-76.6214504,39.3245386],[-76.6214305,39.3245573]]]}},{"type":"Feature","properties":{"layer":"Sidewalk","symbol":1,"class":"Other","_tile":"6/32/42"},"geometry":{"type":"Polygon","coordinates":[[[-76.6214022,39.3241077],[-76.6214074,39.3241143],[-76.6213285,39.3241541],[-76.6213231,39.3241477],[-76.6214022,39.3241077]]]}},{"type":"Feature","properties":{"layer":"Sidewalk","symbol":1,"class":"Other","_tile":"6/32/42"},"geometry":{"type":"Polygon","coordinates":[[[-76.6214138,39.3241228],[-76.6214197,39.3241306],[-76.6213404,39.3241689],[-76.6213343,39.3241609],[-76.621411,39.3241242],[-76.6214138,39.3241228]]]}},{"type":"Feature","properties":{"layer":"Sidewalk","symbol":1,"class":"Other","_tile":"6/32/42"},"geometry":{"type":"Polygon","coordinates":[[[-76.6215255,39.32427],[-76.6215285,39.324274],[-76.6215285,39.3242788],[-76.6214699,39.3243077],[-76.6214638,39.3242996],[-76.6214704,39.3242964],[-76.6215255,39.32427]]]}},{"type":"Feature","properties":{"layer":"Sidewalk","symbol":1,"class":"Other","_tile":"6/32/42"},"geometry":{"type":"Polygon","coordinates":[[[-76.6215279,39.3243815],[-76.621525,39.3243797],[-76.621528,39.3243725],[-76.6215279,39.3243815]]]}},{"type":"Feature","properties":{"layer":"Sidewalk","symbol":1,"class":"Other","_tile":"6/32/43"},"geometry":{"type":"Polygon","coordinates":[[[-76.6211636,39.3238082],[-76.6211695,39.3238158],[-76.6211243,39.3238381],[-76.6211121,39.3238441],[-76.6210937,39.3238528],[-76.6210873,39.3238446],[-76.6211636,39.3238082]]]}},{"type":"Feature","properties":{"layer":"Sidewalk","symbol":1,"class":"Other","_tile":"6/32/43"},"geometry":{"type":"Polygon","coordinates":[[[-76.6210562,39.323573],[-76.6210501,39.323565],[-76.6210509,39.3235647],[-76.621074,39.3235647],[-76.621068,39.3235676],[-76.6210562,39.323573]]]}},{"type":"Feature","properties":{"layer":"Sidewalk","symbol":1,"class":"Other","_tile":"6/32/43"},"geometry":{"type":"Polygon","coordinates":[[[-76.6211568,39.3235888],[-76.6211461,39.3235751],[-76.6211424,39.3235702],[-76.6211481,39.3235675],[-76.6211555,39.3235737],[-76.6211643,39.323576],[-76.621188,39.3235651],[-76.6212077,39.3235652],[-76.6211568,39.3235888]]]}},{"type":"Feature","properties":{"layer":"Sidewalk","symbol":1,"class":"Other","_tile":"6/32/43"},"geometry":{"type":"Polygon","coordinates":[[[-76.6211258,39.3236636],[-76.6211225,39.3236592],[-76.6211646,39.3236387],[-76.6211732,39.3236369],[-76.6211926,39.3236323],[-76.6211957,39.3236308],[-76.6212506,39.3236009],[-76.6212539,39.3236054],[-76.6211993,39.323635],[-76.6211953,39.323637],[-76.621175,39.3236419],[-76.6211672,39.3236435],[-76.6211258,39.3236636]]]}},{"type":"Feature","properties":{"layer":"Sidewalk","symbol":1,"class":"Other","_tile":"6/32/43"},"geometry":{"type":"Polygon","coordinates":[[[-76.6213211,39.323631],[-76.6213268,39.3236384],[-76.6212751,39.3236619],[-76.6212762,39.3236632],[-76.621242,39.3236791],[-76.6211937,39.3237013],[-76.6211656,39.3237145],[-76.6211589,39.3237061],[-76.6212869,39.3236469],[-76.6213211,39.323631]]]}},{"type":"Feature","properties":{"layer":"Sidewalk","symbol":1,"class":"Other","_tile":"6/32/43"},"geometry":{"type":"Polygon","coordinates":[[[-76.6212077,39.3237664],[-76.6212022,39.3237597],[-76.6212711,39.3237316],[-76.6212821,39.3237262],[-76.6212901,39.3237192],[-76.6213031,39.3237038],[-76.6213087,39.3236976],[-76.6213208,39.3236915],[-76.6213255,39.3237051],[-76.6213063,39.3237138],[-76.6212983,39.323724],[-76.6212888,39.3237323],[-76.6212761,39.3237385],[-76.6212077,39.3237664]]]}},{"type":"Feature","properties":{"layer":"Sidewalk","symbol":1,"class":"Other","_tile":"6/32/43"},"geometry":{"type":"Polygon","coordinates":[[[-76.6213922,39.3237216],[-76.6213992,39.3237309],[-76.621381,39.3237391],[-76.6213813,39.3237396],[-76.6213242,39.3237688],[-76.6212433,39.3238105],[-76.6212362,39.3238018],[-76.6213922,39.3237216]]]}},{"type":"Feature","properties":{"layer":"Sidewalk","symbol":1,"class":"Other","_tile":"6/32/43"},"geometry":{"type":"Polygon","coordinates":[[[-76.6212801,39.3238562],[-76.6212738,39.3238484],[-76.6213741,39.3237974],[-76.6213811,39.3238066],[-76.6212801,39.3238562]]]}},{"type":"Feature","properties":{"layer":"Sidewalk","symbol":1,"class":"Other","_tile":"6/32/43"},"geometry":{"type":"Polygon","coordinates":[[[-76.6213142,39.3238983],[-76.6213108,39.3238943],[-76.6213151,39.3238924],[-76.6213258,39.3238874],[-76.6213804,39.3238624],[-76.6214231,39.3238427],[-76.6214263,39.3238469],[-76.6213299,39.3238912],[-76.6213142,39.3238983]]]}},{"type":"Feature","properties":{"layer":"Sidewalk","symbol":1,"class":"Other","_tile":"6/32/43"},"geometry":{"type":"Polygon","coordinates":[[[-76.6214581,39.3239642],[-76.6214518,39.3239559],[-76.6214726,39.3239464],[-76.6214922,39.3239723],[-76.6214822,39.3239768],[-76.621469,39.3239593],[-76.6214581,39.3239642]]]}},{"type":"Feature","properties":{"layer":"Sidewalk","symbol":1,"class":"Other","_tile":"6/32/43"},"geometry":{"type":"Polygon","coordinates":[[[-76.6214265,39.3240382],[-76.6214209,39.3240311],[-76.6214238,39.3240299],[-76.6214533,39.3240163],[-76.6215201,39.3239857],[-76.6215256,39.323993],[-76.6214265,39.3240382]]]}},{"type":"Feature","properties":{"layer":"Sidewalk","symbol":1,"class":"Other","_tile":"6/32/43"},"geometry":{"type":"Polygon","coordinates":[[[-76.6215316,39.3236875],[-76.6215312,39.3236869],[-76.6215317,39.3236867],[-76.6215316,39.3236875]],[[-76.6215323,39.3235662],[-76.6215322,39.3235803],[-76.621529,39.323576],[-76.6214667,39.3236044],[-76.6214603,39.323596],[-76.6215185,39.323568],[-76.6215205,39.3235669],[-76.6215199,39.3235662],[-76.6215323,39.3235662]],[[-76.621532,39.3236238],[-76.6215319,39.3236369],[-76.6215019,39.3236506],[-76.6214957,39.3236424],[-76.6214946,39.3236409],[-76.6215026,39.3236373],[-76.621532,39.3236238]]]}},{"type":"Feature","properties":{"layer":"Sidewalk","symbol":1,"class":"Other","_tile":"6/32/43"},"geometry":{"type":"Polygon","coordinates":[[[-76.6208823,39.3239249],[-76.6208992,39.3239168],[-76.6209064,39.3239257],[-76.6209066,39.3239261],[-76.6208935,39.3239325],[-76.6208823,39.3239378],[-76.6208823,39.3239249]],[[-76.6208819,39.3239963],[-76.6209309,39.3239728],[-76.6209402,39.3239684],[-76.6209482,39.3239783],[-76.6208819,39.3240099],[-76.6208819,39.3239963]],[[-76.6208818,39.3240168],[-76.620952,39.3239832],[-76.6209597,39.3239929],[-76.6209597,39.323993],[-76.6208876,39.3240276],[-76.6209192,39.3240676],[-76.6208997,39.3240675],[-76.6208817,39.3240448],[-76.6208818,39.3240168]]]}},{"type":"Feature","properties":{"layer":"Sidewalk","symbol":1,"class":"Other","_tile":"6/32/43"},"geometry":{"type":"Polygon","coordinates":[[[-76.6210487,39.3236608],[-76.6210542,39.3236679],[-76.6209982,39.3236946],[-76.6209927,39.3236876],[-76.6210487,39.3236608]]]}},{"type":"Feature","properties":{"layer":"Sidewalk","_tile":"6/33/32"},"geometry":{"type":"Polygon","coordinates":[[[-76.6204957,39.3293464],[-76.6204932,39.3293011],[-76.6204092,39.3293039],[-76.6204117,39.3293492],[-76.6204957,39.3293464]],[[-76.6202897,39.3292651],[-76.6202255,39.3292265],[-76.6202256,39.3292034],[-76.6202662,39.3292261],[-76.6203154,39.3292523],[-76.6203413,39.3292638],[-76.6203662,39.3292634],[-76.6203653,39.3292523],[-76.6203745,39.3292516],[-76.6203534,39.3289314],[-76.6203768,39.3289315],[-76.6203911,39.3291585],[-76.6203924,39.3291584],[-76.6203925,39.3291641],[-76.6203938,39.3291943],[-76.6203978,39.329251],[-76.620503,39.3292467],[-76.6204994,39.3291962],[-76.620497,39.3291593],[-76.620497,39.3291526],[-76.6204812,39.3289318],[-76.6205062,39.3289319],[-76.6205272,39.3292457],[-76.6205255,39.3292462],[-76.6205346,39.3292461],[-76.6205356,39.3292572],[-76.6205778,39.3292554],[-76.6208735,39.3292436],[-76.6208734,39.3292716],[-76.620872,39.3292716],[-76.6208733,39.329295],[-76.6208732,39.3293021],[-76.6208487,39.3293029],[-76.6208451,39.3293032],[-76.6207862,39.3293049],[-76.6207845,39.3292745],[-76.6205379,39.3292847],[-76.6205386,39.3292958],[-76.6205286,39.3292961],[-76.6205319,39.3293443],[-76.6205466,39.3293437],[-76.6205495,39.3293574],[-76.6205839,39.329356],[-76.6205852,39.329356],[-76.6205857,39.3293609],[-76.6205872,39.3293846],[-76.6205327,39.3293878],[-76.6203931,39.3293883],[-76.6203838,39.3293886],[-76.6203351,39.3293907],[-76.6203337,39.3293757],[-76.6203328,39.3293634],[-76.6203348,39.3293633],[-76.6203834,39.3293613],[-76.6203795,39.3293023],[-76.6203693,39.3293027],[-76.6203686,39.3292911],[-76.6202251,39.3292969],[-76.6202253,39.3292682],[-76.6202897,39.3292651]]]}},{"type":"Feature","properties":{"layer":"Sidewalk","_tile":"6/33/33"},"geometry":{"type":"Polygon","coordinates":[[[-76.6203672,39.3284631],[-76.6203657,39.3284608],[-76.6203757,39.3284574],[-76.6203762,39.3284572],[-76.6203809,39.3284559],[-76.6203848,39.3284552],[-76.620395,39.3284546],[-76.6204082,39.3284547],[-76.6204184,39.3284551],[-76.6204237,39.3284556],[-76.6204299,39.3284571],[-76.6204323,39.328458],[-76.620432,39.3284583],[-76.6204315,39.3284593],[-76.6204201,39.3284801],[-76.6204188,39.3284821],[-76.6204181,39.3284838],[-76.6204049,39.3284818],[-76.6203955,39.3284825],[-76.6203812,39.3284847],[-76.6203672,39.3284631]]]}},{"type":"Feature","properties":{"layer":"Sidewalk","_tile":"6/33/33"},"geometry":{"type":"Polygon","coordinates":[[[-76.6203254,39.3286766],[-76.6203263,39.3286888],[-76.620331,39.3287484],[-76.6203223,39.3287486],[-76.6202756,39.3287501],[-76.6202748,39.328738],[-76.6202737,39.3287183],[-76.6202717,39.328688],[-76.6202836,39.3286876],[-76.6202831,39.3286783],[-76.6203254,39.3286766]]]}},{"type":"Feature","properties":{"layer":"Sidewalk","_tile":"6/33/33"},"geometry":{"type":"Polygon","coordinates":[[[-76.6203251,39.3284463],[-76.6203233,39.3284432],[-76.6203925,39.3284434],[-76.6203884,39.3284438],[-76.6203819,39.3284447],[-76.6203768,39.3284456],[-76.620367,39.3284487],[-76.6203476,39.3284553],[-76.6203407,39.3284578],[-76.6203251,39.3284463]],[[-76.6204594,39.3284436],[-76.6204591,39.328444],[-76.6204458,39.3284526],[-76.6204386,39.3284499],[-76.6204301,39.3284465],[-76.6204259,39.3284452],[-76.6204226,39.3284445],[-76.6204144,39.3284435],[-76.6204594,39.3284436]]]}},{"type":"Feature","properties":{"layer":"Sidewalk","_tile":"6/33/33"},"geometry":{"type":"Polygon","coordinates":[[[-76.6203187,39.328523],[-76.6203531,39.3285216],[-76.6203577,39.3285225],[-76.6203592,39.3285226],[-76.6203605,39.3285217],[-76.6203616,39.3285193],[-76.6203638,39.3285076],[-76.620365,39.3285039],[-76.6203666,39.3285011],[-76.620369,39.328498],[-76.6203715,39.3284955],[-76.6203738,39.3284936],[-76.6203797,39.3284908],[-76.6203872,39.3284882],[-76.6203949,39.3284864],[-76.6204013,39.3284859],[-76.6204079,39.3284862],[-76.6204139,39.3284871],[-76.6204228,39.3284893],[-76.6204262,39.3284905],[-76.6204285,39.3284917],[-76.6204329,39.3284948],[-76.6204365,39.3284984],[-76.6204384,39.3285009],[-76.6204402,39.3285043],[-76.6204434,39.3285126],[-76.6204449,39.3285152],[-76.6204487,39.3285166],[-76.6204767,39.3285154],[-76.620481,39.3285153],[-76.6205192,39.3285152],[-76.6205279,39.328515],[-76.6205343,39.3285155],[-76.6205349,39.3285248],[-76.6205389,39.3285763],[-76.620534,39.3285765],[-76.6205339,39.328575],[-76.6204851,39.3285773],[-76.6204875,39.328612],[-76.6203299,39.3286183],[-76.6203208,39.3286187],[-76.6203186,39.3285775],[-76.620281,39.3285787],[-76.6202807,39.3285723],[-76.6202764,39.3285726],[-76.6202631,39.328573],[-76.6202603,39.3285193],[-76.6202566,39.3285194],[-76.6202559,39.3285078],[-76.6202653,39.3285077],[-76.6202706,39.3285081],[-76.6202803,39.3285165],[-76.6202811,39.3285236],[-76.6202963,39.3285233],[-76.6203187,39.328523]]]}},{"type":"Feature","properties":{"layer":"Sidewalk","_tile":"6/33/33"},"geometry":{"type":"Polygon","coordinates":[[[-76.6205008,39.3287406],[-76.6204961,39.3286692],[-76.6204933,39.3286653],[-76.6205455,39.3286628],[-76.6205467,39.328677],[-76.6205513,39.3286771],[-76.6205539,39.3287115],[-76.6205557,39.3287341],[-76.620556,39.3287389],[-76.6205474,39.3287392],[-76.6205008,39.3287406]]]}},{"type":"Feature","properties":{"layer":"Sidewalk","_tile":"6/33/33"},"geometry":{"type":"Polygon","coordinates":[[[-76.6202614,39.3287954],[-76.6202278,39.3287968],[-76.620228,39.3287686],[-76.6203322,39.328764],[-76.620331,39.3287484],[-76.6203263,39.3286888],[-76.6203254,39.3286766],[-76.6203232,39.3286632],[-76.6204951,39.3286591],[-76.6204961,39.3286692],[-76.6205008,39.3287406],[-76.6205019,39.3287575],[-76.6206007,39.3287537],[-76.6207651,39.3287461],[-76.6208762,39.3287422],[-76.6208761,39.3287711],[-76.6208589,39.3287719],[-76.6207237,39.3287772],[-76.6207226,39.3287773],[-76.6205719,39.3287831],[-76.6205604,39.3287837],[-76.6205048,39.3287858],[-76.6205051,39.3287967],[-76.6204971,39.3287973],[-76.6205072,39.3289471],[-76.6204823,39.328947],[-76.6204716,39.3287979],[-76.6203686,39.3288023],[-76.6203777,39.3289467],[-76.6203545,39.3289466],[-76.620345,39.3288033],[-76.6203356,39.3288036],[-76.6203346,39.3287921],[-76.6203055,39.3287935],[-76.6202724,39.3288131],[-76.6202508,39.3288267],[-76.6202393,39.3288346],[-76.6202276,39.3288428],[-76.6202277,39.3288196],[-76.6202614,39.3287954]]]}},{"type":"Feature","properties":{"layer":"Sidewalk","symbol":1,"class":"Other","_tile":"6/33/34"},"geometry":{"type":"MultiPolygon","coordinates":[[[[-76.6207662,39.3282916],[-76.6207995,39.3282904],[-76.6207994,39.3282971],[-76.6208105,39.3282972],[-76.6208114,39.3283269],[-76.6208504,39.3283262],[-76.6208534,39.3283542],[-76.6208783,39.3283537],[-76.6208782,39.3283606],[-76.6208537,39.3283611],[-76.6208548,39.3283857],[-76.6208781,39.328385],[-76.6208781,39.3283918],[-76.6208159,39.3283931],[-76.6208112,39.3283931],[-76.6207378,39.3283951],[-76.6207035,39.3283959],[-76.6206901,39.3283958],[-76.6206894,39.3283792],[-76.6206894,39.3283633],[-76.6206891,39.3283591],[-76.6207264,39.3283583],[-76.6207242,39.3283295],[-76.6207647,39.3283287],[-76.6207637,39.3282983],[-76.6207666,39.3282983],[-76.6207662,39.3282916]]],[[[-76.6207303,39.3283896],[-76.6207291,39.3283651],[-76.6206969,39.3283662],[-76.6206973,39.3283907],[-76.6207303,39.3283896]]],[[[-76.6207687,39.3283884],[-76.6207675,39.328364],[-76.6207363,39.3283649],[-76.6207375,39.3283894],[-76.6207687,39.3283884]]],[[[-76.620808,39.3283871],[-76.6208067,39.3283628],[-76.6207757,39.3283637],[-76.620777,39.3283881],[-76.620808,39.3283871]]],[[[-76.6208468,39.3283859],[-76.6208449,39.3283615],[-76.6208143,39.3283624],[-76.6208155,39.3283869],[-76.6208468,39.3283859]]],[[[-76.6207672,39.3283581],[-76.6207659,39.3283343],[-76.6207348,39.3283353],[-76.620736,39.3283591],[-76.6207672,39.3283581]]],[[[-76.6208063,39.3283569],[-76.6208051,39.3283331],[-76.6207742,39.3283341],[-76.6207755,39.3283579],[-76.6208063,39.3283569]]],[[[-76.6208451,39.3283556],[-76.6208439,39.3283318],[-76.6208127,39.3283328],[-76.620814,39.3283566],[-76.6208451,39.3283556]]],[[[-76.6208048,39.3283269],[-76.6208035,39.3283031],[-76.6207727,39.328304],[-76.6207739,39.3283279],[-76.6208048,39.3283269]]]]}},{"type":"Feature","properties":{"layer":"Sidewalk","symbol":1,"class":"Other","_tile":"6/33/34"},"geometry":{"type":"Polygon","coordinates":[[[-76.6208804,39.3279569],[-76.6208802,39.3279975],[-76.6208782,39.3279977],[-76.6208781,39.3279956],[-76.6208664,39.3279964],[-76.6208638,39.3279569],[-76.6208804,39.3279569]]]}},{"type":"Feature","properties":{"layer":"Sidewalk","_tile":"6/33/34"},"geometry":{"type":"Polygon","coordinates":[[[-76.6203723,39.3284586],[-76.6203757,39.3284574],[-76.6203762,39.3284572],[-76.6203809,39.3284559],[-76.6203848,39.3284552],[-76.620395,39.3284546],[-76.6204082,39.3284547],[-76.6204184,39.3284551],[-76.6204237,39.3284556],[-76.6204299,39.3284571],[-76.6204323,39.328458],[-76.620432,39.3284583],[-76.6204317,39.3284588],[-76.6203723,39.3284586]]]}},{"type":"Feature","properties":{"layer":"Sidewalk","_tile":"6/33/34"},"geometry":{"type":"Polygon","coordinates":[[[-76.6208112,39.3282123],[-76.620803,39.3280945],[-76.6207413,39.3280975],[-76.6207483,39.3282143],[-76.6208112,39.3282123]],[[-76.6207305,39.3282146],[-76.6207305,39.328214],[-76.6207224,39.3282146],[-76.6207195,39.3282148],[-76.6207174,39.3281755],[-76.620726,39.3281753],[-76.6207244,39.3281436],[-76.620724,39.3281367],[-76.6207131,39.328137],[-76.6207128,39.3281308],[-76.620711,39.3280979],[-76.6207108,39.3280911],[-76.6207103,39.328084],[-76.6207446,39.3280822],[-76.6207975,39.3280806],[-76.6208124,39.3280806],[-76.6208196,39.3280808],[-76.6208197,39.328083],[-76.6208208,39.3280943],[-76.6208301,39.3280943],[-76.6208324,39.3281331],[-76.6208253,39.3281333],[-76.6208263,39.32817],[-76.620836,39.3281698],[-76.6208378,39.32821],[-76.6208289,39.3282101],[-76.6208289,39.3282122],[-76.6208293,39.3282227],[-76.6207954,39.3282238],[-76.6207941,39.3282359],[-76.6207661,39.3282366],[-76.6207654,39.3282366],[-76.6207634,39.328225],[-76.6207323,39.3282243],[-76.6207305,39.3282146]]]}},{"type":"Feature","properties":{"layer":"Sidewalk","_tile":"6/33/34"},"geometry":{"type":"Polygon","coordinates":[[[-76.6208781,39.328385],[-76.6208548,39.3283857],[-76.6208537,39.3283611],[-76.6208782,39.3283606],[-76.6208781,39.328385]]]}},{"type":"Feature","properties":{"layer":"Sidewalk","_tile":"6/33/34"},"geometry":{"type":"Polygon","coordinates":[[[-76.6208468,39.3283859],[-76.6208155,39.3283869],[-76.6208143,39.3283624],[-76.6208449,39.3283615],[-76.6208468,39.3283859]]]}},{"type":"Feature","properties":{"layer":"Sidewalk","_tile":"6/33/34"},"geometry":{"type":"Polygon","coordinates":[[[-76.620808,39.3283871],[-76.620777,39.3283881],[-76.6207757,39.3283637],[-76.6208067,39.3283628],[-76.620808,39.3283871]]]}},{"type":"Feature","properties":{"layer":"Sidewalk","_tile":"6/33/34"},"geometry":{"type":"Polygon","coordinates":[[[-76.6207687,39.3283884],[-76.6207375,39.3283894],[-76.6207363,39.3283649],[-76.6207675,39.328364],[-76.6207687,39.3283884]]]}},{"type":"Feature","properties":{"layer":"Sidewalk","_tile":"6/33/34"},"geometry":{"type":"Polygon","coordinates":[[[-76.6207303,39.3283896],[-76.6206973,39.3283907],[-76.6206969,39.3283662],[-76.6207291,39.3283651],[-76.6207303,39.3283896]]]}},{"type":"Feature","properties":{"layer":"Sidewalk","_tile":"6/33/34"},"geometry":{"type":"Polygon","coordinates":[[[-76.6208451,39.3283556],[-76.620814,39.3283566],[-76.6208127,39.3283328],[-76.6208439,39.3283318],[-76.6208451,39.3283556]]]}},{"type":"Feature","properties":{"layer":"Sidewalk","_tile":"6/33/34"},"geometry":{"type":"Polygon","coordinates":[[[-76.6208063,39.3283569],[-76.6207755,39.3283579],[-76.6207742,39.3283341],[-76.6208051,39.3283331],[-76.6208063,39.3283569]]]}},{"type":"Feature","properties":{"layer":"Sidewalk","_tile":"6/33/34"},"geometry":{"type":"Polygon","coordinates":[[[-76.6207672,39.3283581],[-76.620736,39.3283591],[-76.6207348,39.3283353],[-76.6207659,39.3283343],[-76.6207672,39.3283581]]]}},{"type":"Feature","properties":{"layer":"Sidewalk","_tile":"6/33/34"},"geometry":{"type":"Polygon","coordinates":[[[-76.6208048,39.3283269],[-76.6207739,39.3283279],[-76.6207727,39.328304],[-76.6208035,39.3283031],[-76.6208048,39.3283269]]]}},{"type":"Feature","properties":{"layer":"Sidewalk","_tile":"6/33/34"},"geometry":{"type":"Polygon","coordinates":[[[-76.6204181,39.3283894],[-76.620418,39.3283849],[-76.6204174,39.3283807],[-76.6204166,39.3283775],[-76.6204136,39.3283712],[-76.6204074,39.3283615],[-76.6203967,39.3283537],[-76.6203904,39.328353],[-76.6203878,39.328353],[-76.6203855,39.3283537],[-76.6203822,39.3283552],[-76.6203792,39.328357],[-76.620377,39.3283584],[-76.6203751,39.3283602],[-76.6203734,39.3283624],[-76.62037,39.3283679],[-76.6203676,39.3283741],[-76.6203665,39.3283796],[-76.6203664,39.328386],[-76.6203673,39.328392],[-76.6203688,39.3283972],[-76.6203708,39.3284021],[-76.6203729,39.3284058],[-76.620375,39.3284086],[-76.6203802,39.3284126],[-76.6203825,39.3284141],[-76.6203844,39.3284149],[-76.6203882,39.3284159],[-76.6203931,39.3284164],[-76.6203974,39.3284164],[-76.6204005,39.3284158],[-76.6204028,39.3284147],[-76.6204056,39.3284131],[-76.6204086,39.3284107],[-76.6204106,39.3284088],[-76.620413,39.3284055],[-76.6204151,39.3284014],[-76.620417,39.3283971],[-76.6204179,39.3283933],[-76.6204181,39.3283894]],[[-76.6203251,39.3284463],[-76.6203169,39.328432],[-76.6203087,39.3284114],[-76.6203059,39.328402],[-76.6203044,39.328394],[-76.6203032,39.3283858],[-76.6203026,39.3283789],[-76.6203027,39.3283739],[-76.6203039,39.3283648],[-76.6203064,39.3283546],[-76.6203096,39.3283456],[-76.6203128,39.328339],[-76.6203173,39.3283328],[-76.6203249,39.3283234],[-76.6203378,39.3283234],[-76.6203439,39.3283177],[-76.6203615,39.3283068],[-76.6203658,39.3283045],[-76.6203696,39.3283032],[-76.6203784,39.3283018],[-76.6203942,39.3283003],[-76.620412,39.3283037],[-76.6204302,39.3283101],[-76.6204434,39.3283157],[-76.6204463,39.3283173],[-76.6204484,39.3283187],[-76.6204542,39.3283243],[-76.6204568,39.3283272],[-76.6204611,39.3283322],[-76.6204679,39.3283415],[-76.6204739,39.3283507],[-76.6204781,39.3283584],[-76.6204805,39.3283647],[-76.6204819,39.328372],[-76.6204827,39.3283809],[-76.6204829,39.3283898],[-76.6204822,39.328397],[-76.6204809,39.3284037],[-76.6204792,39.3284107],[-76.6204773,39.3284164],[-76.6204756,39.3284207],[-76.6204733,39.3284247],[-76.6204699,39.3284298],[-76.6204591,39.328444],[-76.6204458,39.3284526],[-76.6204386,39.3284499],[-76.6204301,39.3284465],[-76.6204259,39.3284452],[-76.6204226,39.3284445],[-76.6204114,39.3284431],[-76.6204009,39.3284427],[-76.6203884,39.3284438],[-76.6203819,39.3284447],[-76.6203768,39.3284456],[-76.620367,39.3284487],[-76.6203476,39.3284553],[-76.6203407,39.3284578],[-76.6203251,39.3284463]]]}},{"type":"Feature","properties":{"layer":"Sidewalk","_tile":"6/33/34"},"geometry":{"type":"Polygon","coordinates":[[[-76.620581,39.328255],[-76.6205787,39.3282245],[-76.6205706,39.3280686],[-76.6205159,39.328071],[-76.6203905,39.3280765],[-76.6202316,39.328083],[-76.6202318,39.3280606],[-76.6203866,39.3280552],[-76.620518,39.3280478],[-76.6205223,39.3280469],[-76.620524,39.3280462],[-76.6205257,39.3280437],[-76.6205263,39.3280417],[-76.6205263,39.3280399],[-76.6205245,39.3280367],[-76.6204609,39.3279588],[-76.6204582,39.3279555],[-76.6204836,39.3279556],[-76.6205076,39.3279854],[-76.6205263,39.3280088],[-76.6205326,39.3280161],[-76.6205379,39.3280213],[-76.620544,39.3280271],[-76.6205481,39.3280305],[-76.620552,39.3280331],[-76.6205553,39.3280345],[-76.6205596,39.3280355],[-76.620567,39.3280362],[-76.6205623,39.3279559],[-76.6205923,39.327956],[-76.6205979,39.328047],[-76.6207455,39.3280417],[-76.6207455,39.3280126],[-76.6207897,39.3280106],[-76.6208431,39.3280091],[-76.6208443,39.328019],[-76.6208509,39.3280185],[-76.6208519,39.32803],[-76.6208522,39.3280327],[-76.6208713,39.3280317],[-76.6208769,39.3280311],[-76.62088,39.328031],[-76.6208799,39.3280565],[-76.6208131,39.3280585],[-76.6207955,39.328059],[-76.6207969,39.3280703],[-76.620744,39.3280719],[-76.6207431,39.328062],[-76.6207083,39.3280638],[-76.6206006,39.3280669],[-76.6206111,39.3282549],[-76.6206145,39.3282547],[-76.6207658,39.3282468],[-76.6207669,39.3282467],[-76.6207945,39.3282461],[-76.6207943,39.3282491],[-76.6207988,39.3282488],[-76.6208187,39.3282479],[-76.6208715,39.3282458],[-76.6208789,39.3282455],[-76.6208787,39.3282743],[-76.6207977,39.3282778],[-76.6207655,39.328279],[-76.620695,39.3282815],[-76.6206533,39.328283],[-76.6206516,39.328283],[-76.6206144,39.3282843],[-76.620538,39.3282874],[-76.6205387,39.3282972],[-76.620539,39.3282996],[-76.6205398,39.3283021],[-76.6205272,39.3283026],[-76.6205273,39.3283042],[-76.6204699,39.3283064],[-76.6204681,39.3283047],[-76.6204542,39.3282912],[-76.6204501,39.3282877],[-76.6204466,39.3282856],[-76.6204431,39.328284],[-76.6204383,39.3282819],[-76.6204305,39.3282792],[-76.6204264,39.3282777],[-76.6204155,39.3282748],[-76.6204071,39.3282734],[-76.6204002,39.328273],[-76.6203913,39.328273],[-76.6203893,39.3282731],[-76.6203833,39.3282735],[-76.6203758,39.3282743],[-76.6203604,39.3282772],[-76.6203539,39.3282787],[-76.6203509,39.3282797],[-76.620349,39.3282803],[-76.620341,39.3282837],[-76.6203326,39.328288],[-76.6203255,39.3282921],[-76.6203135,39.3283014],[-76.6203074,39.3283122],[-76.6202646,39.3283142],[-76.6202649,39.3283196],[-76.6202532,39.3283195],[-76.6202528,39.3283139],[-76.6202479,39.3283141],[-76.6202459,39.3282896],[-76.6202305,39.3282906],[-76.6202307,39.3282616],[-76.6202436,39.3282613],[-76.6202431,39.328238],[-76.6203151,39.3282361],[-76.6204145,39.328232],[-76.620523,39.3282271],[-76.6205253,39.3282575],[-76.620581,39.328255]],[[-76.6203196,39.3279551],[-76.6202319,39.3280393],[-76.620232,39.3280144],[-76.6202939,39.327955],[-76.6203196,39.3279551]]]}},{"type":"Feature","properties":{"layer":"Sidewalk","symbol":1,"class":"Other","_tile":"6/33/35"},"geometry":{"type":"Polygon","coordinates":[[[-76.6208318,39.3274687],[-76.620883,39.3274688],[-76.620882,39.3276597],[-76.6208547,39.3276608],[-76.620846,39.3275314],[-76.6208362,39.3275317],[-76.6208318,39.3274687]],[[-76.6208813,39.3277871],[-76.6208803,39.3279722],[-76.6208648,39.3279721],[-76.6208613,39.3279191],[-76.6208717,39.3279186],[-76.6208629,39.3277879],[-76.6208813,39.3277871]]]}},{"type":"Feature","properties":{"layer":"Sidewalk","_tile":"6/33/35"},"geometry":{"type":"Polygon","coordinates":[[[-76.6205828,39.3278045],[-76.6205932,39.3278039],[-76.620594,39.3278262],[-76.620595,39.3278418],[-76.6205852,39.3278423],[-76.6205828,39.3278045]]]}},{"type":"Feature","properties":{"layer":"Sidewalk","_tile":"6/33/35"},"geometry":{"type":"Polygon","coordinates":[[[-76.620379,39.3278648],[-76.6203781,39.3278623],[-76.620376,39.3278585],[-76.6203429,39.3278193],[-76.6202338,39.3276884],[-76.6202339,39.3276591],[-76.6202638,39.3276935],[-76.6203118,39.327752],[-76.6203577,39.3278065],[-76.6203844,39.327839],[-76.6203943,39.3278502],[-76.6203987,39.3278513],[-76.6204032,39.3278504],[-76.6204053,39.3278492],[-76.6204081,39.3278468],[-76.6204157,39.3278383],[-76.6204891,39.3277678],[-76.6205199,39.3277399],[-76.6205287,39.3277271],[-76.6205306,39.3277238],[-76.6205317,39.3277211],[-76.6205326,39.3277154],[-76.6205336,39.3277055],[-76.6205323,39.3276848],[-76.6205472,39.3276849],[-76.6205324,39.3274677],[-76.6205643,39.3274678],[-76.6205697,39.3275541],[-76.6205735,39.3276162],[-76.6205841,39.3276154],[-76.6205851,39.3276286],[-76.6205872,39.3276721],[-76.6205746,39.3276721],[-76.6205753,39.3276835],[-76.6206275,39.3276814],[-76.6206344,39.3276816],[-76.6206358,39.3276817],[-76.620641,39.3277627],[-76.6206424,39.3277866],[-76.6206185,39.327786],[-76.620587,39.3277883],[-76.620582,39.3277888],[-76.6205828,39.3278045],[-76.6205852,39.3278423],[-76.6205933,39.3279712],[-76.6205632,39.3279711],[-76.6205526,39.3277903],[-76.6205381,39.3277908],[-76.6205362,39.3277618],[-76.6205342,39.3277599],[-76.6205312,39.3277596],[-76.6205261,39.3277595],[-76.6205243,39.32776],[-76.6204748,39.3278059],[-76.6204128,39.3278663],[-76.6204121,39.3278707],[-76.6204126,39.3278725],[-76.620415,39.3278764],[-76.620458,39.327924],[-76.6204958,39.3279709],[-76.6204708,39.3279708],[-76.6204609,39.3279588],[-76.6204306,39.3279223],[-76.620408,39.3278964],[-76.6204007,39.3278886],[-76.6203978,39.3278867],[-76.6203933,39.3278863],[-76.6203898,39.3278878],[-76.6203037,39.3279703],[-76.620278,39.3279702],[-76.6203722,39.3278798],[-76.6203761,39.3278741],[-76.6203775,39.3278713],[-76.6203787,39.3278673],[-76.620379,39.3278648]]]}},{"type":"Feature","properties":{"layer":"Sidewalk","_tile":"6/33/36"},"geometry":{"type":"Polygon","coordinates":[[[-76.6205482,39.3272479],[-76.62056,39.3272476],[-76.6205618,39.3272896],[-76.6205513,39.3272904],[-76.6205482,39.3272479]]]}},{"type":"Feature","properties":{"layer":"Sidewalk","_tile":"6/33/36"},"geometry":{"type":"Polygon","coordinates":[[[-76.6205341,39.3270056],[-76.6205406,39.327005],[-76.6205403,39.3270229],[-76.6205412,39.3270352],[-76.6205361,39.3270354],[-76.6205341,39.3270056]]]}},{"type":"Feature","properties":{"layer":"Sidewalk","_tile":"6/33/36"},"geometry":{"type":"Polygon","coordinates":[[[-76.6205709,39.3270957],[-76.6206003,39.3270949],[-76.6206028,39.3271339],[-76.6206039,39.3271505],[-76.6206062,39.3271856],[-76.6205758,39.3271872],[-76.6205709,39.3270957]]]}},{"type":"Feature","properties":{"layer":"Sidewalk","_tile":"6/33/36"},"geometry":{"type":"MultiPolygon","coordinates":[[[[-76.6205255,39.3273507],[-76.620521,39.3272809],[-76.6205202,39.3272665],[-76.6205199,39.3272635],[-76.6205155,39.3271934],[-76.620508,39.3271938],[-76.6205022,39.3270945],[-76.6205094,39.3270943],[-76.6205021,39.3269795],[-76.6205324,39.3269796],[-76.6205341,39.3270056],[-76.6205361,39.3270354],[-76.62054,39.3270943],[-76.6205498,39.3270937],[-76.6205546,39.327192],[-76.6205442,39.3271927],[-76.6205482,39.3272479],[-76.6205513,39.3272904],[-76.6205542,39.3273286],[-76.6205574,39.3273382],[-76.6205619,39.327343],[-76.6205639,39.3273446],[-76.6205664,39.3273452],[-76.6205699,39.3273457],[-76.6205816,39.327346],[-76.6206611,39.3273438],[-76.6206694,39.3273391],[-76.6206736,39.3273232],[-76.6207264,39.327321],[-76.6207265,39.3273313],[-76.6207276,39.3273453],[-76.6207401,39.3273452],[-76.6208427,39.3273416],[-76.6208475,39.3273389],[-76.6208498,39.327335],[-76.6208466,39.3272819],[-76.6208429,39.3272187],[-76.620821,39.3272195],[-76.6208161,39.3271488],[-76.6208172,39.3271487],[-76.620822,39.3271486],[-76.6208402,39.3271478],[-76.6208439,39.3271477],[-76.620847,39.3271951],[-76.6208845,39.3271937],[-76.6208844,39.3272187],[-76.6208664,39.3272197],[-76.620871,39.3273329],[-76.6208731,39.3273355],[-76.620877,39.3273387],[-76.6208797,39.3273401],[-76.6208823,39.3273401],[-76.6208837,39.32734],[-76.6208836,39.3273677],[-76.6208302,39.3273695],[-76.6207555,39.3274364],[-76.6207047,39.3274375],[-76.6206761,39.3274194],[-76.6206669,39.3274301],[-76.6206236,39.3273989],[-76.620641,39.3273877],[-76.6206412,39.3273796],[-76.6206331,39.3273773],[-76.6205685,39.3273818],[-76.6205595,39.3273914],[-76.6205631,39.3274493],[-76.6205634,39.3274524],[-76.6205652,39.3274831],[-76.6205334,39.327483],[-76.6205259,39.3273731],[-76.6203095,39.3273817],[-76.6202354,39.3273845],[-76.6202355,39.3273616],[-76.6205255,39.3273507]]],[[[-76.6208033,39.3273625],[-76.620746,39.3273628],[-76.6207397,39.3273629],[-76.6207395,39.3274133],[-76.6207431,39.3274173],[-76.6207475,39.3274166],[-76.6207503,39.3274141],[-76.6208026,39.3273653],[-76.6208033,39.3273625]]],[[[-76.6207183,39.327419],[-76.6207186,39.3273646],[-76.6206721,39.3273641],[-76.6206718,39.3273926],[-76.6206833,39.3274038],[-76.6207088,39.3274191],[-76.6207183,39.327419]]]]}},{"type":"Feature","properties":{"layer":"Sidewalk","symbol":1,"class":"Other","_tile":"6/33/36"},"geometry":{"type":"Polygon","coordinates":[[[-76.620874,39.3274678],[-76.620883,39.3274674],[-76.6208829,39.3274841],[-76.6208329,39.3274839],[-76.6208309,39.3274556],[-76.6208694,39.3274534],[-76.6208715,39.3274681],[-76.620874,39.3274678]]]}},{"type":"Feature","properties":{"layer":"Sidewalk","symbol":1,"class":"Other","_tile":"6/33/36"},"geometry":{"type":"Polygon","coordinates":[[[-76.6207047,39.3274375],[-76.6207555,39.3274364],[-76.6207545,39.3274374],[-76.620754,39.3274434],[-76.6207538,39.3274467],[-76.6207544,39.3274507],[-76.6207367,39.3274513],[-76.6207369,39.3274527],[-76.6207157,39.3274535],[-76.6207156,39.3274522],[-76.620709,39.3274524],[-76.6207071,39.3274486],[-76.6207058,39.3274382],[-76.6207047,39.3274375]]]}},{"type":"Feature","properties":{"layer":"Sidewalk","_tile":"6/33/37"},"geometry":{"type":"Polygon","coordinates":[[[-76.6206838,39.3269409],[-76.6207111,39.3269397],[-76.6207119,39.3269533],[-76.6207075,39.3269535],[-76.6206863,39.3269542],[-76.6206842,39.3269544],[-76.6206838,39.3269409]]]}},{"type":"Feature","properties":{"layer":"Sidewalk","_tile":"6/33/37"},"geometry":{"type":"Polygon","coordinates":[[[-76.6202387,39.3267658],[-76.6203576,39.3267609],[-76.6203593,39.3267605],[-76.6203612,39.3267603],[-76.6203627,39.3267599],[-76.6203708,39.3267595],[-76.6203705,39.3267551],[-76.6203721,39.3267551],[-76.6203715,39.3267748],[-76.6203648,39.3267748],[-76.6203681,39.3267902],[-76.6203635,39.3267905],[-76.6202385,39.3267959],[-76.6202387,39.3267658]]]}},{"type":"Feature","properties":{"layer":"Sidewalk","_tile":"6/33/37"},"geometry":{"type":"Polygon","coordinates":[[[-76.6202383,39.3268305],[-76.6203588,39.3268253],[-76.6203659,39.3268246],[-76.6203652,39.3268301],[-76.6203996,39.326829],[-76.6204421,39.3268275],[-76.6204576,39.3268264],[-76.6204582,39.3268396],[-76.6203939,39.3268421],[-76.6203599,39.3268433],[-76.6203629,39.3268662],[-76.620377,39.3268654],[-76.620378,39.3268747],[-76.620367,39.326875],[-76.6203683,39.3268903],[-76.620238,39.3268954],[-76.6202383,39.3268305]],[[-76.6202379,39.3269099],[-76.6203697,39.3269048],[-76.6203702,39.3269075],[-76.6203802,39.3269067],[-76.6203799,39.3268922],[-76.6203819,39.3268921],[-76.6204713,39.326888],[-76.6204897,39.3268871],[-76.620494,39.326887],[-76.6204934,39.3268708],[-76.6204934,39.3268684],[-76.6204941,39.3268595],[-76.6205248,39.3268579],[-76.6205267,39.326885],[-76.6205333,39.326885],[-76.620536,39.3268849],[-76.6205363,39.3268913],[-76.6205896,39.3268858],[-76.6205875,39.3268728],[-76.6206143,39.3268706],[-76.6206169,39.3268828],[-76.6206212,39.3268838],[-76.6206267,39.3268843],[-76.6206334,39.326884],[-76.620642,39.3268828],[-76.6206516,39.326881],[-76.6206602,39.3268784],[-76.6206672,39.3268755],[-76.6206697,39.3268738],[-76.6206722,39.3268708],[-76.6206801,39.3268578],[-76.6206779,39.3268359],[-76.6206761,39.3268221],[-76.6206742,39.3268109],[-76.6206709,39.3267963],[-76.6206664,39.3267789],[-76.6206616,39.3267617],[-76.6206481,39.3267197],[-76.6206432,39.3267002],[-76.6206417,39.3266903],[-76.6206408,39.3266775],[-76.6206405,39.3266623],[-76.6206407,39.3266464],[-76.6206415,39.3266364],[-76.6206431,39.3266236],[-76.6206495,39.3265822],[-76.6206522,39.3265667],[-76.6206533,39.3265594],[-76.6206561,39.3265452],[-76.6206563,39.3265438],[-76.620658,39.3265354],[-76.6206588,39.3265296],[-76.6206588,39.3265251],[-76.6206581,39.3265215],[-76.6206554,39.3265173],[-76.6206518,39.3265134],[-76.6206453,39.3265104],[-76.6205408,39.3265148],[-76.6205243,39.3265152],[-76.6205191,39.3265157],[-76.6205148,39.3265164],[-76.6205084,39.3265184],[-76.6205051,39.3265203],[-76.6205016,39.3265234],[-76.6204903,39.3265368],[-76.6204855,39.3265412],[-76.6204786,39.3265463],[-76.6204715,39.326551],[-76.6204654,39.3265545],[-76.6204608,39.3265566],[-76.6204572,39.3265579],[-76.6204532,39.3265584],[-76.6204437,39.3265581],[-76.6204454,39.3265825],[-76.6204213,39.3265835],[-76.6204189,39.3265517],[-76.6204183,39.3265408],[-76.6204412,39.3265408],[-76.6204473,39.3265405],[-76.6204518,39.3265399],[-76.6204609,39.326537],[-76.6204875,39.3265091],[-76.6204927,39.3265009],[-76.6204953,39.3264962],[-76.6204961,39.3264935],[-76.6204962,39.3264914],[-76.6205393,39.3264915],[-76.6205427,39.3264974],[-76.6205551,39.3264981],[-76.6205609,39.3264979],[-76.6205929,39.3264972],[-76.6206374,39.3264944],[-76.6206484,39.3264936],[-76.620654,39.3264924],[-76.6206661,39.326492],[-76.6208882,39.3264927],[-76.6208882,39.3264997],[-76.6208877,39.3264997],[-76.6208362,39.3265047],[-76.6206827,39.3265093],[-76.6206805,39.3265152],[-76.6206779,39.3265257],[-76.6206755,39.3265399],[-76.6206734,39.3265563],[-76.62067,39.3265875],[-76.6206667,39.3266111],[-76.6206625,39.3266395],[-76.6206614,39.326653],[-76.6206615,39.3266669],[-76.6206635,39.3266838],[-76.620665,39.3266936],[-76.6206666,39.326702],[-76.6206683,39.3267105],[-76.6206714,39.3267224],[-76.6206719,39.3267243],[-76.6206755,39.3267355],[-76.6206822,39.3267539],[-76.6206858,39.3267684],[-76.6206964,39.3268097],[-76.6206973,39.3268126],[-76.6207028,39.326832],[-76.620709,39.3268465],[-76.6207152,39.3268516],[-76.6207197,39.3268544],[-76.6207224,39.3268553],[-76.6207269,39.3268563],[-76.6207401,39.3268578],[-76.6207517,39.3268585],[-76.6207652,39.3268582],[-76.6208243,39.3268542],[-76.620827,39.326896],[-76.6208272,39.3268976],[-76.6207983,39.3268991],[-76.6207849,39.3269003],[-76.6207397,39.3269041],[-76.6207261,39.3269073],[-76.6207194,39.3269101],[-76.6207151,39.3269132],[-76.6207131,39.3269163],[-76.6207102,39.3269288],[-76.6206831,39.3269299],[-76.6206828,39.3269225],[-76.620679,39.3269173],[-76.6206686,39.3269138],[-76.6206657,39.3269138],[-76.6206236,39.3269175],[-76.620535,39.3269242],[-76.620535,39.3269331],[-76.6205293,39.3269335],[-76.6205334,39.3269949],[-76.6205031,39.3269948],[-76.6204991,39.3269346],[-76.6203903,39.3269397],[-76.6202377,39.3269455],[-76.6202379,39.3269099]]]}},{"type":"Feature","properties":{"layer":"Sidewalk","_tile":"6/33/38"},"geometry":{"type":"Polygon","coordinates":[[[-76.6204891,39.3265066],[-76.6204927,39.3265009],[-76.6204953,39.3264962],[-76.6204961,39.3264935],[-76.6204964,39.32649],[-76.6204963,39.3264756],[-76.6204892,39.3263952],[-76.6204886,39.3263899],[-76.6204085,39.3263933],[-76.6204071,39.3263709],[-76.620461,39.3263688],[-76.6204586,39.3263354],[-76.6204053,39.3263377],[-76.6204053,39.3263424],[-76.6203884,39.3263431],[-76.620387,39.3263432],[-76.6203852,39.3263119],[-76.6204024,39.3263106],[-76.6204036,39.3263217],[-76.6204103,39.3263214],[-76.6204164,39.3263212],[-76.6204571,39.32632],[-76.6204417,39.3261387],[-76.6204408,39.3261333],[-76.6204376,39.3261266],[-76.620431,39.32612],[-76.6204223,39.3261163],[-76.6204166,39.326115],[-76.6204097,39.3261139],[-76.6204036,39.3261136],[-76.6203982,39.3261142],[-76.6203931,39.3261156],[-76.6203875,39.326118],[-76.6203256,39.3261478],[-76.6202418,39.3261896],[-76.6202419,39.3261722],[-76.6202476,39.3261695],[-76.6202657,39.3261608],[-76.6202828,39.3261525],[-76.6202931,39.3261477],[-76.6202976,39.3261454],[-76.6203126,39.3261382],[-76.6203242,39.3261328],[-76.6203423,39.326124],[-76.6203654,39.3261132],[-76.6203705,39.3261108],[-76.6203898,39.3261021],[-76.6204011,39.3260974],[-76.6204068,39.3260948],[-76.6204092,39.3260938],[-76.6204188,39.3260897],[-76.6204308,39.3260847],[-76.620472,39.3260672],[-76.6205001,39.3260555],[-76.6205488,39.3260347],[-76.6205538,39.3260325],[-76.6205595,39.3260301],[-76.6205844,39.3260189],[-76.620601,39.326011],[-76.6206115,39.3260056],[-76.620615,39.3260037],[-76.6206446,39.3260038],[-76.6206348,39.3260091],[-76.6206241,39.326016],[-76.6206157,39.3260217],[-76.6205976,39.3260341],[-76.6205921,39.3260341],[-76.6205883,39.3260342],[-76.6205826,39.3260355],[-76.620544,39.326051],[-76.6205365,39.3260543],[-76.6205312,39.3260569],[-76.6205232,39.3260629],[-76.6205183,39.3260686],[-76.6205161,39.3260719],[-76.6205144,39.3260748],[-76.6205129,39.3260792],[-76.6205115,39.3260843],[-76.6205108,39.3260887],[-76.6205106,39.3260936],[-76.6205109,39.3260993],[-76.6205162,39.32618],[-76.6205289,39.3263466],[-76.620531,39.3263843],[-76.6205328,39.3264195],[-76.6205376,39.326476],[-76.6205387,39.3264906],[-76.6205427,39.3264974],[-76.6205551,39.3264981],[-76.6205609,39.3264979],[-76.6205929,39.3264972],[-76.6206374,39.3264944],[-76.6206484,39.3264936],[-76.620654,39.3264924],[-76.6208349,39.3264858],[-76.6208883,39.326483],[-76.6208882,39.3264997],[-76.6208877,39.3264997],[-76.6208362,39.3265047],[-76.6207433,39.3265075],[-76.6204891,39.3265066]]]}},{"type":"Feature","properties":{"layer":"Sidewalk","symbol":1,"class":"Other","_tile":"6/33/38"},"geometry":{"type":"Polygon","coordinates":[[[-76.6204164,39.3263212],[-76.6204103,39.3263214],[-76.6204081,39.3263013],[-76.6203173,39.3263043],[-76.620317,39.3262998],[-76.6203168,39.3262992],[-76.6204147,39.3262958],[-76.6204164,39.3263212]]]}},{"type":"Feature","properties":{"layer":"Sidewalk","_tile":"6/33/39"},"geometry":{"type":"Polygon","coordinates":[[[-76.6208935,39.3255165],[-76.620893,39.3256011],[-76.6208924,39.3256022],[-76.620893,39.325604],[-76.6208929,39.3256283],[-76.6208927,39.3256285],[-76.6208904,39.3256311],[-76.620882,39.3256243],[-76.620876,39.3256188],[-76.6208709,39.3256109],[-76.6208695,39.3256062],[-76.6208691,39.3256012],[-76.6208702,39.3255963],[-76.6208719,39.3255915],[-76.6208741,39.3255873],[-76.6208826,39.3255725],[-76.6208847,39.3255681],[-76.6208861,39.3255642],[-76.6208875,39.3255595],[-76.6208896,39.32555],[-76.6208901,39.3255459],[-76.6208902,39.3255422],[-76.6208903,39.3255379],[-76.6208898,39.3255315],[-76.620889,39.3255246],[-76.6208879,39.3255211],[-76.6208858,39.3255165],[-76.6208935,39.3255165]]]}},{"type":"Feature","properties":{"layer":"Sidewalk","_tile":"6/33/39"},"geometry":{"type":"Polygon","coordinates":[[[-76.6205844,39.3260189],[-76.620601,39.326011],[-76.6206115,39.3260056],[-76.6206236,39.3259991],[-76.6206416,39.3259889],[-76.6206516,39.3259831],[-76.6206621,39.3259766],[-76.6206739,39.3259689],[-76.6206856,39.325961],[-76.6206956,39.3259542],[-76.6207063,39.3259464],[-76.6207181,39.3259374],[-76.6207292,39.3259286],[-76.6207339,39.3259248],[-76.6207382,39.325921],[-76.6207433,39.3259168],[-76.6207668,39.3258952],[-76.6207713,39.3258908],[-76.6207763,39.3258861],[-76.6207861,39.3258764],[-76.6207909,39.3258718],[-76.6207952,39.3258674],[-76.6208025,39.3258596],[-76.6208144,39.325846],[-76.6208366,39.3258194],[-76.6208403,39.3258146],[-76.6208445,39.3258096],[-76.6208565,39.3257948],[-76.6208599,39.3257906],[-76.6208629,39.3257869],[-76.6208698,39.3257786],[-76.6208888,39.3257561],[-76.6208922,39.3257522],[-76.620892,39.3257801],[-76.6208794,39.3257952],[-76.6208531,39.3258275],[-76.6208497,39.3258316],[-76.6208466,39.3258355],[-76.6208429,39.3258398],[-76.6208351,39.3258494],[-76.6208185,39.3258684],[-76.6208148,39.3258723],[-76.6208016,39.3258859],[-76.6207915,39.3258957],[-76.620782,39.3259049],[-76.6207633,39.3259221],[-76.6207528,39.3259313],[-76.6207434,39.3259392],[-76.620732,39.3259482],[-76.6207199,39.3259574],[-76.6207089,39.3259654],[-76.6206928,39.3259764],[-76.6206744,39.3259884],[-76.6206508,39.3260005],[-76.6206348,39.3260091],[-76.6206241,39.326016],[-76.6206197,39.326019],[-76.6205844,39.3260189]]]}},{"type":"Feature","properties":{"layer":"Sidewalk","symbol":1,"class":"Other","_tile":"6/33/39"},"geometry":{"type":"Polygon","coordinates":[[[-76.620893,39.325604],[-76.6208924,39.3256022],[-76.620893,39.3256011],[-76.620893,39.325604]]]}},{"type":"Feature","properties":{"layer":"Sidewalk","symbol":1,"class":"Other","_tile":"6/33/40"},"geometry":{"type":"Polygon","coordinates":[[[-76.6204775,39.3250599],[-76.6204837,39.3250748],[-76.6204849,39.325078],[-76.6204582,39.3250846],[-76.6204488,39.3250637],[-76.6204763,39.3250569],[-76.6204775,39.3250599]]]}},{"type":"Feature","properties":{"layer":"Sidewalk","symbol":1,"class":"Other","_tile":"6/33/40"},"geometry":{"type":"Polygon","coordinates":[[[-76.6205913,39.3251215],[-76.6206011,39.3251058],[-76.6206034,39.325102],[-76.6206594,39.325123],[-76.6206563,39.3251282],[-76.6206486,39.3251405],[-76.6206378,39.325158],[-76.6205817,39.325137],[-76.6205913,39.3251215]]]}},{"type":"Feature","properties":{"layer":"Sidewalk","symbol":1,"class":"Other","_tile":"6/33/40"},"geometry":{"type":"Polygon","coordinates":[[[-76.6202472,39.3251728],[-76.6202902,39.3251443],[-76.620287,39.3251336],[-76.6202834,39.3251264],[-76.6202793,39.3251213],[-76.6202646,39.3251078],[-76.6202734,39.3251011],[-76.6202855,39.3251105],[-76.620292,39.3251172],[-76.6202961,39.3251231],[-76.6203019,39.3251364],[-76.6203262,39.3251235],[-76.6203685,39.3251037],[-76.6203806,39.3250979],[-76.6203864,39.3251159],[-76.6203698,39.3251218],[-76.6203438,39.3251344],[-76.6203165,39.3251499],[-76.6202818,39.3251717],[-76.6202728,39.3251778],[-76.6202533,39.3251913],[-76.6202471,39.3251959],[-76.6202472,39.3251728]]]}},{"type":"Feature","properties":{"layer":"Sidewalk","_tile":"6/33/40"},"geometry":{"type":"Polygon","coordinates":[[[-76.6204837,39.3250748],[-76.6204775,39.3250599],[-76.6204915,39.3250561],[-76.6204972,39.3250549],[-76.6205025,39.3250542],[-76.6205088,39.3250536],[-76.6205144,39.3250533],[-76.6205205,39.3250532],[-76.6205274,39.3250536],[-76.6205331,39.3250544],[-76.6205415,39.3250583],[-76.6205461,39.3250631],[-76.620549,39.3250671],[-76.620552,39.3250718],[-76.6205549,39.3250758],[-76.6205596,39.325081],[-76.6205657,39.3250866],[-76.6205715,39.3250911],[-76.620577,39.3250945],[-76.6205836,39.3250981],[-76.620589,39.3251008],[-76.6205936,39.3251029],[-76.6206011,39.3251058],[-76.6205913,39.3251215],[-76.6205716,39.3251118],[-76.6205586,39.3251022],[-76.6205516,39.3250966],[-76.6205444,39.3250901],[-76.6205386,39.3250836],[-76.6205299,39.3250712],[-76.6205284,39.3250695],[-76.6205263,39.3250685],[-76.62052,39.3250681],[-76.6205154,39.3250681],[-76.6205052,39.3250689],[-76.6205014,39.3250695],[-76.6204971,39.3250704],[-76.6204911,39.3250719],[-76.6204837,39.3250748]]]}},{"type":"Feature","properties":{"layer":"Sidewalk","_tile":"6/33/40"},"geometry":{"type":"Polygon","coordinates":[[[-76.6208961,39.3250305],[-76.6208958,39.3250691],[-76.6208692,39.3250687],[-76.6208716,39.3250497],[-76.6208731,39.325039],[-76.6208899,39.3250404],[-76.6208931,39.3250349],[-76.6208961,39.3250305]]]}},{"type":"Feature","properties":{"layer":"Sidewalk","_tile":"6/33/40"},"geometry":{"type":"Polygon","coordinates":[[[-76.6207742,39.3251192],[-76.6207726,39.3251155],[-76.6207693,39.325112],[-76.6207638,39.325109],[-76.62076,39.3251083],[-76.6207566,39.3251088],[-76.6207517,39.3251119],[-76.6207454,39.3251174],[-76.6207388,39.3251229],[-76.6207335,39.3251265],[-76.6207271,39.3251304],[-76.6207212,39.3251336],[-76.6207134,39.3251374],[-76.6207097,39.3251407],[-76.6207087,39.325145],[-76.6207095,39.3251485],[-76.6207113,39.325152],[-76.6207163,39.3251561],[-76.6207221,39.3251598],[-76.6207276,39.3251635],[-76.6207338,39.3251678],[-76.6207373,39.3251706],[-76.6207399,39.3251724],[-76.6207503,39.3251804],[-76.6207565,39.3251825],[-76.6207624,39.3251828],[-76.6207673,39.325181],[-76.6207727,39.3251765],[-76.6207739,39.3251285],[-76.6207742,39.3251192]],[[-76.6206486,39.3251405],[-76.6206563,39.3251282],[-76.6206628,39.3251298],[-76.6206688,39.3251311],[-76.6206738,39.3251319],[-76.620679,39.325132],[-76.6206846,39.3251317],[-76.6206912,39.32513],[-76.6206982,39.3251274],[-76.6207042,39.3251247],[-76.6207099,39.3251216],[-76.6207161,39.3251177],[-76.6207219,39.3251134],[-76.6207267,39.3251095],[-76.6207309,39.3251054],[-76.6207352,39.3251002],[-76.6207394,39.3250949],[-76.6207426,39.3250901],[-76.6207449,39.3250865],[-76.6207473,39.3250823],[-76.6207516,39.3250728],[-76.6207572,39.325059],[-76.6207586,39.3250552],[-76.6207598,39.3250524],[-76.6207603,39.3250509],[-76.6207623,39.3250459],[-76.6207641,39.3250408],[-76.6207655,39.3250362],[-76.6207662,39.3250323],[-76.6207667,39.325028],[-76.6207865,39.3250281],[-76.6207859,39.3250374],[-76.6208023,39.3250375],[-76.6208008,39.3250456],[-76.6207973,39.3250711],[-76.6207959,39.3250839],[-76.6207951,39.3250954],[-76.6207938,39.3251288],[-76.620793,39.3251637],[-76.6207928,39.3251653],[-76.6207928,39.3251699],[-76.6207926,39.3251744],[-76.6207925,39.3252034],[-76.6207928,39.3252109],[-76.6207927,39.3252151],[-76.620793,39.3252195],[-76.6207933,39.3252285],[-76.6207937,39.3252371],[-76.6207947,39.3252487],[-76.6207965,39.3252637],[-76.6207976,39.3252719],[-76.6207991,39.325281],[-76.6208045,39.3253071],[-76.6208077,39.3253202],[-76.6208107,39.3253313],[-76.6208146,39.3253445],[-76.6208176,39.3253537],[-76.620819,39.3253584],[-76.6208205,39.3253627],[-76.6208256,39.3253765],[-76.6208327,39.3253936],[-76.6208393,39.3254078],[-76.6208459,39.325421],[-76.6208513,39.3254308],[-76.6208561,39.3254391],[-76.6208625,39.3254487],[-76.6208753,39.3254676],[-76.6208936,39.3254938],[-76.6208934,39.3255318],[-76.6208898,39.3255318],[-76.6208898,39.3255315],[-76.620889,39.3255246],[-76.6208879,39.3255211],[-76.6208853,39.3255157],[-76.6208818,39.3255093],[-76.6208753,39.3255002],[-76.6208482,39.3254611],[-76.6208448,39.3254558],[-76.6208413,39.3254507],[-76.6208357,39.3254418],[-76.6208356,39.3254414],[-76.620833,39.3254371],[-76.6208302,39.3254321],[-76.6208248,39.3254216],[-76.6208181,39.3254082],[-76.6208161,39.3254035],[-76.6208138,39.3253986],[-76.6208075,39.3253836],[-76.6208026,39.325371],[-76.6208013,39.3253668],[-76.6207996,39.3253623],[-76.6207966,39.3253528],[-76.6207952,39.3253482],[-76.6207951,39.3253481],[-76.6207891,39.3253272],[-76.620787,39.3253188],[-76.6207844,39.3253075],[-76.6207838,39.3253051],[-76.6207829,39.3253004],[-76.6207804,39.3252885],[-76.6207793,39.3252832],[-76.620778,39.3252752],[-76.6207759,39.3252601],[-76.6207747,39.32525],[-76.6207742,39.3252438],[-76.6207705,39.3252351],[-76.6207679,39.3252302],[-76.6207649,39.3252251],[-76.6207613,39.3252197],[-76.6207573,39.3252146],[-76.6207512,39.3252083],[-76.6207428,39.3252004],[-76.6207374,39.3251957],[-76.6207326,39.3251916],[-76.6207271,39.3251873],[-76.6207264,39.325187],[-76.6207139,39.3251777],[-76.6207028,39.3251702],[-76.6206896,39.3251618],[-76.6206832,39.3251579],[-76.6206775,39.3251546],[-76.6206728,39.3251521],[-76.6206674,39.3251495],[-76.6206486,39.3251405]]]}},{"type":"Feature","properties":{"layer":"Sidewalk","symbol":1,"class":"Other","_tile":"6/33/41"},"geometry":{"type":"Polygon","coordinates":[[[-76.6207684,39.3248788],[-76.6207747,39.3248852],[-76.6207782,39.3248891],[-76.6207857,39.3248989],[-76.6207887,39.3249032],[-76.6207933,39.3249111],[-76.6207937,39.3249117],[-76.6207988,39.3249212],[-76.6208022,39.3249293],[-76.6207642,39.3249063],[-76.6207622,39.3248931],[-76.6207684,39.3248788]]]}},{"type":"Feature","properties":{"layer":"Sidewalk","symbol":1,"class":"Other","_tile":"6/33/41"},"geometry":{"type":"Polygon","coordinates":[[[-76.62026,39.3246762],[-76.62026,39.3246857],[-76.6202598,39.3246944],[-76.6202498,39.3246944],[-76.6202499,39.3246764],[-76.62026,39.3246762]]]}},{"type":"Feature","properties":{"layer":"Sidewalk","symbol":1,"class":"Other","_tile":"6/33/41"},"geometry":{"type":"Polygon","coordinates":[[[-76.6204884,39.324539],[-76.6204887,39.3245393],[-76.6205135,39.3245623],[-76.6205222,39.32457],[-76.6205376,39.3245832],[-76.6205497,39.3245931],[-76.620581,39.3246182],[-76.6205869,39.3246228],[-76.6205926,39.3246273],[-76.6206039,39.324636],[-76.6206186,39.3246472],[-76.6206242,39.3246512],[-76.6206368,39.3246601],[-76.6206551,39.3246728],[-76.6206707,39.3246831],[-76.6206845,39.3246918],[-76.6207066,39.3247055],[-76.6207219,39.3247146],[-76.6207337,39.3247214],[-76.6207563,39.3247342],[-76.6207704,39.3247418],[-76.620782,39.3247252],[-76.6207853,39.3247174],[-76.6207865,39.3247107],[-76.6207873,39.3246888],[-76.6207877,39.3246611],[-76.6207912,39.3245833],[-76.6207953,39.32454],[-76.6208154,39.3245401],[-76.6208137,39.3245583],[-76.6208129,39.3245699],[-76.6208127,39.3245707],[-76.6208126,39.3245744],[-76.6208117,39.3245854],[-76.6208112,39.3245977],[-76.6208109,39.3246022],[-76.6208081,39.3246668],[-76.6208067,39.3246916],[-76.6208058,39.3247155],[-76.6208058,39.3247275],[-76.6208059,39.324732],[-76.6208068,39.3247418],[-76.6208078,39.3247473],[-76.6208096,39.3247519],[-76.6208121,39.3247562],[-76.6208205,39.3247638],[-76.6208246,39.3247666],[-76.6208296,39.3247696],[-76.6208423,39.3247766],[-76.6208973,39.3248],[-76.6208972,39.3248137],[-76.6208932,39.324812],[-76.6208883,39.3248099],[-76.6208746,39.3248041],[-76.6208547,39.3247955],[-76.620842,39.3247901],[-76.6208292,39.3247844],[-76.6208051,39.3247733],[-76.6207911,39.3247664],[-76.6207619,39.3247517],[-76.6207523,39.3247465],[-76.6207365,39.3247378],[-76.6207246,39.3247309],[-76.6207072,39.3247207],[-76.6206864,39.3247082],[-76.620661,39.3246922],[-76.6206451,39.3246818],[-76.6206264,39.3246689],[-76.6206081,39.3246557],[-76.6205931,39.3246445],[-76.6205653,39.3246227],[-76.6205387,39.3246013],[-76.6205231,39.3245885],[-76.6205154,39.3245819],[-76.6205019,39.3245701],[-76.6204918,39.3245607],[-76.6204725,39.3245424],[-76.6204691,39.324539],[-76.6204884,39.324539]]]}},{"type":"Feature","properties":{"layer":"Sidewalk","_tile":"6/33/41"},"geometry":{"type":"Polygon","coordinates":[[[-76.6208964,39.3249705],[-76.6208963,39.3249771],[-76.620891,39.3249761],[-76.6208927,39.324974],[-76.6208964,39.3249705]],[[-76.6208961,39.3250305],[-76.620896,39.3250437],[-76.6208725,39.3250436],[-76.6208731,39.325039],[-76.6208899,39.3250404],[-76.6208931,39.3250349],[-76.6208961,39.3250305]]]}},{"type":"Feature","properties":{"layer":"Sidewalk","_tile":"6/33/41"},"geometry":{"type":"Polygon","coordinates":[[[-76.6207633,39.3250433],[-76.6207641,39.3250408],[-76.6207655,39.3250362],[-76.6207662,39.3250323],[-76.6207667,39.3250279],[-76.6207671,39.325023],[-76.6207674,39.3250137],[-76.6207676,39.3250097],[-76.6207676,39.325001],[-76.6207674,39.324991],[-76.6207665,39.3249774],[-76.6207652,39.3249694],[-76.6207633,39.3249601],[-76.6207598,39.3249477],[-76.620758,39.3249434],[-76.6207557,39.3249385],[-76.6207531,39.3249334],[-76.6207477,39.3249236],[-76.6207426,39.3249157],[-76.6207405,39.3249126],[-76.6207326,39.3249021],[-76.620726,39.3248942],[-76.6207224,39.32489],[-76.6207178,39.3248853],[-76.6207077,39.3248757],[-76.6206985,39.3248674],[-76.6206927,39.3248624],[-76.6206857,39.3248568],[-76.6206729,39.3248468],[-76.6206639,39.3248404],[-76.6206582,39.3248366],[-76.6206448,39.3248275],[-76.6206339,39.3248216],[-76.6206215,39.3248145],[-76.6205946,39.3247983],[-76.6205787,39.3247882],[-76.6205435,39.3247655],[-76.6205383,39.3247623],[-76.6205351,39.3247601],[-76.6205119,39.3247455],[-76.6204999,39.3247383],[-76.6204946,39.3247352],[-76.6204857,39.3247304],[-76.6204808,39.3247279],[-76.6204586,39.3247173],[-76.6204493,39.3247131],[-76.6204465,39.324712],[-76.6204386,39.3247096],[-76.6204328,39.3247081],[-76.6204205,39.3247054],[-76.6204147,39.3247043],[-76.6204093,39.3247036],[-76.6203967,39.3247021],[-76.6203788,39.3247005],[-76.6203688,39.3246997],[-76.620328,39.3246972],[-76.6202946,39.3246955],[-76.6202708,39.3246945],[-76.6202598,39.3246944],[-76.62026,39.3246857],[-76.62026,39.3246762],[-76.6202729,39.3246762],[-76.6203419,39.324681],[-76.6203994,39.3246861],[-76.6204062,39.3246869],[-76.6204189,39.3246886],[-76.6204328,39.3246913],[-76.6204469,39.3246946],[-76.6204589,39.3246996],[-76.6204688,39.324704],[-76.6204858,39.324712],[-76.6204968,39.3247176],[-76.6205063,39.3247227],[-76.620512,39.324726],[-76.6205242,39.3247333],[-76.6205363,39.3247408],[-76.6205416,39.3247443],[-76.6205465,39.3247473],[-76.6205563,39.3247535],[-76.6205577,39.3247546],[-76.6205618,39.3247571],[-76.6205734,39.3247648],[-76.6205796,39.3247686],[-76.620597,39.3247798],[-76.6206285,39.3247991],[-76.6206401,39.324806],[-76.6206504,39.3248117],[-76.6206626,39.3248182],[-76.6206817,39.3248279],[-76.6207107,39.3248415],[-76.6207264,39.3248494],[-76.6207324,39.3248526],[-76.6207426,39.3248585],[-76.620749,39.3248629],[-76.6207559,39.3248681],[-76.6207619,39.3248727],[-76.6207684,39.3248788],[-76.6207622,39.3248931],[-76.6207642,39.3249063],[-76.6208022,39.3249293],[-76.620803,39.3249317],[-76.6207968,39.3249329],[-76.6207919,39.3249343],[-76.6207865,39.324938],[-76.6207824,39.3249436],[-76.6207817,39.3249475],[-76.6207825,39.324952],[-76.6207838,39.3249567],[-76.6207849,39.3249615],[-76.6207856,39.3249669],[-76.6207869,39.3249795],[-76.6207879,39.3249964],[-76.6207879,39.3250046],[-76.6207877,39.3250091],[-76.6207872,39.3250185],[-76.6207859,39.3250374],[-76.6208023,39.3250375],[-76.6208013,39.3250434],[-76.6207633,39.3250433]]]}},{"type":"Feature","properties":{"layer":"Sidewalk","symbol":1,"class":"Other","_tile":"6/33/42"},"geometry":{"type":"Polygon","coordinates":[[[-76.6202707,39.3243761],[-76.6202854,39.3243992],[-76.6202787,39.3244047],[-76.6202512,39.3244333],[-76.6202514,39.324398],[-76.6202707,39.3243761]]]}},{"type":"Feature","properties":{"layer":"Sidewalk","symbol":1,"class":"Other","_tile":"6/33/42"},"geometry":{"type":"Polygon","coordinates":[[[-76.6209013,39.3240523],[-76.6209012,39.3240694],[-76.6208876,39.3240522],[-76.6209013,39.3240523]],[[-76.6209012,39.3240719],[-76.6209011,39.3240844],[-76.6208945,39.3240875],[-76.6208873,39.3240784],[-76.6209012,39.3240719]]]}},{"type":"Feature","properties":{"layer":"Sidewalk","symbol":1,"class":"Other","_tile":"6/33/42"},"geometry":{"type":"Polygon","coordinates":[[[-76.6203413,39.3243867],[-76.6203328,39.3243737],[-76.6203286,39.3243669],[-76.6203232,39.3243586],[-76.6203085,39.3243346],[-76.6202977,39.3243163],[-76.620291,39.3243046],[-76.6202892,39.324301],[-76.6202871,39.3242972],[-76.6202828,39.3242887],[-76.6202804,39.3242842],[-76.6202713,39.3242658],[-76.6202672,39.3242572],[-76.6202637,39.3242497],[-76.6202531,39.324225],[-76.6202523,39.3242231],[-76.6202525,39.3241815],[-76.6202551,39.3241891],[-76.6202592,39.3242003],[-76.6202622,39.3242082],[-76.6202645,39.3242135],[-76.6202695,39.3242258],[-76.6202766,39.3242423],[-76.6202781,39.3242458],[-76.6202836,39.3242573],[-76.6202856,39.3242617],[-76.6202965,39.3242836],[-76.6202969,39.3242844],[-76.6203012,39.3242927],[-76.6203092,39.3243073],[-76.6203196,39.3243249],[-76.6203251,39.324334],[-76.6203278,39.3243383],[-76.6203302,39.3243425],[-76.6203479,39.3243707],[-76.6203616,39.3243915],[-76.6203669,39.3243989],[-76.6203765,39.3244118],[-76.6203907,39.3244299],[-76.6204096,39.3244532],[-76.6204321,39.3244795],[-76.6204359,39.3244837],[-76.6204425,39.3244912],[-76.62045,39.3244993],[-76.6204636,39.3245138],[-76.6204768,39.3245274],[-76.6204887,39.3245393],[-76.6205049,39.3245543],[-76.620485,39.3245543],[-76.6204725,39.3245424],[-76.6204514,39.3245209],[-76.6204335,39.3245019],[-76.6204195,39.3244861],[-76.6204116,39.3244771],[-76.6204002,39.3244637],[-76.6203848,39.3244449],[-76.6203848,39.3244448],[-76.6203777,39.3244361],[-76.6203634,39.3244178],[-76.6203508,39.3244007],[-76.6203458,39.3243934],[-76.6203413,39.3243867]],[[-76.6208141,39.3245553],[-76.6207938,39.3245553],[-76.6207979,39.3245115],[-76.6207987,39.3244987],[-76.6208006,39.3244648],[-76.6208026,39.324411],[-76.6208016,39.3243341],[-76.6208006,39.3243117],[-76.6207989,39.3242888],[-76.6207962,39.3242577],[-76.6207917,39.3242106],[-76.6207866,39.32416],[-76.6207815,39.324097],[-76.6207807,39.3240849],[-76.6207946,39.324084],[-76.6208221,39.3241186],[-76.6208095,39.3241194],[-76.6208097,39.3241592],[-76.620816,39.3242222],[-76.6208212,39.3242785],[-76.6208215,39.3242831],[-76.6208224,39.3242924],[-76.6208226,39.3242971],[-76.6208231,39.3243018],[-76.6208242,39.3243191],[-76.6208246,39.32433],[-76.6208247,39.324338],[-76.6208246,39.3243555],[-76.6208241,39.324374],[-76.6208241,39.3243786],[-76.6208228,39.3244128],[-76.6208223,39.3244234],[-76.6208221,39.3244313],[-76.6208205,39.3244629],[-76.6208202,39.3244722],[-76.6208193,39.3244856],[-76.620819,39.3244937],[-76.6208182,39.3245046],[-76.620818,39.3245085],[-76.6208141,39.3245553]]]}},{"type":"Feature","properties":{"layer":"Sidewalk","symbol":1,"class":"Other","_tile":"6/33/43"},"geometry":{"type":"Polygon","coordinates":[[[-76.6206297,39.32357],[-76.6206372,39.3235793],[-76.6206356,39.3235799],[-76.6205635,39.3236146],[-76.6206347,39.3237051],[-76.6207085,39.3236697],[-76.6207163,39.3236795],[-76.6206424,39.323715],[-76.6206645,39.3237432],[-76.6206731,39.3237539],[-76.620747,39.3237184],[-76.6207556,39.323729],[-76.6206814,39.3237645],[-76.6207124,39.3238036],[-76.6207221,39.3237988],[-76.6207299,39.323795],[-76.6207577,39.3237818],[-76.6207865,39.3237679],[-76.6207946,39.3237781],[-76.6207204,39.3238137],[-76.6207517,39.3238537],[-76.6207986,39.3238314],[-76.6208243,39.3238189],[-76.620831,39.3238274],[-76.6208065,39.323839],[-76.6207584,39.3238622],[-76.6207901,39.3239028],[-76.6208631,39.3238678],[-76.6208702,39.3238766],[-76.6207971,39.3239118],[-76.6208277,39.3239511],[-76.6208992,39.3239168],[-76.620902,39.3239202],[-76.6209019,39.3239283],[-76.6208935,39.3239325],[-76.620835,39.3239604],[-76.6208681,39.324003],[-76.6209016,39.3239869],[-76.6209016,39.3240006],[-76.6208759,39.3240127],[-76.6208798,39.3240178],[-76.6209015,39.3240074],[-76.6209015,39.3240209],[-76.6208876,39.3240276],[-76.6209013,39.3240449],[-76.6209012,39.3240675],[-76.6208997,39.3240675],[-76.6208674,39.3240267],[-76.6208521,39.3240339],[-76.6208427,39.3240219],[-76.6208579,39.3240147],[-76.6208227,39.3239697],[-76.6208075,39.3239769],[-76.6208014,39.3239691],[-76.6208166,39.3239619],[-76.6208015,39.3239424],[-76.6207828,39.3239185],[-76.6207677,39.3239259],[-76.6207607,39.3239169],[-76.6207759,39.3239097],[-76.6207441,39.323869],[-76.620729,39.3238763],[-76.6207223,39.3238678],[-76.6207375,39.3238606],[-76.6207104,39.3238258],[-76.6206952,39.3238331],[-76.620683,39.3238177],[-76.6206981,39.3238103],[-76.6206673,39.3237712],[-76.6206521,39.3237786],[-76.6206437,39.323768],[-76.6206589,39.3237606],[-76.6206319,39.3237266],[-76.6206167,39.3237338],[-76.6206094,39.3237246],[-76.6206246,39.3237173],[-76.6206138,39.3237034],[-76.6205469,39.3236183],[-76.6205317,39.3236256],[-76.6205231,39.3236147],[-76.6205384,39.3236075],[-76.6205314,39.3235984],[-76.620509,39.3235698],[-76.6204937,39.3235771],[-76.6204867,39.3235681],[-76.6204976,39.3235629],[-76.6205259,39.323563],[-76.6205239,39.3235639],[-76.6205562,39.3236053],[-76.6206297,39.32357]]]}},{"type":"Feature","properties":{"layer":"Sidewalk","symbol":1,"class":"Other","_tile":"6/34/32"},"geometry":{"type":"Polygon","coordinates":[[[-76.6196581,39.3292871],[-76.6196491,39.3291671],[-76.6195974,39.3291694],[-76.6195986,39.3289463],[-76.6196334,39.3289449],[-76.6196322,39.328929],[-76.6196771,39.3289292],[-76.619678,39.3289434],[-76.6196759,39.3289435],[-76.6196794,39.3289844],[-76.619689,39.3291249],[-76.6196928,39.3291771],[-76.6196979,39.3292431],[-76.619701,39.3292893],[-76.6197026,39.3293179],[-76.619713,39.3293175],[-76.6197133,39.3293237],[-76.619714,39.3293362],[-76.6196053,39.3293402],[-76.6195964,39.3293405],[-76.6195967,39.3292899],[-76.6196581,39.3292871]]]}},{"type":"Feature","properties":{"layer":"Sidewalk","_tile":"6/34/32"},"geometry":{"type":"MultiPolygon","coordinates":[[[[-76.6200736,39.3289416],[-76.6200727,39.328937],[-76.6200668,39.3289318],[-76.6200638,39.3289304],[-76.6201142,39.3289306],[-76.6200912,39.3289498],[-76.6200889,39.3289519],[-76.6200139,39.3290233],[-76.6200107,39.3290317],[-76.62001,39.3290418],[-76.6200133,39.3290516],[-76.6200208,39.3290601],[-76.6200821,39.3291098],[-76.6201301,39.3291454],[-76.6201505,39.3291594],[-76.6201715,39.3291714],[-76.6201753,39.3291747],[-76.6201871,39.329182],[-76.6202033,39.3291914],[-76.6202189,39.3291995],[-76.6202452,39.3292144],[-76.6202451,39.3292382],[-76.620166,39.3291907],[-76.6201258,39.3291643],[-76.6201206,39.3291604],[-76.6200847,39.3291339],[-76.6200147,39.3290796],[-76.6199988,39.3290643],[-76.6199884,39.3290602],[-76.6199794,39.3290626],[-76.619969,39.3290759],[-76.6199095,39.3291542],[-76.6198812,39.3291982],[-76.6198538,39.3292459],[-76.6198431,39.3292734],[-76.6198728,39.329273],[-76.6198737,39.3292825],[-76.6201303,39.3292728],[-76.6202449,39.3292672],[-76.6202448,39.3292961],[-76.6201289,39.3293009],[-76.6201309,39.3293304],[-76.6200746,39.329333],[-76.6200566,39.3293337],[-76.6200537,39.3293339],[-76.6200365,39.3293343],[-76.6200344,39.3293048],[-76.619876,39.3293108],[-76.6198769,39.3293213],[-76.6198652,39.3293307],[-76.6198188,39.3293682],[-76.6198009,39.3293825],[-76.619801,39.3293851],[-76.6197977,39.3293853],[-76.6197982,39.3293925],[-76.6197919,39.3293929],[-76.6197946,39.3294329],[-76.6197745,39.3294328],[-76.6197737,39.329423],[-76.6197735,39.3294216],[-76.6197732,39.3294204],[-76.6197726,39.3294193],[-76.6197717,39.3294181],[-76.6197706,39.3294171],[-76.6197694,39.3294164],[-76.6197679,39.3294157],[-76.6197663,39.3294153],[-76.6197647,39.3294151],[-76.619763,39.3294151],[-76.6197614,39.3294153],[-76.6197584,39.3294163],[-76.6197379,39.3294327],[-76.6196679,39.3294325],[-76.6196145,39.3294323],[-76.619609,39.3293688],[-76.6196089,39.3293674],[-76.6196067,39.3293675],[-76.6196053,39.3293402],[-76.619714,39.3293362],[-76.6197133,39.3293237],[-76.619719,39.3293235],[-76.6197167,39.329282],[-76.6197098,39.3292823],[-76.6197094,39.3292757],[-76.6197201,39.3292754],[-76.6197201,39.3292764],[-76.6197267,39.3292762],[-76.619727,39.3292803],[-76.6197441,39.3292797],[-76.6197445,39.3292756],[-76.6197493,39.3292754],[-76.619745,39.329213],[-76.6197423,39.3291223],[-76.6197214,39.3291233],[-76.619705,39.3291242],[-76.6196953,39.3289837],[-76.6197323,39.3289811],[-76.6197318,39.3289719],[-76.619733,39.3289718],[-76.6197295,39.3289294],[-76.6197656,39.3289295],[-76.6197692,39.3289787],[-76.619781,39.3289777],[-76.6197814,39.3289833],[-76.6197843,39.3289832],[-76.6198456,39.3289772],[-76.6198658,39.3289734],[-76.6198792,39.3289711],[-76.6198781,39.3289699],[-76.6198901,39.3289669],[-76.6198918,39.3289659],[-76.6198934,39.3289634],[-76.6198925,39.328958],[-76.6198682,39.3289298],[-76.6198932,39.3289299],[-76.6199157,39.3289555],[-76.6199196,39.3289598],[-76.619947,39.3289531],[-76.6199846,39.3289404],[-76.6200075,39.3289326],[-76.620014,39.3289303],[-76.6200586,39.3289304],[-76.6200509,39.3289339],[-76.6200231,39.3289452],[-76.6200113,39.3289496],[-76.6199957,39.3289549],[-76.6199426,39.328972],[-76.6199333,39.3289751],[-76.619941,39.3289835],[-76.6199756,39.3290175],[-76.6199805,39.3290205],[-76.619987,39.3290197],[-76.6199922,39.3290174],[-76.6199996,39.3290094],[-76.6200181,39.3289911],[-76.6200736,39.3289416]]],[[[-76.6197342,39.3293738],[-76.6197328,39.3293707],[-76.6197272,39.3293656],[-76.6196429,39.3293677],[-76.6196679,39.3294325],[-76.6196801,39.3294265],[-76.6197339,39.3293797],[-76.6197342,39.3293738]]],[[[-76.6199618,39.32904],[-76.6199593,39.3290337],[-76.6199518,39.3290221],[-76.6199294,39.3289988],[-76.6199279,39.3289969],[-76.6199266,39.3289955],[-76.6199248,39.3289939],[-76.619915,39.3289835],[-76.6199112,39.3289826],[-76.6199092,39.3289831],[-76.619896,39.3289876],[-76.6198946,39.3289863],[-76.6198783,39.3289898],[-76.6198527,39.3289949],[-76.6198034,39.3289992],[-76.619785,39.3290004],[-76.6197827,39.3290007],[-76.6197916,39.3291205],[-76.6197774,39.3291209],[-76.6197863,39.3292188],[-76.6197894,39.3292741],[-76.6197984,39.3292737],[-76.6197975,39.3292752],[-76.6198101,39.3292747],[-76.6198213,39.3292646],[-76.61983,39.3292539],[-76.619832,39.3292512],[-76.6198618,39.3291924],[-76.6198814,39.3291616],[-76.6199547,39.3290585],[-76.6199609,39.329048],[-76.6199618,39.32904]]]]}},{"type":"Feature","properties":{"layer":"Sidewalk","symbol":1,"class":"Other","_tile":"6/34/33"},"geometry":{"type":"Polygon","coordinates":[[[-76.6196334,39.3289443],[-76.619625,39.3288238],[-76.6196719,39.3288218],[-76.6196721,39.3288232],[-76.6196721,39.3288248],[-76.6196771,39.3289292],[-76.619678,39.3289434],[-76.6196759,39.3289435],[-76.619676,39.3289444],[-76.6196334,39.3289443]]]}},{"type":"Feature","properties":{"layer":"Sidewalk","symbol":1,"class":"Other","_tile":"6/34/33"},"geometry":{"type":"Polygon","coordinates":[[[-76.6196004,39.3286117],[-76.6196062,39.3286115],[-76.6196052,39.3285995],[-76.6196116,39.3285993],[-76.6196118,39.3286001],[-76.6196207,39.3285996],[-76.6196201,39.3285927],[-76.619619,39.3285927],[-76.6196182,39.3285824],[-76.6196198,39.3285824],[-76.6196188,39.3285695],[-76.6196405,39.3285686],[-76.6196409,39.3285765],[-76.6196419,39.3285896],[-76.6196419,39.3285914],[-76.6196427,39.3286031],[-76.6196432,39.3286108],[-76.6196493,39.3286105],[-76.6196507,39.3286105],[-76.6196511,39.3286185],[-76.6196528,39.3286437],[-76.6196535,39.3286527],[-76.6196547,39.3286716],[-76.6196554,39.3286804],[-76.6196559,39.3286894],[-76.6196581,39.3286893],[-76.6196673,39.3286888],[-76.6196707,39.3287386],[-76.6196667,39.3287387],[-76.6196098,39.3287411],[-76.6195997,39.3287415],[-76.6196004,39.3286117]]]}},{"type":"Feature","properties":{"layer":"Sidewalk","symbol":1,"class":"Other","_tile":"6/34/33"},"geometry":{"type":"Polygon","coordinates":[[[-76.6196409,39.3285765],[-76.6196951,39.3285745],[-76.619691,39.328467],[-76.6196881,39.3284411],[-76.6197334,39.3284413],[-76.6197352,39.3284667],[-76.6197412,39.3284663],[-76.6197492,39.3285724],[-76.619751,39.3285951],[-76.6197512,39.3286004],[-76.6196935,39.3286023],[-76.6196939,39.3286119],[-76.6196508,39.3286133],[-76.6196507,39.3286105],[-76.6196493,39.3286105],[-76.6196432,39.3286108],[-76.6196427,39.3286031],[-76.6196419,39.3285914],[-76.6196419,39.3285896],[-76.6196409,39.3285765]]]}},{"type":"Feature","properties":{"layer":"Sidewalk","_tile":"6/34/33"},"geometry":{"type":"Polygon","coordinates":[[[-76.6195997,39.3287415],[-76.6196098,39.3287411],[-76.6196156,39.3288242],[-76.6195992,39.3288249],[-76.6195997,39.3287415]]]}},{"type":"Feature","properties":{"layer":"Sidewalk","_tile":"6/34/33"},"geometry":{"type":"Polygon","coordinates":[[[-76.6196098,39.3287411],[-76.6196667,39.3287387],[-76.6196698,39.3287844],[-76.619671,39.3288017],[-76.6196719,39.3288218],[-76.619625,39.3288238],[-76.6196156,39.3288242],[-76.6196098,39.3287411]]]}},{"type":"Feature","properties":{"layer":"Sidewalk","_tile":"6/34/33"},"geometry":{"type":"Polygon","coordinates":[[[-76.6197477,39.3286965],[-76.6197116,39.3286982],[-76.619709,39.3286984],[-76.6196954,39.3286884],[-76.6196673,39.3286888],[-76.6196633,39.3286887],[-76.6196581,39.3286893],[-76.6196559,39.3286894],[-76.6196554,39.3286804],[-76.6196547,39.3286716],[-76.6196535,39.3286527],[-76.6196528,39.3286437],[-76.6196511,39.3286185],[-76.6196508,39.3286133],[-76.6196939,39.3286119],[-76.6196935,39.3286023],[-76.6197512,39.3286004],[-76.6197575,39.328697],[-76.6197477,39.3286965]]]}},{"type":"Feature","properties":{"layer":"Sidewalk","_tile":"6/34/33"},"geometry":{"type":"Polygon","coordinates":[[[-76.6200736,39.3289416],[-76.6200727,39.328937],[-76.6200668,39.3289318],[-76.6200612,39.3289292],[-76.6200509,39.3289339],[-76.6200231,39.3289452],[-76.6200222,39.3289456],[-76.6199699,39.3289454],[-76.6199846,39.3289404],[-76.6200075,39.3289326],[-76.6200238,39.3289266],[-76.6200449,39.3289185],[-76.6200862,39.3289017],[-76.6201024,39.3288945],[-76.6201205,39.3288861],[-76.6201364,39.3288782],[-76.6201487,39.3288717],[-76.6201579,39.3288664],[-76.6201693,39.3288593],[-76.6202017,39.3288378],[-76.6202211,39.3288243],[-76.6202474,39.3288054],[-76.6202473,39.3288292],[-76.6202393,39.3288346],[-76.6201983,39.3288632],[-76.6201863,39.3288711],[-76.6201817,39.328874],[-76.620096,39.3289458],[-76.620069,39.3289457],[-76.6200736,39.3289416]],[[-76.6197308,39.3289446],[-76.6197215,39.328828],[-76.6197133,39.3288289],[-76.6197135,39.3288299],[-76.6196971,39.3288296],[-76.6196877,39.3288303],[-76.6196874,39.3288242],[-76.6196855,39.3287841],[-76.6196852,39.3287803],[-76.6197176,39.3287791],[-76.6197116,39.3286982],[-76.6197477,39.3286965],[-76.6197483,39.328715],[-76.6197499,39.3287351],[-76.6197526,39.3287779],[-76.6197949,39.3287762],[-76.6198332,39.3287749],[-76.6198336,39.3287853],[-76.6201109,39.3287734],[-76.6202272,39.3287686],[-76.6202476,39.3287677],[-76.6202475,39.3287959],[-76.6198363,39.3288139],[-76.6198366,39.3288235],[-76.6198264,39.328824],[-76.6198304,39.3288389],[-76.6198381,39.328856],[-76.6198687,39.3289019],[-76.6199067,39.3289452],[-76.6198813,39.3289451],[-76.6198537,39.3289131],[-76.6198294,39.3288757],[-76.6198242,39.3288687],[-76.6198103,39.3288503],[-76.6198012,39.3288422],[-76.6197866,39.3288355],[-76.6197684,39.3288263],[-76.6197583,39.3288266],[-76.6197667,39.3289447],[-76.6197308,39.3289446]]]}},{"type":"Feature","properties":{"layer":"Sidewalk","symbol":1,"class":"Other","_tile":"6/34/34"},"geometry":{"type":"Polygon","coordinates":[[[-76.6200921,39.3279544],[-76.6200921,39.3279547],[-76.6200689,39.3279552],[-76.6200675,39.3279554],[-76.6200675,39.3279543],[-76.6200921,39.3279544]]]}},{"type":"Feature","properties":{"layer":"Sidewalk","symbol":1,"class":"Other","_tile":"6/34/34"},"geometry":{"type":"Polygon","coordinates":[[[-76.6196899,39.3284564],[-76.619685,39.3284147],[-76.6197348,39.3284123],[-76.6197386,39.3284122],[-76.6197397,39.3284289],[-76.6197383,39.3284289],[-76.6197391,39.3284388],[-76.6197332,39.328439],[-76.6197345,39.3284565],[-76.6196899,39.3284564]]]}},{"type":"Feature","properties":{"layer":"Sidewalk","_tile":"6/34/34"},"geometry":{"type":"Polygon","coordinates":[[[-76.6199032,39.3282692],[-76.6199204,39.3282689],[-76.6199517,39.3282683],[-76.6199718,39.3282711],[-76.6199709,39.3282753],[-76.6199721,39.3282991],[-76.6199724,39.3283061],[-76.619973,39.328334],[-76.6199429,39.3283351],[-76.6199401,39.3282919],[-76.6198953,39.3282929],[-76.6198937,39.3282694],[-76.6199032,39.3282692]]]}},{"type":"Feature","properties":{"layer":"Sidewalk","_tile":"6/34/34"},"geometry":{"type":"Polygon","coordinates":[[[-76.6199204,39.3282689],[-76.6199032,39.3282696],[-76.6199032,39.3282692],[-76.6198922,39.3281166],[-76.6198745,39.3281053],[-76.6198729,39.3280841],[-76.6199095,39.3281078],[-76.6199204,39.3282689]]]}},{"type":"Feature","properties":{"layer":"Sidewalk","_tile":"6/34/34"},"geometry":{"type":"Polygon","coordinates":[[[-76.62003,39.3282584],[-76.6200307,39.3282678],[-76.6200429,39.3282674],[-76.6200508,39.3282671],[-76.620101,39.3282655],[-76.6201504,39.3282639],[-76.6201405,39.3280865],[-76.6200188,39.3280913],[-76.62003,39.3282584]],[[-76.62025,39.328314],[-76.6202479,39.3283141],[-76.6202459,39.3282896],[-76.6202004,39.3282928],[-76.6201569,39.3282949],[-76.6200256,39.3283003],[-76.6200103,39.3283009],[-76.6200105,39.3282978],[-76.6200092,39.3282742],[-76.6200004,39.328137],[-76.6199894,39.3281381],[-76.6199679,39.3281389],[-76.6199544,39.3281385],[-76.6199507,39.3281049],[-76.619948,39.3280711],[-76.6199652,39.3280706],[-76.6200045,39.3280692],[-76.6200381,39.3280687],[-76.6200362,39.3280528],[-76.6200841,39.3280499],[-76.6200861,39.3280652],[-76.6201394,39.3280626],[-76.6201378,39.3280409],[-76.6201363,39.3280012],[-76.6201341,39.3279568],[-76.6201076,39.3279581],[-76.6201076,39.3279554],[-76.6201074,39.3279544],[-76.620165,39.3279546],[-76.6201705,39.3280442],[-76.6201738,39.3280495],[-76.6201789,39.3280521],[-76.6201827,39.3280533],[-76.6201867,39.3280532],[-76.6201936,39.3280499],[-76.6202283,39.328018],[-76.6202517,39.3279955],[-76.6202516,39.3280204],[-76.6202195,39.3280512],[-76.6202175,39.3280538],[-76.6202175,39.3280557],[-76.6202193,39.3280583],[-76.6202219,39.3280601],[-76.6202264,39.3280608],[-76.6202514,39.32806],[-76.6202513,39.3280821],[-76.6201742,39.3280853],[-76.6201842,39.3282308],[-76.6201862,39.3282627],[-76.6202436,39.3282613],[-76.6202431,39.328238],[-76.6202504,39.3282378],[-76.62025,39.328314]]]}},{"type":"Feature","properties":{"layer":"Sidewalk","_tile":"6/34/34"},"geometry":{"type":"Polygon","coordinates":[[[-76.6196028,39.3281471],[-76.6196039,39.3281471],[-76.6196031,39.3281369],[-76.6196548,39.3281344],[-76.6196561,39.3281512],[-76.6196525,39.3281515],[-76.6196573,39.3282145],[-76.6196025,39.3282164],[-76.6196028,39.3281471]]]}},{"type":"Feature","properties":{"layer":"Sidewalk","symbol":1,"class":"Other","_tile":"6/34/35"},"geometry":{"type":"Polygon","coordinates":[[[-76.6200652,39.327562],[-76.6200672,39.3275875],[-76.6200446,39.3275887],[-76.6200431,39.327563],[-76.6200652,39.327562]]]}},{"type":"Feature","properties":{"layer":"Sidewalk","symbol":1,"class":"Other","_tile":"6/34/35"},"geometry":{"type":"Polygon","coordinates":[[[-76.6200886,39.3279185],[-76.6200921,39.3279547],[-76.6200689,39.3279552],[-76.6200675,39.3279554],[-76.6200653,39.3279197],[-76.6200886,39.3279185]]]}},{"type":"Feature","properties":{"layer":"Sidewalk","symbol":1,"class":"Other","_tile":"6/34/35"},"geometry":{"type":"Polygon","coordinates":[[[-76.6199236,39.3274657],[-76.6199248,39.3274818],[-76.6198513,39.3274849],[-76.6198488,39.327485],[-76.6197747,39.3274876],[-76.6197731,39.3274652],[-76.6199236,39.3274657]]]}},{"type":"Feature","properties":{"layer":"Sidewalk","_tile":"6/34/35"},"geometry":{"type":"Polygon","coordinates":[[[-76.6200987,39.3277431],[-76.6201004,39.3277694],[-76.6200966,39.3277693],[-76.6200984,39.3278057],[-76.6200981,39.3278058],[-76.6200949,39.3278058],[-76.6200937,39.3278059],[-76.6200904,39.3278059],[-76.6200889,39.327806],[-76.6200748,39.3278063],[-76.6200684,39.3277059],[-76.6200842,39.3277055],[-76.6200878,39.3277053],[-76.6200904,39.3277053],[-76.6200916,39.3277052],[-76.620094,39.3277429],[-76.6200987,39.3277431]]]}},{"type":"Feature","properties":{"layer":"Sidewalk","_tile":"6/34/35"},"geometry":{"type":"Polygon","coordinates":[[[-76.6201283,39.3278336],[-76.6201302,39.3278656],[-76.6201304,39.327872],[-76.6201171,39.3278726],[-76.6201161,39.3278539],[-76.6201153,39.3278336],[-76.6201283,39.3278336]]]}},{"type":"Feature","properties":{"layer":"Sidewalk","_tile":"6/34/35"},"geometry":{"type":"Polygon","coordinates":[[[-76.6201157,39.3276346],[-76.6201181,39.3276751],[-76.6201049,39.3276765],[-76.6201022,39.327635],[-76.6201157,39.3276346]]]}},{"type":"Feature","properties":{"layer":"Sidewalk","_tile":"6/34/35"},"geometry":{"type":"Polygon","coordinates":[[[-76.6201348,39.3279698],[-76.6201341,39.3279568],[-76.6201076,39.3279581],[-76.6201076,39.3279554],[-76.6201069,39.327947],[-76.6201036,39.3279176],[-76.6201327,39.3279148],[-76.6201313,39.3278874],[-76.6201306,39.3278743],[-76.6201304,39.327872],[-76.6201302,39.3278656],[-76.6201283,39.3278336],[-76.6201276,39.3278203],[-76.620125,39.3277686],[-76.6201282,39.3277683],[-76.6201265,39.3277421],[-76.6201221,39.3277422],[-76.6201208,39.3277201],[-76.6201197,39.3277019],[-76.6201191,39.327691],[-76.6201181,39.3276751],[-76.6201157,39.3276346],[-76.6201158,39.3276334],[-76.6201148,39.3276182],[-76.6201132,39.3275918],[-76.620083,39.3275909],[-76.6200801,39.3275558],[-76.6201096,39.3275534],[-76.6201031,39.3274663],[-76.6201354,39.3274664],[-76.6201425,39.3275462],[-76.6201499,39.3275598],[-76.6202062,39.3276272],[-76.6202534,39.3276815],[-76.6202533,39.3277118],[-76.6202167,39.3276679],[-76.6201519,39.3275922],[-76.6201473,39.3275917],[-76.6201411,39.3275916],[-76.6201461,39.3276685],[-76.6201624,39.3279126],[-76.620169,39.3279129],[-76.6201719,39.3279534],[-76.620165,39.3279538],[-76.620166,39.3279699],[-76.6201348,39.3279698]]]}},{"type":"Feature","properties":{"layer":"Sidewalk","_tile":"6/34/36"},"geometry":{"type":"Polygon","coordinates":[[[-76.6200896,39.3272656],[-76.6200913,39.3273029],[-76.6200838,39.3273032],[-76.620081,39.3273035],[-76.6200806,39.3272876],[-76.6200799,39.3272784],[-76.6200794,39.3272665],[-76.6200896,39.3272656]]]}},{"type":"Feature","properties":{"layer":"Sidewalk","_tile":"6/34/36"},"geometry":{"type":"Polygon","coordinates":[[[-76.6200736,39.3270172],[-76.6200767,39.3270542],[-76.620067,39.3270551],[-76.6200656,39.3270354],[-76.6200654,39.3270175],[-76.6200736,39.3270172]]]}},{"type":"Feature","properties":{"layer":"Sidewalk","_tile":"6/34/36"},"geometry":{"type":"Polygon","coordinates":[[[-76.6200441,39.3271215],[-76.620049,39.3272025],[-76.6200332,39.3272034],[-76.6200176,39.3272045],[-76.6200167,39.3271939],[-76.620012,39.3271234],[-76.6200441,39.3271215]]]}},{"type":"Feature","properties":{"layer":"Sidewalk","_tile":"6/34/36"},"geometry":{"type":"MultiPolygon","coordinates":[[[[-76.6200222,39.3273689],[-76.6200448,39.327368],[-76.6200939,39.3273668],[-76.6200913,39.3273029],[-76.6200896,39.3272656],[-76.6200876,39.3272164],[-76.6200758,39.3272167],[-76.6200692,39.327107],[-76.620081,39.3271068],[-76.6200767,39.3270542],[-76.6200736,39.3270172],[-76.6200705,39.3269781],[-76.6201064,39.3269782],[-76.6201039,39.3269849],[-76.6201085,39.327102],[-76.6201166,39.3271023],[-76.6201221,39.3272148],[-76.6201162,39.3272153],[-76.6201219,39.3272895],[-76.6201276,39.3273658],[-76.6201401,39.3273653],[-76.6202551,39.3273609],[-76.620255,39.3273837],[-76.6201284,39.3273887],[-76.6201367,39.3274817],[-76.6201043,39.3274816],[-76.6201016,39.327444],[-76.6200815,39.3274451],[-76.6200615,39.3274463],[-76.620063,39.3274602],[-76.6199927,39.3274626],[-76.6199914,39.3274493],[-76.6199622,39.3274532],[-76.6199608,39.3274533],[-76.6199301,39.3274547],[-76.6199229,39.3274549],[-76.6199172,39.3273722],[-76.6200222,39.3273689]]],[[[-76.6200279,39.3274228],[-76.6200262,39.3273931],[-76.619955,39.3273956],[-76.6199567,39.3274254],[-76.6200279,39.3274228]]],[[[-76.6200974,39.3274207],[-76.6200957,39.3273909],[-76.6200475,39.3273925],[-76.6200494,39.3274223],[-76.6200974,39.3274207]]]]}},{"type":"Feature","properties":{"layer":"Sidewalk","symbol":1,"class":"Other","_tile":"6/34/36"},"geometry":{"type":"Polygon","coordinates":[[[-76.6196069,39.327387],[-76.6197676,39.327381],[-76.6197627,39.3273285],[-76.6197958,39.3273271],[-76.6197967,39.327336],[-76.6197985,39.3273656],[-76.6198008,39.3273656],[-76.6198008,39.3273675],[-76.6198025,39.3273675],[-76.6198069,39.3273673],[-76.6198074,39.3273753],[-76.6198098,39.3274119],[-76.6198024,39.3274136],[-76.6198064,39.3274612],[-76.6198103,39.327461],[-76.6198175,39.3274607],[-76.6199139,39.3274566],[-76.6199229,39.3274552],[-76.6199231,39.3274586],[-76.6199248,39.327481],[-76.6197741,39.3274805],[-76.619773,39.3274645],[-76.6197687,39.3274031],[-76.6196068,39.3274093],[-76.6196069,39.327387]]]}},{"type":"Feature","properties":{"layer":"Sidewalk","symbol":1,"class":"Other","_tile":"6/34/36"},"geometry":{"type":"Polygon","coordinates":[[[-76.6197787,39.3269772],[-76.6197807,39.3270032],[-76.6197402,39.3270051],[-76.619738,39.326977],[-76.6197787,39.3269772]]]}},{"type":"Feature","properties":{"layer":"Sidewalk","_tile":"6/34/37"},"geometry":{"type":"Polygon","coordinates":[[[-76.6202163,39.3267969],[-76.6202148,39.3267953],[-76.6201993,39.326796],[-76.6201993,39.3267806],[-76.6202066,39.3267804],[-76.6202068,39.3267662],[-76.6202106,39.3267661],[-76.6202163,39.326766],[-76.62022,39.3267664],[-76.620223,39.3267665],[-76.6202583,39.3267651],[-76.6202582,39.3267951],[-76.6202163,39.3267969]]]}},{"type":"Feature","properties":{"layer":"Sidewalk","_tile":"6/34/37"},"geometry":{"type":"Polygon","coordinates":[[[-76.6200718,39.3269934],[-76.6200683,39.3269514],[-76.6200665,39.3269507],[-76.6200646,39.3269501],[-76.6200645,39.3269444],[-76.6200627,39.3269029],[-76.6200677,39.3269039],[-76.620065,39.326875],[-76.6200862,39.3268738],[-76.6201051,39.326873],[-76.6201052,39.3268761],[-76.6201318,39.3268754],[-76.6202231,39.3268723],[-76.6202215,39.3268498],[-76.6201232,39.3268522],[-76.6201228,39.3268412],[-76.6201396,39.3268418],[-76.6202062,39.3268381],[-76.6202224,39.3268373],[-76.6202215,39.3268313],[-76.620258,39.3268298],[-76.6202576,39.3268946],[-76.6202231,39.3268959],[-76.6202223,39.326879],[-76.6201637,39.3268811],[-76.6200954,39.3268833],[-76.6200967,39.3268999],[-76.6200968,39.3269015],[-76.6202118,39.3268964],[-76.6202135,39.3269111],[-76.6202238,39.3269105],[-76.6202576,39.3269091],[-76.6202574,39.3269448],[-76.6201682,39.3269482],[-76.6201377,39.3269508],[-76.620126,39.3269584],[-76.6201147,39.3269666],[-76.6201113,39.3269697],[-76.6201092,39.3269723],[-76.6201068,39.3269768],[-76.6201039,39.3269849],[-76.6201041,39.3269935],[-76.6200718,39.3269934]]]}},{"type":"Feature","properties":{"layer":"Sidewalk","symbol":1,"class":"Other","_tile":"6/34/37"},"geometry":{"type":"Polygon","coordinates":[[[-76.6196986,39.3268374],[-76.6196975,39.3268353],[-76.619692,39.3268277],[-76.6196899,39.3268263],[-76.6196856,39.3268242],[-76.6196775,39.3268212],[-76.6196629,39.3268164],[-76.6196441,39.3268099],[-76.6196353,39.3268073],[-76.6196154,39.326802],[-76.6196101,39.3268001],[-76.6196101,39.3267857],[-76.6196365,39.3267939],[-76.6196782,39.3268074],[-76.6196929,39.326812],[-76.6196971,39.3268129],[-76.6197008,39.3268132],[-76.6197047,39.3268132],[-76.6197071,39.3268129],[-76.6197105,39.3268113],[-76.6197125,39.3268098],[-76.6197133,39.3268072],[-76.6197133,39.3268052],[-76.619713,39.3268039],[-76.6197113,39.3268017],[-76.6196971,39.3267876],[-76.6196739,39.3267623],[-76.6196601,39.3267482],[-76.6196468,39.3267357],[-76.6196353,39.3267256],[-76.619626,39.3267182],[-76.6196116,39.3267086],[-76.6196106,39.326708],[-76.6196107,39.3266792],[-76.6196181,39.3266828],[-76.6196269,39.3266877],[-76.6196349,39.3266927],[-76.619648,39.3267017],[-76.6196569,39.3267006],[-76.6196595,39.3266597],[-76.6196599,39.3266398],[-76.6196605,39.3266337],[-76.6196456,39.32662],[-76.6196266,39.3266283],[-76.619611,39.3266358],[-76.6196111,39.3266081],[-76.6196319,39.326597],[-76.6196554,39.3265835],[-76.6196722,39.3265726],[-76.6196948,39.326557],[-76.6197167,39.3265407],[-76.6197432,39.32652],[-76.6197657,39.326501],[-76.6197791,39.3264891],[-76.619819,39.3264892],[-76.6198199,39.3264911],[-76.6198212,39.3264922],[-76.619825,39.3264945],[-76.6198436,39.3264893],[-76.6199847,39.3264898],[-76.6199944,39.326493],[-76.6200106,39.3264995],[-76.6200175,39.3265027],[-76.6200233,39.3265057],[-76.6200418,39.3265176],[-76.620049,39.3265215],[-76.6200536,39.3265233],[-76.6200573,39.3265243],[-76.6200606,39.3265244],[-76.6200635,39.3265241],[-76.6200659,39.3265229],[-76.6200677,39.3265216],[-76.6200689,39.3265205],[-76.62007,39.3265192],[-76.6200706,39.3265176],[-76.6200724,39.3265105],[-76.6200702,39.32649],[-76.6200894,39.3264901],[-76.6200925,39.3265313],[-76.6200931,39.3265386],[-76.6201252,39.3265372],[-76.6201287,39.3265952],[-76.6201075,39.3265961],[-76.6201049,39.326567],[-76.6200922,39.3265676],[-76.6200748,39.3265685],[-76.6200574,39.3265511],[-76.6200409,39.3265383],[-76.6200302,39.3265305],[-76.6200212,39.3265251],[-76.6200091,39.3265189],[-76.6199958,39.3265127],[-76.6199845,39.3265079],[-76.6199741,39.3265046],[-76.6199606,39.3265011],[-76.6199572,39.3265005],[-76.6199463,39.3264982],[-76.6199339,39.3264964],[-76.6199284,39.3264959],[-76.6199219,39.3264957],[-76.6199066,39.3264961],[-76.6198882,39.3264974],[-76.6198697,39.3264996],[-76.6198568,39.326502],[-76.6198404,39.3265058],[-76.6198229,39.3265107],[-76.6198077,39.3265155],[-76.619796,39.3265201],[-76.6197817,39.3265266],[-76.6197672,39.326534],[-76.619756,39.3265405],[-76.6197509,39.3265439],[-76.6197452,39.3265483],[-76.619733,39.3265589],[-76.6197212,39.3265708],[-76.6197174,39.326575],[-76.6197159,39.3265766],[-76.6197117,39.3265818],[-76.6197086,39.3265862],[-76.6197054,39.3265916],[-76.6196989,39.3266047],[-76.6196927,39.3266202],[-76.6196884,39.3266342],[-76.6196869,39.3266423],[-76.6196857,39.3266528],[-76.6196852,39.3266641],[-76.6196853,39.3266743],[-76.6196862,39.3266819],[-76.6196881,39.3266909],[-76.6196908,39.3267004],[-76.6196946,39.3267108],[-76.619699,39.3267213],[-76.619704,39.3267317],[-76.6197092,39.3267411],[-76.6197142,39.3267488],[-76.6197176,39.3267529],[-76.6197218,39.3267577],[-76.6197334,39.3267688],[-76.6197487,39.326782],[-76.6197617,39.3267924],[-76.6197692,39.3267983],[-76.6197851,39.3268101],[-76.6198039,39.3268228],[-76.619804,39.3268228],[-76.6198212,39.3268334],[-76.6198287,39.3268376],[-76.6198355,39.326841],[-76.6198412,39.3268436],[-76.6198478,39.3268462],[-76.6198564,39.3268492],[-76.6198643,39.3268519],[-76.6198835,39.3268576],[-76.6199201,39.326868],[-76.6199578,39.3268788],[-76.6199811,39.3268851],[-76.619993,39.3268881],[-76.6200074,39.3268914],[-76.6200627,39.3269029],[-76.6200645,39.3269444],[-76.6200646,39.3269501],[-76.6200251,39.326936],[-76.6200184,39.3269339],[-76.6200115,39.3269316],[-76.619994,39.3269264],[-76.6199931,39.326926],[-76.6199525,39.3269143],[-76.6199458,39.3269124],[-76.6198992,39.3268996],[-76.6198606,39.3268897],[-76.6198482,39.3268868],[-76.6198332,39.3268837],[-76.6198212,39.3268814],[-76.6198126,39.3268802],[-76.6198077,39.3268799],[-76.6198016,39.3268798],[-76.6197756,39.3268803],[-76.6197718,39.3268892],[-76.6197313,39.3268911],[-76.619731,39.3268878],[-76.6197292,39.326873],[-76.6196417,39.3268762],[-76.6196097,39.3268777],[-76.6196098,39.3268435],[-76.6196528,39.3268426],[-76.6196982,39.3268405],[-76.6196986,39.3268374]]]}},{"type":"Feature","properties":{"layer":"Sidewalk","symbol":1,"class":"Other","_tile":"6/34/37"},"geometry":{"type":"Polygon","coordinates":[[[-76.6197335,39.326921],[-76.6197742,39.3269191],[-76.6197798,39.3269924],[-76.6197391,39.3269923],[-76.6197335,39.326921]]]}},{"type":"Feature","properties":{"layer":"Sidewalk","_tile":"6/34/38"},"geometry":{"type":"Polygon","coordinates":[[[-76.6202616,39.3261628],[-76.6202615,39.3261798],[-76.6202119,39.3262045],[-76.6202011,39.3261918],[-76.6202476,39.3261695],[-76.6202616,39.3261628]]]}},{"type":"Feature","properties":{"layer":"Sidewalk","symbol":1,"class":"Other","_tile":"6/34/38"},"geometry":{"type":"Polygon","coordinates":[[[-76.619989,39.3263138],[-76.6200043,39.3263028],[-76.6200163,39.3262945],[-76.6200289,39.3262861],[-76.6200351,39.3262819],[-76.6200523,39.3262706],[-76.6200573,39.3262675],[-76.6200617,39.3262648],[-76.6200774,39.3262557],[-76.6200891,39.326249],[-76.620101,39.3262425],[-76.620112,39.3262365],[-76.6201313,39.3262263],[-76.6201616,39.3262111],[-76.6202011,39.3261918],[-76.6202119,39.3262045],[-76.6202093,39.3262059],[-76.6201819,39.3262192],[-76.6201701,39.3262251],[-76.6201641,39.3262279],[-76.6201373,39.3262414],[-76.6201064,39.3262581],[-76.6200947,39.3262647],[-76.6200784,39.326274],[-76.6200595,39.3262859],[-76.6200538,39.3262895],[-76.6200417,39.3262976],[-76.6200045,39.3263267],[-76.619989,39.3263138]]]}},{"type":"Feature","properties":{"layer":"Sidewalk","symbol":1,"class":"Other","_tile":"6/34/38"},"geometry":{"type":"Polygon","coordinates":[[[-76.6199857,39.3263393],[-76.6200045,39.3263267],[-76.6200046,39.3263267],[-76.6200058,39.326328],[-76.619988,39.3263407],[-76.6199857,39.3263393]]]}},{"type":"Feature","properties":{"layer":"Sidewalk","symbol":1,"class":"Other","_tile":"6/34/38"},"geometry":{"type":"Polygon","coordinates":[[[-76.6197617,39.3265043],[-76.6197657,39.326501],[-76.6197915,39.3264783],[-76.6198519,39.3264208],[-76.6198624,39.3264117],[-76.619876,39.3264006],[-76.6199313,39.3263573],[-76.6199564,39.3263381],[-76.6199793,39.3263209],[-76.619989,39.3263138],[-76.6200045,39.3263267],[-76.6199857,39.3263393],[-76.6199627,39.3263561],[-76.6199623,39.3263566],[-76.6198772,39.3264218],[-76.6198316,39.3264597],[-76.6198228,39.3264703],[-76.6198203,39.326474],[-76.6198188,39.3264768],[-76.6198178,39.3264803],[-76.6198174,39.3264834],[-76.6198178,39.3264854],[-76.6198181,39.3264875],[-76.6198199,39.3264911],[-76.6198212,39.3264922],[-76.619825,39.3264945],[-76.6198443,39.3264891],[-76.6198551,39.3264867],[-76.6198677,39.3264842],[-76.6198803,39.3264823],[-76.6198906,39.326481],[-76.6198979,39.3264805],[-76.6199074,39.3264803],[-76.6199294,39.3264806],[-76.6199377,39.3264811],[-76.6199475,39.3264821],[-76.6199479,39.3264822],[-76.6199577,39.3264835],[-76.619966,39.3264847],[-76.619972,39.326486],[-76.6199789,39.3264878],[-76.6199944,39.326493],[-76.6200106,39.3264995],[-76.6200175,39.3265027],[-76.6200221,39.3265051],[-76.6199753,39.326505],[-76.6199741,39.3265046],[-76.6199606,39.3265011],[-76.6199572,39.3265005],[-76.6199463,39.3264982],[-76.6199339,39.3264964],[-76.6199284,39.3264959],[-76.6199219,39.3264957],[-76.6199066,39.3264961],[-76.6198882,39.3264974],[-76.6198697,39.3264996],[-76.6198568,39.326502],[-76.6198459,39.3265046],[-76.6197617,39.3265043]],[[-76.6200905,39.3265053],[-76.6200718,39.3265053],[-76.6200691,39.3264813],[-76.6200673,39.3264608],[-76.6200664,39.3264505],[-76.6200636,39.3264083],[-76.6200622,39.3264011],[-76.620061,39.3263987],[-76.6200587,39.3263962],[-76.6200436,39.3263842],[-76.6200574,39.3263744],[-76.6200659,39.3263799],[-76.6200723,39.3263828],[-76.620087,39.3263853],[-76.6201159,39.3263832],[-76.6201168,39.326401],[-76.6200941,39.3264019],[-76.6200898,39.3264054],[-76.6200859,39.3264117],[-76.6200849,39.3264323],[-76.6200905,39.3265053]]]}},{"type":"Feature","properties":{"layer":"Sidewalk","symbol":1,"class":"Other","_tile":"6/34/39"},"geometry":{"type":"Polygon","coordinates":[[[-76.6196865,39.3258792],[-76.6196538,39.3258535],[-76.6196629,39.3258464],[-76.6196719,39.3258535],[-76.6197064,39.3258269],[-76.6196983,39.3258206],[-76.6197062,39.3258145],[-76.6196732,39.3257887],[-76.619665,39.325795],[-76.6196554,39.3257874],[-76.6196859,39.3257638],[-76.6196957,39.3257713],[-76.6196887,39.3257768],[-76.6197216,39.3258025],[-76.6197299,39.3257962],[-76.6197374,39.3258021],[-76.6197679,39.3257786],[-76.6197635,39.325775],[-76.6197772,39.3257643],[-76.6198113,39.3257909],[-76.6197974,39.3258016],[-76.6197849,39.3257919],[-76.6197544,39.3258154],[-76.6197605,39.3258202],[-76.619752,39.3258267],[-76.6197851,39.3258525],[-76.6197927,39.3258468],[-76.6198034,39.3258552],[-76.6197689,39.3258818],[-76.6197582,39.3258734],[-76.6197684,39.3258655],[-76.6197354,39.3258396],[-76.6197289,39.3258445],[-76.6197208,39.3258382],[-76.6196863,39.3258647],[-76.6196958,39.325872],[-76.6196865,39.3258792]]]}},{"type":"Feature","properties":{"layer":"Sidewalk","symbol":1,"class":"Other","_tile":"6/34/39"},"geometry":{"type":"Polygon","coordinates":[[[-76.619897,39.3255141],[-76.6198595,39.3255427],[-76.6198381,39.3255259],[-76.6198383,39.3255256],[-76.6198546,39.3255132],[-76.619897,39.3255133],[-76.619897,39.3255141]],[[-76.6198359,39.3255241],[-76.6198278,39.3255176],[-76.619822,39.325513],[-76.61985,39.3255131],[-76.6198359,39.3255241]]]}},{"type":"Feature","properties":{"layer":"Sidewalk","symbol":1,"class":"Other","_tile":"6/34/40"},"geometry":{"type":"Polygon","coordinates":[[[-76.619986,39.3253941],[-76.6200314,39.3253593],[-76.6200411,39.3253839],[-76.6200873,39.3253789],[-76.6201027,39.3254303],[-76.6200046,39.3254495],[-76.6199988,39.325445],[-76.6200305,39.325417],[-76.619986,39.3253941]]]}},{"type":"Feature","properties":{"layer":"Sidewalk","symbol":1,"class":"Other","_tile":"6/34/40"},"geometry":{"type":"Polygon","coordinates":[[[-76.6196801,39.3252481],[-76.6196555,39.3252284],[-76.6196516,39.3252313],[-76.6196318,39.3252155],[-76.6196355,39.3252128],[-76.6196261,39.3252055],[-76.6196187,39.3251995],[-76.6196192,39.3251059],[-76.619623,39.325103],[-76.6196275,39.3250994],[-76.6196383,39.3251078],[-76.6196982,39.3251547],[-76.6197196,39.3251383],[-76.6197221,39.3251403],[-76.619745,39.3251594],[-76.6197476,39.3251615],[-76.6197483,39.325162],[-76.6197442,39.3251651],[-76.6197303,39.3251759],[-76.6197277,39.3251778],[-76.6197752,39.3252149],[-76.6196473,39.3253143],[-76.6196643,39.325328],[-76.6196926,39.3253509],[-76.6197005,39.3253575],[-76.6197139,39.3253475],[-76.6197364,39.3253669],[-76.6197334,39.3253691],[-76.619729,39.3253726],[-76.6197034,39.3253922],[-76.6196991,39.325389],[-76.6196814,39.3254025],[-76.6196235,39.3253568],[-76.6196188,39.3253532],[-76.6196178,39.3253539],[-76.6196181,39.3252958],[-76.6196443,39.3252759],[-76.6196396,39.3252721],[-76.6196639,39.3252536],[-76.6196682,39.3252569],[-76.6196801,39.3252481]],[[-76.6196196,39.3250243],[-76.6196678,39.3250245],[-76.6196616,39.3250291],[-76.6196396,39.3250464],[-76.6196469,39.3250518],[-76.6196193,39.3250722],[-76.6196196,39.3250243]]]}},{"type":"Feature","properties":{"layer":"Sidewalk","symbol":1,"class":"Other","_tile":"6/34/40"},"geometry":{"type":"MultiPolygon","coordinates":[[[[-76.6197364,39.3253669],[-76.6197139,39.3253475],[-76.6197073,39.3253423],[-76.6197197,39.3253327],[-76.6197308,39.3253414],[-76.6198746,39.3252302],[-76.6197644,39.3251443],[-76.619745,39.3251594],[-76.6197221,39.3251403],[-76.6197409,39.325126],[-76.6196813,39.325079],[-76.6196469,39.3250518],[-76.6196396,39.3250464],[-76.6196616,39.3250291],[-76.619766,39.3251103],[-76.619782,39.3250978],[-76.6198015,39.325113],[-76.6197854,39.3251258],[-76.6198532,39.3251777],[-76.6198992,39.3252127],[-76.6199654,39.3251629],[-76.620032,39.3251119],[-76.6200361,39.3251145],[-76.620046,39.325106],[-76.6200514,39.3250996],[-76.6200537,39.3250954],[-76.6200554,39.3250919],[-76.620057,39.3250858],[-76.6200576,39.3250803],[-76.6200575,39.3250766],[-76.6200565,39.3250675],[-76.6200691,39.3250678],[-76.6200689,39.3250738],[-76.620068,39.3250868],[-76.6200675,39.3250918],[-76.6200666,39.3250961],[-76.6200643,39.3251005],[-76.6200616,39.3251045],[-76.6200584,39.3251084],[-76.6200542,39.3251129],[-76.6200447,39.3251226],[-76.6201124,39.3251757],[-76.6201754,39.3252255],[-76.620238,39.325179],[-76.6202669,39.3251597],[-76.6202668,39.3251819],[-76.6202533,39.3251913],[-76.6202326,39.3252068],[-76.6201456,39.3252718],[-76.6200314,39.3253593],[-76.619986,39.3253941],[-76.6199046,39.325457],[-76.6199022,39.3254605],[-76.619897,39.3255141],[-76.6198782,39.3255285],[-76.6198414,39.3255284],[-76.6198381,39.3255259],[-76.6198383,39.3255256],[-76.6198887,39.325487],[-76.619887,39.3254857],[-76.6198865,39.3254853],[-76.6198791,39.3254795],[-76.6198606,39.3254938],[-76.6198679,39.3254995],[-76.6198359,39.3255241],[-76.6198278,39.3255176],[-76.6198087,39.3255028],[-76.6198273,39.3254885],[-76.6198238,39.3254858],[-76.6198378,39.3254748],[-76.6198557,39.3254612],[-76.619848,39.3254551],[-76.6198479,39.3254551],[-76.6198473,39.3254545],[-76.619861,39.3254439],[-76.6198512,39.3254363],[-76.6198185,39.3254614],[-76.6197851,39.325435],[-76.6197755,39.3254424],[-76.6197603,39.3254304],[-76.6197693,39.3254234],[-76.6197321,39.3253941],[-76.6197355,39.3253916],[-76.6197657,39.3253683],[-76.6197582,39.3253623],[-76.6197441,39.325373],[-76.6197425,39.3253716],[-76.6197364,39.3253669]]],[[[-76.6199801,39.3253738],[-76.6199723,39.3253685],[-76.6199667,39.3253644],[-76.6199578,39.3253567],[-76.6199519,39.3253496],[-76.6199467,39.3253416],[-76.6199432,39.3253351],[-76.619942,39.3253275],[-76.619942,39.3253236],[-76.6199439,39.3253098],[-76.619946,39.3253],[-76.6199463,39.3252954],[-76.6199454,39.3252875],[-76.6199435,39.325283],[-76.6199407,39.3252787],[-76.6199336,39.3252712],[-76.6199253,39.3252651],[-76.6199201,39.3252619],[-76.6199083,39.3252553],[-76.6198988,39.3252495],[-76.61989,39.3252428],[-76.6197612,39.3253414],[-76.6198909,39.3254434],[-76.6199801,39.3253738]]],[[[-76.6201596,39.3252373],[-76.6200303,39.3251362],[-76.6199123,39.3252247],[-76.6199201,39.3252306],[-76.6199279,39.3252354],[-76.6199327,39.3252381],[-76.6199392,39.3252417],[-76.6199463,39.3252459],[-76.6199579,39.3252544],[-76.6199686,39.3252658],[-76.6199733,39.3252734],[-76.6199772,39.3252821],[-76.6199787,39.325295],[-76.619978,39.3253028],[-76.6199768,39.3253089],[-76.6199747,39.3253212],[-76.6199742,39.3253263],[-76.6199747,39.3253286],[-76.619976,39.3253312],[-76.6199798,39.3253371],[-76.6199835,39.3253413],[-76.6199899,39.325347],[-76.6199939,39.3253499],[-76.6200034,39.325356],[-76.6201596,39.3252373]]],[[[-76.6202672,39.3251058],[-76.6202672,39.3251102],[-76.6202646,39.3251078],[-76.6202672,39.3251058]]]]}},{"type":"Feature","properties":{"layer":"Sidewalk","symbol":1,"class":"Other","_tile":"6/34/41"},"geometry":{"type":"Polygon","coordinates":[[[-76.6201313,39.3245613],[-76.6201409,39.3245644],[-76.620159,39.3245704],[-76.6201349,39.3245842],[-76.6201399,39.3246186],[-76.6201437,39.3246249],[-76.6201374,39.3246261],[-76.6201319,39.324627],[-76.620122,39.3246289],[-76.6201105,39.3246312],[-76.6200962,39.3246343],[-76.6200862,39.3246134],[-76.6200601,39.3245941],[-76.6200802,39.3245675],[-76.6200859,39.324562],[-76.620091,39.324559],[-76.6200966,39.3245566],[-76.6201036,39.3245559],[-76.6201118,39.324556],[-76.6201197,39.3245579],[-76.6201313,39.3245613]]]}},{"type":"Feature","properties":{"layer":"Sidewalk","symbol":1,"class":"Other","_tile":"6/34/41"},"geometry":{"type":"Polygon","coordinates":[[[-76.62026,39.3246762],[-76.62026,39.3246857],[-76.6202598,39.3246944],[-76.6202432,39.3246943],[-76.6202255,39.3246946],[-76.6202206,39.3246949],[-76.620211,39.3246954],[-76.6201998,39.3246963],[-76.6201907,39.3246971],[-76.6201823,39.3246981],[-76.6201717,39.3246995],[-76.6201672,39.3247002],[-76.6201623,39.324701],[-76.6201511,39.3247032],[-76.620139,39.3247058],[-76.620127,39.3247086],[-76.6201113,39.3247129],[-76.6200882,39.3247205],[-76.6200706,39.3247271],[-76.6200598,39.3247315],[-76.6200526,39.3247346],[-76.6200463,39.3247374],[-76.6200398,39.3247405],[-76.6200347,39.3247436],[-76.6200275,39.3247487],[-76.6200151,39.3247655],[-76.6199913,39.3247401],[-76.6200033,39.3247363],[-76.6200164,39.3247295],[-76.6200293,39.3247236],[-76.6200478,39.3247158],[-76.6200667,39.3247082],[-76.6200773,39.3247044],[-76.6200873,39.324701],[-76.620105,39.3246956],[-76.6201163,39.3246924],[-76.6201257,39.3246899],[-76.62013,39.3246891],[-76.6201067,39.3246785],[-76.6201083,39.3246781],[-76.6201152,39.3246763],[-76.6201246,39.3246741],[-76.6201411,39.3246708],[-76.620147,39.3246697],[-76.62015,39.3246693],[-76.6201401,39.324687],[-76.6201573,39.3246838],[-76.6201629,39.3246829],[-76.6201731,39.3246814],[-76.6201774,39.3246808],[-76.6201819,39.3246803],[-76.6201982,39.3246788],[-76.6202157,39.3246776],[-76.6202307,39.3246768],[-76.6202404,39.3246765],[-76.62026,39.3246762]]]}},{"type":"Feature","properties":{"layer":"Sidewalk","symbol":1,"class":"Other","_tile":"6/34/41"},"geometry":{"type":"Polygon","coordinates":[[[-76.6200984,39.3248251],[-76.6201194,39.3248336],[-76.6201271,39.3248355],[-76.6201298,39.3248357],[-76.6201329,39.3248354],[-76.6201358,39.3248346],[-76.6201446,39.3248296],[-76.6201355,39.3248421],[-76.6201324,39.324845],[-76.6201301,39.3248459],[-76.6201264,39.3248455],[-76.6200938,39.3248326],[-76.6200984,39.3248251]]]}},{"type":"Feature","properties":{"layer":"Sidewalk","symbol":1,"class":"Other","_tile":"6/34/41"},"geometry":{"type":"Polygon","coordinates":[[[-76.6196197,39.3250011],[-76.6196327,39.3249912],[-76.6196531,39.3250074],[-76.6197904,39.3249032],[-76.6198714,39.3248424],[-76.6198887,39.3248211],[-76.6198961,39.3248261],[-76.6199153,39.3248431],[-76.619889,39.3248555],[-76.6198814,39.3248612],[-76.6199122,39.3248856],[-76.6198992,39.3248954],[-76.6198684,39.3248712],[-76.6197279,39.3249788],[-76.6196616,39.3250291],[-76.6196482,39.3250397],[-76.6196195,39.3250396],[-76.6196197,39.3250011]]]}},{"type":"Feature","properties":{"layer":"Sidewalk","symbol":1,"class":"Other","_tile":"6/34/41"},"geometry":{"type":"Polygon","coordinates":[[[-76.619621,39.3247545],[-76.6196796,39.3247098],[-76.619709,39.3246877],[-76.6197324,39.3246699],[-76.6197637,39.3246457],[-76.6197805,39.3246321],[-76.6197934,39.3246209],[-76.6198089,39.3246071],[-76.619823,39.3245942],[-76.61983,39.3245874],[-76.6198375,39.3245797],[-76.6198459,39.3245709],[-76.6198587,39.324557],[-76.6198729,39.3245409],[-76.619876,39.324537],[-76.6199047,39.3245371],[-76.6198991,39.324544],[-76.61989,39.3245548],[-76.6198786,39.3245678],[-76.6198742,39.3245724],[-76.6198721,39.3245749],[-76.6198656,39.3245819],[-76.619853,39.3245952],[-76.6198417,39.3246062],[-76.6198324,39.3246147],[-76.6198167,39.3246289],[-76.6198022,39.3246416],[-76.6197856,39.3246552],[-76.6197762,39.3246627],[-76.6197495,39.3246833],[-76.6197378,39.3246921],[-76.619726,39.3247012],[-76.6197198,39.3247058],[-76.6196962,39.3247236],[-76.619695,39.3247244],[-76.6196209,39.324781],[-76.619621,39.3247545]]]}},{"type":"Feature","properties":{"layer":"Sidewalk","symbol":1,"class":"Other","_tile":"6/34/41"},"geometry":{"type":"Polygon","coordinates":[[[-76.6196482,39.3250397],[-76.6196616,39.3250291],[-76.6196754,39.3250397],[-76.6196482,39.3250397]]]}},{"type":"Feature","properties":{"layer":"Sidewalk","_tile":"6/34/41"},"geometry":{"type":"Polygon","coordinates":[[[-76.6202694,39.3246945],[-76.6202598,39.3246944],[-76.62026,39.3246857],[-76.62026,39.3246762],[-76.6202695,39.3246762],[-76.6202694,39.3246945]]]}},{"type":"Feature","properties":{"layer":"Sidewalk","symbol":1,"class":"Other","_tile":"6/34/42"},"geometry":{"type":"Polygon","coordinates":[[[-76.6200691,39.3240496],[-76.6200696,39.3240533],[-76.6200723,39.3240828],[-76.6200742,39.3241087],[-76.6200745,39.324117],[-76.6200747,39.3241218],[-76.6200751,39.3241365],[-76.6200751,39.3241411],[-76.6200654,39.3241416],[-76.6200426,39.3241419],[-76.6200422,39.3241311],[-76.6200409,39.324115],[-76.6200403,39.3241105],[-76.6200398,39.3241059],[-76.6200381,39.3240918],[-76.6200362,39.3240781],[-76.6200348,39.3240696],[-76.6200347,39.3240695],[-76.6200321,39.3240547],[-76.6200309,39.3240495],[-76.6200691,39.3240496]]]}},{"type":"Feature","properties":{"layer":"Sidewalk","symbol":1,"class":"Other","_tile":"6/34/42"},"geometry":{"type":"Polygon","coordinates":[[[-76.6202707,39.3243761],[-76.6202711,39.3243769],[-76.6202709,39.3244127],[-76.6202182,39.3244676],[-76.6202039,39.3244884],[-76.6201846,39.3244828],[-76.6201736,39.3244794],[-76.6201664,39.3244769],[-76.6201949,39.3244619],[-76.6202707,39.3243761]]]}},{"type":"Feature","properties":{"layer":"Sidewalk","symbol":1,"class":"Other","_tile":"6/34/42"},"geometry":{"type":"Polygon","coordinates":[[[-76.6202717,39.3242668],[-76.6202713,39.3242658],[-76.6202672,39.3242572],[-76.6202637,39.3242497],[-76.6202531,39.324225],[-76.6202494,39.324216],[-76.6202432,39.3242002],[-76.6202405,39.3241922],[-76.6202388,39.3241878],[-76.6202319,39.3241667],[-76.6202313,39.3241643],[-76.6202299,39.3241601],[-76.6202289,39.3241564],[-76.6202269,39.3241489],[-76.6202257,39.3241446],[-76.6202212,39.324126],[-76.6202176,39.3241094],[-76.6202158,39.3240998],[-76.620213,39.324082],[-76.6202117,39.3240721],[-76.620209,39.3240513],[-76.6202089,39.32405],[-76.6202242,39.3240501],[-76.6202242,39.3240503],[-76.6202257,39.3240615],[-76.6202262,39.3240661],[-76.6202269,39.3240708],[-76.6202275,39.3240758],[-76.6202303,39.3240944],[-76.6202324,39.3241058],[-76.6202342,39.3241145],[-76.6202373,39.3241285],[-76.6202396,39.3241378],[-76.6202438,39.3241539],[-76.6202474,39.324166],[-76.6202504,39.3241753],[-76.6202551,39.3241891],[-76.6202592,39.3242003],[-76.6202622,39.3242082],[-76.6202645,39.3242135],[-76.6202695,39.3242258],[-76.6202719,39.3242314],[-76.6202717,39.3242668]]]}},{"type":"Feature","properties":{"layer":"Sidewalk","symbol":1,"class":"Other","_tile":"6/34/42"},"geometry":{"type":"Polygon","coordinates":[[[-76.6198629,39.3245523],[-76.6198729,39.3245409],[-76.6198818,39.3245298],[-76.6198959,39.3245119],[-76.6199076,39.3244965],[-76.6199137,39.3244883],[-76.6199214,39.3244775],[-76.6199234,39.3244745],[-76.6199267,39.3244701],[-76.6199345,39.3244586],[-76.619946,39.3244396],[-76.619951,39.3244308],[-76.6199585,39.3244168],[-76.6199686,39.3243994],[-76.6199711,39.3243935],[-76.6199722,39.3243895],[-76.619972,39.3243889],[-76.6199718,39.3243857],[-76.6199705,39.3243813],[-76.6199681,39.3243765],[-76.6199652,39.3243729],[-76.6199599,39.3243695],[-76.6199849,39.3243102],[-76.6199929,39.3243088],[-76.6199992,39.3243068],[-76.6200059,39.3243033],[-76.62001,39.3242995],[-76.6200126,39.324295],[-76.6200148,39.3242899],[-76.6200183,39.3242812],[-76.6200225,39.3242705],[-76.6200274,39.3242577],[-76.6200297,39.3242505],[-76.6200303,39.3242479],[-76.6200308,39.3242464],[-76.6200332,39.3242374],[-76.6200353,39.324228],[-76.6200379,39.3242156],[-76.6200391,39.3242076],[-76.6200404,39.3241983],[-76.6200419,39.3241839],[-76.6200419,39.3241827],[-76.6200425,39.3241752],[-76.6200429,39.3241677],[-76.6200428,39.324149],[-76.6200425,39.3241441],[-76.6200426,39.3241419],[-76.6200654,39.3241416],[-76.6200656,39.324164],[-76.6200651,39.3241817],[-76.6200641,39.3241964],[-76.6200613,39.3242245],[-76.6200575,39.324241],[-76.6200552,39.3242504],[-76.6200527,39.3242587],[-76.6200499,39.324267],[-76.6200426,39.3242858],[-76.6200394,39.3242934],[-76.6200258,39.3243214],[-76.6200236,39.3243277],[-76.6200202,39.3243366],[-76.6200129,39.3243547],[-76.6200078,39.3243668],[-76.6200026,39.3243781],[-76.6200008,39.3243825],[-76.6199986,39.3243871],[-76.6199966,39.3243918],[-76.6199942,39.3243966],[-76.619991,39.3244038],[-76.6199857,39.3244148],[-76.619978,39.3244297],[-76.6199707,39.3244427],[-76.6199656,39.3244517],[-76.6199583,39.3244638],[-76.6199538,39.3244707],[-76.6199479,39.324479],[-76.6199448,39.3244836],[-76.6199332,39.3244997],[-76.6199541,39.3245089],[-76.6199493,39.3245152],[-76.6199466,39.3245189],[-76.6199337,39.3245357],[-76.6199132,39.3245261],[-76.6199061,39.3245354],[-76.6198991,39.324544],[-76.6198922,39.3245524],[-76.6198629,39.3245523]]]}},{"type":"Feature","properties":{"layer":"Sidewalk","_tile":"6/34/42"},"geometry":{"type":"Polygon","coordinates":[[[-76.619892,39.32438],[-76.6199392,39.324269],[-76.6199399,39.3242693],[-76.6199472,39.3242711],[-76.619954,39.324255],[-76.6197561,39.3242042],[-76.6196955,39.3243465],[-76.6198924,39.3243971],[-76.6198989,39.3243819],[-76.619892,39.32438]],[[-76.6199642,39.3243048],[-76.6199392,39.3243643],[-76.6199286,39.3243895],[-76.6199107,39.3243849],[-76.6199004,39.3244088],[-76.6196801,39.3243522],[-76.6197482,39.3241921],[-76.6199699,39.3242491],[-76.6199593,39.3242742],[-76.6199754,39.3242783],[-76.6199642,39.3243048]]]}},{"type":"Feature","properties":{"layer":"Sidewalk","symbol":1,"class":"Other","_tile":"6/34/43"},"geometry":{"type":"Polygon","coordinates":[[[-76.6197373,39.3236092],[-76.6197153,39.3235937],[-76.619697,39.323581],[-76.6196912,39.3235771],[-76.6196764,39.3235674],[-76.6196658,39.3235611],[-76.6196643,39.3235602],[-76.6197042,39.3235603],[-76.6197075,39.3235625],[-76.619732,39.3235794],[-76.6197491,39.3235914],[-76.6197771,39.3236106],[-76.6197833,39.3236148],[-76.6197942,39.3236227],[-76.6198041,39.3236304],[-76.6198095,39.3236347],[-76.6198261,39.3236488],[-76.6198371,39.3236583],[-76.6198512,39.3236713],[-76.6198553,39.3236753],[-76.6198599,39.3236796],[-76.6198792,39.3236992],[-76.6198919,39.3237124],[-76.6199073,39.3237289],[-76.6199201,39.3237431],[-76.6199241,39.3237478],[-76.6199277,39.3237522],[-76.619934,39.3237604],[-76.6199405,39.3237696],[-76.6199474,39.3237795],[-76.6199872,39.3237671],[-76.6199913,39.3237736],[-76.6199702,39.3237926],[-76.6199761,39.3238021],[-76.6200057,39.3237972],[-76.6200098,39.3238044],[-76.6199708,39.3238185],[-76.6199786,39.3238327],[-76.6199834,39.323842],[-76.619988,39.3238508],[-76.6199918,39.3238587],[-76.6199989,39.3238747],[-76.6200046,39.3238883],[-76.620014,39.3239114],[-76.6200202,39.3239275],[-76.6200214,39.3239312],[-76.6200245,39.3239393],[-76.6200293,39.3239529],[-76.6200326,39.3239625],[-76.6200356,39.3239718],[-76.6200358,39.3239719],[-76.6200424,39.3239931],[-76.6200468,39.3240096],[-76.6200646,39.3240087],[-76.6200658,39.3240181],[-76.6200684,39.3240421],[-76.6200696,39.3240533],[-76.6200706,39.3240648],[-76.6200339,39.3240647],[-76.6200321,39.3240547],[-76.6200282,39.3240368],[-76.620026,39.3240274],[-76.6200213,39.324009],[-76.6200182,39.3239973],[-76.6200159,39.3239898],[-76.6200132,39.3239812],[-76.6200111,39.3239752],[-76.6200102,39.3239721],[-76.6200069,39.3239626],[-76.6200053,39.323958],[-76.6199976,39.3239364],[-76.6199936,39.3239254],[-76.6199886,39.3239126],[-76.6199772,39.3238852],[-76.6199734,39.3238766],[-76.6199717,39.3238726],[-76.6199684,39.3238653],[-76.6199666,39.3238617],[-76.6199648,39.3238578],[-76.6199581,39.3238446],[-76.6199531,39.3238353],[-76.6199481,39.3238261],[-76.6199408,39.3238132],[-76.6199365,39.3238059],[-76.6199315,39.3237978],[-76.6199221,39.3237836],[-76.6199155,39.3237742],[-76.6199125,39.32377],[-76.6199067,39.3237625],[-76.6198995,39.323754],[-76.6198913,39.3237448],[-76.6198907,39.323744],[-76.619887,39.3237401],[-76.6198753,39.3237273],[-76.619864,39.3237155],[-76.619845,39.3236963],[-76.6198308,39.3236824],[-76.6198183,39.323671],[-76.6197968,39.3236524],[-76.6197863,39.3236438],[-76.6197769,39.3236366],[-76.6197667,39.3236292],[-76.6197577,39.3236229],[-76.6197543,39.3236208],[-76.6197373,39.3236092]]]}},{"type":"Feature","properties":{"layer":"Sidewalk","symbol":1,"class":"Other","_tile":"6/34/43"},"geometry":{"type":"Polygon","coordinates":[[[-76.619697,39.323581],[-76.6197153,39.3235937],[-76.6197373,39.3236092],[-76.6196797,39.3236876],[-76.6196721,39.3236996],[-76.6196616,39.3237168],[-76.6196597,39.3237202],[-76.6196552,39.3237279],[-76.6196466,39.3237422],[-76.6196444,39.3237472],[-76.6196405,39.3237567],[-76.6196346,39.3237721],[-76.6196332,39.323776],[-76.6196304,39.3237847],[-76.6196262,39.3237989],[-76.6196265,39.3237313],[-76.6196343,39.3237169],[-76.6196389,39.3237087],[-76.6196411,39.3237051],[-76.6196515,39.3236882],[-76.6196577,39.3236785],[-76.6197015,39.3236189],[-76.6197049,39.3236142],[-76.6196273,39.3235943],[-76.6196274,39.3235721],[-76.6196481,39.3235773],[-76.619657,39.3235796],[-76.6196622,39.3235808],[-76.6196881,39.3235874],[-76.619697,39.323581]]]}},{"type":"Feature","properties":{"layer":"Sidewalk","symbol":1,"class":"Other","_tile":"6/34/43"},"geometry":{"type":"Polygon","coordinates":[[[-76.6202108,39.3240653],[-76.620209,39.3240513],[-76.6202088,39.3240474],[-76.6202074,39.3240356],[-76.6202072,39.3240312],[-76.6202046,39.3240032],[-76.6201987,39.32393],[-76.6201914,39.3238217],[-76.6201881,39.323776],[-76.6201793,39.3236492],[-76.6201738,39.3235618],[-76.6201894,39.3235619],[-76.6201945,39.3236487],[-76.6202066,39.323821],[-76.6202137,39.3239273],[-76.6202197,39.3240024],[-76.6202228,39.3240347],[-76.6202228,39.3240359],[-76.6202231,39.3240389],[-76.6202242,39.3240503],[-76.6202257,39.3240615],[-76.6202262,39.3240653],[-76.6202108,39.3240653]]]}},{"type":"Feature","properties":{"layer":"Sidewalk","symbol":1,"class":"Other","_tile":"6/34/43"},"geometry":{"type":"Polygon","coordinates":[[[-76.6199913,39.3237736],[-76.6200001,39.3237878],[-76.6200057,39.3237972],[-76.6199761,39.3238021],[-76.6199702,39.3237926],[-76.6199913,39.3237736]]]}},{"type":"Feature","properties":{"layer":"Sidewalk","symbol":1,"class":"Other","_tile":"6/35/32"},"geometry":{"type":"Polygon","coordinates":[[[-76.619042,39.3292126],[-76.6190434,39.3292071],[-76.61907,39.3292267],[-76.6191021,39.3292831],[-76.6190914,39.3292785],[-76.619076,39.3292751],[-76.6190682,39.3292779],[-76.6190656,39.3292789],[-76.6190605,39.3292866],[-76.6190436,39.3293416],[-76.6190427,39.3293442],[-76.6190345,39.3293754],[-76.619031,39.3293966],[-76.6190216,39.3294156],[-76.6190191,39.3294209],[-76.6190148,39.3294304],[-76.6189785,39.3294303],[-76.6189855,39.3294148],[-76.6189676,39.3294187],[-76.6189676,39.3294072],[-76.6189818,39.3294024],[-76.6189899,39.3293969],[-76.6189966,39.3293862],[-76.6190128,39.329332],[-76.6190235,39.3292877],[-76.619042,39.3292126]]]}},{"type":"Feature","properties":{"layer":"Sidewalk","symbol":1,"class":"Other","_tile":"6/35/32"},"geometry":{"type":"Polygon","coordinates":[[[-76.6195632,39.3289288],[-76.6195645,39.3289478],[-76.6196182,39.3289456],[-76.619617,39.3291685],[-76.6195805,39.3291702],[-76.6195897,39.3292902],[-76.6196164,39.329289],[-76.6196161,39.3293397],[-76.6196053,39.3293402],[-76.6195882,39.3293407],[-76.6195893,39.329364],[-76.6195895,39.3293679],[-76.6195825,39.3293682],[-76.6195375,39.3293699],[-76.6195358,39.3293438],[-76.6195555,39.329343],[-76.6195415,39.3291347],[-76.6195515,39.3291342],[-76.6195416,39.3289854],[-76.6195308,39.3289858],[-76.6195277,39.3289399],[-76.619527,39.3289287],[-76.6195632,39.3289288]]]}},{"type":"Feature","properties":{"layer":"Sidewalk","_tile":"6/35/32"},"geometry":{"type":"Polygon","coordinates":[[[-76.6190489,39.3293936],[-76.619031,39.3293966],[-76.6190345,39.3293754],[-76.6190562,39.329374],[-76.6190798,39.3293724],[-76.619105,39.329369],[-76.6191231,39.3293688],[-76.6191449,39.3293617],[-76.619145,39.329356],[-76.6191211,39.3293151],[-76.6191205,39.3293143],[-76.6191021,39.3292831],[-76.61907,39.3292267],[-76.6190434,39.3292071],[-76.6190345,39.329202],[-76.6190283,39.3291984],[-76.6190288,39.329194],[-76.6190337,39.3291585],[-76.6190352,39.3291308],[-76.6190332,39.3290862],[-76.6190277,39.3290484],[-76.6190248,39.3290406],[-76.6190194,39.3290299],[-76.6190177,39.3290236],[-76.6190132,39.3290076],[-76.6190096,39.3289963],[-76.6190062,39.3289877],[-76.6190025,39.3289784],[-76.618994,39.3289592],[-76.6189846,39.3289401],[-76.6189829,39.328937],[-76.6189785,39.3289286],[-76.6189776,39.3289269],[-76.6191045,39.3289273],[-76.6190954,39.328985],[-76.6190736,39.328983],[-76.6190722,39.328993],[-76.6190731,39.3290019],[-76.6190857,39.3290153],[-76.6190932,39.329022],[-76.6190958,39.3290239],[-76.6190979,39.3290251],[-76.6191031,39.3290267],[-76.6191125,39.3290283],[-76.6192078,39.3290249],[-76.6192222,39.3290247],[-76.619223,39.329032],[-76.6192411,39.3290316],[-76.6192701,39.3290307],[-76.6192706,39.3290405],[-76.6192756,39.3291133],[-76.6192753,39.3291146],[-76.6192291,39.3291163],[-76.6192286,39.3291222],[-76.6191117,39.3291287],[-76.6191026,39.3291319],[-76.6190978,39.3291343],[-76.6190952,39.3291366],[-76.6190924,39.3291398],[-76.6190895,39.3291439],[-76.6190873,39.3291479],[-76.6190864,39.3291511],[-76.6190854,39.3291557],[-76.6191126,39.3292176],[-76.619146,39.3292811],[-76.6191545,39.3292956],[-76.6191694,39.3293202],[-76.6191779,39.3293346],[-76.6191819,39.329338],[-76.6191938,39.3293484],[-76.6191978,39.3293514],[-76.6192022,39.3293539],[-76.6192073,39.3293557],[-76.6192126,39.3293568],[-76.619218,39.3293573],[-76.6192267,39.3293567],[-76.6192916,39.3293572],[-76.6192936,39.3293842],[-76.619253,39.3293874],[-76.6192494,39.3293884],[-76.6192462,39.3293899],[-76.6192433,39.3293917],[-76.6192408,39.3293939],[-76.6192388,39.3293964],[-76.6192374,39.3293992],[-76.6192372,39.3293999],[-76.6192372,39.3294007],[-76.6192374,39.3294016],[-76.6192389,39.3294043],[-76.6192409,39.3294069],[-76.6192435,39.3294093],[-76.6192465,39.3294114],[-76.6192498,39.329413],[-76.6192697,39.3294181],[-76.6193195,39.3294314],[-76.619199,39.329431],[-76.6191906,39.329422],[-76.6191848,39.3294154],[-76.6191809,39.3294128],[-76.6191715,39.3294071],[-76.6191628,39.3294023],[-76.6191539,39.3293981],[-76.6191374,39.3293916],[-76.6191302,39.3293893],[-76.6191248,39.329388],[-76.6191218,39.3293874],[-76.6191193,39.329387],[-76.6191166,39.3293867],[-76.6191101,39.3293865],[-76.6191023,39.3293863],[-76.6190909,39.3293863],[-76.6190489,39.3293936]],[[-76.6196161,39.3293397],[-76.6196156,39.3294323],[-76.6196145,39.3294323],[-76.619609,39.3293688],[-76.6196089,39.3293674],[-76.6196067,39.3293675],[-76.6196053,39.3293402],[-76.6196161,39.3293397]]]}},{"type":"Feature","properties":{"layer":"Sidewalk","symbol":1,"class":"Other","_tile":"6/35/33"},"geometry":{"type":"Polygon","coordinates":[[[-76.6192739,39.3286108],[-76.6192743,39.3286188],[-76.6192603,39.3286197],[-76.6192456,39.3286196],[-76.6192302,39.3286186],[-76.6192221,39.3286174],[-76.6192125,39.3286154],[-76.619201,39.3286133],[-76.6191915,39.3286117],[-76.6191913,39.3286116],[-76.6191867,39.3286105],[-76.619183,39.3286093],[-76.6191763,39.3286061],[-76.619168,39.3286014],[-76.6191607,39.3285966],[-76.6191552,39.3285924],[-76.6191488,39.3285858],[-76.6191383,39.3285733],[-76.619129,39.328563],[-76.6191149,39.3285472],[-76.6191073,39.3285411],[-76.619117,39.3285346],[-76.6191301,39.3285459],[-76.6191407,39.3285554],[-76.6191465,39.3285613],[-76.6191562,39.3285737],[-76.6191658,39.3285847],[-76.6191702,39.328589],[-76.6191736,39.328592],[-76.6191767,39.328594],[-76.6191803,39.328596],[-76.6191834,39.3285973],[-76.61919,39.3285999],[-76.6192022,39.3286039],[-76.619216,39.3286074],[-76.6192235,39.3286087],[-76.6192369,39.3286103],[-76.6192447,39.3286111],[-76.6192539,39.3286116],[-76.6192597,39.3286115],[-76.6192739,39.3286108]]]}},{"type":"Feature","properties":{"layer":"Sidewalk","symbol":1,"class":"Other","_tile":"6/35/33"},"geometry":{"type":"Polygon","coordinates":[[[-76.6195202,39.3288282],[-76.6195561,39.3288267],[-76.6195642,39.3289441],[-76.619528,39.328944],[-76.6195277,39.3289399],[-76.6195202,39.3288282]]]}},{"type":"Feature","properties":{"layer":"Sidewalk","symbol":1,"class":"Other","_tile":"6/35/33"},"geometry":{"type":"Polygon","coordinates":[[[-76.6195005,39.3287178],[-76.6194973,39.3286635],[-76.6194259,39.3286661],[-76.6194292,39.3287187],[-76.6194292,39.3287205],[-76.6195005,39.3287178]],[[-76.6192743,39.3286188],[-76.6192739,39.3286108],[-76.619272,39.3285834],[-76.6193018,39.3285823],[-76.6193033,39.3286036],[-76.6193046,39.3286036],[-76.619305,39.3286079],[-76.6193038,39.328608],[-76.6193044,39.3286149],[-76.6193133,39.3286145],[-76.6193133,39.3286137],[-76.6193188,39.3286133],[-76.6193189,39.3286143],[-76.6193407,39.3286132],[-76.6193406,39.3286123],[-76.6193461,39.328612],[-76.6193463,39.3286129],[-76.619347,39.3286129],[-76.6193469,39.3286119],[-76.6193578,39.3286114],[-76.6193579,39.3286124],[-76.6193803,39.3286113],[-76.6193803,39.3286104],[-76.6193859,39.3286101],[-76.6193859,39.328611],[-76.6194201,39.3286094],[-76.6194199,39.3286084],[-76.6194256,39.3286082],[-76.6194256,39.3286091],[-76.6194597,39.3286075],[-76.6194597,39.3286065],[-76.6194652,39.3286063],[-76.6194654,39.3286072],[-76.6194994,39.3286056],[-76.6194993,39.3286046],[-76.6195059,39.3286043],[-76.6195067,39.3286162],[-76.6196062,39.3286115],[-76.6196052,39.3285995],[-76.6196116,39.3285993],[-76.6196118,39.3286001],[-76.6196201,39.3285996],[-76.6196193,39.3287406],[-76.6196098,39.3287411],[-76.6195502,39.3287435],[-76.6194964,39.3287456],[-76.6192832,39.328752],[-76.6192818,39.3287311],[-76.6192781,39.3286762],[-76.6192778,39.3286704],[-76.6192757,39.3286398],[-76.6192747,39.3286255],[-76.6192747,39.3286234],[-76.6192746,39.3286228],[-76.6192744,39.3286193],[-76.6192743,39.3286188]],[[-76.6196202,39.3285694],[-76.6196201,39.3285927],[-76.619619,39.3285927],[-76.6196182,39.3285824],[-76.6196198,39.3285824],[-76.6196188,39.3285695],[-76.6196202,39.3285694]]]}},{"type":"Feature","properties":{"layer":"Sidewalk","_tile":"6/35/33"},"geometry":{"type":"Polygon","coordinates":[[[-76.6195502,39.3287435],[-76.6196098,39.3287411],[-76.6196156,39.3288242],[-76.6195561,39.3288267],[-76.6195502,39.3287435]]]}},{"type":"Feature","properties":{"layer":"Sidewalk","_tile":"6/35/33"},"geometry":{"type":"Polygon","coordinates":[[[-76.6196098,39.3287411],[-76.6196193,39.3287406],[-76.6196188,39.3288241],[-76.6196156,39.3288242],[-76.6196098,39.3287411]]]}},{"type":"Feature","properties":{"layer":"Sidewalk","_tile":"6/35/33"},"geometry":{"type":"Polygon","coordinates":[[[-76.6194964,39.3287456],[-76.6195502,39.3287435],[-76.6195561,39.3288267],[-76.6195202,39.3288282],[-76.6195172,39.3287829],[-76.6195169,39.3287776],[-76.6194987,39.3287784],[-76.6194977,39.3287635],[-76.6194964,39.3287456]]]}},{"type":"Feature","properties":{"layer":"Sidewalk","_tile":"6/35/33"},"geometry":{"type":"Polygon","coordinates":[[[-76.6189856,39.3289422],[-76.6189846,39.3289401],[-76.6189829,39.328937],[-76.6189785,39.3289286],[-76.6189763,39.3289248],[-76.6189757,39.3289241],[-76.6189721,39.328918],[-76.6189703,39.328915],[-76.6189704,39.3288866],[-76.6189958,39.3288748],[-76.6189997,39.3288814],[-76.6190025,39.328883],[-76.6190057,39.3288845],[-76.6190091,39.3288853],[-76.6190126,39.3288858],[-76.6190161,39.3288858],[-76.6190197,39.3288854],[-76.6190231,39.3288844],[-76.6190263,39.3288831],[-76.6190291,39.3288813],[-76.6190314,39.3288793],[-76.6190334,39.3288769],[-76.6190346,39.3288743],[-76.6190354,39.3288716],[-76.6190359,39.3288693],[-76.6190406,39.3288375],[-76.6190443,39.3288056],[-76.6190468,39.3287736],[-76.6190479,39.3287415],[-76.6190479,39.3287094],[-76.6190467,39.3286774],[-76.6190443,39.3286454],[-76.6190406,39.3286135],[-76.6190357,39.3285817],[-76.6190323,39.3285628],[-76.6190284,39.3285441],[-76.6190235,39.3285239],[-76.6190176,39.328504],[-76.6190105,39.3284843],[-76.6190024,39.3284649],[-76.6189935,39.3284457],[-76.6189899,39.3284389],[-76.6190701,39.3284391],[-76.6190703,39.3284506],[-76.6190716,39.328468],[-76.6190737,39.3284853],[-76.6190767,39.3285026],[-76.6190802,39.3285197],[-76.6190865,39.3285476],[-76.6190918,39.3285756],[-76.6190962,39.3286038],[-76.6190996,39.328632],[-76.6191137,39.3286311],[-76.6191162,39.3286571],[-76.6191177,39.3286831],[-76.6191187,39.3287092],[-76.6191045,39.3287094],[-76.6191046,39.3287368],[-76.619105,39.3287404],[-76.619106,39.3287438],[-76.6191079,39.3287472],[-76.6191103,39.3287503],[-76.6191134,39.3287529],[-76.619117,39.3287552],[-76.619121,39.328757],[-76.6191255,39.3287582],[-76.6191301,39.3287588],[-76.6191347,39.3287589],[-76.6191384,39.3287984],[-76.6191321,39.3287987],[-76.6191266,39.3287993],[-76.6191214,39.3288006],[-76.6191163,39.3288025],[-76.6191119,39.328805],[-76.6191079,39.3288081],[-76.6191045,39.3288115],[-76.6191018,39.3288153],[-76.6191001,39.3288195],[-76.6190992,39.3288238],[-76.619096,39.3288489],[-76.6190922,39.3288742],[-76.6191124,39.328876],[-76.6191021,39.3289426],[-76.6189856,39.3289422]]]}},{"type":"Feature","properties":{"layer":"Sidewalk","_tile":"6/35/33"},"geometry":{"type":"Polygon","coordinates":[[[-76.6189958,39.3288748],[-76.6189704,39.3288866],[-76.6189707,39.3288422],[-76.6189717,39.3288435],[-76.6189815,39.3288557],[-76.6189896,39.3288662],[-76.6189958,39.3288748]]]}},{"type":"Feature","properties":{"layer":"Sidewalk","symbol":1,"class":"Other","_tile":"6/35/34"},"geometry":{"type":"Polygon","coordinates":[[[-76.6189751,39.3280199],[-76.6189974,39.3280018],[-76.6190012,39.3280047],[-76.6190049,39.3280034],[-76.6190024,39.3279971],[-76.6190222,39.3279914],[-76.6190251,39.327998],[-76.6190315,39.3279969],[-76.6190433,39.3279957],[-76.6190551,39.3279952],[-76.6190671,39.3279956],[-76.6190785,39.327997],[-76.6190895,39.327999],[-76.6191002,39.3280019],[-76.6191106,39.3280055],[-76.6191206,39.3280098],[-76.6191299,39.3280149],[-76.6191386,39.3280205],[-76.6191467,39.3280268],[-76.6191539,39.3280337],[-76.6191603,39.328041],[-76.6191658,39.3280487],[-76.6191705,39.3280568],[-76.619174,39.3280652],[-76.6191762,39.3280722],[-76.619177,39.3280753],[-76.6191785,39.3280841],[-76.6191792,39.3280931],[-76.619179,39.328102],[-76.6191779,39.3281108],[-76.619176,39.3281197],[-76.6191737,39.3281272],[-76.6191707,39.3281344],[-76.6191482,39.3281588],[-76.618975,39.3280278],[-76.6189751,39.3280199]]]}},{"type":"Feature","properties":{"layer":"Sidewalk","symbol":1,"class":"Other","_tile":"6/35/34"},"geometry":{"type":"Polygon","coordinates":[[[-76.6191352,39.3282519],[-76.6191188,39.328219],[-76.6191098,39.328226],[-76.6190824,39.3282048],[-76.6191141,39.3281802],[-76.6191415,39.3282014],[-76.6191292,39.328211],[-76.6191469,39.3282442],[-76.6191352,39.3282519]]]}},{"type":"Feature","properties":{"layer":"Sidewalk","_tile":"6/35/34"},"geometry":{"type":"Polygon","coordinates":[[[-76.6191796,39.328246],[-76.6191888,39.3282416],[-76.6191982,39.3282375],[-76.6192132,39.3282688],[-76.6192059,39.328271],[-76.6192019,39.3282723],[-76.6191796,39.328246]]]}},{"type":"Feature","properties":{"layer":"Sidewalk","_tile":"6/35/34"},"geometry":{"type":"Polygon","coordinates":[[[-76.6193225,39.3282354],[-76.6193828,39.3282333],[-76.6193827,39.3282301],[-76.6194088,39.3282292],[-76.6194075,39.3282611],[-76.6193261,39.328288],[-76.619306,39.328256],[-76.6192851,39.3282569],[-76.6192672,39.3282584],[-76.6192538,39.3282603],[-76.6192351,39.3282636],[-76.6192187,39.3282288],[-76.6192367,39.3282215],[-76.6192451,39.328219],[-76.6192553,39.3282171],[-76.6192573,39.3282335],[-76.6192579,39.3282369],[-76.6192938,39.3282335],[-76.6193224,39.3282325],[-76.6193225,39.3282354]]]}},{"type":"Feature","properties":{"layer":"Sidewalk","_tile":"6/35/34"},"geometry":{"type":"Polygon","coordinates":[[[-76.6191398,39.3282672],[-76.6191568,39.3282577],[-76.6191771,39.328281],[-76.6191607,39.3282882],[-76.6191398,39.3282672]]]}},{"type":"Feature","properties":{"layer":"Sidewalk","_tile":"6/35/34"},"geometry":{"type":"Polygon","coordinates":[[[-76.6189974,39.3284542],[-76.6189935,39.3284457],[-76.6189835,39.3284267],[-76.618973,39.3284092],[-76.6189735,39.3283218],[-76.6189791,39.3283283],[-76.6189931,39.3283456],[-76.6190062,39.3283634],[-76.6190185,39.3283815],[-76.6190252,39.3283922],[-76.6190316,39.3284028],[-76.619033,39.3284045],[-76.6190339,39.3284051],[-76.6190361,39.3284059],[-76.6190385,39.328406],[-76.6190397,39.3284059],[-76.619041,39.3284057],[-76.619042,39.3284052],[-76.619043,39.3284046],[-76.6190437,39.3284039],[-76.6190448,39.3284022],[-76.6190451,39.3284013],[-76.6190473,39.32839],[-76.6190752,39.3283938],[-76.6190726,39.3284078],[-76.619071,39.3284221],[-76.6190701,39.3284363],[-76.6190703,39.3284506],[-76.6190706,39.3284544],[-76.6189974,39.3284542]]]}},{"type":"Feature","properties":{"layer":"Sidewalk","_tile":"6/35/34"},"geometry":{"type":"Polygon","coordinates":[[[-76.6190561,39.3283596],[-76.6190612,39.3283469],[-76.619066,39.3283368],[-76.6190721,39.3283269],[-76.6190792,39.3283175],[-76.6190872,39.3283086],[-76.6190971,39.3282991],[-76.619098,39.3282979],[-76.6190985,39.3282966],[-76.6190988,39.3282952],[-76.6190988,39.3282937],[-76.6190983,39.3282924],[-76.6190977,39.3282911],[-76.6190968,39.3282899],[-76.6190958,39.3282888],[-76.6189741,39.3281943],[-76.6189744,39.3281539],[-76.6189884,39.3281649],[-76.6189749,39.3281755],[-76.6191015,39.3282741],[-76.6191099,39.3282804],[-76.6191121,39.3282813],[-76.6191145,39.3282815],[-76.6191156,39.3282814],[-76.6191177,39.3282807],[-76.6191199,39.3282794],[-76.6191404,39.3282988],[-76.6191279,39.3283066],[-76.6191191,39.3283132],[-76.6191111,39.3283205],[-76.619104,39.3283282],[-76.6190977,39.3283364],[-76.6190924,39.328345],[-76.619088,39.3283538],[-76.6190834,39.3283657],[-76.6190561,39.3283596]]]}},{"type":"Feature","properties":{"layer":"Sidewalk","_tile":"6/35/34"},"geometry":{"type":"Polygon","coordinates":[[[-76.618983,39.327971],[-76.6189769,39.3279656],[-76.6189754,39.3279646],[-76.6189754,39.3279563],[-76.6189816,39.3279508],[-76.6189876,39.3279508],[-76.6189922,39.3279541],[-76.6189993,39.3279605],[-76.618983,39.327971]]]}},{"type":"Feature","properties":{"layer":"Sidewalk","_tile":"6/35/34"},"geometry":{"type":"Polygon","coordinates":[[[-76.6195548,39.3282153],[-76.6194719,39.328215],[-76.6194466,39.328212],[-76.6194264,39.3282104],[-76.6194096,39.32821],[-76.6194083,39.3281824],[-76.6193153,39.3281848],[-76.6193151,39.3281817],[-76.6192757,39.3281827],[-76.6192753,39.3281765],[-76.6192739,39.3281703],[-76.6192713,39.3281644],[-76.6192677,39.3281588],[-76.619263,39.3281537],[-76.6192575,39.3281491],[-76.6192512,39.3281452],[-76.619244,39.3281419],[-76.619234,39.3281385],[-76.6192239,39.3281359],[-76.6192135,39.3281338],[-76.6192028,39.3281326],[-76.619192,39.328132],[-76.6191811,39.3281322],[-76.6191707,39.3281344],[-76.6191737,39.3281272],[-76.619176,39.3281197],[-76.6191779,39.3281108],[-76.619179,39.328102],[-76.6191792,39.3280931],[-76.6191785,39.3280841],[-76.619177,39.3280753],[-76.6191762,39.3280722],[-76.6191781,39.3280776],[-76.6191808,39.3280826],[-76.6191846,39.3280874],[-76.619189,39.3280916],[-76.6191942,39.3280954],[-76.6192,39.3280985],[-76.6192063,39.328101],[-76.6192097,39.328102],[-76.6192166,39.3281035],[-76.6192238,39.3281042],[-76.619231,39.3281041],[-76.6192381,39.3281032],[-76.619245,39.3281015],[-76.6192514,39.3280992],[-76.6192628,39.3280937],[-76.6192734,39.3280874],[-76.6192833,39.3280804],[-76.6192922,39.3280728],[-76.6193003,39.3280645],[-76.6193074,39.3280557],[-76.6193132,39.3280465],[-76.6193181,39.3280368],[-76.6193218,39.3280269],[-76.6193241,39.3280167],[-76.6193254,39.3280065],[-76.6193255,39.3279961],[-76.6193243,39.3279857],[-76.6193219,39.3279756],[-76.6193193,39.3279682],[-76.6193125,39.3279518],[-76.6193497,39.327952],[-76.6193531,39.3279601],[-76.6193547,39.327964],[-76.6193554,39.3279656],[-76.6193565,39.327967],[-76.6193579,39.3279683],[-76.6193595,39.3279695],[-76.6193614,39.3279705],[-76.6193635,39.3279713],[-76.6193658,39.3279717],[-76.6193681,39.3279719],[-76.6193704,39.3279717],[-76.6193726,39.3279713],[-76.6193747,39.3279706],[-76.6193767,39.3279697],[-76.6193784,39.3279685],[-76.6193798,39.3279671],[-76.619381,39.3279655],[-76.6193818,39.3279639],[-76.6193823,39.3279622],[-76.6193823,39.3279604],[-76.6193817,39.3279521],[-76.619481,39.3279524],[-76.6194815,39.3279626],[-76.6194604,39.3279634],[-76.6194631,39.328005],[-76.6194653,39.3280428],[-76.6194658,39.3280447],[-76.6194665,39.3280465],[-76.6194676,39.3280481],[-76.6194691,39.3280497],[-76.6194709,39.328051],[-76.6194731,39.328052],[-76.6194752,39.3280527],[-76.6194777,39.3280532],[-76.6194801,39.3280532],[-76.6195144,39.3280519],[-76.6195146,39.3280565],[-76.6195182,39.3280564],[-76.6195185,39.3280592],[-76.6195317,39.3280586],[-76.6195317,39.3280579],[-76.6195486,39.3280572],[-76.6195504,39.3280855],[-76.6194846,39.328088],[-76.6194826,39.3280879],[-76.6194806,39.328088],[-76.6194786,39.3280883],[-76.6194769,39.3280888],[-76.6194752,39.3280896],[-76.6194737,39.3280906],[-76.6194724,39.3280918],[-76.6194713,39.3280931],[-76.6194707,39.3280945],[-76.6194702,39.3280961],[-76.6194702,39.3280976],[-76.6194704,39.328099],[-76.619471,39.3281006],[-76.6194717,39.3281019],[-76.619473,39.3281032],[-76.6194743,39.3281043],[-76.6194804,39.3281117],[-76.6194876,39.3281186],[-76.6194954,39.3281251],[-76.619504,39.3281308],[-76.6195133,39.328136],[-76.6195231,39.3281406],[-76.6195334,39.3281443],[-76.6195441,39.3281473],[-76.6195551,39.3281495],[-76.6196039,39.3281471],[-76.6196031,39.3281369],[-76.6196225,39.328136],[-76.6196221,39.3282157],[-76.619587,39.3282169],[-76.6195867,39.3282138],[-76.6195548,39.3282153]]]}},{"type":"Feature","properties":{"layer":"Sidewalk","_tile":"6/35/34"},"geometry":{"type":"Polygon","coordinates":[[[-76.6195941,39.3283161],[-76.6195458,39.3283321],[-76.6195454,39.3283313],[-76.6195411,39.3283235],[-76.619541,39.3283234],[-76.6194895,39.3282316],[-76.6194769,39.3282314],[-76.6194802,39.328215],[-76.6195548,39.3282153],[-76.6195962,39.3282908],[-76.6195999,39.3282907],[-76.6195997,39.3283128],[-76.6195943,39.328313],[-76.6195924,39.328313],[-76.6195941,39.3283161]]]}},{"type":"Feature","properties":{"layer":"Sidewalk","_tile":"6/35/34"},"geometry":{"type":"Polygon","coordinates":[[[-76.6193849,39.3282259],[-76.6193057,39.3282293],[-76.6193048,39.3282116],[-76.6193044,39.3282043],[-76.6193845,39.3282022],[-76.6193847,39.3282041],[-76.6193811,39.3282042],[-76.6193814,39.3282085],[-76.6193848,39.3282084],[-76.6193849,39.3282095],[-76.6193849,39.3282259]]]}},{"type":"Feature","properties":{"layer":"Sidewalk","_tile":"6/35/35"},"geometry":{"type":"Polygon","coordinates":[[[-76.6189859,39.3278396],[-76.6189935,39.3278389],[-76.6190014,39.3278391],[-76.6190089,39.3278403],[-76.6190161,39.3278423],[-76.6190228,39.3278452],[-76.6190289,39.3278489],[-76.6190341,39.3278532],[-76.6190385,39.3278582],[-76.6190419,39.3278636],[-76.619044,39.3278693],[-76.6190449,39.3278753],[-76.6190447,39.3278813],[-76.6190433,39.3278872],[-76.6190408,39.3278928],[-76.6190371,39.3278982],[-76.6190325,39.3279029],[-76.6190269,39.3279071],[-76.6190205,39.3279105],[-76.6190135,39.3279131],[-76.6190062,39.3279149],[-76.6189986,39.3279157],[-76.6189908,39.3279155],[-76.6189833,39.3279145],[-76.618976,39.3279126],[-76.6189757,39.3279125],[-76.618976,39.3278421],[-76.6189785,39.3278411],[-76.6189859,39.3278396]]]}},{"type":"Feature","properties":{"layer":"Sidewalk","_tile":"6/35/35"},"geometry":{"type":"Polygon","coordinates":[[[-76.6189774,39.327966],[-76.6189769,39.3279656],[-76.6189754,39.3279646],[-76.6189754,39.3279563],[-76.6189842,39.3279484],[-76.6189922,39.3279541],[-76.6189993,39.3279605],[-76.6189907,39.327966],[-76.6189774,39.327966]]]}},{"type":"Feature","properties":{"layer":"Sidewalk","_tile":"6/35/35"},"geometry":{"type":"Polygon","coordinates":[[[-76.6193189,39.3279671],[-76.6193124,39.3279516],[-76.6193045,39.3279354],[-76.6192957,39.3279194],[-76.6192859,39.3279037],[-76.6192754,39.3278884],[-76.619264,39.3278734],[-76.6192518,39.3278588],[-76.6192388,39.3278447],[-76.6192251,39.3278311],[-76.6192127,39.3278197],[-76.6191998,39.3278088],[-76.6191865,39.3277983],[-76.6191657,39.3277833],[-76.6191438,39.3277693],[-76.6191207,39.327756],[-76.6190968,39.3277439],[-76.6190724,39.3277329],[-76.6190469,39.3277228],[-76.6190209,39.3277139],[-76.6189943,39.327706],[-76.6189768,39.3277017],[-76.6189769,39.3276731],[-76.6189946,39.3276772],[-76.6190185,39.3276837],[-76.6190419,39.3276909],[-76.619065,39.3276991],[-76.6190875,39.327708],[-76.6191096,39.3277177],[-76.619131,39.3277282],[-76.6191516,39.3277394],[-76.6191717,39.3277514],[-76.6191911,39.3277641],[-76.6192096,39.3277775],[-76.6192275,39.3277915],[-76.6192443,39.3278061],[-76.6192603,39.3278213],[-76.6192754,39.3278371],[-76.6192896,39.3278535],[-76.6193028,39.3278702],[-76.619315,39.3278874],[-76.6193261,39.3279051],[-76.6193363,39.3279231],[-76.6193453,39.3279415],[-76.6193531,39.3279601],[-76.6193547,39.327964],[-76.6193554,39.3279656],[-76.6193565,39.327967],[-76.6193568,39.3279672],[-76.6193189,39.3279671]],[[-76.6194607,39.3279676],[-76.6193795,39.3279673],[-76.6193798,39.3279671],[-76.619381,39.3279655],[-76.6193818,39.3279639],[-76.6193823,39.3279622],[-76.6193823,39.3279604],[-76.6193793,39.3279115],[-76.619457,39.3279086],[-76.6194782,39.3279078],[-76.6194815,39.3279626],[-76.6194604,39.3279634],[-76.6194607,39.3279676]],[[-76.6194291,39.3274641],[-76.619431,39.3274924],[-76.6194522,39.3274916],[-76.6194556,39.3275464],[-76.6194385,39.3275471],[-76.6194391,39.3275559],[-76.6193573,39.3275589],[-76.6193572,39.3275561],[-76.6193569,39.3275548],[-76.6193555,39.3275522],[-76.6193544,39.3275511],[-76.6193532,39.3275502],[-76.6193517,39.3275493],[-76.6193483,39.3275485],[-76.6193465,39.3275483],[-76.6193448,39.3275485],[-76.6193429,39.3275488],[-76.6193414,39.3275494],[-76.6193398,39.3275501],[-76.6193255,39.3275619],[-76.6193118,39.3275719],[-76.6192972,39.3275813],[-76.6192818,39.32759],[-76.6192658,39.3275979],[-76.6192492,39.327605],[-76.6192321,39.3276113],[-76.6192144,39.3276167],[-76.6191965,39.3276213],[-76.6191782,39.327625],[-76.6191596,39.3276278],[-76.6191407,39.3276297],[-76.6191218,39.3276307],[-76.6191028,39.3276307],[-76.6190669,39.3276292],[-76.6190499,39.3276295],[-76.6190329,39.3276305],[-76.619016,39.3276326],[-76.6189992,39.3276355],[-76.6189829,39.3276393],[-76.6189771,39.3276409],[-76.6189773,39.327612],[-76.6189859,39.3276099],[-76.6190023,39.3276067],[-76.619019,39.3276042],[-76.6190361,39.3276026],[-76.619053,39.3276019],[-76.6190701,39.3276018],[-76.6190872,39.3276026],[-76.6191014,39.3276033],[-76.6191157,39.3276034],[-76.6191439,39.3276018],[-76.6191719,39.3275979],[-76.6191995,39.3275917],[-76.619226,39.3275832],[-76.6192512,39.3275726],[-76.6192649,39.3275657],[-76.619278,39.3275581],[-76.6192904,39.32755],[-76.6193022,39.3275412],[-76.6193132,39.3275318],[-76.6193236,39.3275221],[-76.6193331,39.3275117],[-76.619342,39.327501],[-76.6193457,39.3274953],[-76.6193486,39.3274894],[-76.6193506,39.3274832],[-76.6193516,39.3274769],[-76.6193518,39.3274704],[-76.6193514,39.3274639],[-76.6194291,39.3274641]]]}},{"type":"Feature","properties":{"layer":"Sidewalk","_tile":"6/35/36"},"geometry":{"type":"Polygon","coordinates":[[[-76.6193458,39.3273753],[-76.6194235,39.3273724],[-76.6194241,39.3273826],[-76.6194245,39.3273845],[-76.6194251,39.3273863],[-76.6194263,39.3273881],[-76.6194279,39.3273895],[-76.6194297,39.3273908],[-76.6194317,39.3273918],[-76.619434,39.3273926],[-76.6194364,39.327393],[-76.6194513,39.3273927],[-76.6194523,39.3274144],[-76.6194382,39.3274149],[-76.619436,39.3274154],[-76.619434,39.3274162],[-76.6194322,39.3274172],[-76.6194305,39.3274184],[-76.6194291,39.3274197],[-76.619428,39.3274212],[-76.6194274,39.3274229],[-76.6194269,39.3274246],[-76.6194269,39.3274262],[-76.619427,39.3274303],[-76.6194301,39.3274794],[-76.6193513,39.3274791],[-76.6193516,39.3274769],[-76.6193518,39.3274704],[-76.6193458,39.3273753]]]}},{"type":"Feature","properties":{"layer":"Sidewalk","symbol":1,"class":"Other","_tile":"6/35/36"},"geometry":{"type":"Polygon","coordinates":[[[-76.6194523,39.3274144],[-76.6194513,39.3273927],[-76.6195188,39.3273896],[-76.6195176,39.3273843],[-76.6195143,39.3273474],[-76.6195136,39.3273387],[-76.6195138,39.3273327],[-76.6195259,39.3273324],[-76.6195388,39.3273317],[-76.61956,39.3273309],[-76.6195582,39.3273368],[-76.6195617,39.3273887],[-76.6196266,39.3273862],[-76.6196264,39.3274086],[-76.6195536,39.3274114],[-76.6195542,39.3274277],[-76.6195286,39.3274286],[-76.6195276,39.3274121],[-76.6194523,39.3274144]]]}},{"type":"Feature","properties":{"layer":"Sidewalk","symbol":1,"class":"Other","_tile":"6/35/37"},"geometry":{"type":"Polygon","coordinates":[[[-76.618983,39.3265401],[-76.6189901,39.3265421],[-76.6190685,39.3265635],[-76.6190952,39.3265693],[-76.6191117,39.3265774],[-76.6191171,39.3265804],[-76.619121,39.326583],[-76.6191267,39.3265883],[-76.6191355,39.3265981],[-76.6191396,39.3266033],[-76.6191413,39.3266065],[-76.6191415,39.3266076],[-76.619141,39.326609],[-76.619138,39.326615],[-76.6191324,39.3266067],[-76.6191245,39.3265993],[-76.6191098,39.3265926],[-76.6190192,39.326568],[-76.6190105,39.3265657],[-76.6189907,39.3265603],[-76.6189829,39.3265582],[-76.618983,39.3265401]]]}},{"type":"Feature","properties":{"layer":"Sidewalk","symbol":1,"class":"Other","_tile":"6/35/37"},"geometry":{"type":"MultiPolygon","coordinates":[[[[-76.6193732,39.3269132],[-76.6193718,39.3268915],[-76.6193707,39.3268357],[-76.6193664,39.3267772],[-76.6193648,39.3267578],[-76.6193641,39.3267447],[-76.6193642,39.3267338],[-76.6193651,39.3267261],[-76.619367,39.3267195],[-76.6193697,39.3267123],[-76.6193734,39.3267055],[-76.6193789,39.3266976],[-76.6193854,39.3266905],[-76.6193911,39.3266855],[-76.6193948,39.3266831],[-76.6194002,39.3266804],[-76.6194076,39.3266774],[-76.6194156,39.3266744],[-76.6194214,39.3266725],[-76.619429,39.3266705],[-76.6194571,39.3266644],[-76.6194781,39.3266591],[-76.619497,39.326654],[-76.6195087,39.3266504],[-76.619523,39.3266456],[-76.6195394,39.3266395],[-76.6195548,39.3266336],[-76.6195665,39.3266288],[-76.619581,39.3266224],[-76.6196099,39.3266088],[-76.6196308,39.3265976],[-76.6196306,39.3266265],[-76.6196266,39.3266283],[-76.6195899,39.326646],[-76.6195725,39.3266546],[-76.6195708,39.3266574],[-76.6195712,39.3266604],[-76.6195726,39.3266623],[-76.6195744,39.3266642],[-76.6195772,39.326666],[-76.6195815,39.3266681],[-76.6195868,39.3266703],[-76.6196026,39.3266758],[-76.6196089,39.3266784],[-76.6196181,39.3266828],[-76.6196269,39.3266877],[-76.6196303,39.3266899],[-76.6196301,39.3267214],[-76.619626,39.3267182],[-76.6196116,39.3267086],[-76.619587,39.3266935],[-76.6195751,39.3266893],[-76.6195644,39.3266854],[-76.6195578,39.3266844],[-76.6195513,39.3266845],[-76.6195455,39.3266847],[-76.6195426,39.3266853],[-76.619541,39.3266862],[-76.6195396,39.3266877],[-76.6195359,39.3266925],[-76.6195214,39.3267143],[-76.619513,39.3267277],[-76.6195109,39.3267324],[-76.6195096,39.3267361],[-76.6195088,39.3267405],[-76.619509,39.3267429],[-76.6195112,39.3267468],[-76.6195144,39.3267504],[-76.619518,39.3267534],[-76.6195215,39.3267554],[-76.6195268,39.3267576],[-76.6195339,39.32676],[-76.6195451,39.3267634],[-76.6195567,39.3267673],[-76.6195633,39.3267696],[-76.6195878,39.3267785],[-76.6196022,39.3267832],[-76.6196298,39.3267919],[-76.6196297,39.3268057],[-76.6196154,39.326802],[-76.6196047,39.3267983],[-76.619558,39.3267812],[-76.619515,39.3267648],[-76.6195032,39.3267631],[-76.6195003,39.3267629],[-76.6194996,39.3267628],[-76.6194978,39.3267632],[-76.619495,39.3267644],[-76.6194918,39.326766],[-76.6194893,39.3267677],[-76.6194866,39.3267703],[-76.6194836,39.3267742],[-76.6194807,39.326779],[-76.6194767,39.3267866],[-76.6194703,39.3267976],[-76.6194562,39.32682],[-76.6194497,39.3268307],[-76.6194468,39.3268366],[-76.6194486,39.3268416],[-76.6194509,39.3268455],[-76.6194533,39.3268472],[-76.6194576,39.3268492],[-76.61948,39.3268493],[-76.6195486,39.326845],[-76.6196295,39.3268431],[-76.6196293,39.3268767],[-76.6195519,39.3268805],[-76.6194896,39.3268834],[-76.6194496,39.3268865],[-76.6194396,39.3268942],[-76.6194283,39.3268981],[-76.6194213,39.3269008],[-76.6194159,39.3269033],[-76.6194127,39.3269054],[-76.6194073,39.326912],[-76.6193732,39.3269132]]],[[[-76.6194757,39.3267565],[-76.6194704,39.3267491],[-76.6194677,39.326748],[-76.6194456,39.3267385],[-76.6194361,39.3267346],[-76.6194337,39.3267339],[-76.6194276,39.3267318],[-76.6194208,39.3267302],[-76.6194159,39.3267295],[-76.6194131,39.3267292],[-76.6194087,39.3267297],[-76.6194056,39.3267305],[-76.6194032,39.3267324],[-76.6194001,39.3267361],[-76.6193959,39.326742],[-76.619395,39.3267445],[-76.6193942,39.3267476],[-76.6193937,39.3267514],[-76.6193937,39.3267558],[-76.6193944,39.326766],[-76.6194015,39.3268152],[-76.6194098,39.3268306],[-76.6194103,39.3268312],[-76.6194129,39.3268364],[-76.6194138,39.3268375],[-76.6194147,39.3268381],[-76.6194173,39.3268386],[-76.619419,39.3268391],[-76.6194211,39.3268392],[-76.6194228,39.3268391],[-76.6194244,39.3268386],[-76.6194264,39.3268376],[-76.6194304,39.3268345],[-76.6194344,39.3268301],[-76.6194395,39.3268232],[-76.6194533,39.3268015],[-76.6194545,39.3267994],[-76.6194689,39.3267799],[-76.6194721,39.3267744],[-76.6194738,39.3267702],[-76.6194749,39.3267649],[-76.6194757,39.3267565]]],[[[-76.6195191,39.32669],[-76.6195159,39.3266845],[-76.6195131,39.3266822],[-76.6195102,39.3266803],[-76.6195082,39.3266793],[-76.6195055,39.3266792],[-76.6195002,39.3266799],[-76.619456,39.3266903],[-76.619425,39.326698],[-76.6194237,39.3266997],[-76.6194226,39.3267036],[-76.6194226,39.3267095],[-76.6194232,39.3267118],[-76.6194238,39.3267135],[-76.6194267,39.3267166],[-76.6194296,39.3267183],[-76.6194376,39.3267217],[-76.6194596,39.3267301],[-76.6194621,39.3267312],[-76.6194808,39.3267369],[-76.6194855,39.3267369],[-76.6194895,39.3267355],[-76.6194932,39.3267335],[-76.6194961,39.3267305],[-76.6194995,39.3267261],[-76.6195049,39.3267184],[-76.6195099,39.3267106],[-76.6195135,39.3267041],[-76.6195158,39.3266993],[-76.6195191,39.32669]]]]}},{"type":"Feature","properties":{"layer":"Sidewalk","symbol":1,"class":"Other","_tile":"6/35/38"},"geometry":{"type":"Polygon","coordinates":[[[-76.6190093,39.3264681],[-76.6190019,39.3264738],[-76.6189834,39.3264615],[-76.6189835,39.326453],[-76.6189846,39.3264518],[-76.6190093,39.3264681]]]}},{"type":"Feature","properties":{"layer":"Sidewalk","symbol":1,"class":"Other","_tile":"6/35/38"},"geometry":{"type":"Polygon","coordinates":[[[-76.6189849,39.3261857],[-76.6192308,39.3259992],[-76.6192669,39.3259993],[-76.6189848,39.3262155],[-76.6189849,39.3261857]],[[-76.6189845,39.3262603],[-76.6190102,39.3262804],[-76.6189843,39.3263003],[-76.6189845,39.3262603]]]}},{"type":"Feature","properties":{"layer":"Sidewalk","symbol":1,"class":"Other","_tile":"6/35/39"},"geometry":{"type":"Polygon","coordinates":[[[-76.6192824,39.3255113],[-76.6192389,39.3255446],[-76.6192877,39.3255831],[-76.6192327,39.3256253],[-76.6192257,39.3256305],[-76.61923,39.325634],[-76.6191246,39.3257148],[-76.6191226,39.325718],[-76.6191226,39.3257196],[-76.6191312,39.3257273],[-76.6191926,39.3257757],[-76.6191716,39.3257918],[-76.619175,39.3257943],[-76.6191415,39.32582],[-76.6191119,39.325799],[-76.6191281,39.3257868],[-76.6190963,39.3257613],[-76.619081,39.3257502],[-76.6190789,39.3257502],[-76.6190758,39.3257505],[-76.6189869,39.3258165],[-76.6189872,39.3257652],[-76.6189936,39.3257704],[-76.6190036,39.3257629],[-76.6189998,39.3257599],[-76.6190246,39.3257415],[-76.6190283,39.3257445],[-76.6191171,39.3256783],[-76.6191129,39.3256748],[-76.6191388,39.3256556],[-76.6191421,39.3256584],[-76.6191527,39.3256504],[-76.6191288,39.325631],[-76.6191235,39.325635],[-76.6190992,39.3256152],[-76.6191031,39.3256122],[-76.6190789,39.3255926],[-76.6190686,39.3256002],[-76.6190726,39.3256035],[-76.6190473,39.3256223],[-76.6190447,39.3256203],[-76.6189877,39.3256628],[-76.6189882,39.3255704],[-76.6189958,39.3255647],[-76.6190121,39.3255524],[-76.619012,39.3255521],[-76.6190004,39.3255429],[-76.6189883,39.3255521],[-76.6189886,39.3255104],[-76.6192824,39.3255113]]]}},{"type":"Feature","properties":{"layer":"Sidewalk","symbol":1,"class":"Other","_tile":"6/35/39"},"geometry":{"type":"Polygon","coordinates":[[[-76.6192108,39.3260144],[-76.6192468,39.3259871],[-76.6192819,39.3259604],[-76.6192612,39.325944],[-76.619226,39.3259707],[-76.6192144,39.3259615],[-76.6192503,39.3259341],[-76.6192095,39.3259019],[-76.6192063,39.3259043],[-76.6191736,39.3259293],[-76.6191214,39.325888],[-76.6191571,39.3258604],[-76.6190876,39.3258063],[-76.6190548,39.3258316],[-76.6190523,39.3258336],[-76.6189984,39.3258753],[-76.6189918,39.32588],[-76.6189867,39.3258834],[-76.6189866,39.3258836],[-76.6189867,39.3258596],[-76.6190901,39.3257815],[-76.6191119,39.325799],[-76.6191415,39.32582],[-76.6191906,39.3258586],[-76.6192208,39.3258353],[-76.6192428,39.3258527],[-76.6192126,39.325876],[-76.6192645,39.3259168],[-76.6192676,39.3259145],[-76.6192746,39.325909],[-76.6192873,39.3258994],[-76.6192986,39.3258906],[-76.6193181,39.3258758],[-76.6193724,39.3259185],[-76.6193422,39.3259417],[-76.6193391,39.3259439],[-76.6193049,39.325917],[-76.6192846,39.3259325],[-76.6193055,39.3259491],[-76.6193212,39.3259371],[-76.6193345,39.3259476],[-76.6193337,39.3259481],[-76.619247,39.3260145],[-76.6192108,39.3260144]]]}},{"type":"Feature","properties":{"layer":"Sidewalk","symbol":1,"class":"Other","_tile":"6/35/40"},"geometry":{"type":"Polygon","coordinates":[[[-76.6193957,39.3252607],[-76.6195382,39.3251525],[-76.6195391,39.3251519],[-76.6195364,39.3251498],[-76.6195316,39.325146],[-76.6195268,39.3251423],[-76.6193849,39.3252525],[-76.6193907,39.325257],[-76.6193957,39.3252607]],[[-76.6189887,39.3254818],[-76.6190742,39.3254164],[-76.6191951,39.3253242],[-76.6193387,39.325215],[-76.61936,39.3252319],[-76.6195042,39.3251224],[-76.6194829,39.3251054],[-76.6195282,39.3250707],[-76.6195383,39.325079],[-76.6195482,39.3250869],[-76.6196174,39.3250347],[-76.6196043,39.3250243],[-76.6196392,39.3250244],[-76.6196391,39.3250576],[-76.6195748,39.3251053],[-76.6195826,39.3251114],[-76.6195921,39.3251193],[-76.6195965,39.3251231],[-76.619623,39.325103],[-76.6196275,39.3250994],[-76.6196383,39.3251078],[-76.6196388,39.3251081],[-76.6196382,39.3252206],[-76.6196318,39.3252155],[-76.6196355,39.3252128],[-76.6196261,39.3252055],[-76.619608,39.3251909],[-76.6195969,39.3251993],[-76.6196002,39.325202],[-76.6195751,39.3252211],[-76.6195711,39.325218],[-76.6194833,39.3252846],[-76.6194872,39.3252877],[-76.6194631,39.325306],[-76.6194593,39.3253029],[-76.6194482,39.3253112],[-76.6194722,39.3253301],[-76.619479,39.3253302],[-76.6194981,39.3253443],[-76.619494,39.3253475],[-76.6195212,39.3253692],[-76.6195314,39.3253615],[-76.6195274,39.3253584],[-76.6195519,39.3253397],[-76.6195559,39.325343],[-76.6196379,39.3252808],[-76.6196374,39.3253678],[-76.6196235,39.3253568],[-76.6196188,39.3253532],[-76.619616,39.3253552],[-76.6196065,39.3253478],[-76.6194985,39.3254306],[-76.6194926,39.3254259],[-76.6194654,39.3254466],[-76.6194494,39.3254591],[-76.6194411,39.3254652],[-76.6194328,39.3254718],[-76.6194303,39.3254735],[-76.6193816,39.3254352],[-76.6192626,39.3255265],[-76.6189885,39.3255256],[-76.6189887,39.3254818]]]}},{"type":"Feature","properties":{"layer":"Sidewalk","symbol":1,"class":"Other","_tile":"6/35/40"},"geometry":{"type":"Polygon","coordinates":[[[-76.61899,39.3252347],[-76.6190487,39.3251899],[-76.6192425,39.325042],[-76.6192673,39.3250232],[-76.619302,39.3250233],[-76.6192595,39.3250556],[-76.6190658,39.3252033],[-76.6189899,39.3252613],[-76.61899,39.3252347]]]}},{"type":"Feature","properties":{"layer":"Sidewalk","symbol":1,"class":"Other","_tile":"6/35/41"},"geometry":{"type":"Polygon","coordinates":[[[-76.6195153,39.3245359],[-76.6195151,39.3245379],[-76.6195119,39.3245708],[-76.6195112,39.3245757],[-76.6195089,39.3245892],[-76.6195076,39.3245939],[-76.619506,39.3245985],[-76.6195022,39.3246082],[-76.6194978,39.3246179],[-76.6194933,39.3246272],[-76.6194932,39.3246273],[-76.6194851,39.3246435],[-76.6194834,39.3246466],[-76.6194811,39.3246512],[-76.6194763,39.3246597],[-76.6194685,39.3246737],[-76.6194659,39.324678],[-76.6194606,39.3246872],[-76.6194578,39.3246917],[-76.6194554,39.3246961],[-76.6194527,39.3247002],[-76.6194504,39.3247043],[-76.6194459,39.3247117],[-76.6194351,39.3247285],[-76.6194255,39.3247428],[-76.6194127,39.3247616],[-76.6194037,39.3247741],[-76.6193952,39.3247854],[-76.6193921,39.3247897],[-76.6193896,39.3247933],[-76.6193881,39.324796],[-76.6193867,39.3247988],[-76.6193853,39.3248026],[-76.619386,39.3248062],[-76.6193859,39.3248095],[-76.6193865,39.3248126],[-76.619388,39.3248154],[-76.6193918,39.3248215],[-76.6193756,39.3248333],[-76.6193696,39.3248302],[-76.6193663,39.324827],[-76.6193631,39.3248225],[-76.6193608,39.3248164],[-76.6193604,39.3248118],[-76.6193604,39.3248067],[-76.6193609,39.3248022],[-76.619364,39.324793],[-76.619366,39.3247889],[-76.6193683,39.3247851],[-76.6193745,39.3247763],[-76.619383,39.324765],[-76.6193886,39.3247571],[-76.619398,39.3247437],[-76.6194109,39.3247247],[-76.6194195,39.3247113],[-76.6194288,39.3246965],[-76.6194441,39.3246704],[-76.619452,39.3246567],[-76.619459,39.3246441],[-76.6194688,39.324625],[-76.6194754,39.3246115],[-76.6194795,39.3246024],[-76.6194831,39.3245937],[-76.6194854,39.3245858],[-76.6194862,39.3245823],[-76.6194883,39.324568],[-76.6194913,39.3245364],[-76.6194913,39.3245358],[-76.6195153,39.3245359]]]}},{"type":"Feature","properties":{"layer":"Sidewalk","symbol":1,"class":"Other","_tile":"6/35/41"},"geometry":{"type":"Polygon","coordinates":[[[-76.6196109,39.3250395],[-76.6196174,39.3250347],[-76.6195968,39.3250183],[-76.6196116,39.3250072],[-76.6196327,39.3249912],[-76.6196394,39.3249965],[-76.6196392,39.3250396],[-76.6196109,39.3250395]]]}},{"type":"Feature","properties":{"layer":"Sidewalk","symbol":1,"class":"Other","_tile":"6/35/41"},"geometry":{"type":"Polygon","coordinates":[[[-76.6192473,39.3250384],[-76.6194448,39.3248885],[-76.6194084,39.3248604],[-76.6194246,39.3248484],[-76.6194611,39.3248762],[-76.619546,39.3248118],[-76.6196408,39.3247395],[-76.6196406,39.3247659],[-76.6195728,39.3248178],[-76.6194844,39.3248849],[-76.6195021,39.3248975],[-76.6194735,39.3249191],[-76.6194598,39.3249036],[-76.619282,39.3250385],[-76.6192473,39.3250384]]]}},{"type":"Feature","properties":{"layer":"Sidewalk","symbol":1,"class":"Other","_tile":"6/35/42"},"geometry":{"type":"Polygon","coordinates":[[[-76.6196015,39.3240481],[-76.6195999,39.3240614],[-76.6195986,39.3240705],[-76.6195975,39.3240796],[-76.6195922,39.3241166],[-76.6195921,39.3241169],[-76.6195883,39.3241416],[-76.6195827,39.3241741],[-76.619577,39.3242056],[-76.6195723,39.3242297],[-76.6195704,39.3242384],[-76.6195687,39.3242474],[-76.6195676,39.324252],[-76.6195592,39.3242911],[-76.6195552,39.3243094],[-76.6195542,39.3243131],[-76.6195534,39.324317],[-76.619545,39.3243526],[-76.6195429,39.3243619],[-76.6195407,39.3243709],[-76.6195379,39.3243838],[-76.6195371,39.3243878],[-76.6195362,39.3243916],[-76.6195355,39.3243952],[-76.6195341,39.3244019],[-76.619532,39.3244133],[-76.6195263,39.3244486],[-76.6195224,39.3244758],[-76.6195191,39.3245015],[-76.6195182,39.3245109],[-76.6195175,39.3245156],[-76.6195151,39.3245379],[-76.6195138,39.3245511],[-76.6194899,39.3245511],[-76.6194913,39.3245364],[-76.6194933,39.3245187],[-76.6194939,39.324514],[-76.6194949,39.3245045],[-76.6194967,39.3244905],[-76.6194976,39.3244818],[-76.6194983,39.3244778],[-76.6195002,39.3244631],[-76.6195034,39.3244419],[-76.6195062,39.3244238],[-76.6195084,39.3244109],[-76.6195111,39.3243959],[-76.6195144,39.3243807],[-76.6195146,39.3243795],[-76.6195154,39.3243764],[-76.6195173,39.3243676],[-76.6195195,39.3243586],[-76.6195215,39.3243493],[-76.61953,39.3243137],[-76.6195308,39.3243099],[-76.6195341,39.3242957],[-76.6195344,39.3242938],[-76.6195404,39.324267],[-76.6195479,39.3242311],[-76.6195528,39.3242066],[-76.6195586,39.324174],[-76.6195647,39.3241392],[-76.6195691,39.3241109],[-76.619575,39.3240685],[-76.6195776,39.324048],[-76.6196015,39.3240481]]]}},{"type":"Feature","properties":{"layer":"Sidewalk","symbol":1,"class":"Other","_tile":"6/35/42"},"geometry":{"type":"Polygon","coordinates":[[[-76.6190036,39.3241058],[-76.6190096,39.3241044],[-76.6190151,39.3241029],[-76.6190214,39.324101],[-76.6190282,39.3240986],[-76.6190345,39.3240962],[-76.6190402,39.3240937],[-76.6190448,39.3240911],[-76.6190507,39.324086],[-76.6190564,39.3240804],[-76.6190596,39.3240768],[-76.6190629,39.3240727],[-76.6190694,39.3240635],[-76.6190756,39.3240542],[-76.6190807,39.3240464],[-76.6191106,39.3240465],[-76.6191098,39.3240477],[-76.6190931,39.3240732],[-76.6190895,39.3240784],[-76.6190858,39.3240833],[-76.6190683,39.3241133],[-76.6190547,39.3241375],[-76.6190415,39.324163],[-76.6190333,39.3241814],[-76.6190212,39.3242118],[-76.6190204,39.3242154],[-76.619018,39.3242243],[-76.6190151,39.3242343],[-76.6189995,39.3242778],[-76.6189951,39.3242907],[-76.6189959,39.3241531],[-76.6189962,39.3241534],[-76.6189997,39.3241567],[-76.6190009,39.3241572],[-76.6190082,39.3241601],[-76.6190099,39.3241601],[-76.6190121,39.3241592],[-76.6190138,39.3241577],[-76.6190283,39.3241314],[-76.619029,39.3241284],[-76.6190285,39.3241263],[-76.619027,39.3241239],[-76.6190244,39.3241225],[-76.6190179,39.3241242],[-76.6190127,39.3241255],[-76.6190024,39.3241276],[-76.6190012,39.324128],[-76.618996,39.3241289],[-76.6189961,39.3241075],[-76.6190036,39.3241058]]]}},{"type":"Feature","properties":{"layer":"Sidewalk","symbol":1,"class":"Other","_tile":"6/35/43"},"geometry":{"type":"Polygon","coordinates":[[[-76.6195053,39.3235712],[-76.6195122,39.3235922],[-76.6194947,39.3235963],[-76.6194763,39.3236003],[-76.6194687,39.3235859],[-76.6194659,39.3235806],[-76.6194885,39.323575],[-76.619493,39.3235741],[-76.6195053,39.3235712]]]}},{"type":"Feature","properties":{"layer":"Sidewalk","symbol":1,"class":"Other","_tile":"6/35/43"},"geometry":{"type":"Polygon","coordinates":[[[-76.6194377,39.3235896],[-76.6194481,39.3236093],[-76.6194275,39.323617],[-76.6194162,39.3236224],[-76.6194054,39.3236286],[-76.6193945,39.3236344],[-76.6193783,39.3236144],[-76.6193809,39.3236133],[-76.6194029,39.323602],[-76.6194152,39.3235967],[-76.6194377,39.3235896]]]}},{"type":"Feature","properties":{"layer":"Sidewalk","symbol":1,"class":"Other","_tile":"6/35/43"},"geometry":{"type":"Polygon","coordinates":[[[-76.6196461,39.3237433],[-76.6196444,39.3237472],[-76.6196405,39.3237567],[-76.6196346,39.3237721],[-76.6196332,39.323776],[-76.6196304,39.3237847],[-76.6196262,39.3237989],[-76.6196237,39.3238078],[-76.6196218,39.3238153],[-76.6196196,39.3238263],[-76.6196182,39.3238349],[-76.6196156,39.3238531],[-76.6196142,39.3238648],[-76.6196132,39.3238756],[-76.6196115,39.323897],[-76.619609,39.3239435],[-76.6196065,39.3239856],[-76.6196045,39.3240141],[-76.6196028,39.3240344],[-76.6196018,39.3240451],[-76.6195999,39.3240614],[-76.6195996,39.3240633],[-76.6195757,39.3240632],[-76.6195781,39.3240436],[-76.619579,39.3240331],[-76.6195804,39.3240168],[-76.6195827,39.3239847],[-76.6195852,39.3239427],[-76.6195874,39.3239006],[-76.6195901,39.3238667],[-76.6195925,39.3238467],[-76.619596,39.3238238],[-76.6195983,39.323812],[-76.6196004,39.323804],[-76.6196043,39.32379],[-76.6196058,39.3237852],[-76.6196072,39.3237803],[-76.6196129,39.3237636],[-76.619616,39.3237556],[-76.6196237,39.3237365],[-76.6196343,39.3237169],[-76.6196389,39.3237087],[-76.6196411,39.3237051],[-76.6196464,39.3236966],[-76.6196461,39.3237433]],[[-76.619647,39.3235771],[-76.6196469,39.3235993],[-76.6196107,39.32359],[-76.619596,39.3235871],[-76.619577,39.3235841],[-76.6195632,39.3235838],[-76.619554,39.323585],[-76.6195517,39.3235851],[-76.6195451,39.3235858],[-76.6195381,39.3235648],[-76.619553,39.3235633],[-76.6195592,39.3235629],[-76.6195645,39.3235628],[-76.6195773,39.3235635],[-76.6195903,39.3235647],[-76.6195958,39.3235654],[-76.6196012,39.3235663],[-76.619607,39.3235674],[-76.6196133,39.3235687],[-76.6196199,39.3235703],[-76.619647,39.3235771]]]}},{"type":"Feature","properties":{"layer":"Sidewalk","symbol":1,"class":"Other","_tile":"6/35/43"},"geometry":{"type":"Polygon","coordinates":[[[-76.6190706,39.3240616],[-76.6190756,39.3240542],[-76.6190808,39.3240461],[-76.6190882,39.3240344],[-76.6190937,39.3240253],[-76.6190966,39.3240207],[-76.619105,39.3240064],[-76.6191129,39.3239929],[-76.6191214,39.3239776],[-76.6191259,39.3239694],[-76.6191356,39.323951],[-76.6191425,39.3239374],[-76.6191446,39.3239334],[-76.6191482,39.323926],[-76.6191558,39.3239091],[-76.6191598,39.3238997],[-76.6191617,39.323895],[-76.6191657,39.3238856],[-76.6191676,39.3238809],[-76.6191757,39.3238603],[-76.6191886,39.323824],[-76.6191919,39.3238155],[-76.619195,39.323808],[-76.6191989,39.3237995],[-76.6192057,39.3237857],[-76.6192079,39.3237811],[-76.6192159,39.3237654],[-76.6192183,39.3237612],[-76.6192206,39.3237567],[-76.6192259,39.3237473],[-76.6192287,39.3237426],[-76.6192341,39.3237338],[-76.619239,39.3237265],[-76.6192421,39.3237224],[-76.619246,39.3237177],[-76.6192501,39.3237128],[-76.6192622,39.3236996],[-76.6192727,39.3236896],[-76.6192836,39.3236795],[-76.619293,39.3236714],[-76.6193013,39.3236648],[-76.6193061,39.3236614],[-76.6193223,39.32365],[-76.6193346,39.3236418],[-76.6193492,39.3236317],[-76.6193669,39.3236474],[-76.6193343,39.3236696],[-76.6193243,39.3236766],[-76.6193161,39.3236828],[-76.6193087,39.323689],[-76.6192985,39.3236979],[-76.6192881,39.3237078],[-76.6192834,39.3237123],[-76.6192723,39.3237244],[-76.6192649,39.3237333],[-76.6192623,39.3237367],[-76.6192581,39.3237431],[-76.619253,39.3237513],[-76.6192453,39.3237649],[-76.6192408,39.3237732],[-76.6192284,39.3237977],[-76.6192204,39.3238147],[-76.6192161,39.3238254],[-76.6192028,39.3238623],[-76.6191951,39.3238826],[-76.6191912,39.3238918],[-76.6191893,39.3238966],[-76.6191812,39.3239158],[-76.6191791,39.3239204],[-76.6191772,39.3239249],[-76.6191733,39.3239332],[-76.6191696,39.3239409],[-76.6191629,39.3239541],[-76.6191555,39.3239683],[-76.619144,39.3239895],[-76.6191347,39.3240058],[-76.6191237,39.3240247],[-76.6191098,39.3240477],[-76.6191007,39.3240617],[-76.6190706,39.3240616]]]}},{"type":"Feature","properties":{"layer":"Sidewalk","symbol":1,"class":"Other","_tile":"6/36/32"},"geometry":{"type":"Polygon","coordinates":[[[-76.6189293,39.3294267],[-76.6189118,39.3294301],[-76.6188923,39.32943],[-76.618901,39.3294216],[-76.6189292,39.3294156],[-76.6189301,39.3294155],[-76.6189652,39.3294081],[-76.6189818,39.3294024],[-76.6189873,39.3293987],[-76.6189871,39.3294303],[-76.6189785,39.3294303],[-76.6189855,39.3294148],[-76.6189398,39.3294247],[-76.6189293,39.3294267]]]}},{"type":"Feature","properties":{"layer":"Sidewalk","_tile":"6/36/32"},"geometry":{"type":"Polygon","coordinates":[[[-76.6189897,39.3289506],[-76.6189846,39.3289401],[-76.6189829,39.328937],[-76.6189785,39.3289286],[-76.6189776,39.3289269],[-76.6189898,39.328927],[-76.6189897,39.3289506]]]}},{"type":"Feature","properties":{"layer":"Sidewalk","_tile":"6/36/33"},"geometry":{"type":"Polygon","coordinates":[[[-76.6186218,39.3284377],[-76.6186232,39.3284389],[-76.6186317,39.3284474],[-76.6186393,39.3284563],[-76.6186459,39.3284659],[-76.6186512,39.3284758],[-76.6186556,39.3284859],[-76.6186587,39.3284964],[-76.6186607,39.328507],[-76.6186615,39.3285178],[-76.6186612,39.3285285],[-76.6186594,39.3285392],[-76.6186566,39.3285497],[-76.6186529,39.3285616],[-76.6186116,39.3285535],[-76.6186163,39.3285394],[-76.6186188,39.3285299],[-76.6186203,39.3285201],[-76.6186206,39.3285104],[-76.6186198,39.3285006],[-76.6186178,39.3284909],[-76.6186148,39.3284814],[-76.6186107,39.3284722],[-76.6186055,39.3284633],[-76.6185994,39.3284547],[-76.6185923,39.3284466],[-76.6185843,39.328439],[-76.6185828,39.3284376],[-76.6186218,39.3284377]],[[-76.6189856,39.3289422],[-76.6189846,39.3289401],[-76.6189829,39.328937],[-76.6189785,39.3289286],[-76.6189763,39.3289248],[-76.6189757,39.3289241],[-76.6189721,39.328918],[-76.6189649,39.3289065],[-76.6189624,39.3289026],[-76.6189561,39.3288934],[-76.6189901,39.3288775],[-76.6189898,39.3289422],[-76.6189856,39.3289422]],[[-76.6189925,39.3284389],[-76.6189924,39.3284437],[-76.6189899,39.3284389],[-76.6189925,39.3284389]]]}},{"type":"Feature","properties":{"layer":"Sidewalk","_tile":"6/36/33"},"geometry":{"type":"Polygon","coordinates":[[[-76.6189901,39.3288775],[-76.6189561,39.3288934],[-76.6189523,39.3288876],[-76.6189486,39.3288827],[-76.6189473,39.3288806],[-76.6189349,39.328864],[-76.6189299,39.328858],[-76.6189221,39.3288492],[-76.6189208,39.3288479],[-76.6189163,39.328843],[-76.6189125,39.328839],[-76.6188977,39.3288241],[-76.6188808,39.3288079],[-76.6188687,39.328797],[-76.6188603,39.3287899],[-76.6188508,39.328782],[-76.6188464,39.3287785],[-76.6188354,39.3287701],[-76.618833,39.3287681],[-76.6188287,39.3287651],[-76.6188157,39.3287554],[-76.6188122,39.328753],[-76.6187993,39.3287441],[-76.6187915,39.3287391],[-76.618785,39.328735],[-76.6187684,39.3287259],[-76.6187472,39.328715],[-76.61873,39.3287069],[-76.6187135,39.3286997],[-76.6186905,39.3286908],[-76.6186783,39.3286863],[-76.6186656,39.328682],[-76.6186438,39.328675],[-76.6186337,39.3286721],[-76.6186238,39.3286696],[-76.6186089,39.3286663],[-76.6185874,39.3286621],[-76.6185733,39.3286596],[-76.6185585,39.3286573],[-76.6185476,39.328656],[-76.6185338,39.3286543],[-76.618525,39.3286533],[-76.6185,39.3286512],[-76.6184847,39.3286504],[-76.6184821,39.3286505],[-76.6184767,39.3286505],[-76.6184675,39.3286506],[-76.6184595,39.3286508],[-76.618438,39.3286518],[-76.6184307,39.3286523],[-76.6184147,39.3286535],[-76.6183955,39.3286556],[-76.6183878,39.3286565],[-76.6183725,39.3286585],[-76.6183665,39.3286595],[-76.618362,39.32866],[-76.6183482,39.3286624],[-76.6183445,39.3286631],[-76.6183432,39.3286634],[-76.6183434,39.3286243],[-76.618348,39.3286234],[-76.6183566,39.328622],[-76.6183643,39.328621],[-76.6183802,39.328619],[-76.6183814,39.3286187],[-76.6184085,39.3286159],[-76.6184373,39.3286134],[-76.6184528,39.3286125],[-76.6184708,39.328612],[-76.61849,39.3286119],[-76.6185042,39.3286121],[-76.618534,39.3286132],[-76.6185458,39.3286139],[-76.6185613,39.3286153],[-76.618574,39.3286169],[-76.6185872,39.3286139],[-76.6185886,39.3286136],[-76.6185928,39.3286116],[-76.618606,39.3285709],[-76.6186471,39.328579],[-76.6186362,39.3286124],[-76.6186358,39.3286186],[-76.6186381,39.328626],[-76.6186416,39.3286303],[-76.6186528,39.3286368],[-76.6186617,39.3286394],[-76.6186862,39.3286475],[-76.6187024,39.3286532],[-76.6187197,39.3286599],[-76.6187465,39.3286706],[-76.6188371,39.3287189],[-76.6188488,39.3287277],[-76.6188586,39.3287348],[-76.6188687,39.3287429],[-76.6188817,39.3287538],[-76.6188963,39.328767],[-76.6189101,39.3287799],[-76.6189424,39.3288112],[-76.6189537,39.3288228],[-76.6189586,39.3288283],[-76.6189623,39.3288321],[-76.6189717,39.3288435],[-76.6189815,39.3288557],[-76.6189896,39.3288662],[-76.6189902,39.328867],[-76.6189901,39.3288775]]]}},{"type":"Feature","properties":{"layer":"Sidewalk","symbol":1,"class":"Other","_tile":"6/36/34"},"geometry":{"type":"Polygon","coordinates":[[[-76.6188964,39.3280453],[-76.6189089,39.3280355],[-76.6189122,39.3280381],[-76.6189196,39.3280323],[-76.6189329,39.3280425],[-76.6189055,39.3280638],[-76.6188923,39.3280537],[-76.6188997,39.3280479],[-76.6188964,39.3280453]]]}},{"type":"Feature","properties":{"layer":"Sidewalk","symbol":1,"class":"Other","_tile":"6/36/34"},"geometry":{"type":"Polygon","coordinates":[[[-76.6189743,39.3280272],[-76.6189744,39.3280271],[-76.6189701,39.3280239],[-76.6189948,39.328004],[-76.6189946,39.3280426],[-76.6189743,39.3280272]]]}},{"type":"Feature","properties":{"layer":"Sidewalk","_tile":"6/36/34"},"geometry":{"type":"Polygon","coordinates":[[[-76.6185299,39.3283114],[-76.618558,39.3283134],[-76.6185573,39.3283252],[-76.6185577,39.328337],[-76.6185593,39.3283487],[-76.6185622,39.3283603],[-76.6185663,39.3283716],[-76.6185714,39.3283826],[-76.6185778,39.3283933],[-76.6185853,39.3284036],[-76.6185938,39.3284133],[-76.6186033,39.3284225],[-76.6186232,39.3284389],[-76.6186317,39.3284474],[-76.6186364,39.328453],[-76.6185978,39.3284529],[-76.6185923,39.3284466],[-76.6185843,39.328439],[-76.618574,39.3284294],[-76.6185645,39.3284191],[-76.6185561,39.3284084],[-76.6185488,39.3283972],[-76.6185426,39.3283856],[-76.6185376,39.3283737],[-76.6185337,39.3283615],[-76.6185308,39.3283491],[-76.6185293,39.3283366],[-76.6185289,39.3283239],[-76.6185299,39.3283114]],[[-76.6185855,39.3282502],[-76.6185615,39.3282387],[-76.6185693,39.3282296],[-76.618578,39.3282208],[-76.6185797,39.3282184],[-76.6185802,39.3282171],[-76.6185803,39.3282157],[-76.6185799,39.328213],[-76.6185791,39.3282117],[-76.6185782,39.3282105],[-76.618577,39.3282096],[-76.6185756,39.3282087],[-76.6185741,39.328208],[-76.6185724,39.3282075],[-76.6185707,39.3282073],[-76.6185689,39.3282073],[-76.6185486,39.3282108],[-76.6185298,39.3282136],[-76.6185111,39.3282158],[-76.6184922,39.3282175],[-76.6184902,39.3282011],[-76.6185051,39.3281998],[-76.6185068,39.3281996],[-76.6185083,39.3281991],[-76.6185098,39.3281984],[-76.6185112,39.3281976],[-76.618514,39.3281953],[-76.6185842,39.3281412],[-76.6186104,39.3281617],[-76.6186457,39.3281346],[-76.6186631,39.3281483],[-76.6186709,39.3281545],[-76.6186727,39.3281554],[-76.6186738,39.3281558],[-76.618675,39.328156],[-76.6186761,39.328156],[-76.6186784,39.3281557],[-76.6186793,39.3281553],[-76.618691,39.3281501],[-76.6187025,39.3281446],[-76.6187141,39.3281584],[-76.618714,39.3281584],[-76.618713,39.328159],[-76.6187121,39.3281597],[-76.6187115,39.3281606],[-76.6187107,39.3281622],[-76.6187107,39.3281641],[-76.6187116,39.3281659],[-76.6187131,39.3281674],[-76.6187142,39.3281678],[-76.6187164,39.3281684],[-76.6187344,39.3281716],[-76.6187522,39.3281755],[-76.6187697,39.3281802],[-76.6187868,39.3281856],[-76.6188035,39.3281918],[-76.6188196,39.3281988],[-76.6188354,39.3282065],[-76.6188504,39.3282149],[-76.6188647,39.3282239],[-76.6188783,39.3282336],[-76.618897,39.3282482],[-76.6189148,39.3282631],[-76.6189321,39.3282787],[-76.6189486,39.3282948],[-76.6189641,39.3283113],[-76.6189791,39.3283283],[-76.618993,39.3283453],[-76.6189924,39.3284437],[-76.6189835,39.3284267],[-76.6189724,39.3284082],[-76.6189674,39.3284002],[-76.6189546,39.3283817],[-76.6189409,39.3283634],[-76.6189262,39.3283457],[-76.6189105,39.3283285],[-76.6188939,39.3283119],[-76.6188765,39.3282958],[-76.6188581,39.3282801],[-76.618839,39.3282651],[-76.6188262,39.3282561],[-76.6188124,39.3282478],[-76.6187982,39.3282401],[-76.6187832,39.3282333],[-76.6187677,39.3282271],[-76.6187517,39.3282218],[-76.6187353,39.3282174],[-76.6187186,39.3282137],[-76.6187016,39.3282111],[-76.6186844,39.3282092],[-76.6186741,39.3282088],[-76.618664,39.3282092],[-76.618654,39.3282104],[-76.6186442,39.3282124],[-76.6186346,39.3282151],[-76.6186256,39.3282187],[-76.6186169,39.3282229],[-76.6186089,39.3282278],[-76.6186015,39.3282333],[-76.6185951,39.3282393],[-76.6185901,39.3282448],[-76.6185855,39.3282502]]]}},{"type":"Feature","properties":{"layer":"Sidewalk","_tile":"6/36/34"},"geometry":{"type":"Polygon","coordinates":[[[-76.6185367,39.3282825],[-76.618541,39.3282719],[-76.6185462,39.3282616],[-76.6185722,39.3282702],[-76.6185677,39.3282791],[-76.618564,39.3282883],[-76.6185367,39.3282825]]]}},{"type":"Feature","properties":{"layer":"Sidewalk","_tile":"6/36/34"},"geometry":{"type":"Polygon","coordinates":[[[-76.6184092,39.3282181],[-76.6184107,39.3282017],[-76.6184283,39.3282024],[-76.6184278,39.3282189],[-76.6184092,39.3282181]]]}},{"type":"Feature","properties":{"layer":"Sidewalk","_tile":"6/36/34"},"geometry":{"type":"Polygon","coordinates":[[[-76.6188222,39.328086],[-76.6188062,39.3280752],[-76.6188145,39.3280676],[-76.6188285,39.3280536],[-76.6188418,39.3280392],[-76.618854,39.3280242],[-76.6188654,39.3280089],[-76.6188758,39.3279931],[-76.618898,39.3279951],[-76.6188878,39.3280112],[-76.6188872,39.3280124],[-76.6188867,39.3280137],[-76.6188866,39.3280149],[-76.6188867,39.3280162],[-76.6188872,39.3280175],[-76.6188878,39.3280187],[-76.6188887,39.3280199],[-76.6188898,39.3280209],[-76.6188971,39.3280265],[-76.6188846,39.3280362],[-76.6188816,39.3280339],[-76.6188806,39.3280333],[-76.6188796,39.3280328],[-76.6188774,39.3280323],[-76.6188751,39.3280324],[-76.618873,39.328033],[-76.618872,39.3280335],[-76.6188705,39.3280349],[-76.6188634,39.3280436],[-76.618856,39.3280522],[-76.6188549,39.3280537],[-76.618854,39.3280553],[-76.6188535,39.3280571],[-76.6188535,39.3280588],[-76.6188538,39.3280606],[-76.6188544,39.3280622],[-76.6188597,39.3280724],[-76.6188661,39.3280822],[-76.6188733,39.3280916],[-76.6188814,39.3281006],[-76.6188902,39.3281092],[-76.6188998,39.3281172],[-76.6189432,39.328151],[-76.6189568,39.3281403],[-76.6189884,39.3281649],[-76.6189749,39.3281755],[-76.6189938,39.3281902],[-76.6189937,39.3282096],[-76.6188866,39.3281263],[-76.6188764,39.3281177],[-76.6188669,39.3281085],[-76.6188583,39.3280988],[-76.6188506,39.3280888],[-76.6188431,39.3280775],[-76.6188416,39.3280761],[-76.6188394,39.3280753],[-76.6188382,39.3280751],[-76.618837,39.3280751],[-76.6188359,39.3280752],[-76.6188347,39.3280754],[-76.6188336,39.3280759],[-76.6188327,39.3280764],[-76.6188222,39.328086]]]}},{"type":"Feature","properties":{"layer":"Sidewalk","_tile":"6/36/34"},"geometry":{"type":"Polygon","coordinates":[[[-76.618766,39.3281288],[-76.6187524,39.3281163],[-76.6187627,39.3281094],[-76.6187768,39.3281217],[-76.6187766,39.3281217],[-76.618766,39.3281288]]]}},{"type":"Feature","properties":{"layer":"Sidewalk","_tile":"6/36/34"},"geometry":{"type":"Polygon","coordinates":[[[-76.6183458,39.3281727],[-76.6183504,39.3281763],[-76.6183458,39.3281799],[-76.6183458,39.3281727]]]}},{"type":"Feature","properties":{"layer":"Sidewalk","_tile":"6/36/34"},"geometry":{"type":"Polygon","coordinates":[[[-76.6188758,39.3279931],[-76.618884,39.3279792],[-76.6188843,39.3279783],[-76.6188845,39.3279774],[-76.6188845,39.3279764],[-76.6188843,39.3279756],[-76.6188839,39.3279746],[-76.6188825,39.3279732],[-76.6188778,39.3279694],[-76.6188533,39.3279503],[-76.6189205,39.3279506],[-76.618914,39.3279651],[-76.6189066,39.3279802],[-76.618898,39.3279951],[-76.6188758,39.3279931]]]}},{"type":"Feature","properties":{"layer":"Sidewalk","_tile":"6/36/34"},"geometry":{"type":"Polygon","coordinates":[[[-76.618983,39.327971],[-76.6189769,39.3279656],[-76.6189703,39.3279609],[-76.6189816,39.3279508],[-76.6189876,39.3279508],[-76.6189922,39.3279541],[-76.6189951,39.3279566],[-76.618995,39.3279633],[-76.618983,39.327971]]]}},{"type":"Feature","properties":{"layer":"Sidewalk","_tile":"6/36/35"},"geometry":{"type":"Polygon","coordinates":[[[-76.618873,39.3279657],[-76.6188428,39.3279421],[-76.6189132,39.327888],[-76.6188434,39.3278334],[-76.618866,39.327816],[-76.6189115,39.3278516],[-76.6189137,39.3278525],[-76.618916,39.3278527],[-76.6189172,39.3278526],[-76.6189194,39.3278519],[-76.6189203,39.3278514],[-76.6189218,39.32785],[-76.6189223,39.3278492],[-76.6189226,39.3278483],[-76.6189228,39.3278474],[-76.6189231,39.3278342],[-76.6189445,39.3278342],[-76.6189441,39.3278473],[-76.6189451,39.3278495],[-76.6189459,39.3278506],[-76.618947,39.3278514],[-76.6189482,39.3278521],[-76.6189496,39.3278527],[-76.618951,39.3278531],[-76.618954,39.3278532],[-76.6189569,39.3278525],[-76.6189594,39.3278511],[-76.6189651,39.327847],[-76.6189714,39.3278437],[-76.6189785,39.3278411],[-76.6189859,39.3278396],[-76.6189935,39.3278389],[-76.6189957,39.3278389],[-76.6189953,39.3279157],[-76.6189908,39.3279155],[-76.6189833,39.3279145],[-76.618976,39.3279126],[-76.6189691,39.3279097],[-76.6189629,39.3279063],[-76.6189576,39.3279019],[-76.618953,39.327897],[-76.6189523,39.3278961],[-76.6189498,39.3278945],[-76.6189484,39.3278941],[-76.6189454,39.3278937],[-76.6189438,39.3278938],[-76.6189425,39.3278942],[-76.6189411,39.3278946],[-76.6189398,39.3278953],[-76.6189388,39.3278962],[-76.6189378,39.3278971],[-76.6189372,39.3278982],[-76.6189367,39.3278994],[-76.6189344,39.327909],[-76.6189317,39.3279185],[-76.6189316,39.3279212],[-76.6189319,39.3279225],[-76.6189325,39.3279238],[-76.6189334,39.327925],[-76.6189345,39.3279261],[-76.6189357,39.3279269],[-76.6189387,39.3279282],[-76.6189449,39.3279299],[-76.6189373,39.3279453],[-76.6189345,39.3279444],[-76.6189311,39.3279439],[-76.6189295,39.327944],[-76.6189278,39.3279444],[-76.6189262,39.3279449],[-76.6189248,39.3279455],[-76.6189235,39.3279464],[-76.6189224,39.3279474],[-76.6189214,39.3279485],[-76.6189208,39.3279497],[-76.618914,39.3279651],[-76.6189137,39.3279658],[-76.618873,39.3279657]]]}},{"type":"Feature","properties":{"layer":"Sidewalk","_tile":"6/36/35"},"geometry":{"type":"Polygon","coordinates":[[[-76.6189774,39.327966],[-76.6189769,39.3279656],[-76.6189703,39.3279609],[-76.6189842,39.3279484],[-76.6189922,39.3279541],[-76.6189951,39.3279566],[-76.618995,39.3279633],[-76.6189907,39.327966],[-76.6189774,39.327966]]]}},{"type":"Feature","properties":{"layer":"Sidewalk","_tile":"6/36/35"},"geometry":{"type":"Polygon","coordinates":[[[-76.6189346,39.3277559],[-76.6189373,39.3277668],[-76.6189394,39.3277776],[-76.6189185,39.3277799],[-76.6189164,39.3277695],[-76.6189139,39.3277592],[-76.6189346,39.3277559]]]}},{"type":"Feature","properties":{"layer":"Sidewalk","_tile":"6/36/35"},"geometry":{"type":"Polygon","coordinates":[[[-76.6189178,39.3277075],[-76.6188979,39.3277128],[-76.6188969,39.3277111],[-76.6188956,39.3277097],[-76.6188936,39.3277087],[-76.6188924,39.3277085],[-76.6188901,39.3277083],[-76.6188888,39.3277084],[-76.6188867,39.3277093],[-76.6188858,39.3277099],[-76.6188816,39.3277131],[-76.6188355,39.3276771],[-76.618853,39.3276635],[-76.6187361,39.3275719],[-76.6187274,39.3275786],[-76.6186227,39.3274968],[-76.6186235,39.3274963],[-76.6186242,39.3274956],[-76.6186249,39.3274948],[-76.6186255,39.3274931],[-76.6186255,39.3274921],[-76.618625,39.3274904],[-76.6186246,39.3274895],[-76.6186238,39.3274888],[-76.6186221,39.3274876],[-76.618599,39.327481],[-76.6185766,39.3274755],[-76.6185539,39.3274711],[-76.6185309,39.3274673],[-76.6185078,39.3274646],[-76.6184845,39.3274626],[-76.618461,39.3274616],[-76.6184375,39.3274615],[-76.6184142,39.3274623],[-76.6184161,39.32748],[-76.6184041,39.3274893],[-76.6183954,39.3274825],[-76.6184032,39.3274764],[-76.6184018,39.3274631],[-76.6183906,39.327464],[-76.6183901,39.3274608],[-76.6185891,39.3274614],[-76.6186041,39.327465],[-76.6186274,39.3274715],[-76.6186503,39.327479],[-76.6186726,39.3274873],[-76.6186943,39.3274964],[-76.6187155,39.3275064],[-76.618736,39.3275172],[-76.6187557,39.3275287],[-76.6187747,39.327541],[-76.6187928,39.3275541],[-76.6188101,39.3275678],[-76.6188266,39.3275822],[-76.618842,39.3275971],[-76.6188548,39.3276106],[-76.6188669,39.3276246],[-76.618878,39.3276391],[-76.6188801,39.3276411],[-76.6188817,39.3276419],[-76.6188832,39.3276425],[-76.6188847,39.3276429],[-76.6188864,39.3276431],[-76.6188883,39.3276431],[-76.61889,39.3276429],[-76.6188915,39.3276424],[-76.6189079,39.3276364],[-76.6189238,39.3276298],[-76.6189387,39.3276238],[-76.6189539,39.3276185],[-76.6189696,39.3276139],[-76.6189859,39.3276099],[-76.6189969,39.3276077],[-76.6189968,39.3276361],[-76.6189829,39.3276393],[-76.61897,39.3276431],[-76.6189574,39.3276472],[-76.6189453,39.327652],[-76.6189438,39.3276527],[-76.6189424,39.3276537],[-76.6189413,39.3276549],[-76.6189399,39.3276575],[-76.6189397,39.3276604],[-76.6189402,39.3276618],[-76.6189409,39.3276631],[-76.6189418,39.3276643],[-76.6189431,39.3276654],[-76.6189446,39.3276662],[-76.6189461,39.3276668],[-76.618948,39.3276673],[-76.6189714,39.3276719],[-76.6189946,39.3276772],[-76.6189966,39.3276778],[-76.6189964,39.3277067],[-76.6189943,39.327706],[-76.6189673,39.3276994],[-76.6189477,39.3276954],[-76.6189279,39.327692],[-76.6189245,39.3276919],[-76.6189211,39.3276927],[-76.6189184,39.3276942],[-76.6189173,39.3276952],[-76.6189164,39.3276964],[-76.6189157,39.3276976],[-76.6189153,39.3276989],[-76.6189154,39.3277015],[-76.6189178,39.3277075]]]}},{"type":"Feature","properties":{"layer":"Sidewalk","_tile":"6/36/36"},"geometry":{"type":"Polygon","coordinates":[[[-76.6183763,39.3269726],[-76.6183742,39.3269742],[-76.618374,39.3269744],[-76.6183737,39.3269745],[-76.618368,39.3269789],[-76.6183554,39.3269883],[-76.6183522,39.3269874],[-76.6183523,39.3269725],[-76.6183763,39.3269726]]]}},{"type":"Feature","properties":{"layer":"Sidewalk","_tile":"6/36/36"},"geometry":{"type":"Polygon","coordinates":[[[-76.6185811,39.3274766],[-76.6185766,39.3274755],[-76.6185539,39.3274711],[-76.6185309,39.3274673],[-76.6185078,39.3274646],[-76.6184845,39.3274626],[-76.618461,39.3274616],[-76.6184375,39.3274615],[-76.6184142,39.3274623],[-76.6184157,39.3274761],[-76.6184032,39.3274761],[-76.6184018,39.3274631],[-76.6183906,39.327464],[-76.6183881,39.3274475],[-76.6184114,39.3274459],[-76.6184347,39.3274451],[-76.6184347,39.3274391],[-76.618436,39.3274331],[-76.6184385,39.3274274],[-76.6184421,39.3274221],[-76.6184465,39.3274172],[-76.6184521,39.3274131],[-76.6184582,39.3274095],[-76.6184651,39.3274068],[-76.6184725,39.3274049],[-76.6184802,39.327404],[-76.6184879,39.327404],[-76.6184955,39.3274049],[-76.6185029,39.3274067],[-76.6185098,39.3274094],[-76.6185161,39.3274129],[-76.6185216,39.3274171],[-76.6185261,39.327422],[-76.6185296,39.3274273],[-76.6185321,39.327433],[-76.6185334,39.3274388],[-76.6185335,39.3274449],[-76.6185324,39.3274509],[-76.6185566,39.3274546],[-76.6185806,39.3274594],[-76.6186041,39.327465],[-76.6186274,39.3274715],[-76.6186437,39.3274768],[-76.6185811,39.3274766]]]}},{"type":"Feature","properties":{"layer":"Sidewalk","_tile":"6/36/37"},"geometry":{"type":"Polygon","coordinates":[[[-76.6187252,39.3265555],[-76.6187253,39.3265554],[-76.6187539,39.3265532],[-76.6187526,39.3265688],[-76.618765,39.3265678],[-76.6187836,39.3265661],[-76.6187954,39.3265648],[-76.618854,39.3265624],[-76.618856,39.3266034],[-76.6188477,39.3266031],[-76.6188464,39.3265878],[-76.6188188,39.3265856],[-76.6187752,39.3265819],[-76.6187746,39.3265769],[-76.6187671,39.3265774],[-76.6187611,39.3265778],[-76.6187573,39.3265781],[-76.6187717,39.3266647],[-76.618723,39.3267602],[-76.6187176,39.3267709],[-76.6186738,39.3267788],[-76.6186702,39.3267665],[-76.6186458,39.3266835],[-76.6186456,39.3266832],[-76.6186383,39.3266774],[-76.618603,39.3266492],[-76.6185581,39.3266135],[-76.6185536,39.3266145],[-76.6185308,39.3266345],[-76.6185652,39.3266638],[-76.6185698,39.3266676],[-76.618574,39.3266786],[-76.6185757,39.3266824],[-76.6185796,39.3266925],[-76.6185822,39.3266987],[-76.618585,39.3267088],[-76.6185852,39.3267097],[-76.6185962,39.3267479],[-76.6185965,39.3267538],[-76.6185947,39.326761],[-76.6185944,39.3267618],[-76.61859,39.3267804],[-76.6185896,39.3267819],[-76.618583,39.3268091],[-76.6185805,39.3268134],[-76.6185754,39.3268187],[-76.6185526,39.3268364],[-76.6185518,39.3268371],[-76.6185352,39.3268499],[-76.6185352,39.32685],[-76.6185284,39.3268553],[-76.6185261,39.3268572],[-76.6185206,39.3268613],[-76.6185135,39.326867],[-76.6185107,39.326869],[-76.6185101,39.3268696],[-76.6185005,39.326877],[-76.6184996,39.3268778],[-76.6184994,39.3268778],[-76.6184893,39.3268858],[-76.6184888,39.3268862],[-76.6184856,39.3268886],[-76.6184842,39.3268898],[-76.6184836,39.3268902],[-76.6184827,39.326891],[-76.6184743,39.3268974],[-76.6184729,39.3268986],[-76.6184714,39.3268997],[-76.6184709,39.3269],[-76.6184709,39.3269001],[-76.6184694,39.3269013],[-76.6184691,39.3269014],[-76.6184679,39.3269025],[-76.6184501,39.3269164],[-76.6184423,39.3269223],[-76.6184317,39.3269307],[-76.6184136,39.3269447],[-76.6183836,39.3269672],[-76.6183827,39.326968],[-76.6183819,39.3269685],[-76.6183742,39.3269742],[-76.618374,39.3269744],[-76.6183737,39.3269745],[-76.618368,39.3269789],[-76.618356,39.3269878],[-76.6183536,39.3269878],[-76.6183522,39.3269874],[-76.6183524,39.3269516],[-76.6183799,39.3269314],[-76.6183977,39.3269186],[-76.618401,39.3269212],[-76.6184055,39.3269179],[-76.6184061,39.3269176],[-76.6184169,39.3269095],[-76.6184214,39.3269059],[-76.6184204,39.3269053],[-76.6184203,39.3269053],[-76.6184195,39.3269047],[-76.6184334,39.3268942],[-76.6184342,39.3268937],[-76.6184352,39.3268927],[-76.6184587,39.3268749],[-76.6184593,39.3268743],[-76.618463,39.3268716],[-76.6184644,39.3268704],[-76.6184667,39.3268688],[-76.6184984,39.3268444],[-76.618512,39.3268342],[-76.6185272,39.3268226],[-76.6185278,39.3268223],[-76.6185414,39.3268119],[-76.6185423,39.3268113],[-76.6185425,39.3268111],[-76.6185434,39.3268104],[-76.6185503,39.3268053],[-76.6185557,39.3267949],[-76.6185585,39.3267867],[-76.6185611,39.3267702],[-76.6185643,39.3267515],[-76.6185644,39.3267512],[-76.618565,39.3267475],[-76.6185651,39.3267373],[-76.6185645,39.3267349],[-76.6185635,39.3267297],[-76.6185635,39.3267292],[-76.6185609,39.3267214],[-76.6185556,39.3267136],[-76.6185488,39.3267097],[-76.6185481,39.3266949],[-76.6185518,39.3266946],[-76.6185506,39.3266877],[-76.6185506,39.3266867],[-76.618549,39.3266808],[-76.6185449,39.3266759],[-76.6184801,39.3266245],[-76.6184758,39.3266279],[-76.6184683,39.3266219],[-76.6184629,39.3266259],[-76.618458,39.326622],[-76.6184508,39.3266274],[-76.6184431,39.3266214],[-76.6184365,39.3266264],[-76.6184356,39.3266272],[-76.6184195,39.3266146],[-76.6184177,39.326613],[-76.6184176,39.326613],[-76.6184139,39.3266101],[-76.618398,39.3265975],[-76.6183881,39.3265897],[-76.6183881,39.3265896],[-76.6183806,39.3265837],[-76.6183806,39.3265836],[-76.6183804,39.3265836],[-76.61838,39.3265831],[-76.6183772,39.3265811],[-76.6183759,39.3265799],[-76.6183642,39.3265708],[-76.6183642,39.3265707],[-76.6183598,39.3265673],[-76.618359,39.3265666],[-76.6183545,39.326563],[-76.6183549,39.3264845],[-76.6183572,39.3264845],[-76.6183583,39.3265069],[-76.6183596,39.3265406],[-76.618376,39.3265525],[-76.6183798,39.3265553],[-76.6183957,39.3265667],[-76.6183965,39.3265674],[-76.6184018,39.3265711],[-76.6184076,39.3265754],[-76.6184118,39.3265783],[-76.6184162,39.3265817],[-76.6184182,39.326583],[-76.6184202,39.3265845],[-76.6184408,39.3265995],[-76.6184493,39.3265924],[-76.6184566,39.3265978],[-76.6184597,39.3265953],[-76.6184626,39.3265927],[-76.6184685,39.3265879],[-76.6184744,39.3265922],[-76.618488,39.3265808],[-76.6185115,39.3265973],[-76.6185128,39.3265981],[-76.6185197,39.3265944],[-76.6185359,39.326583],[-76.6185499,39.3265771],[-76.6185694,39.3265915],[-76.6185694,39.3265949],[-76.6186686,39.326671],[-76.6186807,39.3267266],[-76.6186841,39.3267421],[-76.6186852,39.3267472],[-76.6186858,39.3267495],[-76.6186899,39.3267545],[-76.6186954,39.3267555],[-76.6186994,39.3267549],[-76.6187064,39.3267386],[-76.6187157,39.3267171],[-76.6187269,39.3266909],[-76.6187409,39.3266587],[-76.6187332,39.3266071],[-76.6187255,39.3265568],[-76.6187252,39.3265555]],[[-76.6183695,39.3267692],[-76.6183574,39.3267596],[-76.6183542,39.3267569],[-76.6183534,39.3267563],[-76.6183535,39.3267385],[-76.6183596,39.3267438],[-76.6183812,39.3267604],[-76.6183901,39.3267537],[-76.618392,39.3267521],[-76.6184051,39.3267423],[-76.6184539,39.3267814],[-76.6185016,39.3268193],[-76.6184973,39.3268225],[-76.6184856,39.3268315],[-76.6184839,39.3268327],[-76.6184503,39.326858],[-76.6184203,39.3268808],[-76.6184044,39.3268928],[-76.6184005,39.3268957],[-76.6183814,39.3268805],[-76.6183694,39.3268707],[-76.6183529,39.3268576],[-76.6183529,39.3268516],[-76.6183576,39.3268553],[-76.6183803,39.3268734],[-76.6183818,39.3268747],[-76.6184007,39.3268897],[-76.6184151,39.3268789],[-76.6184164,39.3268777],[-76.6184466,39.326855],[-76.6184633,39.3268423],[-76.6184938,39.3268193],[-76.6184298,39.3267682],[-76.618414,39.3267555],[-76.6184049,39.3267483],[-76.6183533,39.3267874],[-76.6183533,39.3267814],[-76.6183695,39.3267692]]]}},{"type":"Feature","properties":{"layer":"Sidewalk","symbol":1,"class":"Other","_tile":"6/36/37"},"geometry":{"type":"Polygon","coordinates":[[[-76.6185637,39.3264851],[-76.6185723,39.3264916],[-76.618569,39.3264948],[-76.6185665,39.3264971],[-76.618588,39.3265104],[-76.6185679,39.3265258],[-76.6185415,39.3265346],[-76.6185332,39.326535],[-76.6185317,39.3265349],[-76.6185286,39.3265344],[-76.6185242,39.3265334],[-76.6185176,39.326531],[-76.6185148,39.3265297],[-76.6185115,39.3265278],[-76.6185089,39.3265261],[-76.6185044,39.3265226],[-76.6185037,39.3265219],[-76.6185012,39.3265188],[-76.6185,39.3265169],[-76.6184974,39.3265122],[-76.6184965,39.3265094],[-76.6184961,39.3265066],[-76.618496,39.3265003],[-76.6184966,39.3264982],[-76.6184977,39.3264958],[-76.6184986,39.3264946],[-76.6185009,39.326491],[-76.618508,39.326485],[-76.6185637,39.3264851]]]}},{"type":"Feature","properties":{"layer":"Sidewalk","symbol":1,"class":"Other","_tile":"6/36/37"},"geometry":{"type":"Polygon","coordinates":[[[-76.6186058,39.3265244],[-76.6186291,39.3265427],[-76.6186087,39.3265595],[-76.6185892,39.326545],[-76.6185902,39.3265442],[-76.6185858,39.3265398],[-76.6186058,39.3265244]]]}},{"type":"Feature","properties":{"layer":"Sidewalk","symbol":1,"class":"Other","_tile":"6/36/37"},"geometry":{"type":"Polygon","coordinates":[[[-76.6187539,39.3265532],[-76.6187253,39.3265554],[-76.6187252,39.3265555],[-76.618702,39.3265374],[-76.6187001,39.3265361],[-76.6186717,39.3265141],[-76.6186344,39.3264854],[-76.6186712,39.3264855],[-76.6187272,39.3265245],[-76.6187448,39.3265236],[-76.6188758,39.3265108],[-76.6188781,39.326507],[-76.6188844,39.3265115],[-76.6189532,39.3265317],[-76.6189901,39.3265421],[-76.6190026,39.3265454],[-76.6190025,39.3265635],[-76.6189907,39.3265603],[-76.6189785,39.326557],[-76.6189734,39.3265556],[-76.6189431,39.3265483],[-76.6189097,39.3265401],[-76.6188974,39.3265372],[-76.6187539,39.3265532]]]}},{"type":"Feature","properties":{"layer":"Sidewalk","_tile":"6/36/38"},"geometry":{"type":"Polygon","coordinates":[[[-76.6188267,39.3260039],[-76.6188205,39.3259979],[-76.6188344,39.3259979],[-76.6188267,39.3260039]]]}},{"type":"Feature","properties":{"layer":"Sidewalk","_tile":"6/36/38"},"geometry":{"type":"Polygon","coordinates":[[[-76.618594,39.3261336],[-76.6186018,39.3261275],[-76.6186336,39.3261546],[-76.6186259,39.3261604],[-76.618594,39.3261336]]]}},{"type":"Feature","properties":{"layer":"Sidewalk","_tile":"6/36/38"},"geometry":{"type":"Polygon","coordinates":[[[-76.6185074,39.3262002],[-76.6185184,39.3262088],[-76.6185224,39.326212],[-76.6185156,39.3262172],[-76.6185005,39.3262053],[-76.6185074,39.3262002]]]}},{"type":"Feature","properties":{"layer":"Sidewalk","_tile":"6/36/38"},"geometry":{"type":"Polygon","coordinates":[[[-76.6183548,39.3264997],[-76.6183549,39.3264758],[-76.6183569,39.3264773],[-76.618358,39.3264997],[-76.6183548,39.3264997]]]}},{"type":"Feature","properties":{"layer":"Sidewalk","symbol":1,"class":"Other","_tile":"6/36/38"},"geometry":{"type":"Polygon","coordinates":[[[-76.618551,39.3264755],[-76.6185723,39.3264916],[-76.618569,39.3264948],[-76.6185665,39.3264971],[-76.6185719,39.3265004],[-76.618496,39.3265002],[-76.6184966,39.3264982],[-76.6184977,39.3264958],[-76.6184986,39.3264946],[-76.6185009,39.326491],[-76.6185214,39.3264737],[-76.6185293,39.3264674],[-76.6185436,39.3264791],[-76.618551,39.3264755]]]}},{"type":"Feature","properties":{"layer":"Sidewalk","symbol":1,"class":"Other","_tile":"6/36/38"},"geometry":{"type":"Polygon","coordinates":[[[-76.619003,39.326473],[-76.6190019,39.3264738],[-76.6189786,39.3264583],[-76.6189846,39.3264518],[-76.6190031,39.3264641],[-76.619003,39.326473]]]}},{"type":"Feature","properties":{"layer":"Sidewalk","symbol":1,"class":"Other","_tile":"6/36/38"},"geometry":{"type":"Polygon","coordinates":[[[-76.6186543,39.3265007],[-76.6186077,39.3264648],[-76.618592,39.3264761],[-76.6185707,39.3264599],[-76.6185763,39.3264533],[-76.6185747,39.3264387],[-76.6185475,39.3264219],[-76.6185269,39.3264228],[-76.6185146,39.3264242],[-76.6184858,39.3264272],[-76.618481,39.3264278],[-76.6184758,39.3264283],[-76.6184592,39.3264301],[-76.6184531,39.3264307],[-76.6184515,39.3264309],[-76.618446,39.3264308],[-76.6184429,39.3264293],[-76.6184173,39.3264107],[-76.6183916,39.3263918],[-76.618383,39.3263866],[-76.6183729,39.3263824],[-76.6183619,39.3263797],[-76.6183555,39.3263797],[-76.6183557,39.3263402],[-76.6183584,39.3263424],[-76.6183949,39.3263731],[-76.6183952,39.3263732],[-76.6184006,39.326377],[-76.6184023,39.3263781],[-76.6184049,39.3263801],[-76.6184159,39.3263878],[-76.6184207,39.3263914],[-76.618453,39.3264141],[-76.6184852,39.3264107],[-76.6185044,39.3264087],[-76.6185176,39.3264072],[-76.6185239,39.3264066],[-76.6185482,39.3264056],[-76.6185658,39.3264081],[-76.6185661,39.3264082],[-76.6185936,39.3264286],[-76.6186101,39.3264136],[-76.6186518,39.3264431],[-76.6186567,39.3264465],[-76.6186373,39.3264618],[-76.6186933,39.3265008],[-76.6186543,39.3265007]]]}},{"type":"Feature","properties":{"layer":"Sidewalk","symbol":1,"class":"Other","_tile":"6/36/38"},"geometry":{"type":"MultiPolygon","coordinates":[[[[-76.6186567,39.3264465],[-76.6186518,39.3264431],[-76.6186101,39.3264136],[-76.6186306,39.3263947],[-76.618591,39.3263669],[-76.618512,39.3263048],[-76.6185829,39.3262489],[-76.6185615,39.3262326],[-76.6184834,39.3262929],[-76.6184793,39.3262898],[-76.618471,39.3262961],[-76.6184092,39.3263437],[-76.6184019,39.3263379],[-76.6184163,39.3263269],[-76.6184826,39.3262758],[-76.6185516,39.326224],[-76.6186786,39.3261247],[-76.6186602,39.3261106],[-76.618685,39.3260911],[-76.6187096,39.32611],[-76.6187229,39.3260997],[-76.6187835,39.3261466],[-76.6188469,39.3260971],[-76.6188433,39.3260943],[-76.6188974,39.3260538],[-76.6189562,39.3261013],[-76.6189045,39.3261418],[-76.6189014,39.3261394],[-76.6188406,39.3261861],[-76.6188407,39.3261861],[-76.6188794,39.3262166],[-76.618906,39.3261961],[-76.6189381,39.3262212],[-76.6189709,39.3261964],[-76.6190046,39.3261708],[-76.6190045,39.3262005],[-76.6189558,39.3262377],[-76.6190041,39.3262757],[-76.619004,39.3262852],[-76.6189452,39.3263303],[-76.6189686,39.3263487],[-76.6189636,39.3263526],[-76.6189111,39.3263104],[-76.6188691,39.3262764],[-76.6188278,39.3262432],[-76.6188258,39.3262417],[-76.6188081,39.3262274],[-76.6187799,39.3262485],[-76.6187954,39.326261],[-76.6187984,39.3262633],[-76.6187174,39.3263241],[-76.6187572,39.3263561],[-76.6187685,39.3263478],[-76.6187686,39.3263476],[-76.6187691,39.3263478],[-76.618783,39.3263591],[-76.6188206,39.326331],[-76.618805,39.3263184],[-76.6188371,39.3262945],[-76.6189356,39.326374],[-76.618918,39.3263875],[-76.6188876,39.3263641],[-76.6188557,39.3263401],[-76.6188147,39.3263716],[-76.6188286,39.3263833],[-76.6187887,39.3264153],[-76.6187746,39.3264048],[-76.618778,39.3264027],[-76.618699,39.3263408],[-76.6186808,39.3263555],[-76.6186773,39.3263581],[-76.618756,39.3264198],[-76.6187699,39.3264303],[-76.6187713,39.3264329],[-76.6187213,39.3264703],[-76.6186749,39.3264321],[-76.6186567,39.3264465]]],[[[-76.6186626,39.3261907],[-76.6186448,39.3261771],[-76.6185858,39.3262207],[-76.6186039,39.3262354],[-76.6186626,39.3261907]]],[[[-76.6187319,39.3261675],[-76.6187242,39.3261618],[-76.6186966,39.3261406],[-76.6186687,39.3261624],[-76.618704,39.3261895],[-76.6187319,39.3261675]]]]}},{"type":"Feature","properties":{"layer":"Sidewalk","symbol":1,"class":"Other","_tile":"6/36/38"},"geometry":{"type":"Polygon","coordinates":[[[-76.6183575,39.3259964],[-76.6183907,39.3259965],[-76.6183894,39.3259974],[-76.618389,39.3259977],[-76.618389,39.3259978],[-76.6183808,39.3260041],[-76.6183805,39.3260042],[-76.6183711,39.3260113],[-76.6183574,39.3260219],[-76.6183575,39.3259964]]]}},{"type":"Feature","properties":{"layer":"Sidewalk","_tile":"6/36/39"},"geometry":{"type":"Polygon","coordinates":[[[-76.6188267,39.3260039],[-76.618799,39.3259765],[-76.6187847,39.3259861],[-76.6187555,39.3259603],[-76.6187519,39.3259554],[-76.6187516,39.3259535],[-76.6187516,39.325951],[-76.6187524,39.325948],[-76.6187552,39.3259442],[-76.6187589,39.3259401],[-76.6187917,39.3259661],[-76.6188027,39.3259577],[-76.6188227,39.3259736],[-76.6188478,39.3259869],[-76.6188436,39.3259907],[-76.6188385,39.3259949],[-76.6188356,39.325997],[-76.6188267,39.3260039]]]}},{"type":"Feature","properties":{"layer":"Sidewalk","symbol":1,"class":"Other","_tile":"6/36/39"},"geometry":{"type":"Polygon","coordinates":[[[-76.6184487,39.3256161],[-76.6184505,39.3256148],[-76.6184641,39.3256264],[-76.6184591,39.3256301],[-76.6184523,39.3256348],[-76.6184504,39.325636],[-76.618449,39.3256371],[-76.6184478,39.3256359],[-76.6184439,39.3256325],[-76.6184355,39.3256253],[-76.6184487,39.3256161]]]}},{"type":"Feature","properties":{"layer":"Sidewalk","symbol":1,"class":"Other","_tile":"6/36/39"},"geometry":{"type":"Polygon","coordinates":[[[-76.6184124,39.3256413],[-76.618425,39.3256537],[-76.6184236,39.3256546],[-76.6184221,39.3256552],[-76.6184218,39.3256554],[-76.6184078,39.3256618],[-76.6184006,39.3256653],[-76.6183873,39.3256731],[-76.6183852,39.3256745],[-76.6183779,39.3256788],[-76.6183721,39.3256832],[-76.6183659,39.3256879],[-76.6183645,39.3256891],[-76.6183591,39.3256932],[-76.6183593,39.3256729],[-76.6183659,39.3256672],[-76.6183693,39.3256641],[-76.6183891,39.3256522],[-76.6184085,39.3256432],[-76.6184124,39.3256413]]]}},{"type":"Feature","properties":{"layer":"Sidewalk","symbol":1,"class":"Other","_tile":"6/36/39"},"geometry":{"type":"Polygon","coordinates":[[[-76.6188841,39.3258258],[-76.6188549,39.3258025],[-76.6188748,39.3257881],[-76.618867,39.3257818],[-76.6188804,39.3257708],[-76.6188818,39.3257685],[-76.6188798,39.3257657],[-76.6188236,39.3257197],[-76.618845,39.3257042],[-76.6188372,39.3256977],[-76.6188352,39.3256961],[-76.6188296,39.3256912],[-76.6188256,39.325688],[-76.6188233,39.3256895],[-76.6188156,39.3256951],[-76.6188056,39.3256868],[-76.6187579,39.3257212],[-76.6187625,39.3257251],[-76.6187465,39.3257369],[-76.6187458,39.3257373],[-76.618744,39.3257357],[-76.6187411,39.325733],[-76.6187343,39.3257251],[-76.6187294,39.325717],[-76.6187274,39.3257112],[-76.6187262,39.3257054],[-76.6187264,39.3256997],[-76.6187275,39.325694],[-76.6187291,39.3256898],[-76.6187311,39.3256853],[-76.6187334,39.3256815],[-76.6187407,39.3256711],[-76.6187581,39.3256576],[-76.6187643,39.3256526],[-76.6187749,39.3256444],[-76.6188011,39.3256245],[-76.6188128,39.3256157],[-76.6188333,39.3256319],[-76.6189764,39.3255225],[-76.6189609,39.3255103],[-76.6190082,39.3255104],[-76.619008,39.325549],[-76.6190004,39.3255429],[-76.6188574,39.3256513],[-76.6188692,39.3256607],[-76.6189958,39.3255647],[-76.619008,39.3255555],[-76.6190075,39.3256482],[-76.6189555,39.3256868],[-76.6189597,39.3256901],[-76.6189356,39.3257079],[-76.6189314,39.3257044],[-76.6189204,39.3257127],[-76.6189452,39.3257328],[-76.6189496,39.3257295],[-76.6189733,39.3257486],[-76.6189699,39.3257512],[-76.6189936,39.3257704],[-76.6190036,39.3257629],[-76.6189998,39.3257599],[-76.6190069,39.3257547],[-76.6190066,39.3258018],[-76.6189646,39.3258331],[-76.6189253,39.3258014],[-76.6189218,39.3258002],[-76.618916,39.3258017],[-76.6188976,39.3258155],[-76.6188841,39.3258258]]]}},{"type":"Feature","properties":{"layer":"Sidewalk","symbol":1,"class":"Other","_tile":"6/36/39"},"geometry":{"type":"Polygon","coordinates":[[[-76.618359,39.3257183],[-76.6183891,39.3256954],[-76.6183944,39.3256911],[-76.6184459,39.3256519],[-76.6184545,39.3256452],[-76.6184619,39.3256396],[-76.6184799,39.3256257],[-76.6184971,39.32561],[-76.6184917,39.3256057],[-76.618486,39.3256101],[-76.6184718,39.3255989],[-76.618528,39.3255568],[-76.618533,39.325553],[-76.6185346,39.3255544],[-76.6185519,39.3255686],[-76.6185635,39.32556],[-76.6186031,39.3255298],[-76.61863,39.3255092],[-76.6186645,39.3255093],[-76.6186152,39.3255468],[-76.6186328,39.3255596],[-76.6186054,39.3255805],[-76.6185884,39.3255673],[-76.6184844,39.3256462],[-76.6184364,39.325683],[-76.6184358,39.3256834],[-76.6184268,39.3256903],[-76.6184262,39.3256906],[-76.6183589,39.3257419],[-76.618359,39.3257183]]]}},{"type":"Feature","properties":{"layer":"Sidewalk","symbol":1,"class":"Other","_tile":"6/36/39"},"geometry":{"type":"Polygon","coordinates":[[[-76.6190063,39.3258692],[-76.6189984,39.3258753],[-76.6189918,39.32588],[-76.6189867,39.3258834],[-76.6189779,39.3258885],[-76.6189724,39.3258901],[-76.6189664,39.3258911],[-76.6189569,39.3258918],[-76.6189509,39.3258917],[-76.618944,39.325891],[-76.6189383,39.3258898],[-76.6189302,39.3258864],[-76.6188702,39.3258379],[-76.6188358,39.3258104],[-76.6188013,39.3257825],[-76.6187743,39.3257605],[-76.618753,39.3257434],[-76.6187458,39.3257373],[-76.6187465,39.3257369],[-76.6187625,39.3257251],[-76.618797,39.3257539],[-76.6188549,39.3258025],[-76.6188841,39.3258258],[-76.6189556,39.325883],[-76.6190064,39.3258447],[-76.6190063,39.3258692]]]}},{"type":"Feature","properties":{"layer":"Sidewalk","symbol":1,"class":"Other","_tile":"6/36/39"},"geometry":{"type":"Polygon","coordinates":[[[-76.6183575,39.3259948],[-76.6183594,39.3259934],[-76.6183668,39.3259876],[-76.6183678,39.3259869],[-76.6183896,39.3259702],[-76.6183939,39.325967],[-76.6184215,39.3259458],[-76.6184949,39.3258902],[-76.6185014,39.3258853],[-76.6185023,39.3258847],[-76.618514,39.3258757],[-76.6185304,39.3258635],[-76.618535,39.3258598],[-76.618541,39.3258554],[-76.6185849,39.3258218],[-76.6186211,39.325794],[-76.6186349,39.3257742],[-76.6186375,39.3257742],[-76.6186438,39.3257747],[-76.6186527,39.3257759],[-76.6186553,39.3257764],[-76.6186632,39.3257787],[-76.6186709,39.3257816],[-76.6186237,39.3258192],[-76.6186205,39.3258215],[-76.6186202,39.3258237],[-76.6186202,39.325827],[-76.6186223,39.3258298],[-76.6186981,39.3258911],[-76.6186928,39.3258943],[-76.6186862,39.3258962],[-76.6186821,39.3258964],[-76.6186784,39.3258951],[-76.6186728,39.3258915],[-76.6186627,39.3258839],[-76.6186552,39.3258782],[-76.6186413,39.3258672],[-76.6186094,39.3258398],[-76.6186063,39.3258384],[-76.6186029,39.3258376],[-76.6185996,39.3258377],[-76.6185965,39.3258388],[-76.6185569,39.3258694],[-76.6184894,39.3259209],[-76.6184874,39.3259226],[-76.6184859,39.3259236],[-76.6184856,39.325924],[-76.6184504,39.3259508],[-76.6184475,39.325953],[-76.6184396,39.325959],[-76.6184395,39.3259592],[-76.6184383,39.3259602],[-76.6184259,39.3259694],[-76.6184245,39.3259706],[-76.6183962,39.3259923],[-76.618395,39.3259932],[-76.6183894,39.3259974],[-76.618389,39.3259977],[-76.618389,39.3259978],[-76.6183808,39.3260041],[-76.6183805,39.3260042],[-76.6183711,39.3260113],[-76.6183706,39.3260117],[-76.6183574,39.3260116],[-76.6183575,39.3259948]]]}},{"type":"Feature","properties":{"layer":"Sidewalk","symbol":1,"class":"Other","_tile":"6/36/40"},"geometry":{"type":"Polygon","coordinates":[[[-76.6189562,39.3255066],[-76.6190084,39.3254667],[-76.6190081,39.3255257],[-76.6189724,39.3255256],[-76.6189764,39.3255225],[-76.6189562,39.3255066]]]}},{"type":"Feature","properties":{"layer":"Sidewalk","symbol":1,"class":"Other","_tile":"6/36/40"},"geometry":{"type":"Polygon","coordinates":[[[-76.6186101,39.3255244],[-76.618632,39.3255076],[-76.6186728,39.3254766],[-76.6187745,39.3253992],[-76.6188693,39.3253272],[-76.6190098,39.3252198],[-76.6190096,39.3252462],[-76.6188862,39.3253406],[-76.6186445,39.3255245],[-76.6186101,39.3255244]]]}},{"type":"Feature","properties":{"layer":"Sidewalk","symbol":1,"class":"Other","_tile":"6/36/40"},"geometry":{"type":"Polygon","coordinates":[[[-76.6186437,39.3250211],[-76.6186321,39.3250325],[-76.6186181,39.3250456],[-76.6186073,39.3250555],[-76.6185908,39.3250701],[-76.6185762,39.3250825],[-76.6185717,39.3250862],[-76.6185503,39.3251031],[-76.6185373,39.3251127],[-76.6185093,39.3251331],[-76.618501,39.325139],[-76.6184942,39.3251435],[-76.6184765,39.3251557],[-76.6184457,39.3251767],[-76.6184414,39.3251796],[-76.6184226,39.3251915],[-76.6184141,39.325197],[-76.6183616,39.3252306],[-76.6183618,39.3252025],[-76.6183689,39.325198],[-76.6184274,39.3251606],[-76.6184617,39.3251371],[-76.6184737,39.325129],[-76.6184842,39.3251218],[-76.6185181,39.3250972],[-76.6185303,39.3250877],[-76.6185514,39.325071],[-76.6185648,39.3250599],[-76.6185805,39.3250461],[-76.6185913,39.3250363],[-76.6186078,39.325021],[-76.6186437,39.3250211]]]}},{"type":"Feature","properties":{"layer":"Sidewalk","symbol":1,"class":"Other","_tile":"6/36/41"},"geometry":{"type":"Polygon","coordinates":[[[-76.6183644,39.3247098],[-76.618366,39.3247078],[-76.6183924,39.3246711],[-76.6184077,39.3246484],[-76.6184087,39.3246472],[-76.6184139,39.3246393],[-76.6184268,39.3246178],[-76.618437,39.3245986],[-76.6184412,39.3245891],[-76.6184444,39.3245821],[-76.6184469,39.3245754],[-76.6184525,39.3245612],[-76.6184564,39.3245487],[-76.6184591,39.3245387],[-76.6184604,39.3245325],[-76.6184907,39.3245326],[-76.6184898,39.3245371],[-76.6184867,39.3245492],[-76.6184854,39.3245536],[-76.6184812,39.3245672],[-76.6184726,39.3245891],[-76.6184689,39.3245976],[-76.6184684,39.3245989],[-76.6184647,39.324607],[-76.6184539,39.3246271],[-76.6184522,39.32463],[-76.6184406,39.3246495],[-76.6184198,39.3246803],[-76.6183866,39.3247263],[-76.6183761,39.32474],[-76.6183642,39.3247559],[-76.6183644,39.3247098]],[[-76.6189323,39.324534],[-76.6189321,39.3245346],[-76.6189287,39.3245483],[-76.618922,39.3245722],[-76.6189205,39.3245765],[-76.6189179,39.3245857],[-76.6189118,39.3246048],[-76.6189104,39.3246096],[-76.6189059,39.3246232],[-76.6189018,39.3246347],[-76.6188953,39.324652],[-76.6188878,39.3246708],[-76.6188821,39.3246841],[-76.6188783,39.3246921],[-76.6188763,39.324696],[-76.6188717,39.3247044],[-76.6188691,39.324709],[-76.6188689,39.3247096],[-76.6188664,39.3247136],[-76.618861,39.3247231],[-76.6188581,39.3247279],[-76.6188499,39.3247418],[-76.6188359,39.3247647],[-76.6188127,39.3248041],[-76.6188073,39.3248128],[-76.6188048,39.3248171],[-76.6187978,39.3248284],[-76.6187901,39.3248404],[-76.6187873,39.3248449],[-76.6187686,39.3248731],[-76.6187598,39.3248857],[-76.6187482,39.3249011],[-76.6187354,39.3249175],[-76.6187227,39.3249332],[-76.6187151,39.3249424],[-76.6187045,39.3249551],[-76.6186948,39.3249663],[-76.618675,39.3249881],[-76.6186571,39.3250072],[-76.618644,39.3250208],[-76.6186321,39.3250325],[-76.6186281,39.3250363],[-76.6185914,39.3250362],[-76.6186102,39.3250188],[-76.6186177,39.3250115],[-76.6186258,39.3250032],[-76.6186389,39.3249896],[-76.6186473,39.3249805],[-76.6186477,39.3249802],[-76.6186562,39.3249708],[-76.6186644,39.324962],[-76.6186748,39.3249501],[-76.6186754,39.3249496],[-76.6186811,39.324943],[-76.6186914,39.3249306],[-76.6187027,39.324917],[-76.6187208,39.3248942],[-76.61873,39.3248821],[-76.6187379,39.3248712],[-76.6187498,39.3248537],[-76.618765,39.3248306],[-76.6187676,39.3248264],[-76.6187703,39.3248224],[-76.6187747,39.3248153],[-76.6187925,39.3247858],[-76.6188105,39.3247556],[-76.6188147,39.3247483],[-76.6188299,39.3247235],[-76.6188354,39.3247141],[-76.6188458,39.3246959],[-76.6188481,39.3246917],[-76.6188537,39.3246807],[-76.6188573,39.3246728],[-76.618861,39.3246641],[-76.6188666,39.3246502],[-76.6188717,39.3246368],[-76.6188788,39.3246176],[-76.6188831,39.3246044],[-76.618889,39.3245853],[-76.6188933,39.3245715],[-76.6188978,39.3245559],[-76.6189034,39.324535],[-76.6189037,39.3245339],[-76.6189323,39.324534]]]}},{"type":"Feature","properties":{"layer":"Sidewalk","symbol":1,"class":"Other","_tile":"6/36/42"},"geometry":{"type":"Polygon","coordinates":[[[-76.6190024,39.3241276],[-76.6190012,39.324128],[-76.6189888,39.3241303],[-76.6189763,39.3241324],[-76.6189691,39.3241334],[-76.6189755,39.3241374],[-76.6189829,39.3241425],[-76.6189894,39.3241475],[-76.6189962,39.3241534],[-76.6189997,39.3241567],[-76.6190009,39.3241572],[-76.6190082,39.3241601],[-76.6190099,39.3241601],[-76.6190121,39.3241592],[-76.6190138,39.3241577],[-76.6190155,39.3241546],[-76.6190151,39.3242343],[-76.6189995,39.3242778],[-76.6189895,39.3243075],[-76.6189865,39.3243167],[-76.618979,39.3243412],[-76.6189783,39.3243447],[-76.6189772,39.3243484],[-76.6189751,39.3243565],[-76.6189742,39.3243609],[-76.6189709,39.3243744],[-76.6189659,39.3243961],[-76.6189643,39.3244034],[-76.6189566,39.3244355],[-76.6189553,39.3244403],[-76.61895,39.3244627],[-76.6189346,39.3245252],[-76.6189321,39.3245346],[-76.6189287,39.3245483],[-76.6189284,39.3245492],[-76.6188997,39.3245491],[-76.6189034,39.324535],[-76.6189091,39.3245122],[-76.6189105,39.3245069],[-76.6189176,39.3244778],[-76.6189204,39.3244667],[-76.6189223,39.3244585],[-76.618923,39.3244558],[-76.6189331,39.3244144],[-76.6189383,39.3243922],[-76.6189411,39.3243796],[-76.6189433,39.3243705],[-76.6189442,39.3243659],[-76.6189496,39.3243441],[-76.6189516,39.3243366],[-76.618955,39.3243249],[-76.6189593,39.3243114],[-76.6189652,39.3242933],[-76.6189711,39.3242755],[-76.618975,39.3242643],[-76.6189783,39.3242555],[-76.6189858,39.3242345],[-76.6189889,39.3242242],[-76.6189925,39.3242113],[-76.6189937,39.3242054],[-76.6189944,39.3241996],[-76.6189938,39.3241946],[-76.6189924,39.3241896],[-76.6189892,39.3241841],[-76.6189853,39.3241788],[-76.6189804,39.3241734],[-76.6189744,39.3241676],[-76.6189688,39.3241627],[-76.6189635,39.3241587],[-76.618957,39.3241543],[-76.6189505,39.3241501],[-76.6189446,39.3241468],[-76.6189387,39.3241438],[-76.6189315,39.3241406],[-76.6189252,39.3241385],[-76.6189197,39.3241374],[-76.6189076,39.324136],[-76.6188971,39.3241353],[-76.6188794,39.3241345],[-76.6188689,39.3241342],[-76.6188481,39.3241342],[-76.6188304,39.3241345],[-76.6188189,39.3241348],[-76.6187937,39.3241359],[-76.6187885,39.3241362],[-76.6187767,39.3241372],[-76.6187528,39.3241395],[-76.618738,39.3241412],[-76.6187214,39.3241439],[-76.6187099,39.324146],[-76.6186949,39.3241492],[-76.6186901,39.3241503],[-76.6186789,39.3241535],[-76.618673,39.3241553],[-76.618662,39.3241589],[-76.6186575,39.3241607],[-76.618652,39.3241631],[-76.618646,39.3241659],[-76.6186334,39.3241727],[-76.6186211,39.3241799],[-76.6186109,39.3241863],[-76.618598,39.3241956],[-76.618591,39.3242009],[-76.6185844,39.3242062],[-76.618579,39.324211],[-76.6185753,39.3242144],[-76.6185674,39.3242231],[-76.6185634,39.3242279],[-76.6185597,39.3242326],[-76.6185563,39.3242371],[-76.6185535,39.3242411],[-76.6185483,39.3242501],[-76.6185439,39.3242585],[-76.6185326,39.324285],[-76.6185307,39.3242897],[-76.6185268,39.3242986],[-76.6185206,39.3243232],[-76.618515,39.3243516],[-76.6185123,39.3243745],[-76.6185077,39.3244287],[-76.6185031,39.3244681],[-76.6184991,39.3244936],[-76.6184973,39.3245022],[-76.6184898,39.3245371],[-76.618487,39.3245478],[-76.6184568,39.3245477],[-76.6184591,39.3245387],[-76.6184659,39.3245067],[-76.6184676,39.3244994],[-76.61847,39.3244882],[-76.6184706,39.3244842],[-76.6184735,39.3244651],[-76.6184776,39.3244306],[-76.6184798,39.324406],[-76.6184782,39.3244039],[-76.6184723,39.3243993],[-76.618459,39.3243946],[-76.6184481,39.3243937],[-76.6184378,39.3243942],[-76.6184346,39.324395],[-76.6184313,39.3243957],[-76.6184189,39.3243998],[-76.6184143,39.3244015],[-76.6184138,39.3244008],[-76.6184059,39.324387],[-76.6184047,39.3243851],[-76.6184127,39.3243823],[-76.6184233,39.3243789],[-76.6184336,39.3243763],[-76.6184339,39.3243763],[-76.6184402,39.3243749],[-76.6184569,39.3243713],[-76.6184755,39.3243674],[-76.6184801,39.3243632],[-76.6184843,39.3243587],[-76.618487,39.324349],[-76.6184927,39.3243194],[-76.6184994,39.3242931],[-76.6185005,39.3242907],[-76.6185171,39.3242509],[-76.6185221,39.3242414],[-76.6185281,39.3242311],[-76.6185352,39.3242212],[-76.6185394,39.324216],[-76.6185482,39.3242058],[-76.6185528,39.324201],[-76.6185573,39.3241966],[-76.6185635,39.3241913],[-76.6185781,39.3241796],[-76.6185856,39.3241742],[-76.6185977,39.3241661],[-76.6186098,39.3241588],[-76.6186166,39.3241549],[-76.6186235,39.324151],[-76.6186306,39.3241473],[-76.6186377,39.324144],[-76.6186444,39.324141],[-76.6186501,39.3241389],[-76.6186623,39.3241349],[-76.6186687,39.3241329],[-76.618681,39.3241295],[-76.6186865,39.324128],[-76.6186971,39.3241257],[-76.6187153,39.3241223],[-76.6187272,39.3241203],[-76.6187432,39.3241181],[-76.6187673,39.3241157],[-76.6187737,39.3241152],[-76.6187799,39.3241146],[-76.6187859,39.3241143],[-76.6187916,39.3241138],[-76.6188236,39.3241125],[-76.6188535,39.324112],[-76.6188646,39.3241121],[-76.6188865,39.3241126],[-76.618893,39.3241129],[-76.6189054,39.3241136],[-76.6189174,39.3241147],[-76.6189213,39.3241152],[-76.6189281,39.3241152],[-76.6189387,39.324115],[-76.6189445,39.3241147],[-76.6189562,39.3241138],[-76.618966,39.3241127],[-76.6189769,39.3241111],[-76.6189771,39.324111],[-76.6189886,39.324109],[-76.6190036,39.3241058],[-76.6190096,39.3241044],[-76.6190151,39.3241029],[-76.6190158,39.3241027],[-76.6190156,39.3241248],[-76.6190127,39.3241255],[-76.6190024,39.3241276]]]}},{"type":"Feature","properties":{"layer":"Sidewalk","symbol":1,"class":"Other","_tile":"6/36/43"},"geometry":{"type":"Polygon","coordinates":[[[-76.6183698,39.3237073],[-76.618371,39.3237207],[-76.6183706,39.32374],[-76.6183696,39.3237503],[-76.6183698,39.3237073]]]}},{"type":"Feature","properties":{"layer":"Sidewalk","symbol":1,"class":"Other","_tile":"6/37/32"},"geometry":{"type":"Polygon","coordinates":[[[-76.6180475,39.3293496],[-76.6180671,39.3293307],[-76.6180723,39.329334],[-76.6180764,39.3293362],[-76.6180804,39.3293381],[-76.6181156,39.3293559],[-76.6181182,39.3293571],[-76.618098,39.3293788],[-76.6180946,39.329377],[-76.6180915,39.3293752],[-76.6180712,39.3293638],[-76.6180684,39.3293621],[-76.6180655,39.3293606],[-76.6180521,39.3293525],[-76.6180475,39.3293496]]]}},{"type":"Feature","properties":{"layer":"Sidewalk","symbol":1,"class":"Other","_tile":"6/37/32"},"geometry":{"type":"Polygon","coordinates":[[[-76.6179539,39.3294269],[-76.6179558,39.3294258],[-76.6179716,39.3294147],[-76.6179744,39.3294129],[-76.617993,39.3294003],[-76.6179984,39.3293966],[-76.6180412,39.3294241],[-76.6180474,39.3294272],[-76.6179539,39.3294269]]]}},{"type":"Feature","properties":{"layer":"Sidewalk","_tile":"6/37/32"},"geometry":{"type":"Polygon","coordinates":[[[-76.6180369,39.3289239],[-76.6180357,39.3289251],[-76.6180259,39.3289347],[-76.618019,39.3289426],[-76.6180111,39.3289524],[-76.6180105,39.3289533],[-76.6180035,39.3289624],[-76.6180003,39.3289671],[-76.6179989,39.3289695],[-76.6179983,39.3289703],[-76.6179981,39.3289703],[-76.6179929,39.3289795],[-76.6179873,39.3289896],[-76.6179825,39.3289991],[-76.6179797,39.3290058],[-76.6179794,39.3290063],[-76.6179761,39.3290158],[-76.617972,39.3290297],[-76.6179695,39.3290401],[-76.6179695,39.3290407],[-76.6179681,39.329047],[-76.6179665,39.3290548],[-76.6179654,39.3290622],[-76.6179654,39.3290632],[-76.6179648,39.3290682],[-76.6179642,39.3290783],[-76.6179641,39.3290849],[-76.6179641,39.3291049],[-76.6179649,39.3291266],[-76.6179665,39.3291516],[-76.6179675,39.329163],[-76.6179678,39.3291648],[-76.6179689,39.3291762],[-76.6179698,39.3291821],[-76.6179698,39.329183],[-76.61797,39.3291834],[-76.6179703,39.3291862],[-76.617971,39.3291909],[-76.6179729,39.3292008],[-76.617976,39.329211],[-76.6179787,39.3292193],[-76.617982,39.3292282],[-76.6179853,39.3292356],[-76.6179899,39.3292441],[-76.6179957,39.3292539],[-76.6180025,39.3292646],[-76.6180075,39.3292718],[-76.6180153,39.3292819],[-76.6180214,39.3292894],[-76.6180283,39.3292973],[-76.6180353,39.3293047],[-76.6180463,39.329315],[-76.618048,39.3293163],[-76.6180519,39.3293198],[-76.6180564,39.3293232],[-76.6180619,39.3293272],[-76.6180671,39.3293307],[-76.6180475,39.3293496],[-76.618043,39.3293468],[-76.6180365,39.3293424],[-76.618033,39.3293397],[-76.6180284,39.329336],[-76.6180175,39.3293262],[-76.6180082,39.3293173],[-76.617998,39.3293064],[-76.6179945,39.3293023],[-76.6179901,39.3292969],[-76.6179857,39.329291],[-76.6179805,39.3292837],[-76.6179709,39.3292691],[-76.6179665,39.3292618],[-76.6179633,39.3292563],[-76.6179587,39.329247],[-76.6179528,39.3292328],[-76.6179477,39.3292185],[-76.6179438,39.3292059],[-76.617942,39.3291985],[-76.6179417,39.3291964],[-76.6179412,39.3291948],[-76.6179408,39.3291911],[-76.617939,39.3291801],[-76.6179375,39.3291664],[-76.6179371,39.3291608],[-76.617937,39.3291607],[-76.6179341,39.3291237],[-76.6179334,39.3291103],[-76.6179333,39.3291037],[-76.617933,39.3290977],[-76.617933,39.3290886],[-76.6179339,39.3290763],[-76.6179356,39.3290612],[-76.6179382,39.3290452],[-76.6179407,39.3290325],[-76.6179432,39.3290233],[-76.6179477,39.3290094],[-76.6179515,39.3289994],[-76.617956,39.3289882],[-76.6179592,39.3289815],[-76.6179596,39.3289807],[-76.6179667,39.3289676],[-76.6179741,39.3289551],[-76.6179811,39.3289445],[-76.6179839,39.3289407],[-76.6179877,39.3289359],[-76.6179908,39.3289324],[-76.6179937,39.3289289],[-76.6179982,39.3289237],[-76.6180369,39.3289239]]]}},{"type":"Feature","properties":{"layer":"Sidewalk","_tile":"6/37/32"},"geometry":{"type":"Polygon","coordinates":[[[-76.618098,39.3293788],[-76.6181182,39.3293571],[-76.6181512,39.3293725],[-76.6181543,39.3293739],[-76.6181517,39.3293771],[-76.6181333,39.3293983],[-76.618098,39.3293788]]]}},{"type":"Feature","properties":{"layer":"Sidewalk","_tile":"6/37/32"},"geometry":{"type":"Polygon","coordinates":[[[-76.6179372,39.3294269],[-76.6179356,39.3294048],[-76.6179383,39.3293972],[-76.6179386,39.3293966],[-76.6179418,39.3293923],[-76.6179468,39.3293885],[-76.6179541,39.329386],[-76.6179666,39.3293847],[-76.617977,39.3293864],[-76.6179772,39.3293864],[-76.6179772,39.3293867],[-76.6179775,39.3293865],[-76.6179782,39.3293869],[-76.617992,39.3293924],[-76.6179984,39.3293966],[-76.617993,39.3294003],[-76.6179744,39.3294129],[-76.6179736,39.3294135],[-76.6179716,39.3294147],[-76.6179638,39.3294203],[-76.6179558,39.3294258],[-76.6179539,39.3294269],[-76.6179372,39.3294269]]]}},{"type":"Feature","properties":{"layer":"Sidewalk","symbol":1,"class":"Other","_tile":"6/37/33"},"geometry":{"type":"Polygon","coordinates":[[[-76.6180198,39.3289014],[-76.6180224,39.3288989],[-76.6180302,39.3288919],[-76.6180416,39.3288823],[-76.6180417,39.3288821],[-76.618058,39.3288689],[-76.6180628,39.3288651],[-76.6180747,39.328856],[-76.6181,39.3288777],[-76.6180947,39.3288813],[-76.6180837,39.3288888],[-76.6180786,39.3288921],[-76.6180717,39.3288969],[-76.6180706,39.3288975],[-76.6180585,39.3289059],[-76.6180551,39.3289083],[-76.6180523,39.3289105],[-76.6180518,39.3289107],[-76.618046,39.3289154],[-76.6180386,39.3289223],[-76.6180372,39.3289207],[-76.6180198,39.3289014]]]}},{"type":"Feature","properties":{"layer":"Sidewalk","symbol":1,"class":"Other","_tile":"6/37/33"},"geometry":{"type":"Polygon","coordinates":[[[-76.6179108,39.3284354],[-76.6179139,39.3284814],[-76.6179149,39.3284965],[-76.6179155,39.3285072],[-76.6179173,39.3285345],[-76.6179173,39.3285364],[-76.6179191,39.3285642],[-76.6179213,39.3286],[-76.6179215,39.3286031],[-76.6179227,39.3286209],[-76.6179238,39.3286409],[-76.6179391,39.328655],[-76.6179453,39.3286606],[-76.6179455,39.3286644],[-76.6179479,39.328698],[-76.6179479,39.3286996],[-76.6179497,39.3287245],[-76.6179497,39.3287264],[-76.6179516,39.3287525],[-76.6179526,39.3287532],[-76.6179557,39.3287556],[-76.6179817,39.3287751],[-76.6179817,39.3287752],[-76.6179852,39.3287777],[-76.6179988,39.328788],[-76.6180243,39.3288072],[-76.6180263,39.3288087],[-76.6180146,39.3288162],[-76.6180098,39.3288198],[-76.617985,39.3288385],[-76.6179658,39.3288556],[-76.6179465,39.3288428],[-76.6179266,39.3288321],[-76.6179082,39.3288236],[-76.6179069,39.328823],[-76.6178977,39.3288197],[-76.6178965,39.3288045],[-76.6178953,39.3287835],[-76.6178947,39.3287764],[-76.6178928,39.3287482],[-76.6178924,39.3287407],[-76.6178916,39.3287296],[-76.6178913,39.3287237],[-76.6178901,39.3287065],[-76.6178882,39.328678],[-76.6178875,39.328666],[-76.6178872,39.3286633],[-76.6178863,39.3286485],[-76.6178849,39.3286288],[-76.6178849,39.3286275],[-76.6178838,39.32861],[-76.6178836,39.3286096],[-76.6178835,39.328606],[-76.617883,39.3286013],[-76.6178831,39.3285997],[-76.6178829,39.3285989],[-76.6178823,39.3285909],[-76.6178812,39.3285721],[-76.6178803,39.3285611],[-76.6178762,39.328499],[-76.6178722,39.3284403],[-76.6178723,39.3284383],[-76.6178721,39.3284353],[-76.6179108,39.3284354]]]}},{"type":"Feature","properties":{"layer":"Sidewalk","_tile":"6/37/33"},"geometry":{"type":"Polygon","coordinates":[[[-76.6180747,39.328856],[-76.6180872,39.3288468],[-76.6180913,39.3288436],[-76.618115,39.3288268],[-76.6181421,39.3288496],[-76.6181,39.3288777],[-76.6180747,39.328856]]]}},{"type":"Feature","properties":{"layer":"Sidewalk","_tile":"6/37/33"},"geometry":{"type":"Polygon","coordinates":[[[-76.6180198,39.3289014],[-76.6180372,39.3289207],[-76.6180386,39.3289223],[-76.6180357,39.3289251],[-76.6180259,39.3289347],[-76.6180221,39.3289391],[-76.6179853,39.328939],[-76.6179877,39.3289359],[-76.6179908,39.3289324],[-76.6179937,39.3289289],[-76.6179995,39.3289224],[-76.6180104,39.3289109],[-76.6180198,39.3289014]]]}},{"type":"Feature","properties":{"layer":"Sidewalk","_tile":"6/37/33"},"geometry":{"type":"Polygon","coordinates":[[[-76.6183628,39.3286599],[-76.618362,39.32866],[-76.6183482,39.3286624],[-76.6183445,39.3286631],[-76.618327,39.3286668],[-76.6183078,39.3286714],[-76.6182965,39.3286744],[-76.6182911,39.3286759],[-76.6182898,39.3286761],[-76.6182819,39.3286786],[-76.6182757,39.3286804],[-76.6182554,39.3286875],[-76.618246,39.328691],[-76.61824,39.3286932],[-76.61823,39.3286973],[-76.6182288,39.3286979],[-76.6182233,39.3287],[-76.6182093,39.3287062],[-76.6182067,39.3287075],[-76.6181951,39.3287134],[-76.6181839,39.3287187],[-76.6181756,39.3287227],[-76.6181719,39.3287244],[-76.6181644,39.328728],[-76.6181576,39.3287311],[-76.6181519,39.3287343],[-76.6181445,39.3287382],[-76.6181234,39.3287496],[-76.6180971,39.3287638],[-76.6180673,39.3287829],[-76.6180485,39.3287949],[-76.6180322,39.3288051],[-76.6180265,39.3288087],[-76.6180243,39.3288072],[-76.6179988,39.328788],[-76.6180327,39.3287636],[-76.6180447,39.328755],[-76.6180518,39.3287498],[-76.6180709,39.3287362],[-76.6180727,39.3287348],[-76.618094,39.3287195],[-76.6181117,39.3287091],[-76.6181137,39.3287078],[-76.6181457,39.3286891],[-76.6181491,39.3286872],[-76.6181505,39.3286863],[-76.6181636,39.3286787],[-76.6181653,39.3286776],[-76.6182035,39.3286618],[-76.6182077,39.3286605],[-76.618228,39.3286536],[-76.6182346,39.3286515],[-76.6182457,39.3286485],[-76.6182523,39.3286468],[-76.6182546,39.3286461],[-76.6182755,39.3286404],[-76.6183043,39.328633],[-76.6183229,39.3286287],[-76.6183286,39.3286273],[-76.6183388,39.3286252],[-76.618348,39.3286234],[-76.6183566,39.328622],[-76.618363,39.3286211],[-76.6183628,39.3286599]]]}},{"type":"Feature","properties":{"layer":"Sidewalk","_tile":"6/37/33"},"geometry":{"type":"Polygon","coordinates":[[[-76.6179658,39.3288556],[-76.617957,39.3288633],[-76.6179443,39.3288716],[-76.617934,39.3288741],[-76.6179227,39.3288732],[-76.6179126,39.3288689],[-76.6179079,39.3288653],[-76.6179074,39.3288646],[-76.6178999,39.3288556],[-76.6178977,39.3288197],[-76.6179069,39.328823],[-76.6179082,39.3288236],[-76.6179266,39.3288321],[-76.6179465,39.3288428],[-76.6179658,39.3288556]]]}},{"type":"Feature","properties":{"layer":"Sidewalk","symbol":1,"class":"Other","_tile":"6/37/34"},"geometry":{"type":"Polygon","coordinates":[[[-76.6177186,39.3279467],[-76.6177278,39.3279467],[-76.6177184,39.3279697],[-76.6177186,39.3279467]]]}},{"type":"Feature","properties":{"layer":"Sidewalk","symbol":1,"class":"Other","_tile":"6/37/34"},"geometry":{"type":"Polygon","coordinates":[[[-76.6178938,39.3279472],[-76.6178995,39.3279724],[-76.6178998,39.3279732],[-76.6179038,39.3279728],[-76.617914,39.3280175],[-76.617909,39.328019],[-76.6179043,39.328021],[-76.6179001,39.3280238],[-76.6178964,39.3280268],[-76.6178935,39.3280303],[-76.6178912,39.3280341],[-76.6178896,39.3280381],[-76.6178896,39.3280399],[-76.6178897,39.3280408],[-76.6178902,39.3280416],[-76.6178914,39.328043],[-76.6178933,39.3280441],[-76.6178943,39.3280445],[-76.6178954,39.3280447],[-76.6178979,39.3280447],[-76.6179066,39.3280444],[-76.6179124,39.3281321],[-76.6179035,39.3281324],[-76.6179008,39.3281327],[-76.6178997,39.3281329],[-76.6178975,39.328134],[-76.6178968,39.3281347],[-76.6178957,39.3281363],[-76.6178954,39.3281373],[-76.6178956,39.3281425],[-76.6178959,39.3281428],[-76.6178958,39.3281454],[-76.617899,39.3281958],[-76.6178995,39.3281973],[-76.6179004,39.3281984],[-76.6179019,39.3281993],[-76.6179036,39.3281998],[-76.6179045,39.3281998],[-76.6179064,39.3281995],[-76.6179079,39.3281987],[-76.6179085,39.3281982],[-76.617909,39.3281976],[-76.6179129,39.3281899],[-76.6179389,39.3281985],[-76.6179319,39.3282133],[-76.6179259,39.3282283],[-76.6179206,39.3282436],[-76.6179162,39.3282589],[-76.6179124,39.3282744],[-76.6179094,39.3282917],[-76.6179073,39.3283091],[-76.6179063,39.3283264],[-76.6179061,39.3283375],[-76.6179063,39.3283486],[-76.6179169,39.3283483],[-76.6179197,39.3283976],[-76.6179111,39.328398],[-76.6179084,39.328398],[-76.6179119,39.3284506],[-76.617873,39.3284505],[-76.6178722,39.3284403],[-76.6178723,39.3284383],[-76.6178683,39.3283764],[-76.6178669,39.3283525],[-76.617865,39.3283251],[-76.6178644,39.3283118],[-76.6178629,39.3282892],[-76.6178606,39.3282456],[-76.6178587,39.3282152],[-76.6178587,39.3282137],[-76.6178572,39.3281865],[-76.6178468,39.328043],[-76.6178468,39.3280413],[-76.6178466,39.3280403],[-76.6178465,39.3280365],[-76.6178459,39.3280291],[-76.6178444,39.3280013],[-76.6178427,39.3279745],[-76.617842,39.3279608],[-76.6178412,39.3279471],[-76.6178938,39.3279472]]]}},{"type":"Feature","properties":{"layer":"Sidewalk","_tile":"6/37/34"},"geometry":{"type":"Polygon","coordinates":[[[-76.617728,39.3281894],[-76.6177365,39.3282407],[-76.617717,39.3282416],[-76.6177173,39.32819],[-76.617728,39.3281894]]]}},{"type":"Feature","properties":{"layer":"Sidewalk","_tile":"6/37/34"},"geometry":{"type":"Polygon","coordinates":[[[-76.618341,39.3282105],[-76.61832,39.3282066],[-76.6182998,39.3282021],[-76.6182798,39.3281971],[-76.6182602,39.3281913],[-76.6182408,39.3281849],[-76.618222,39.3281778],[-76.6182314,39.3281632],[-76.6182439,39.3281679],[-76.6182577,39.3281726],[-76.61826,39.3281727],[-76.6182623,39.3281722],[-76.6182634,39.3281717],[-76.6182643,39.3281712],[-76.6182694,39.3281672],[-76.6183044,39.3281403],[-76.6183504,39.3281763],[-76.6183388,39.3281853],[-76.6183377,39.328187],[-76.6183374,39.3281888],[-76.6183376,39.3281897],[-76.6183379,39.3281906],[-76.6183391,39.3281921],[-76.6183399,39.3281927],[-76.6183409,39.3281933],[-76.6183419,39.3281937],[-76.6183455,39.3281944],[-76.618341,39.3282105]]]}},{"type":"Feature","properties":{"layer":"Sidewalk","_tile":"6/37/34"},"geometry":{"type":"Polygon","coordinates":[[[-76.6181476,39.3281422],[-76.6181477,39.3281422],[-76.6181604,39.328129],[-76.6181748,39.328137],[-76.6181627,39.3281506],[-76.6181476,39.3281422]]]}},{"type":"Feature","properties":{"layer":"Sidewalk","_tile":"6/37/34"},"geometry":{"type":"Polygon","coordinates":[[[-76.6179129,39.3281899],[-76.6179212,39.3281738],[-76.6179305,39.3281582],[-76.6179407,39.3281428],[-76.6179517,39.3281277],[-76.6179636,39.3281131],[-76.6179763,39.3280987],[-76.6179811,39.3280929],[-76.6179846,39.3280865],[-76.6179873,39.3280798],[-76.6179887,39.3280729],[-76.6179889,39.3280659],[-76.6179878,39.328059],[-76.6179856,39.3280522],[-76.6179822,39.3280457],[-76.6179778,39.3280396],[-76.6179723,39.328034],[-76.6179659,39.3280291],[-76.6179587,39.3280248],[-76.6179412,39.3279474],[-76.6179924,39.3279476],[-76.6179926,39.3279478],[-76.6179933,39.3279491],[-76.6179943,39.3279503],[-76.6179955,39.3279513],[-76.6179969,39.3279521],[-76.6179985,39.3279528],[-76.6180019,39.3279534],[-76.6180038,39.3279534],[-76.6180056,39.3279532],[-76.6180088,39.327952],[-76.6180104,39.3279509],[-76.6180565,39.3279871],[-76.6180391,39.3280005],[-76.6180348,39.3280038],[-76.6180332,39.3280051],[-76.618032,39.3280067],[-76.6180312,39.3280083],[-76.6180308,39.3280101],[-76.6180306,39.3280119],[-76.6180309,39.3280137],[-76.6180315,39.3280155],[-76.6180324,39.328017],[-76.6180435,39.3280313],[-76.6180554,39.328045],[-76.6180681,39.3280584],[-76.6180814,39.3280713],[-76.6180956,39.3280837],[-76.6181104,39.3280956],[-76.6180954,39.3281073],[-76.6180793,39.3280942],[-76.6180638,39.3280805],[-76.6180612,39.3280785],[-76.6180583,39.3280769],[-76.618055,39.3280757],[-76.6180516,39.3280749],[-76.6180479,39.3280746],[-76.6180444,39.3280749],[-76.6180408,39.3280755],[-76.6180375,39.3280766],[-76.6180344,39.3280782],[-76.6180318,39.3280801],[-76.6180173,39.3280934],[-76.6180034,39.328107],[-76.6179906,39.3281213],[-76.6179784,39.328136],[-76.6179671,39.3281511],[-76.6179567,39.3281666],[-76.6179473,39.3281824],[-76.6179389,39.3281985],[-76.6179129,39.3281899]]]}},{"type":"Feature","properties":{"layer":"Sidewalk","symbol":1,"class":"Other","_tile":"6/37/35"},"geometry":{"type":"Polygon","coordinates":[[[-76.6177187,39.3279234],[-76.617734,39.3279235],[-76.6177376,39.3279225],[-76.6177216,39.3279619],[-76.6177185,39.3279619],[-76.6177187,39.3279234]]]}},{"type":"Feature","properties":{"layer":"Sidewalk","symbol":1,"class":"Other","_tile":"6/37/35"},"geometry":{"type":"Polygon","coordinates":[[[-76.6179032,39.3274592],[-76.6179065,39.3274715],[-76.617911,39.3274876],[-76.6179134,39.3274966],[-76.6179074,39.3274988],[-76.6179017,39.3275016],[-76.6178968,39.327505],[-76.6178926,39.3275091],[-76.6178892,39.3275136],[-76.6178869,39.3275185],[-76.6178855,39.3275235],[-76.6178851,39.3275287],[-76.6178859,39.3275338],[-76.6178881,39.3275415],[-76.6178915,39.3275487],[-76.6178956,39.3275559],[-76.6179006,39.3275627],[-76.6179063,39.3275691],[-76.6179128,39.3275749],[-76.61792,39.3275804],[-76.6179278,39.3275852],[-76.6179272,39.3275885],[-76.6179239,39.3276049],[-76.6179205,39.3276212],[-76.6179199,39.3276238],[-76.6179092,39.3276224],[-76.6179059,39.3276388],[-76.6179024,39.3276551],[-76.6179007,39.327664],[-76.6179004,39.3276641],[-76.6178973,39.3276669],[-76.6178947,39.3276699],[-76.6178926,39.3276734],[-76.6178912,39.3276768],[-76.6178856,39.3277007],[-76.6178812,39.3277247],[-76.617878,39.3277488],[-76.617876,39.327773],[-76.6178751,39.3277971],[-76.6178754,39.3278213],[-76.6178759,39.327823],[-76.6178763,39.3278238],[-76.6178769,39.3278246],[-76.6178786,39.3278258],[-76.6178795,39.3278262],[-76.6178806,39.3278265],[-76.6178829,39.3278267],[-76.6178934,39.3278263],[-76.6178989,39.327914],[-76.6178883,39.3279144],[-76.6178872,39.3279146],[-76.6178851,39.3279152],[-76.6178841,39.3279156],[-76.6178834,39.3279162],[-76.6178821,39.3279176],[-76.6178815,39.3279193],[-76.6178815,39.3279201],[-76.6178821,39.3279234],[-76.6178833,39.3279265],[-76.6178853,39.3279295],[-76.6178877,39.327932],[-76.6178908,39.3279342],[-76.6178972,39.3279625],[-76.6178421,39.3279623],[-76.617842,39.3279608],[-76.6178386,39.3279045],[-76.6178361,39.3278673],[-76.6178334,39.3278256],[-76.6178331,39.327823],[-76.6178287,39.3277582],[-76.6178246,39.327694],[-76.6178243,39.3276913],[-76.617821,39.3276388],[-76.6178197,39.3276204],[-76.6178192,39.3276098],[-76.617819,39.327609],[-76.6178188,39.3276034],[-76.6178171,39.3275784],[-76.6178156,39.3275554],[-76.6178151,39.3275481],[-76.6178149,39.3275446],[-76.6178098,39.3274682],[-76.6178098,39.3274665],[-76.6178093,39.3274589],[-76.6179032,39.3274592]]]}},{"type":"Feature","properties":{"layer":"Sidewalk","_tile":"6/37/35"},"geometry":{"type":"Polygon","coordinates":[[[-76.6180005,39.3276991],[-76.6179808,39.3276932],[-76.6179836,39.3276876],[-76.6179846,39.3276849],[-76.6179851,39.327682],[-76.6179848,39.3276792],[-76.6179841,39.3276764],[-76.6179827,39.3276738],[-76.6179787,39.3276688],[-76.617974,39.3276642],[-76.6179685,39.3276603],[-76.6179762,39.3276224],[-76.6179797,39.3276062],[-76.6179819,39.3275955],[-76.6179896,39.327594],[-76.6179971,39.3275916],[-76.6180042,39.3275887],[-76.6180108,39.327585],[-76.6180167,39.3275809],[-76.6180217,39.3275761],[-76.6180261,39.3275709],[-76.6180293,39.3275653],[-76.6180315,39.3275595],[-76.6180328,39.3275534],[-76.6180329,39.3275473],[-76.6180321,39.3275412],[-76.6180301,39.3275353],[-76.6180271,39.3275295],[-76.6180231,39.3275243],[-76.6180184,39.3275194],[-76.6180127,39.3275151],[-76.6180063,39.3275113],[-76.6179954,39.3275064],[-76.6179839,39.3275023],[-76.6179721,39.3274991],[-76.6179599,39.3274967],[-76.6179475,39.3274952],[-76.6179452,39.3274876],[-76.6179408,39.3274715],[-76.6179374,39.3274593],[-76.6182166,39.3274602],[-76.6182363,39.3274752],[-76.6182377,39.327476],[-76.6182392,39.3274767],[-76.6182409,39.3274772],[-76.6182426,39.3274774],[-76.6182444,39.3274774],[-76.6182478,39.3274769],[-76.6182595,39.3274731],[-76.6182676,39.3274884],[-76.6182665,39.3274887],[-76.6182656,39.3274893],[-76.6182648,39.3274899],[-76.6182635,39.3274914],[-76.6182632,39.3274924],[-76.6182632,39.3274942],[-76.6182635,39.327495],[-76.618264,39.3274959],[-76.6182654,39.3274973],[-76.6182768,39.327506],[-76.6182465,39.3275295],[-76.618229,39.3275159],[-76.618111,39.3276068],[-76.6181197,39.3276136],[-76.618012,39.3276964],[-76.6180102,39.3276955],[-76.6180091,39.3276952],[-76.6180068,39.3276951],[-76.6180047,39.3276954],[-76.6180027,39.3276964],[-76.6180013,39.3276978],[-76.6180005,39.3276991]]]}},{"type":"Feature","properties":{"layer":"Sidewalk","_tile":"6/37/35"},"geometry":{"type":"Polygon","coordinates":[[[-76.6179446,39.3279627],[-76.6179397,39.3279411],[-76.6179445,39.3279383],[-76.6179488,39.3279351],[-76.6179523,39.3279315],[-76.6179551,39.3279274],[-76.617957,39.327923],[-76.6179581,39.3279185],[-76.6179582,39.3279138],[-76.6179575,39.3279092],[-76.6179536,39.3278923],[-76.6179506,39.3278752],[-76.6179487,39.327858],[-76.6179476,39.3278409],[-76.6179689,39.3278405],[-76.6179692,39.3278488],[-76.6179706,39.3278655],[-76.6179731,39.3278823],[-76.6179766,39.3278989],[-76.6179809,39.3279153],[-76.6179864,39.3279317],[-76.6179926,39.3279478],[-76.6179933,39.3279491],[-76.6179943,39.3279503],[-76.6179955,39.3279513],[-76.6179969,39.3279521],[-76.6179985,39.3279528],[-76.6180019,39.3279534],[-76.6180038,39.3279534],[-76.6180056,39.3279532],[-76.6180088,39.327952],[-76.6180104,39.3279509],[-76.6180256,39.3279629],[-76.6179446,39.3279627]]]}},{"type":"Feature","properties":{"layer":"Sidewalk","_tile":"6/37/35"},"geometry":{"type":"Polygon","coordinates":[[[-76.6179495,39.3277975],[-76.6179514,39.327784],[-76.6179538,39.3277707],[-76.6179569,39.3277574],[-76.6179776,39.3277605],[-76.6179748,39.3277733],[-76.6179724,39.3277861],[-76.6179707,39.327799],[-76.6179495,39.3277975]]]}},{"type":"Feature","properties":{"layer":"Sidewalk","_tile":"6/37/35"},"geometry":{"type":"Polygon","coordinates":[[[-76.6183212,39.3274744],[-76.6183163,39.3274605],[-76.6183315,39.3274606],[-76.6183348,39.3274715],[-76.6183212,39.3274744]]]}},{"type":"Feature","properties":{"layer":"Sidewalk","_tile":"6/37/36"},"geometry":{"type":"Polygon","coordinates":[[[-76.6183719,39.3269759],[-76.618368,39.3269789],[-76.6183554,39.3269883],[-76.61833,39.3269817],[-76.6183284,39.3269812],[-76.6183225,39.3269796],[-76.6183038,39.3269748],[-76.6183008,39.3269848],[-76.6182792,39.3270338],[-76.6182759,39.327044],[-76.6182764,39.327045],[-76.6182831,39.3270472],[-76.6182799,39.3270555],[-76.6182801,39.3270578],[-76.6182852,39.3270615],[-76.6182925,39.3270682],[-76.6182728,39.3270642],[-76.6182668,39.3270815],[-76.6182633,39.3270743],[-76.6182624,39.3270728],[-76.618261,39.3270716],[-76.6182589,39.3270703],[-76.6182534,39.3270678],[-76.6182494,39.3270664],[-76.6182456,39.3270651],[-76.6182433,39.3270645],[-76.6182376,39.3270631],[-76.6182375,39.327063],[-76.6182258,39.3270603],[-76.6182217,39.3270596],[-76.6182005,39.3270552],[-76.6181938,39.3270537],[-76.6181759,39.327049],[-76.6181665,39.3270468],[-76.6181579,39.3270453],[-76.6181576,39.3270452],[-76.6181536,39.3270447],[-76.6181507,39.3270446],[-76.6181414,39.3270447],[-76.6181144,39.3270463],[-76.6181139,39.3270464],[-76.6181093,39.3270465],[-76.618105,39.3270462],[-76.6181021,39.3270457],[-76.6180973,39.3270442],[-76.618094,39.3270427],[-76.6180912,39.3270409],[-76.6180885,39.3270389],[-76.6180851,39.3270361],[-76.6180824,39.3270336],[-76.6180796,39.3270306],[-76.6180758,39.3270259],[-76.6180684,39.3270127],[-76.6180684,39.3270125],[-76.6180621,39.3270016],[-76.618062,39.3270012],[-76.6180618,39.3270012],[-76.6180615,39.3270006],[-76.6180489,39.3269817],[-76.6180423,39.3269715],[-76.6180532,39.3269716],[-76.6180555,39.326975],[-76.6180561,39.3269761],[-76.6180707,39.326998],[-76.6180789,39.3270128],[-76.61808,39.3270144],[-76.6180844,39.3270223],[-76.6180901,39.3270291],[-76.618094,39.3270326],[-76.618096,39.3270342],[-76.6180994,39.3270363],[-76.6181011,39.3270372],[-76.6181052,39.3270385],[-76.6181063,39.3270387],[-76.6181095,39.3270388],[-76.6181135,39.3270387],[-76.6181408,39.3270372],[-76.6181468,39.3270369],[-76.6181548,39.3270372],[-76.6181595,39.3270378],[-76.618169,39.3270395],[-76.6181764,39.3270412],[-76.6182032,39.327048],[-76.6182253,39.3270525],[-76.6182283,39.3270531],[-76.6182406,39.3270558],[-76.6182466,39.3270574],[-76.6182501,39.3270544],[-76.6182572,39.3270458],[-76.6182598,39.3270428],[-76.6182654,39.3270416],[-76.6182666,39.3270415],[-76.6182709,39.3270342],[-76.6182737,39.3270288],[-76.6182937,39.3269831],[-76.6182952,39.3269781],[-76.6182966,39.3269738],[-76.6182912,39.3269724],[-76.6183719,39.3269726],[-76.6183719,39.3269759]]]}},{"type":"Feature","properties":{"layer":"Sidewalk","_tile":"6/37/36"},"geometry":{"type":"MultiPolygon","coordinates":[[[[-76.6179417,39.3274746],[-76.6179408,39.3274715],[-76.6179363,39.3274552],[-76.6179344,39.327448],[-76.6179434,39.3274449],[-76.6179519,39.3274412],[-76.61796,39.327437],[-76.6179676,39.3274321],[-76.6179745,39.3274266],[-76.6179808,39.3274208],[-76.6179835,39.3274176],[-76.6179853,39.327414],[-76.6179863,39.3274104],[-76.6179864,39.3274065],[-76.6179859,39.3274027],[-76.6179843,39.3273991],[-76.6179821,39.3273958],[-76.6179792,39.3273927],[-76.6179706,39.327386],[-76.6179616,39.3273798],[-76.6179521,39.327374],[-76.6179406,39.3273681],[-76.6179287,39.327363],[-76.6179163,39.3273585],[-76.6179248,39.3273453],[-76.6179145,39.3273411],[-76.6179064,39.3273372],[-76.6178989,39.3273325],[-76.6178922,39.327327],[-76.6178864,39.327321],[-76.6178817,39.3273146],[-76.6178779,39.3273078],[-76.6178752,39.3273005],[-76.6178737,39.3272931],[-76.6178733,39.3272857],[-76.6178739,39.3272782],[-76.6178758,39.3272718],[-76.6178786,39.3272656],[-76.6178826,39.3272598],[-76.6178877,39.3272545],[-76.6178943,39.3272488],[-76.6179016,39.3272436],[-76.6179096,39.3272392],[-76.6179162,39.327235],[-76.6179222,39.3272303],[-76.6179253,39.3272272],[-76.6179276,39.3272239],[-76.6179291,39.3272203],[-76.6179298,39.3272165],[-76.6179297,39.3272127],[-76.6179286,39.327209],[-76.6179268,39.3272054],[-76.6179242,39.3272022],[-76.6179184,39.3271966],[-76.6179117,39.3271916],[-76.6179043,39.3271871],[-76.6178965,39.3271833],[-76.6178882,39.3271801],[-76.6178775,39.3271772],[-76.617876,39.327152],[-76.6178844,39.3271553],[-76.6178933,39.3271579],[-76.6179103,39.3271615],[-76.6179276,39.3271643],[-76.6179451,39.3271663],[-76.6179627,39.3271677],[-76.6179804,39.3271682],[-76.617998,39.3271679],[-76.6180157,39.327167],[-76.6180332,39.3271653],[-76.6180349,39.3271649],[-76.6180364,39.3271644],[-76.6180378,39.3271637],[-76.6180402,39.327162],[-76.618041,39.3271609],[-76.6180416,39.3271597],[-76.6180421,39.3271584],[-76.6180423,39.3271571],[-76.6180423,39.327157],[-76.6180731,39.3271573],[-76.6180735,39.3271598],[-76.6180742,39.327161],[-76.6180751,39.3271621],[-76.6180761,39.3271631],[-76.6180774,39.327164],[-76.6180803,39.3271652],[-76.6181011,39.3271675],[-76.6181206,39.3271687],[-76.6181292,39.3271694],[-76.6181376,39.3271711],[-76.6181456,39.3271735],[-76.6181532,39.3271767],[-76.6181665,39.3271638],[-76.6181738,39.327168],[-76.6181806,39.3271728],[-76.6181867,39.3271782],[-76.618192,39.3271839],[-76.6181964,39.3271901],[-76.6182001,39.3271967],[-76.618203,39.3272034],[-76.6182048,39.3272104],[-76.6182062,39.3272208],[-76.6182068,39.3272314],[-76.6182063,39.3272419],[-76.6182047,39.3272522],[-76.6182022,39.3272626],[-76.6181986,39.3272727],[-76.6181939,39.3272826],[-76.6181884,39.3272922],[-76.618182,39.3273015],[-76.6181746,39.3273103],[-76.6181664,39.3273186],[-76.6181573,39.3273264],[-76.618143,39.3273162],[-76.6181382,39.3273234],[-76.6181341,39.327331],[-76.6181312,39.3273387],[-76.6181293,39.3273468],[-76.6181283,39.3273549],[-76.6181285,39.327363],[-76.6181292,39.3273691],[-76.6181305,39.3273752],[-76.6181323,39.3273812],[-76.618136,39.3273892],[-76.6181405,39.3273968],[-76.6181462,39.327404],[-76.6181526,39.3274108],[-76.6181599,39.327417],[-76.6182363,39.3274752],[-76.6182369,39.3274755],[-76.6179417,39.3274746]]],[[[-76.6181572,39.3272351],[-76.6181571,39.3272256],[-76.6181558,39.3272162],[-76.6181544,39.3272114],[-76.6181518,39.3272068],[-76.6181485,39.3272026],[-76.6181442,39.3271989],[-76.6181392,39.3271958],[-76.6181337,39.3271934],[-76.6181277,39.3271917],[-76.6181216,39.3271908],[-76.6181151,39.3271907],[-76.6181076,39.3271914],[-76.6181001,39.327193],[-76.618093,39.3271953],[-76.6180864,39.3271983],[-76.6180804,39.327202],[-76.618075,39.3272064],[-76.6180705,39.3272113],[-76.6180668,39.3272165],[-76.6180642,39.3272221],[-76.6180626,39.3272279],[-76.6180615,39.3272358],[-76.6180614,39.3272438],[-76.6180623,39.3272518],[-76.6180643,39.3272595],[-76.6180671,39.3272671],[-76.6180712,39.327275],[-76.6180764,39.3272825],[-76.6180825,39.3272897],[-76.6180895,39.3272963],[-76.6180927,39.3272984],[-76.6180961,39.3273001],[-76.6180999,39.3273015],[-76.6181041,39.3273022],[-76.6181082,39.3273024],[-76.6181124,39.3273021],[-76.6181164,39.3273013],[-76.61812,39.3272998],[-76.6181236,39.327298],[-76.6181265,39.3272957],[-76.6181341,39.3272882],[-76.6181406,39.3272803],[-76.6181461,39.3272718],[-76.6181506,39.327263],[-76.6181539,39.3272538],[-76.6181562,39.3272446],[-76.6181572,39.3272351]]],[[[-76.6180285,39.3273205],[-76.6180285,39.3273122],[-76.6180277,39.3273037],[-76.6180259,39.3272955],[-76.6180231,39.3272873],[-76.6180197,39.3272794],[-76.6180159,39.3272723],[-76.6180113,39.3272657],[-76.6180061,39.3272592],[-76.6180018,39.3272551],[-76.6179969,39.3272517],[-76.6179913,39.3272488],[-76.6179852,39.3272466],[-76.6179786,39.3272453],[-76.6179718,39.3272448],[-76.6179652,39.3272451],[-76.6179562,39.3272464],[-76.6179476,39.3272484],[-76.6179391,39.3272511],[-76.6179311,39.3272545],[-76.6179236,39.3272586],[-76.6179163,39.3272634],[-76.6179097,39.3272688],[-76.6179071,39.3272716],[-76.6179049,39.3272747],[-76.6179035,39.3272779],[-76.6179026,39.3272813],[-76.6179021,39.3272873],[-76.6179027,39.3272933],[-76.6179045,39.3272991],[-76.6179074,39.3273046],[-76.6179113,39.3273098],[-76.6179164,39.3273144],[-76.617922,39.3273184],[-76.6179285,39.3273216],[-76.6179415,39.3273268],[-76.6179549,39.327331],[-76.6179687,39.3273344],[-76.6179796,39.3273365],[-76.6179907,39.3273379],[-76.6180017,39.3273389],[-76.6180057,39.3273389],[-76.6180097,39.3273383],[-76.6180134,39.3273374],[-76.6180169,39.327336],[-76.6180201,39.3273341],[-76.6180229,39.3273319],[-76.6180252,39.3273293],[-76.6180269,39.3273266],[-76.618028,39.3273236],[-76.6180285,39.3273205]]],[[[-76.6182609,39.3274756],[-76.6182518,39.3274756],[-76.6182595,39.3274731],[-76.6182609,39.3274756]]]]}},{"type":"Feature","properties":{"layer":"Sidewalk","_tile":"6/37/36"},"geometry":{"type":"Polygon","coordinates":[[[-76.6183212,39.3274744],[-76.6183156,39.3274584],[-76.61833,39.3274556],[-76.6183348,39.3274715],[-76.6183212,39.3274744]]]}},{"type":"Feature","properties":{"layer":"Sidewalk","symbol":1,"class":"Other","_tile":"6/37/36"},"geometry":{"type":"Polygon","coordinates":[[[-76.6179163,39.3273585],[-76.6179068,39.3273558],[-76.6178971,39.3273533],[-76.6178936,39.3273529],[-76.6178899,39.3273527],[-76.6178864,39.3273532],[-76.6178829,39.327354],[-76.6178798,39.3273553],[-76.6178769,39.3273571],[-76.6178744,39.3273591],[-76.6178725,39.3273615],[-76.6178711,39.3273641],[-76.6178702,39.3273668],[-76.6178691,39.3273761],[-76.6178692,39.3273855],[-76.6178702,39.3273948],[-76.6178726,39.327404],[-76.6178779,39.32742],[-76.6178841,39.3274359],[-76.6178856,39.3274385],[-76.6178876,39.3274409],[-76.6178901,39.3274429],[-76.617893,39.3274447],[-76.6178962,39.327446],[-76.6178997,39.3274469],[-76.6179021,39.3274554],[-76.6179065,39.3274715],[-76.6179074,39.3274744],[-76.6178103,39.3274741],[-76.6178098,39.3274682],[-76.6178098,39.3274665],[-76.6178053,39.3273977],[-76.6178019,39.3273486],[-76.6177992,39.3273071],[-76.6177985,39.3272987],[-76.6177962,39.3272611],[-76.6177962,39.3272596],[-76.6177956,39.3272518],[-76.6177952,39.3272435],[-76.6177951,39.3272429],[-76.6177938,39.3272205],[-76.6177933,39.3272131],[-76.6177931,39.3272087],[-76.6177892,39.3271446],[-76.617789,39.3271436],[-76.6177868,39.3271075],[-76.6177858,39.3270939],[-76.6177846,39.3270751],[-76.6177812,39.3270248],[-76.6177809,39.327019],[-76.6177795,39.326998],[-76.6177783,39.3269766],[-76.6177778,39.3269707],[-76.6178159,39.3269708],[-76.6178225,39.3270838],[-76.617824,39.3270942],[-76.6178262,39.3271023],[-76.6178294,39.32711],[-76.6178337,39.3271177],[-76.6178388,39.3271248],[-76.6178443,39.3271308],[-76.6178504,39.3271366],[-76.6178573,39.3271417],[-76.6178646,39.3271464],[-76.6178726,39.3271504],[-76.617874,39.3271769],[-76.6178705,39.327177],[-76.6178669,39.3271776],[-76.6178636,39.3271787],[-76.6178605,39.3271801],[-76.6178579,39.327182],[-76.6178555,39.3271841],[-76.6178538,39.3271866],[-76.6178528,39.3271892],[-76.6178507,39.3271966],[-76.6178498,39.327204],[-76.6178497,39.3272115],[-76.6178506,39.327219],[-76.6178524,39.3272264],[-76.6178551,39.3272336],[-76.6178586,39.3272405],[-76.6178632,39.3272472],[-76.6178646,39.3272487],[-76.6178664,39.32725],[-76.6178684,39.3272511],[-76.6178707,39.327252],[-76.617873,39.3272525],[-76.6178754,39.3272526],[-76.6178779,39.3272525],[-76.6178803,39.3272519],[-76.6178876,39.3272495],[-76.6178948,39.3272468],[-76.6179016,39.3272436],[-76.6178943,39.3272488],[-76.6178877,39.3272545],[-76.6178826,39.3272598],[-76.6178786,39.3272656],[-76.6178758,39.3272718],[-76.6178739,39.3272782],[-76.6178733,39.3272857],[-76.6178737,39.3272931],[-76.6178752,39.3273005],[-76.6178779,39.3273078],[-76.6178817,39.3273146],[-76.6178864,39.327321],[-76.6178922,39.327327],[-76.6178989,39.3273325],[-76.6179064,39.3273372],[-76.6179145,39.3273411],[-76.6179248,39.3273453],[-76.6179163,39.3273585]]]}},{"type":"Feature","properties":{"layer":"Sidewalk","symbol":1,"class":"Other","_tile":"6/37/36"},"geometry":{"type":"Polygon","coordinates":[[[-76.617874,39.3271769],[-76.6178726,39.3271504],[-76.617876,39.327152],[-76.6178775,39.3271772],[-76.6178751,39.3271769],[-76.617874,39.3271769]]]}},{"type":"Feature","properties":{"layer":"Sidewalk","symbol":1,"class":"Other","_tile":"6/37/36"},"geometry":{"type":"Polygon","coordinates":[[[-76.6182925,39.3270682],[-76.6183276,39.3270753],[-76.6183137,39.3271164],[-76.6182589,39.3271052],[-76.6182728,39.3270642],[-76.6182925,39.3270682]]]}},{"type":"Feature","properties":{"layer":"Sidewalk","_tile":"6/37/37"},"geometry":{"type":"MultiPolygon","coordinates":[[[[-76.6181987,39.3266017],[-76.6181953,39.3266045],[-76.6181951,39.3266048],[-76.6181904,39.3266087],[-76.6181802,39.3266174],[-76.6181845,39.3266206],[-76.6181863,39.3266219],[-76.6181786,39.3266287],[-76.6181723,39.326634],[-76.6181678,39.3266378],[-76.6181739,39.3266424],[-76.6181754,39.3266434],[-76.6181802,39.3266472],[-76.6181805,39.3266473],[-76.6181886,39.3266412],[-76.6182019,39.3266311],[-76.618203,39.3266304],[-76.6182181,39.3266192],[-76.6182182,39.3266189],[-76.6182184,39.3266189],[-76.6182792,39.3266679],[-76.6182816,39.3266696],[-76.6182937,39.3266795],[-76.6182734,39.3266948],[-76.6182778,39.3266976],[-76.6182976,39.3267164],[-76.6183036,39.3267199],[-76.6183376,39.3267281],[-76.6183427,39.3267294],[-76.618348,39.3267339],[-76.6183596,39.3267438],[-76.6183731,39.3267542],[-76.618373,39.3267724],[-76.6183118,39.3268187],[-76.6183272,39.3268311],[-76.6183576,39.3268553],[-76.6183725,39.3268672],[-76.6183724,39.3268732],[-76.6183694,39.3268707],[-76.6183213,39.3268324],[-76.6183157,39.3268366],[-76.6183156,39.3268368],[-76.6183028,39.3268463],[-76.6182854,39.3268595],[-76.6182849,39.3268597],[-76.6182804,39.326863],[-76.6182467,39.3268884],[-76.6182418,39.3268924],[-76.618235,39.3268948],[-76.6181816,39.326905],[-76.6181796,39.3269059],[-76.6181788,39.3269085],[-76.6181789,39.3269101],[-76.6181789,39.3269123],[-76.618183,39.326915],[-76.6181896,39.3269176],[-76.6181911,39.3269183],[-76.618197,39.3269204],[-76.6182045,39.3269236],[-76.6182121,39.3269265],[-76.6182152,39.3269278],[-76.6182221,39.3269304],[-76.6182258,39.326931],[-76.6182377,39.3269286],[-76.6182411,39.3269277],[-76.6182453,39.326928],[-76.6182469,39.3269285],[-76.6182751,39.3269379],[-76.6182763,39.3269383],[-76.6183062,39.3269511],[-76.6183076,39.3269516],[-76.6183082,39.3269519],[-76.6183143,39.3269544],[-76.6183357,39.3269637],[-76.6183721,39.3269371],[-76.6183719,39.3269759],[-76.618368,39.3269789],[-76.618356,39.3269878],[-76.6183536,39.3269878],[-76.61833,39.3269817],[-76.6183284,39.3269812],[-76.6183225,39.3269796],[-76.6183038,39.3269748],[-76.6183008,39.3269848],[-76.6182996,39.3269876],[-76.6182917,39.3269876],[-76.6182937,39.3269831],[-76.6182952,39.3269781],[-76.6182966,39.3269738],[-76.6182748,39.3269679],[-76.6182478,39.3269608],[-76.6182434,39.3269594],[-76.6182111,39.3269509],[-76.6181769,39.3269416],[-76.6181536,39.3269354],[-76.6181519,39.3269366],[-76.6181407,39.3269449],[-76.6181317,39.3269374],[-76.6181277,39.3269404],[-76.6181226,39.3269362],[-76.6181198,39.3269383],[-76.6181151,39.3269417],[-76.6181143,39.3269413],[-76.6181054,39.3269342],[-76.6180865,39.3269189],[-76.6180436,39.3268847],[-76.6180422,39.3268835],[-76.6180175,39.3268636],[-76.6180116,39.326869],[-76.6180062,39.3268655],[-76.6180004,39.326871],[-76.618006,39.3268748],[-76.6180019,39.3268783],[-76.6180046,39.3268801],[-76.6179912,39.3268918],[-76.6179995,39.3268974],[-76.6179907,39.3269051],[-76.6180185,39.3269265],[-76.6180249,39.3269316],[-76.6180255,39.3269322],[-76.6180278,39.3269353],[-76.6180286,39.3269361],[-76.6180337,39.3269427],[-76.6180354,39.3269449],[-76.6180391,39.3269506],[-76.6180423,39.3269551],[-76.6180555,39.326975],[-76.6180561,39.3269761],[-76.6180633,39.3269869],[-76.6180524,39.3269868],[-76.6180489,39.3269817],[-76.6180419,39.3269709],[-76.6180387,39.3269663],[-76.6180334,39.3269582],[-76.6180332,39.3269582],[-76.6180282,39.3269504],[-76.6180267,39.3269483],[-76.6180172,39.3269362],[-76.6179743,39.326903],[-76.6179806,39.3268975],[-76.6179719,39.3268914],[-76.6179822,39.3268823],[-76.617986,39.326885],[-76.6179908,39.3268808],[-76.6179882,39.3268789],[-76.6179939,39.326874],[-76.6179877,39.3268698],[-76.6180038,39.3268552],[-76.6179957,39.3268483],[-76.6180008,39.3268449],[-76.6179953,39.3268402],[-76.6179904,39.3268358],[-76.6180143,39.3268192],[-76.6179934,39.3267712],[-76.6179919,39.3267674],[-76.6179908,39.3267652],[-76.6179831,39.3267472],[-76.617979,39.326738],[-76.6179749,39.3267282],[-76.6179719,39.3267214],[-76.6179673,39.326711],[-76.6179672,39.3267051],[-76.6179695,39.3267001],[-76.617978,39.3266945],[-76.6180231,39.3266642],[-76.6180391,39.3266534],[-76.6180792,39.3266264],[-76.6180798,39.3266268],[-76.6180981,39.3266408],[-76.6181032,39.3266374],[-76.618116,39.3266282],[-76.6181242,39.3266336],[-76.6181586,39.326607],[-76.6181631,39.3266035],[-76.6181585,39.3266004],[-76.6181727,39.326588],[-76.6181655,39.3265819],[-76.6181707,39.3265766],[-76.618164,39.3265726],[-76.6181851,39.3265508],[-76.6181742,39.3265407],[-76.6181831,39.326533],[-76.6181821,39.3265242],[-76.6181805,39.3265082],[-76.6181843,39.3265049],[-76.6181983,39.3264934],[-76.6182096,39.326484],[-76.6182545,39.3264841],[-76.6182473,39.326491],[-76.6182519,39.3264949],[-76.6182109,39.3265262],[-76.6182034,39.3265318],[-76.6182085,39.3265361],[-76.6182016,39.3265412],[-76.6182076,39.3265462],[-76.6181979,39.3265532],[-76.6182142,39.3265668],[-76.6181963,39.3265837],[-76.6182035,39.3265884],[-76.6181983,39.3265934],[-76.6182041,39.3265971],[-76.6181987,39.3266017]]],[[[-76.6180997,39.3268938],[-76.6181028,39.3268915],[-76.618111,39.326899],[-76.6181141,39.3268967],[-76.6181173,39.3268992],[-76.6181349,39.3269136],[-76.618143,39.3269073],[-76.6181468,39.3269103],[-76.6181814,39.3268835],[-76.6181818,39.3268832],[-76.6181716,39.3268751],[-76.618165,39.3268697],[-76.618118,39.3268321],[-76.6181115,39.3268271],[-76.6180911,39.3268106],[-76.618063,39.3268337],[-76.6180587,39.3268374],[-76.6180598,39.3268384],[-76.6180636,39.3268412],[-76.6180537,39.3268492],[-76.6180589,39.3268533],[-76.6180548,39.3268565],[-76.6180772,39.3268736],[-76.6180738,39.3268766],[-76.6180848,39.326885],[-76.6180978,39.3268951],[-76.6180997,39.3268938]]],[[[-76.6183695,39.3267692],[-76.6183574,39.3267596],[-76.6183542,39.3267569],[-76.6183533,39.3267562],[-76.6183531,39.3267562],[-76.6183469,39.326751],[-76.6183422,39.3267537],[-76.6183237,39.3267402],[-76.6183224,39.3267391],[-76.6183256,39.326736],[-76.6182858,39.3267263],[-76.6182801,39.3267186],[-76.618282,39.326715],[-76.6182681,39.3267054],[-76.6182636,39.3267077],[-76.6182603,39.3267045],[-76.6182108,39.3267417],[-76.6181655,39.3267757],[-76.6181513,39.3267643],[-76.6181487,39.326762],[-76.6181336,39.3267501],[-76.6181163,39.3267361],[-76.6181119,39.3267395],[-76.6181145,39.3267419],[-76.6181085,39.3267461],[-76.6181059,39.3267443],[-76.6180995,39.32675],[-76.6180926,39.3267627],[-76.6180918,39.3267672],[-76.6180922,39.3267725],[-76.6180908,39.3267742],[-76.6180668,39.3267842],[-76.6180661,39.3267851],[-76.6180647,39.3267869],[-76.6180642,39.3267917],[-76.6180642,39.3267929],[-76.6180637,39.3267968],[-76.6180635,39.3268005],[-76.6180629,39.3268019],[-76.6180623,39.326803],[-76.6180621,39.3268036],[-76.618056,39.3268077],[-76.618056,39.3268082],[-76.6180556,39.3268089],[-76.6180547,39.3268126],[-76.6180567,39.3268176],[-76.6180605,39.3268222],[-76.6180651,39.3268239],[-76.6180709,39.326821],[-76.6180906,39.3268048],[-76.618091,39.3268044],[-76.6181895,39.3268832],[-76.6181776,39.3268926],[-76.6181964,39.3268878],[-76.6182331,39.3268786],[-76.6182359,39.3268765],[-76.618261,39.3268583],[-76.618295,39.3268335],[-76.6182973,39.3268318],[-76.6183095,39.326823],[-76.618304,39.3268187],[-76.6183695,39.3267692]]],[[[-76.6180945,39.3267366],[-76.6180955,39.3267358],[-76.618095,39.3267354],[-76.6180935,39.3267341],[-76.6180961,39.3267322],[-76.6180995,39.3267296],[-76.6181018,39.3267314],[-76.6181062,39.3267281],[-76.6181055,39.3267273],[-76.6180942,39.3267183],[-76.6180902,39.3267151],[-76.6181219,39.3266913],[-76.6181275,39.3266871],[-76.61812,39.3266809],[-76.618112,39.3266865],[-76.6180813,39.3266674],[-76.618077,39.326667],[-76.6180736,39.3266684],[-76.618054,39.3266823],[-76.6180496,39.3266856],[-76.6180358,39.3266954],[-76.6180297,39.3266997],[-76.6180295,39.3266999],[-76.6180249,39.3267033],[-76.6180046,39.3267177],[-76.6180021,39.3267232],[-76.6180013,39.3267246],[-76.6180083,39.3267409],[-76.6180098,39.3267446],[-76.6180107,39.3267465],[-76.618031,39.3267944],[-76.6180354,39.3267998],[-76.6180405,39.3268013],[-76.6180474,39.3268006],[-76.6180511,39.3268001],[-76.6180531,39.3268],[-76.6180549,39.3267986],[-76.6180569,39.3267955],[-76.6180571,39.3267933],[-76.6180578,39.3267842],[-76.6180578,39.3267811],[-76.6180595,39.3267799],[-76.6180606,39.3267793],[-76.6180761,39.3267686],[-76.6180797,39.3267634],[-76.6180837,39.3267521],[-76.6180853,39.3267477],[-76.618087,39.3267434],[-76.6180908,39.3267398],[-76.6180945,39.3267366]]],[[[-76.6181598,39.3266628],[-76.6181548,39.3266589],[-76.6181587,39.3266552],[-76.6181561,39.3266529],[-76.6181454,39.3266441],[-76.6181208,39.3266499],[-76.6181195,39.3266537],[-76.6181046,39.3266626],[-76.618111,39.3266677],[-76.6181175,39.3266651],[-76.6181228,39.3266694],[-76.618129,39.3266647],[-76.6181426,39.3266758],[-76.6181598,39.3266628]]],[[[-76.6182846,39.3266793],[-76.618275,39.3266717],[-76.6182738,39.3266706],[-76.6182475,39.3266495],[-76.6182351,39.3266395],[-76.6182182,39.3266259],[-76.6181928,39.3266449],[-76.6181857,39.3266504],[-76.6181909,39.3266541],[-76.6181887,39.3266559],[-76.6181932,39.3266589],[-76.6181952,39.3266571],[-76.6182008,39.3266609],[-76.6182033,39.3266589],[-76.6182206,39.3266691],[-76.6182337,39.3266732],[-76.6182542,39.3266854],[-76.6182562,39.3266837],[-76.6182683,39.3266915],[-76.6182846,39.3266793]]],[[[-76.6182563,39.3267005],[-76.61825,39.3266945],[-76.6182488,39.3266931],[-76.6182179,39.3266795],[-76.6182086,39.3266778],[-76.618203,39.3266749],[-76.6182049,39.3266729],[-76.6182018,39.3266712],[-76.6181933,39.3266669],[-76.6181911,39.3266684],[-76.6181864,39.3266649],[-76.6181888,39.3266629],[-76.6181843,39.3266597],[-76.6181818,39.3266617],[-76.6181761,39.3266575],[-76.6181436,39.326682],[-76.6181452,39.3266831],[-76.6181493,39.3266867],[-76.6181394,39.3266936],[-76.6181443,39.3266978],[-76.6181394,39.3267014],[-76.6181429,39.3267045],[-76.6181378,39.3267087],[-76.6181355,39.3267066],[-76.6181261,39.3267222],[-76.618134,39.3267279],[-76.6181271,39.3267375],[-76.6181657,39.3267687],[-76.6182563,39.3267005]]],[[[-76.6181319,39.3266964],[-76.6181291,39.3266942],[-76.6181002,39.326716],[-76.6181121,39.3267256],[-76.6181159,39.3267223],[-76.6181126,39.3267195],[-76.6181202,39.3267104],[-76.6181228,39.3267116],[-76.6181291,39.3267026],[-76.6181263,39.3267006],[-76.6181319,39.3266964]]],[[[-76.6183572,39.3264845],[-76.6183583,39.3265069],[-76.6183596,39.3265406],[-76.6183742,39.3265511],[-76.618374,39.3265784],[-76.6183642,39.3265708],[-76.6183642,39.3265707],[-76.6183598,39.3265673],[-76.618359,39.3265666],[-76.6183375,39.3265496],[-76.6183363,39.3265485],[-76.6183361,39.3265474],[-76.6183361,39.3265463],[-76.6183358,39.3265443],[-76.6183348,39.3265303],[-76.6183347,39.3265302],[-76.6183337,39.3265162],[-76.6183325,39.3265033],[-76.6183324,39.3265],[-76.6183323,39.3264995],[-76.6183321,39.326498],[-76.6183314,39.3264883],[-76.6183303,39.3264874],[-76.6183267,39.3264844],[-76.6183572,39.3264845]]]]}},{"type":"Feature","properties":{"layer":"Sidewalk","symbol":1,"class":"Other","_tile":"6/37/37"},"geometry":{"type":"Polygon","coordinates":[[[-76.6177804,39.3267773],[-76.6177799,39.3267661],[-76.6177714,39.3267663],[-76.6177718,39.3267731],[-76.617772,39.3267776],[-76.6177804,39.3267773]],[[-76.6177788,39.3269859],[-76.6177783,39.3269766],[-76.6177758,39.3269409],[-76.6177739,39.3269086],[-76.6177733,39.3269013],[-76.6177722,39.3268836],[-76.617772,39.3268796],[-76.6177717,39.3268766],[-76.6177695,39.3268411],[-76.6177695,39.3268391],[-76.6177692,39.3268364],[-76.6177689,39.3268304],[-76.6177686,39.3268277],[-76.6177685,39.326824],[-76.6177664,39.3267913],[-76.6177661,39.3267851],[-76.6177652,39.3267732],[-76.617765,39.326767],[-76.6177641,39.3267547],[-76.617762,39.3267198],[-76.6177614,39.3267123],[-76.6177562,39.3266297],[-76.6177559,39.3266265],[-76.6177556,39.3266205],[-76.6177551,39.3266136],[-76.6177515,39.3265584],[-76.6177512,39.3265521],[-76.6177504,39.3265388],[-76.6177492,39.3265241],[-76.617748,39.3265041],[-76.6177475,39.3264994],[-76.6177473,39.3264942],[-76.6177464,39.3264825],[-76.6177848,39.3264826],[-76.6177872,39.3265223],[-76.6177876,39.3265311],[-76.6177894,39.3265603],[-76.6177896,39.3265612],[-76.6177904,39.3265761],[-76.6177935,39.3266235],[-76.6177946,39.3266426],[-76.6177961,39.3266629],[-76.6178003,39.32673],[-76.6178006,39.3267359],[-76.6178023,39.3267621],[-76.6178027,39.3267672],[-76.6178055,39.3268131],[-76.6178062,39.326823],[-76.6178098,39.326879],[-76.6178117,39.3268895],[-76.6178128,39.3268929],[-76.6178149,39.3268988],[-76.6178149,39.3269009],[-76.6178164,39.3269241],[-76.6178173,39.3269396],[-76.617818,39.3269506],[-76.6178172,39.3269548],[-76.6178155,39.3269629],[-76.6178169,39.3269861],[-76.6177788,39.3269859]]]}},{"type":"Feature","properties":{"layer":"Sidewalk","_tile":"6/37/38"},"geometry":{"type":"Polygon","coordinates":[[[-76.6181913,39.3264992],[-76.6181983,39.3264934],[-76.6182142,39.3264802],[-76.6182178,39.3264771],[-76.6182262,39.3264702],[-76.6182501,39.3264503],[-76.6183011,39.3264491],[-76.6183017,39.326449],[-76.6183054,39.326449],[-76.6183066,39.3264489],[-76.6183175,39.3264487],[-76.618319,39.3264486],[-76.6183387,39.3264636],[-76.6183392,39.3264638],[-76.6183569,39.3264773],[-76.618358,39.3264997],[-76.6183323,39.3264996],[-76.6183323,39.3264995],[-76.6183321,39.326498],[-76.6183314,39.3264883],[-76.6183303,39.3264874],[-76.6183082,39.3264694],[-76.6182697,39.3264697],[-76.6182666,39.3264727],[-76.6182579,39.3264808],[-76.6182473,39.326491],[-76.6182519,39.3264949],[-76.618246,39.3264994],[-76.6181913,39.3264992]]]}},{"type":"Feature","properties":{"layer":"Sidewalk","symbol":1,"class":"Other","_tile":"6/37/38"},"geometry":{"type":"Polygon","coordinates":[[[-76.6179905,39.3264249],[-76.6180045,39.326423],[-76.618006,39.3264229],[-76.6180059,39.3264369],[-76.6180021,39.3264369],[-76.6180004,39.326437],[-76.617995,39.3264369],[-76.6179914,39.3264371],[-76.6179909,39.3264322],[-76.6179905,39.3264249]]]}},{"type":"Feature","properties":{"layer":"Sidewalk","symbol":1,"class":"Other","_tile":"6/37/38"},"geometry":{"type":"Polygon","coordinates":[[[-76.6182956,39.3263617],[-76.6183091,39.3263513],[-76.618312,39.326349],[-76.6183148,39.3263469],[-76.6183182,39.3263442],[-76.6183228,39.3263408],[-76.6183318,39.3263592],[-76.6183261,39.3263635],[-76.6183256,39.3263638],[-76.6183245,39.3263647],[-76.6183193,39.3263688],[-76.6183167,39.3263679],[-76.6183005,39.3263632],[-76.6182956,39.3263617]]]}},{"type":"Feature","properties":{"layer":"Sidewalk","symbol":1,"class":"Other","_tile":"6/37/38"},"geometry":{"type":"Polygon","coordinates":[[[-76.6183751,39.3263832],[-76.6183729,39.3263824],[-76.6183619,39.3263797],[-76.6183507,39.3263797],[-76.6183069,39.3263848],[-76.6183029,39.3263854],[-76.6182956,39.3263862],[-76.6182755,39.3263886],[-76.6182586,39.3263905],[-76.6182228,39.3263944],[-76.6182228,39.3263946],[-76.6181949,39.3263976],[-76.6181913,39.326398],[-76.6181565,39.3264018],[-76.6181421,39.3264041],[-76.618127,39.3264065],[-76.6181034,39.3264101],[-76.6180995,39.3263945],[-76.6181005,39.3263943],[-76.6181529,39.3263862],[-76.6182238,39.3263805],[-76.6182253,39.3263803],[-76.6182605,39.3263775],[-76.6182732,39.3263765],[-76.6182812,39.3263727],[-76.6182956,39.3263617],[-76.6183005,39.3263632],[-76.6183167,39.3263679],[-76.6183193,39.3263688],[-76.6183245,39.3263647],[-76.6183256,39.3263638],[-76.6183261,39.3263635],[-76.6183318,39.3263592],[-76.6183228,39.3263408],[-76.6183262,39.3263383],[-76.6183402,39.3263274],[-76.6183584,39.3263424],[-76.6183752,39.3263566],[-76.6183751,39.3263832]]]}},{"type":"Feature","properties":{"layer":"Sidewalk","symbol":1,"class":"Other","_tile":"6/37/38"},"geometry":{"type":"Polygon","coordinates":[[[-76.6177711,39.3259945],[-76.6177713,39.3259968],[-76.6177714,39.3259973],[-76.6177653,39.3259977],[-76.6177659,39.3260045],[-76.6177686,39.3260164],[-76.6177689,39.3260183],[-76.617769,39.3260184],[-76.6177704,39.3260245],[-76.6177711,39.3260256],[-76.6177742,39.3260295],[-76.6177787,39.3260357],[-76.617779,39.326036],[-76.6177807,39.3260384],[-76.6177853,39.326043],[-76.6177861,39.326044],[-76.6177864,39.3260441],[-76.6177923,39.3260488],[-76.6177926,39.3260489],[-76.6177948,39.3260506],[-76.6178029,39.3260557],[-76.6178114,39.3260598],[-76.6178211,39.3260639],[-76.6178231,39.3260645],[-76.6178252,39.3260653],[-76.6178286,39.3260664],[-76.6178358,39.3260683],[-76.6178362,39.3260683],[-76.6178479,39.32607],[-76.6178574,39.3260706],[-76.6178726,39.3260693],[-76.6178778,39.3260682],[-76.6178863,39.3260667],[-76.617889,39.3260659],[-76.6178903,39.3260654],[-76.6178978,39.3260632],[-76.6179073,39.3260593],[-76.6179078,39.3260589],[-76.6179153,39.3260544],[-76.6179213,39.3260499],[-76.6179278,39.3260453],[-76.617931,39.3260428],[-76.6179341,39.3260407],[-76.6179605,39.326021],[-76.6179608,39.3260208],[-76.6179692,39.3260144],[-76.6179702,39.3260138],[-76.6179711,39.326013],[-76.6179748,39.3260104],[-76.6179834,39.326004],[-76.6179848,39.3260028],[-76.6179867,39.3260016],[-76.6179953,39.3259952],[-76.618026,39.3259953],[-76.6180121,39.3260056],[-76.617997,39.326017],[-76.6179947,39.3260186],[-76.6179844,39.3260263],[-76.6179844,39.3260264],[-76.6179556,39.3260476],[-76.6179511,39.326051],[-76.6179509,39.3260512],[-76.6179437,39.3260565],[-76.6179582,39.3260734],[-76.6179493,39.3260787],[-76.617943,39.3260823],[-76.6179373,39.3260851],[-76.6179371,39.3260854],[-76.6179293,39.3260888],[-76.6179005,39.3260967],[-76.617881,39.3260989],[-76.6178757,39.3260989],[-76.6178746,39.326099],[-76.6178505,39.326099],[-76.6178477,39.3260991],[-76.6178264,39.3260992],[-76.6178212,39.3260994],[-76.617795,39.3261],[-76.617785,39.3260984],[-76.6177793,39.3260972],[-76.61777,39.3260942],[-76.617755,39.3260883],[-76.6177424,39.3260814],[-76.6177371,39.3260767],[-76.6177357,39.3260754],[-76.6177287,39.326067],[-76.6177291,39.3259943],[-76.6177711,39.3259945]]]}},{"type":"Feature","properties":{"layer":"Sidewalk","symbol":1,"class":"Other","_tile":"6/37/38"},"geometry":{"type":"Polygon","coordinates":[[[-76.6177474,39.3264977],[-76.6177473,39.3264942],[-76.617741,39.3264041],[-76.6177387,39.3263657],[-76.6177371,39.326336],[-76.6177358,39.3263161],[-76.6177357,39.3263119],[-76.6177352,39.3263051],[-76.6177351,39.3263044],[-76.6177348,39.326298],[-76.6177366,39.3262875],[-76.6177373,39.3262847],[-76.617738,39.326283],[-76.6177406,39.3262778],[-76.6177449,39.3262711],[-76.617749,39.3262656],[-76.6177523,39.3262621],[-76.617757,39.3262583],[-76.6177628,39.3262542],[-76.6177688,39.3262506],[-76.6177748,39.3262475],[-76.6177822,39.3262445],[-76.6177904,39.3262416],[-76.6177967,39.3262397],[-76.6178045,39.3262378],[-76.6178066,39.3262375],[-76.617812,39.3262369],[-76.6178257,39.3262362],[-76.6178259,39.3262453],[-76.6178273,39.3262506],[-76.6178309,39.3262548],[-76.6178363,39.3262577],[-76.6178481,39.326258],[-76.6178524,39.326258],[-76.6178693,39.3262574],[-76.6178895,39.3262563],[-76.6178972,39.326256],[-76.6179209,39.3262544],[-76.6179244,39.3262538],[-76.6179407,39.3262517],[-76.6179615,39.3262484],[-76.617978,39.3262455],[-76.6179916,39.3262426],[-76.6179979,39.3262411],[-76.6180039,39.3262392],[-76.6180161,39.3262348],[-76.6180235,39.3262317],[-76.6180304,39.326229],[-76.6180455,39.3262221],[-76.6180582,39.3262156],[-76.6180727,39.3262075],[-76.6180776,39.3262045],[-76.6180828,39.3262015],[-76.6180972,39.326193],[-76.6181046,39.3261874],[-76.6181069,39.3261855],[-76.6181073,39.3261853],[-76.6181218,39.3261742],[-76.6181235,39.3261731],[-76.6181754,39.3261338],[-76.618177,39.3261325],[-76.6181773,39.3261324],[-76.6181868,39.3261251],[-76.6182124,39.3261055],[-76.6182321,39.3260907],[-76.6182609,39.3260688],[-76.6182879,39.3260482],[-76.6183138,39.3260283],[-76.6183555,39.3259964],[-76.6183772,39.3259965],[-76.6183771,39.3260068],[-76.6183711,39.3260113],[-76.6183452,39.3260313],[-76.6183392,39.3260358],[-76.6182546,39.3261003],[-76.6182545,39.3261003],[-76.6182198,39.3261267],[-76.618218,39.3261282],[-76.6182176,39.3261283],[-76.6181816,39.3261559],[-76.6181814,39.3261559],[-76.6181639,39.3261694],[-76.6181405,39.3261872],[-76.6181392,39.326188],[-76.6181203,39.3262025],[-76.6181113,39.3262091],[-76.6181097,39.3262106],[-76.6180898,39.3262253],[-76.6180744,39.3262339],[-76.6180604,39.326241],[-76.6180599,39.3262411],[-76.6180442,39.3262484],[-76.6180289,39.3262547],[-76.6180233,39.3262566],[-76.618015,39.3262597],[-76.6180073,39.3262619],[-76.6180024,39.3262632],[-76.6179826,39.3262675],[-76.6179676,39.3262702],[-76.6179459,39.3262735],[-76.6179379,39.3262746],[-76.6179244,39.3262763],[-76.6178962,39.3262783],[-76.6178801,39.326279],[-76.6178646,39.3262798],[-76.6178537,39.3262801],[-76.6178236,39.3262816],[-76.617819,39.3262817],[-76.6178151,39.3262834],[-76.6178094,39.3262879],[-76.6178019,39.3262957],[-76.6177994,39.3263021],[-76.6177997,39.3263043],[-76.6177998,39.3263074],[-76.6178003,39.3263112],[-76.6178013,39.3263229],[-76.6178059,39.3263997],[-76.6178083,39.3264095],[-76.6178085,39.3264098],[-76.617812,39.3264165],[-76.6178188,39.3264231],[-76.6178253,39.3264265],[-76.6178335,39.3264282],[-76.6178398,39.3264283],[-76.6178472,39.3264287],[-76.6178475,39.3264286],[-76.6178668,39.326426],[-76.6179496,39.3264148],[-76.6180302,39.3264041],[-76.6180497,39.3264014],[-76.6180783,39.3263977],[-76.6180862,39.3263965],[-76.6180995,39.3263945],[-76.6181034,39.3264101],[-76.6181004,39.3264106],[-76.6180961,39.3264111],[-76.6180869,39.3264123],[-76.6180665,39.326415],[-76.6180659,39.326415],[-76.618006,39.3264229],[-76.6180045,39.326423],[-76.6179905,39.3264249],[-76.6179583,39.3264291],[-76.617957,39.3264293],[-76.6179566,39.3264293],[-76.6179316,39.3264327],[-76.6178591,39.3264426],[-76.6178357,39.3264457],[-76.6178278,39.3264469],[-76.6178271,39.3264469],[-76.6178107,39.3264503],[-76.6177987,39.3264562],[-76.617791,39.3264618],[-76.6177861,39.3264699],[-76.6177845,39.3264773],[-76.6177858,39.3264979],[-76.6177474,39.3264977]]]}},{"type":"Feature","properties":{"layer":"Sidewalk","symbol":1,"class":"Other","_tile":"6/37/39"},"geometry":{"type":"Polygon","coordinates":[[[-76.6183789,39.3256782],[-76.6183779,39.3256788],[-76.6183721,39.3256832],[-76.6183659,39.3256879],[-76.6183645,39.3256891],[-76.6183106,39.3257305],[-76.6183082,39.3257323],[-76.6182975,39.3257405],[-76.618283,39.3257514],[-76.6182815,39.3257525],[-76.6182773,39.3257558],[-76.6182686,39.3257623],[-76.6182111,39.325806],[-76.6181989,39.3258151],[-76.6181687,39.3258381],[-76.6181686,39.3258381],[-76.6181445,39.3258564],[-76.618133,39.3258651],[-76.6181236,39.3258723],[-76.6181136,39.3258798],[-76.6181136,39.3258799],[-76.6180957,39.3258933],[-76.6180814,39.3259042],[-76.6180737,39.3259099],[-76.6180669,39.3259151],[-76.6180612,39.3259193],[-76.6180419,39.325934],[-76.6180412,39.3259345],[-76.6180268,39.3259454],[-76.6180264,39.3259456],[-76.6180119,39.3259567],[-76.617996,39.3259685],[-76.6179939,39.3259702],[-76.6179862,39.3259771],[-76.6179791,39.3259817],[-76.6179643,39.3259884],[-76.6179624,39.3259827],[-76.6179624,39.3259824],[-76.6179607,39.3259775],[-76.6179598,39.3259744],[-76.617959,39.3259723],[-76.6179698,39.3259693],[-76.6179732,39.325967],[-76.6179735,39.3259669],[-76.6179804,39.3259606],[-76.6179814,39.32596],[-76.6179864,39.3259561],[-76.6179866,39.3259561],[-76.6179921,39.3259519],[-76.6180108,39.3259378],[-76.6180225,39.325929],[-76.6180236,39.3259283],[-76.6180282,39.3259248],[-76.6180652,39.3258971],[-76.6180706,39.325893],[-76.6181001,39.3258709],[-76.6181539,39.3258301],[-76.618156,39.3258286],[-76.6181782,39.3258117],[-76.6181801,39.3258104],[-76.6181976,39.3257969],[-76.6182,39.3257953],[-76.6182063,39.3257905],[-76.6182073,39.3257895],[-76.6182086,39.3257887],[-76.6182137,39.3257848],[-76.6182229,39.3257779],[-76.6182331,39.3257701],[-76.6182428,39.3257627],[-76.6182483,39.3257587],[-76.6182496,39.3257576],[-76.6182545,39.3257539],[-76.6182553,39.3257532],[-76.6182577,39.3257514],[-76.6182579,39.3257514],[-76.6182579,39.3257513],[-76.618293,39.3257247],[-76.6183368,39.3256911],[-76.6183385,39.3256897],[-76.61835,39.3256809],[-76.6183659,39.3256672],[-76.6183693,39.3256641],[-76.618379,39.3256583],[-76.6183789,39.3256782]]]}},{"type":"Feature","properties":{"layer":"Sidewalk","symbol":1,"class":"Other","_tile":"6/37/39"},"geometry":{"type":"Polygon","coordinates":[[[-76.6178544,39.325936],[-76.6178759,39.3259351],[-76.6178762,39.3259374],[-76.6178762,39.3259382],[-76.6178764,39.3259382],[-76.6178768,39.3259437],[-76.6178774,39.3259481],[-76.6178794,39.325969],[-76.6178796,39.3259693],[-76.6178796,39.3259705],[-76.61788,39.3259743],[-76.6178815,39.325976],[-76.6178863,39.3259772],[-76.61789,39.325977],[-76.6178917,39.325977],[-76.6179013,39.3259766],[-76.6179018,39.3259764],[-76.6179085,39.3259762],[-76.6179193,39.3259757],[-76.6179208,39.3259885],[-76.6179207,39.3259893],[-76.6179209,39.3259898],[-76.6179094,39.3259903],[-76.6179019,39.3259907],[-76.6178957,39.325991],[-76.6178213,39.3259946],[-76.6178199,39.3259782],[-76.6178426,39.3259771],[-76.6178585,39.3259762],[-76.6178585,39.325975],[-76.6178584,39.3259745],[-76.6178579,39.3259699],[-76.6178575,39.3259651],[-76.6178571,39.325962],[-76.6178571,39.3259608],[-76.6178565,39.3259552],[-76.6178563,39.3259551],[-76.6178563,39.3259541],[-76.6178559,39.3259495],[-76.6178555,39.3259464],[-76.6178544,39.325936]]]}},{"type":"Feature","properties":{"layer":"Sidewalk","symbol":1,"class":"Other","_tile":"6/37/39"},"geometry":{"type":"Polygon","coordinates":[[[-76.6177302,39.3257837],[-76.6177315,39.3258038],[-76.6177316,39.3258045],[-76.6177333,39.325833],[-76.6177336,39.3258362],[-76.6177343,39.3258482],[-76.6177346,39.3258509],[-76.617735,39.3258585],[-76.6177402,39.3258655],[-76.6177449,39.3259342],[-76.6177459,39.3259508],[-76.617747,39.3259658],[-76.617747,39.3259676],[-76.6177634,39.3259769],[-76.6177637,39.3259804],[-76.6177638,39.3259812],[-76.6177683,39.3259809],[-76.61777,39.3259809],[-76.6177704,39.3259871],[-76.6177713,39.3259968],[-76.6177714,39.3259973],[-76.6177653,39.3259977],[-76.6177659,39.3260045],[-76.6177671,39.3260097],[-76.617729,39.3260096],[-76.6177302,39.3257837]],[[-76.6183787,39.3257032],[-76.6183786,39.3257269],[-76.618311,39.3257784],[-76.618297,39.3257892],[-76.6182928,39.3257923],[-76.6182919,39.3257931],[-76.6182666,39.3258122],[-76.6182583,39.3258188],[-76.6182013,39.3258622],[-76.6181763,39.3258812],[-76.6181743,39.3258828],[-76.6181588,39.3258946],[-76.6181528,39.3258993],[-76.6181323,39.3259149],[-76.6181176,39.325926],[-76.6181118,39.3259305],[-76.6181113,39.325931],[-76.6181048,39.3259358],[-76.6180993,39.3259401],[-76.6180833,39.3259522],[-76.6180663,39.3259653],[-76.6180565,39.3259728],[-76.6180424,39.3259832],[-76.6180414,39.3259839],[-76.6180121,39.3260056],[-76.6180056,39.3260105],[-76.6179748,39.3260104],[-76.6179834,39.326004],[-76.6179848,39.3260028],[-76.6179867,39.3260016],[-76.6180138,39.3259813],[-76.6180144,39.325981],[-76.618023,39.3259745],[-76.6180233,39.3259743],[-76.6180335,39.3259667],[-76.618041,39.3259612],[-76.6180589,39.3259475],[-76.6180869,39.325926],[-76.6180871,39.325926],[-76.6180886,39.3259247],[-76.6180891,39.3259245],[-76.6180919,39.3259224],[-76.6180923,39.325922],[-76.6181131,39.3259061],[-76.6181444,39.3258823],[-76.6181447,39.3258819],[-76.6181473,39.32588],[-76.6181671,39.3258649],[-76.6181677,39.3258646],[-76.6181691,39.3258634],[-76.618174,39.3258597],[-76.6181774,39.325857],[-76.6181862,39.3258505],[-76.6181957,39.325843],[-76.6181999,39.3258399],[-76.6182073,39.3258343],[-76.6182156,39.3258278],[-76.6182162,39.3258274],[-76.6182361,39.3258121],[-76.6182481,39.325803],[-76.6182499,39.3258017],[-76.6182635,39.3257912],[-76.6182655,39.3257898],[-76.6182664,39.325789],[-76.6182811,39.325778],[-76.6183014,39.3257624],[-76.6183022,39.3257617],[-76.6183079,39.3257573],[-76.6183102,39.3257556],[-76.618328,39.325742],[-76.6183294,39.3257408],[-76.6183316,39.3257393],[-76.6183476,39.3257269],[-76.6183498,39.3257254],[-76.6183502,39.3257249],[-76.6183505,39.3257248],[-76.6183787,39.3257032]]]}},{"type":"Feature","properties":{"layer":"Sidewalk","symbol":1,"class":"Other","_tile":"6/37/39"},"geometry":{"type":"Polygon","coordinates":[[[-76.6179235,39.3256448],[-76.6179241,39.3256429],[-76.6179293,39.3256295],[-76.6179307,39.3256262],[-76.6179307,39.3256258],[-76.6179308,39.3256257],[-76.6179335,39.3256211],[-76.6179339,39.32562],[-76.6179361,39.3256163],[-76.6179378,39.3256131],[-76.6179406,39.3256098],[-76.6179411,39.3256091],[-76.6179614,39.3255835],[-76.6179718,39.3255704],[-76.6179695,39.325567],[-76.6179694,39.325567],[-76.6179675,39.3255642],[-76.6179536,39.325578],[-76.6179527,39.3255793],[-76.6179415,39.3255925],[-76.6179228,39.3256159],[-76.6179155,39.3256263],[-76.6179139,39.3256292],[-76.6179082,39.3256391],[-76.6179065,39.3256428],[-76.6179039,39.3256497],[-76.6179018,39.3256591],[-76.6179004,39.3256708],[-76.6179002,39.3256764],[-76.6179002,39.3256823],[-76.6179032,39.3256857],[-76.6179052,39.3256869],[-76.617909,39.325687],[-76.6179103,39.3256856],[-76.617911,39.3256833],[-76.6179115,39.3256812],[-76.6179134,39.3256708],[-76.6179235,39.3256448]],[[-76.6180115,39.3256083],[-76.6179862,39.3256022],[-76.6179712,39.3255984],[-76.6179701,39.3256007],[-76.6179595,39.325627],[-76.6179587,39.3256287],[-76.6179531,39.3256273],[-76.6179455,39.3256472],[-76.6179384,39.3256657],[-76.617935,39.3256744],[-76.6179336,39.3256783],[-76.6179271,39.3256917],[-76.6179265,39.3256928],[-76.6179259,39.3256943],[-76.6179208,39.3257017],[-76.6178931,39.325738],[-76.6178913,39.325753],[-76.6178881,39.3257825],[-76.6178871,39.3257898],[-76.6178871,39.325791],[-76.6178863,39.3257972],[-76.617882,39.3258352],[-76.6178796,39.3258489],[-76.6178796,39.3258495],[-76.6178779,39.3258589],[-76.6178757,39.3258721],[-76.6178739,39.3258814],[-76.6178731,39.325887],[-76.6178731,39.325888],[-76.6178713,39.3259063],[-76.6178724,39.3259143],[-76.6178756,39.3259321],[-76.6178759,39.3259351],[-76.6178544,39.325936],[-76.6178534,39.3259304],[-76.617852,39.3259267],[-76.6178514,39.3259263],[-76.6178465,39.325922],[-76.6178421,39.3259199],[-76.6178395,39.3259194],[-76.6177956,39.3259188],[-76.617785,39.3259187],[-76.6177832,39.3259186],[-76.6177825,39.3259129],[-76.6177814,39.3259032],[-76.6177813,39.3259026],[-76.6178371,39.3259029],[-76.6178374,39.3259028],[-76.6178431,39.325902],[-76.6178459,39.3258996],[-76.6178575,39.3258331],[-76.6178618,39.3257948],[-76.6178642,39.3257747],[-76.6178708,39.3257156],[-76.6178713,39.3257123],[-76.6178723,39.3257029],[-76.6178734,39.3256961],[-76.6178782,39.325663],[-76.6178804,39.3256517],[-76.6178827,39.3256386],[-76.6178882,39.3256181],[-76.6178998,39.3255799],[-76.6179006,39.3255776],[-76.6179064,39.3255563],[-76.6179081,39.3255465],[-76.6179133,39.3255191],[-76.6179151,39.3255069],[-76.6179451,39.325507],[-76.6179431,39.3255221],[-76.6179404,39.3255366],[-76.6179402,39.3255404],[-76.617941,39.3255425],[-76.6179432,39.3255439],[-76.6179454,39.3255439],[-76.6179486,39.325543],[-76.6179506,39.3255418],[-76.6179548,39.3255376],[-76.6179863,39.3255071],[-76.618011,39.3255072],[-76.6180015,39.3255176],[-76.618,39.3255195],[-76.617998,39.3255216],[-76.6179904,39.325532],[-76.6179884,39.3255346],[-76.6179859,39.3255394],[-76.617985,39.3255417],[-76.6179819,39.3255471],[-76.6179813,39.32555],[-76.6179835,39.3255563],[-76.617987,39.3255644],[-76.6179902,39.3255703],[-76.6179914,39.3255722],[-76.6179987,39.3255858],[-76.6180059,39.3255986],[-76.6180115,39.3256083]]]}},{"type":"Feature","properties":{"layer":"Sidewalk","symbol":1,"class":"Other","_tile":"6/37/39"},"geometry":{"type":"Polygon","coordinates":[[[-76.6183356,39.3260116],[-76.6183594,39.3259934],[-76.6183668,39.3259876],[-76.6183678,39.3259869],[-76.6183772,39.3259797],[-76.6183771,39.3260068],[-76.6183711,39.3260113],[-76.6183706,39.3260117],[-76.6183356,39.3260116]]]}},{"type":"Feature","properties":{"layer":"Sidewalk","symbol":1,"class":"Other","_tile":"6/37/40"},"geometry":{"type":"Polygon","coordinates":[[[-76.6180174,39.3254771],[-76.6180388,39.3254565],[-76.6180467,39.3254488],[-76.6180547,39.3254412],[-76.618064,39.325433],[-76.6181101,39.3253914],[-76.6181273,39.3253773],[-76.6181611,39.3253497],[-76.6181634,39.3253479],[-76.6181639,39.3253474],[-76.6181643,39.3253472],[-76.6181646,39.3253468],[-76.6181692,39.325343],[-76.6181964,39.325322],[-76.6181991,39.3253198],[-76.6182113,39.3253105],[-76.6182125,39.3253094],[-76.6182227,39.3253016],[-76.6182227,39.3253015],[-76.6182383,39.3252894],[-76.6182478,39.325282],[-76.6182487,39.3252814],[-76.6182754,39.3252618],[-76.6182946,39.325248],[-76.6183222,39.3252288],[-76.6183385,39.3252174],[-76.6183455,39.3252129],[-76.6183689,39.325198],[-76.6183815,39.32519],[-76.6183813,39.325218],[-76.6183566,39.3252338],[-76.6183298,39.3252524],[-76.6183133,39.3252638],[-76.6183073,39.3252683],[-76.6182896,39.3252811],[-76.6182812,39.3252872],[-76.6182671,39.3252975],[-76.6182634,39.3253003],[-76.6182623,39.3253012],[-76.6182571,39.3253054],[-76.6182301,39.3253262],[-76.6182301,39.3253263],[-76.6182299,39.3253263],[-76.6182298,39.3253265],[-76.6181936,39.3253545],[-76.6181791,39.3253663],[-76.6181785,39.3253666],[-76.6181776,39.3253676],[-76.6181523,39.3253881],[-76.6181421,39.3253965],[-76.6181352,39.3254021],[-76.6181336,39.3254035],[-76.6180991,39.3254268],[-76.6180743,39.3254451],[-76.6180697,39.3254492],[-76.6180646,39.3254541],[-76.6180563,39.3254619],[-76.6180221,39.3254949],[-76.6180015,39.3255176],[-76.618,39.3255195],[-76.617998,39.3255216],[-76.6179974,39.3255224],[-76.6179705,39.3255223],[-76.6179907,39.3255027],[-76.6180174,39.3254771]],[[-76.6179059,39.3250187],[-76.6179078,39.3250284],[-76.617908,39.3250286],[-76.617912,39.3250484],[-76.6179162,39.325068],[-76.6179192,39.3250763],[-76.6179201,39.3250791],[-76.6179248,39.3250864],[-76.6179294,39.3250912],[-76.6179351,39.325094],[-76.6179385,39.3250951],[-76.6179409,39.3250957],[-76.6179483,39.3250946],[-76.6179633,39.325088],[-76.6179641,39.3250875],[-76.617984,39.3250743],[-76.6179889,39.325071],[-76.6179978,39.3250646],[-76.6180519,39.3250226],[-76.6180559,39.3250192],[-76.6180958,39.3250194],[-76.6180869,39.3250273],[-76.6180574,39.3250519],[-76.6180326,39.325071],[-76.6180108,39.3250868],[-76.617983,39.3251053],[-76.617971,39.3251139],[-76.6179601,39.3251228],[-76.6179599,39.3251231],[-76.6179505,39.3251308],[-76.6179431,39.3251379],[-76.617938,39.3251436],[-76.6179286,39.3251571],[-76.6179258,39.3251624],[-76.6179244,39.3251663],[-76.6179234,39.3251766],[-76.6179264,39.3251966],[-76.6179346,39.3252663],[-76.6179419,39.3253391],[-76.6179441,39.3253654],[-76.6179463,39.3253959],[-76.6179481,39.3254343],[-76.6179482,39.3254508],[-76.6179481,39.3254644],[-76.6179472,39.3254874],[-76.6179466,39.325494],[-76.6179458,39.3255028],[-76.6179431,39.3255221],[-76.6179431,39.3255222],[-76.6179127,39.3255221],[-76.6179133,39.3255191],[-76.6179159,39.3255007],[-76.6179173,39.3254861],[-76.6179182,39.3254612],[-76.6179182,39.3254347],[-76.6179177,39.3254229],[-76.6179163,39.325397],[-76.6179136,39.3253603],[-76.6179128,39.3253503],[-76.6179128,39.3253491],[-76.6179125,39.3253473],[-76.6179102,39.3253229],[-76.6179047,39.3252683],[-76.6179012,39.3252378],[-76.6179,39.3252286],[-76.6178966,39.3251989],[-76.6178901,39.3251551],[-76.6178885,39.3251433],[-76.6178793,39.3250846],[-76.6178741,39.3250521],[-76.6178686,39.3250201],[-76.6178683,39.3250186],[-76.6179059,39.3250187]]]}},{"type":"Feature","properties":{"layer":"Sidewalk","symbol":1,"class":"Other","_tile":"6/37/41"},"geometry":{"type":"Polygon","coordinates":[[[-76.6178039,39.3245303],[-76.6178046,39.3245356],[-76.6178083,39.3245592],[-76.6178092,39.324564],[-76.6178107,39.3245735],[-76.6178191,39.3246184],[-76.617824,39.3246406],[-76.6178249,39.3246442],[-76.6178289,39.3246629],[-76.6178494,39.3247468],[-76.6178522,39.3247592],[-76.6178522,39.3247596],[-76.6178586,39.3247869],[-76.6178652,39.3248159],[-76.6178715,39.3248426],[-76.6178718,39.3248444],[-76.6178733,39.3248507],[-76.6178739,39.3248534],[-76.6178769,39.3248695],[-76.6178772,39.3248704],[-76.6178795,39.3248831],[-76.6178826,39.3248997],[-76.617883,39.3249015],[-76.617886,39.3249181],[-76.6178865,39.32492],[-76.6178956,39.3249689],[-76.6178975,39.3249784],[-76.6179078,39.3250284],[-76.617908,39.3250286],[-76.617909,39.325034],[-76.617871,39.3250339],[-76.6178686,39.3250201],[-76.6178652,39.325001],[-76.6178598,39.32497],[-76.6178597,39.3249696],[-76.6178556,39.3249469],[-76.6178549,39.3249435],[-76.6178537,39.324937],[-76.6178422,39.324873],[-76.6178421,39.324873],[-76.6178394,39.3248577],[-76.6178156,39.3247551],[-76.617815,39.3247519],[-76.6178148,39.3247516],[-76.6178136,39.3247469],[-76.6178046,39.3247092],[-76.6178025,39.3247011],[-76.6177941,39.3246661],[-76.6177842,39.3246212],[-76.617782,39.3246091],[-76.6177815,39.3246074],[-76.6177799,39.3245979],[-76.6177791,39.3245945],[-76.6177763,39.3245789],[-76.6177739,39.3245648],[-76.6177716,39.3245493],[-76.617771,39.3245462],[-76.6177687,39.3245302],[-76.6178039,39.3245303]],[[-76.6183842,39.3246825],[-76.618384,39.3247298],[-76.6183761,39.32474],[-76.618364,39.3247562],[-76.6183466,39.3247778],[-76.6183231,39.3248043],[-76.6182966,39.3248329],[-76.6182799,39.3248498],[-76.6182788,39.3248508],[-76.6182725,39.3248573],[-76.6182518,39.324878],[-76.618213,39.3249154],[-76.6181438,39.3249771],[-76.6181075,39.3250092],[-76.6181041,39.325012],[-76.6180869,39.3250273],[-76.6180782,39.3250346],[-76.6180367,39.3250344],[-76.6180519,39.3250226],[-76.6180649,39.3250119],[-76.6180735,39.3250042],[-76.6180971,39.3249833],[-76.6180997,39.3249811],[-76.6181325,39.3249519],[-76.6181512,39.3249352],[-76.6181547,39.3249322],[-76.6181595,39.3249278],[-76.6181902,39.3249005],[-76.6182286,39.3248636],[-76.6182517,39.3248402],[-76.6182584,39.3248336],[-76.6182669,39.324825],[-76.6182727,39.3248192],[-76.6182988,39.324791],[-76.6183216,39.3247652],[-76.6183385,39.3247442],[-76.618366,39.3247078],[-76.6183842,39.3246825]]]}},{"type":"Feature","properties":{"layer":"Sidewalk","symbol":1,"class":"Other","_tile":"6/37/42"},"geometry":{"type":"Polygon","coordinates":[[[-76.6182008,39.3243306],[-76.6182072,39.3243356],[-76.618213,39.3243404],[-76.6182153,39.3243424],[-76.6182303,39.3243548],[-76.6182439,39.3243661],[-76.618246,39.324368],[-76.6182468,39.3243685],[-76.6182468,39.3243686],[-76.6182501,39.3243707],[-76.618253,39.3243726],[-76.6182398,39.3243854],[-76.6182385,39.3243865],[-76.6182301,39.3243812],[-76.6182156,39.3243712],[-76.6182096,39.3243672],[-76.6181797,39.3243467],[-76.6181806,39.3243461],[-76.6181957,39.3243345],[-76.6181965,39.3243338],[-76.6182008,39.3243306]]]}},{"type":"Feature","properties":{"layer":"Sidewalk","symbol":1,"class":"Other","_tile":"6/37/42"},"geometry":{"type":"Polygon","coordinates":[[[-76.6180966,39.3242204],[-76.6180937,39.3242099],[-76.6180904,39.3241955],[-76.6180897,39.3241959],[-76.6180736,39.3242084],[-76.6180458,39.3242277],[-76.6179928,39.3242621],[-76.6179885,39.3242651],[-76.6180008,39.3242661],[-76.6180245,39.3242689],[-76.6180337,39.3242702],[-76.6180357,39.3242706],[-76.6180556,39.3242734],[-76.6180766,39.324277],[-76.6180768,39.3242772],[-76.6180835,39.3242783],[-76.6181062,39.3242829],[-76.6181209,39.3242872],[-76.618128,39.3242819],[-76.6181175,39.324268],[-76.6181152,39.3242639],[-76.6181098,39.3242549],[-76.6181025,39.3242397],[-76.6180996,39.3242316],[-76.6180985,39.3242279],[-76.6180984,39.3242278],[-76.6180966,39.3242204]],[[-76.6177378,39.3243719],[-76.617744,39.3243703],[-76.617756,39.3243673],[-76.6177606,39.3243662],[-76.6177693,39.3243634],[-76.6177881,39.3243577],[-76.6177912,39.3243567],[-76.6177987,39.3243544],[-76.6178122,39.3243495],[-76.6178219,39.3243452],[-76.617835,39.3243379],[-76.6178421,39.324333],[-76.6178498,39.3243279],[-76.6178718,39.3243111],[-76.617873,39.3243102],[-76.6178835,39.3243022],[-76.6179012,39.3242887],[-76.617916,39.3242782],[-76.617932,39.3242666],[-76.6179694,39.3242409],[-76.6180224,39.3242066],[-76.618049,39.3241881],[-76.6180766,39.3241667],[-76.6180939,39.3241515],[-76.6180994,39.3241458],[-76.6181032,39.3241418],[-76.6181072,39.3241376],[-76.6181209,39.3241219],[-76.6181252,39.3241159],[-76.6181404,39.3240953],[-76.6181622,39.3240629],[-76.618163,39.3240616],[-76.618164,39.3240602],[-76.6181738,39.3240457],[-76.6181753,39.3240434],[-76.618216,39.3240436],[-76.6182127,39.3240481],[-76.6181719,39.3241086],[-76.6181514,39.3241367],[-76.6181365,39.3241538],[-76.6181219,39.3241691],[-76.6181028,39.3241859],[-76.6181001,39.3241879],[-76.6181048,39.3242083],[-76.6181093,39.3242256],[-76.6181132,39.3242371],[-76.6181197,39.3242508],[-76.6181243,39.3242586],[-76.6181277,39.324264],[-76.6181309,39.3242683],[-76.618133,39.3242713],[-76.6181377,39.3242775],[-76.6181661,39.3243031],[-76.6181708,39.3243068],[-76.618174,39.3243094],[-76.6181742,39.3243097],[-76.6181519,39.3243267],[-76.618143,39.3243196],[-76.6181314,39.3243093],[-76.6181297,39.324308],[-76.6181253,39.3243041],[-76.6181242,39.3243031],[-76.6181146,39.3242946],[-76.6181028,39.3242917],[-76.6180807,39.3242872],[-76.6180531,39.3242824],[-76.6180286,39.3242789],[-76.6180225,39.3242781],[-76.6179992,39.3242752],[-76.6179765,39.3242733],[-76.6179568,39.3242868],[-76.617926,39.324309],[-76.6179197,39.3243138],[-76.6179032,39.3243262],[-76.6178881,39.3243378],[-76.6178741,39.3243485],[-76.6178645,39.3243549],[-76.6178599,39.3243578],[-76.617859,39.3243586],[-76.6178477,39.3243688],[-76.6178392,39.3243792],[-76.6178381,39.3243811],[-76.6178347,39.3243864],[-76.6178287,39.3243959],[-76.6178223,39.3244086],[-76.617816,39.3244244],[-76.6178089,39.3244454],[-76.6178038,39.3244648],[-76.6178009,39.3244804],[-76.6178008,39.3244819],[-76.6178,39.3244865],[-76.6177998,39.3244954],[-76.6178003,39.3245052],[-76.6178046,39.3245356],[-76.6178062,39.3245456],[-76.6177708,39.3245455],[-76.6177656,39.324509],[-76.6177651,39.3245008],[-76.6177646,39.3244952],[-76.6177646,39.3244704],[-76.617767,39.324457],[-76.6177673,39.3244562],[-76.6177725,39.3244367],[-76.6177859,39.3243981],[-76.6177864,39.3243942],[-76.6177861,39.3243918],[-76.6177848,39.3243899],[-76.6177816,39.3243873],[-76.6177784,39.3243858],[-76.6177735,39.3243846],[-76.6177709,39.3243847],[-76.6177637,39.324386],[-76.6177416,39.3243917],[-76.6177377,39.3243924],[-76.6177378,39.3243719]]]}},{"type":"Feature","properties":{"layer":"Sidewalk","symbol":1,"class":"Other","_tile":"6/37/43"},"geometry":{"type":"Polygon","coordinates":[[[-76.6177422,39.323554],[-76.6178234,39.3235542],[-76.6177912,39.323576],[-76.6177723,39.3235903],[-76.617755,39.3236052],[-76.6177419,39.3236172],[-76.6177422,39.323554]]]}},{"type":"Feature","properties":{"layer":"Sidewalk","symbol":1,"class":"Other","_tile":"6/37/43"},"geometry":{"type":"Polygon","coordinates":[[[-76.6181651,39.3240587],[-76.6181738,39.3240457],[-76.6181794,39.3240373],[-76.6181811,39.3240348],[-76.6181857,39.3240286],[-76.6182311,39.3239658],[-76.6182348,39.3239603],[-76.6182469,39.3239432],[-76.6182517,39.323936],[-76.6182713,39.3239057],[-76.6182765,39.323897],[-76.6182777,39.3238951],[-76.6182792,39.3238923],[-76.6182858,39.3238802],[-76.6182952,39.3238577],[-76.6182934,39.3238503],[-76.6182933,39.3238503],[-76.6182904,39.3238489],[-76.6182898,39.3238489],[-76.6182706,39.3238463],[-76.6182687,39.3238464],[-76.6182672,39.3238467],[-76.6182632,39.323848],[-76.618258,39.3238498],[-76.6182616,39.3238309],[-76.6182621,39.3238242],[-76.6182664,39.3238285],[-76.6182727,39.3238313],[-76.6182803,39.3238323],[-76.6182897,39.3238321],[-76.6182946,39.3238313],[-76.6182997,39.3238291],[-76.6183075,39.323824],[-76.6183114,39.3238107],[-76.6183117,39.32381],[-76.6183121,39.3238085],[-76.6183122,39.3238083],[-76.6183158,39.3237957],[-76.6183202,39.3237782],[-76.6183254,39.3237492],[-76.6183259,39.3237464],[-76.6183278,39.3237277],[-76.6183282,39.3237241],[-76.618328,39.3237234],[-76.6183272,39.3236999],[-76.6183243,39.3236788],[-76.6183205,39.3236647],[-76.6183151,39.3236485],[-76.6183087,39.3236324],[-76.6183028,39.3236196],[-76.6182949,39.3236054],[-76.6182843,39.3235882],[-76.6182792,39.323581],[-76.6182724,39.3235706],[-76.6182625,39.3235571],[-76.6182613,39.3235556],[-76.6183028,39.3235558],[-76.6183045,39.323558],[-76.618305,39.3235589],[-76.6183164,39.3235758],[-76.6183275,39.3235939],[-76.6183362,39.3236093],[-76.6183428,39.3236236],[-76.6183487,39.3236387],[-76.6183495,39.3236404],[-76.6183605,39.3236741],[-76.6183658,39.3236894],[-76.6183658,39.3236899],[-76.6183695,39.3237047],[-76.6183697,39.3237057],[-76.618371,39.3237207],[-76.6183706,39.32374],[-76.6183685,39.3237624],[-76.618365,39.3237814],[-76.6183595,39.3238025],[-76.6183589,39.3238043],[-76.6183547,39.3238186],[-76.6183531,39.3238233],[-76.6183489,39.3238351],[-76.6183439,39.3238474],[-76.6183332,39.3238675],[-76.6183185,39.3238921],[-76.618316,39.3238964],[-76.6183126,39.3239028],[-76.6183075,39.3239115],[-76.6183064,39.323913],[-76.6183037,39.3239178],[-76.6182832,39.3239493],[-76.6182787,39.3239562],[-76.6182675,39.3239724],[-76.6182475,39.324],[-76.6182466,39.3240015],[-76.6182444,39.3240042],[-76.6182393,39.3240114],[-76.6182127,39.3240481],[-76.6182055,39.3240588],[-76.6181651,39.3240587]]]}}]}