{"type":"FeatureCollection","features":[{"type":"Feature","properties":{"layer":"Vegetation","symbol":3,"class":"Woodland","_tile":"6/26/32"},"geometry":{"type":"Polygon","coordinates":[[[-76.6252743,39.3289472],[-76.6252717,39.3294505],[-76.6251979,39.3294503],[-76.6252013,39.3294432],[-76.6252042,39.329438],[-76.6252093,39.3294297],[-76.6252182,39.3294159],[-76.6252219,39.3294095],[-76.6252223,39.3294089],[-76.6252265,39.3294008],[-76.6252284,39.329396],[-76.6252293,39.3293927],[-76.6252296,39.3293907],[-76.6252298,39.3293889],[-76.6252297,39.3293869],[-76.6252289,39.3293843],[-76.6252269,39.3293816],[-76.6252266,39.3293815],[-76.6252257,39.3293805],[-76.6252225,39.3293783],[-76.6252207,39.3293772],[-76.6252207,39.3293771],[-76.6252162,39.3293747],[-76.6252122,39.3293727],[-76.6252012,39.3293679],[-76.6251949,39.3293654],[-76.6251868,39.3293619],[-76.6251851,39.3293613],[-76.6251786,39.3293583],[-76.6251737,39.3293558],[-76.6251659,39.3293514],[-76.6251575,39.3293462],[-76.6251486,39.3293405],[-76.6251438,39.3293372],[-76.6251344,39.3293305],[-76.6251253,39.329324],[-76.6251173,39.3293176],[-76.6251107,39.3293121],[-76.6251059,39.3293079],[-76.6251008,39.3293029],[-76.6250951,39.3292969],[-76.6250846,39.3292853],[-76.6250736,39.3292718],[-76.6250716,39.3292692],[-76.6250663,39.3292613],[-76.6250617,39.329253],[-76.625061,39.3292476],[-76.6250603,39.3292407],[-76.6250603,39.3292352],[-76.6250605,39.329233],[-76.6250609,39.3292309],[-76.6250616,39.3292293],[-76.6250626,39.3292274],[-76.6250645,39.3292249],[-76.6250733,39.329215],[-76.6250756,39.3292118],[-76.6250767,39.3292092],[-76.625077,39.3292079],[-76.6250769,39.3292064],[-76.6250763,39.3292044],[-76.6250752,39.3292021],[-76.6250738,39.3291999],[-76.6250714,39.3291965],[-76.6250703,39.3291953],[-76.6250694,39.3291944],[-76.6250668,39.3291921],[-76.6250659,39.3291916],[-76.6250641,39.329191],[-76.6250627,39.3291908],[-76.6250598,39.3291905],[-76.6250592,39.3291906],[-76.6250567,39.3291908],[-76.6250533,39.3291911],[-76.6250493,39.3291918],[-76.6250447,39.3291927],[-76.6250338,39.3291952],[-76.6250275,39.3291964],[-76.6250229,39.3291968],[-76.6250205,39.3291968],[-76.6250185,39.3291966],[-76.6250183,39.3291965],[-76.6250175,39.3291964],[-76.6250169,39.3291961],[-76.6250139,39.3291946],[-76.6250096,39.3291913],[-76.6250047,39.3291868],[-76.6249983,39.32918],[-76.6249948,39.3291757],[-76.6249931,39.3291734],[-76.6249902,39.3291684],[-76.6249889,39.3291656],[-76.6249863,39.3291595],[-76.6249825,39.3291476],[-76.6249809,39.3291415],[-76.6249762,39.3291232],[-76.6249747,39.3291145],[-76.6249651,39.3290995],[-76.6249589,39.3290889],[-76.6249565,39.3290843],[-76.6249545,39.3290801],[-76.6249524,39.3290744],[-76.6249513,39.3290702],[-76.6249504,39.3290639],[-76.6249503,39.3290605],[-76.6249503,39.3290546],[-76.624951,39.32905],[-76.6249513,39.329049],[-76.6249524,39.3290465],[-76.6249551,39.329042],[-76.6249575,39.329039],[-76.6249604,39.3290355],[-76.6249635,39.3290325],[-76.6249667,39.3290295],[-76.6249697,39.3290271],[-76.6249721,39.3290256],[-76.6249767,39.3290233],[-76.6249807,39.3290219],[-76.6249849,39.3290207],[-76.624987,39.3290203],[-76.6249949,39.3290187],[-76.6250021,39.3290178],[-76.6250074,39.3290173],[-76.6250133,39.3290171],[-76.625019,39.329017],[-76.6250272,39.3290173],[-76.6250323,39.3290177],[-76.625039,39.3290187],[-76.6250426,39.3290196],[-76.6250461,39.3290209],[-76.6250496,39.3290226],[-76.6250527,39.3290243],[-76.6250574,39.3290274],[-76.6250622,39.3290309],[-76.6250675,39.3290352],[-76.6250762,39.3290428],[-76.6250837,39.32905],[-76.6250878,39.3290549],[-76.6250907,39.3290587],[-76.6250962,39.329067],[-76.6250988,39.3290714],[-76.6251,39.3290739],[-76.625111,39.3290987],[-76.6251225,39.3291142],[-76.6251304,39.3291256],[-76.6251337,39.3291308],[-76.6251363,39.3291352],[-76.6251394,39.329141],[-76.6251432,39.3291478],[-76.6251474,39.3291564],[-76.6251484,39.3291691],[-76.6251492,39.3291733],[-76.6251496,39.3291793],[-76.6251494,39.3291843],[-76.6251488,39.3291914],[-76.6251483,39.3291943],[-76.625147,39.3291989],[-76.6251463,39.3292006],[-76.6251453,39.3292021],[-76.6251422,39.329205],[-76.6251336,39.329211],[-76.6251333,39.3292114],[-76.625131,39.3292133],[-76.6251301,39.3292145],[-76.6251295,39.3292155],[-76.6251291,39.3292176],[-76.6251291,39.329219],[-76.6251294,39.3292209],[-76.6251303,39.3292241],[-76.6251318,39.3292267],[-76.6251326,39.3292277],[-76.6251335,39.3292285],[-76.6251346,39.329229],[-76.6251351,39.3292294],[-76.6251366,39.32923],[-76.6251386,39.3292306],[-76.6251407,39.3292311],[-76.6251409,39.3292312],[-76.6251438,39.3292318],[-76.6251516,39.3292331],[-76.6251573,39.3292352],[-76.6251694,39.329239],[-76.6251772,39.329241],[-76.6251815,39.3292417],[-76.6251841,39.3292419],[-76.6251864,39.3292419],[-76.6251875,39.3292418],[-76.6251904,39.3292411],[-76.6251915,39.3292408],[-76.6251941,39.3292395],[-76.6251967,39.3292376],[-76.6251982,39.329236],[-76.6251998,39.3292342],[-76.6252013,39.3292321],[-76.625204,39.3292273],[-76.6252074,39.3292182],[-76.62521,39.3292072],[-76.6252115,39.3291986],[-76.6252129,39.3291841],[-76.6252138,39.3291725],[-76.6252141,39.3291617],[-76.6252145,39.3291409],[-76.6252146,39.3291254],[-76.6252148,39.3291227],[-76.6252152,39.3291089],[-76.6252148,39.3290947],[-76.6252136,39.3290803],[-76.6252122,39.3290704],[-76.6252104,39.3290618],[-76.6252081,39.3290543],[-76.6252054,39.3290478],[-76.6252026,39.3290432],[-76.6251991,39.3290387],[-76.6251945,39.329034],[-76.6251889,39.3290289],[-76.6251857,39.3290261],[-76.6251791,39.329021],[-76.6251713,39.3290152],[-76.625143,39.3289952],[-76.6251348,39.3289889],[-76.6251328,39.3289871],[-76.6251307,39.3289851],[-76.6251256,39.3289798],[-76.6251227,39.3289766],[-76.6251172,39.3289704],[-76.6251011,39.3289515],[-76.6250902,39.3289466],[-76.6252743,39.3289472]]]}},{"type":"Feature","properties":{"layer":"Vegetation","symbol":3,"class":"Woodland","_tile":"6/26/32"},"geometry":{"type":"Polygon","coordinates":[[[-76.6246988,39.3289453],[-76.6247025,39.3289499],[-76.6247141,39.3289643],[-76.6247218,39.3289738],[-76.6247228,39.328974],[-76.6247585,39.3289797],[-76.6248284,39.3289911],[-76.6248325,39.3289918],[-76.6248418,39.3290014],[-76.6248563,39.3290169],[-76.6248642,39.3290257],[-76.6248675,39.3290294],[-76.6248703,39.329033],[-76.6248754,39.3290396],[-76.6248774,39.3290424],[-76.6248827,39.3290508],[-76.6248875,39.3290594],[-76.6248927,39.329069],[-76.6248977,39.3290794],[-76.624898,39.3290804],[-76.6249001,39.3290849],[-76.624905,39.3290963],[-76.6249098,39.3291084],[-76.6249197,39.3291362],[-76.6249262,39.3291566],[-76.6249277,39.3291617],[-76.6249331,39.3291811],[-76.6249358,39.3291916],[-76.6249403,39.3292103],[-76.6249434,39.329229],[-76.6249442,39.3292356],[-76.6249447,39.3292419],[-76.6249452,39.3292483],[-76.6249454,39.3292545],[-76.6249454,39.3292599],[-76.6249447,39.3292701],[-76.6249441,39.3292745],[-76.6249425,39.3292824],[-76.6249407,39.3292876],[-76.62494,39.3292892],[-76.6249386,39.3292919],[-76.6249328,39.3293009],[-76.6249261,39.3293116],[-76.6249232,39.3293176],[-76.6249224,39.3293194],[-76.6249218,39.3293213],[-76.6249211,39.3293245],[-76.624921,39.329326],[-76.6249214,39.3293294],[-76.6249219,39.3293306],[-76.6249231,39.329333],[-76.6249257,39.329337],[-76.6249308,39.3293431],[-76.6249339,39.329346],[-76.6249362,39.3293475],[-76.6249376,39.329348],[-76.6249388,39.329348],[-76.6249394,39.3293479],[-76.6249406,39.3293476],[-76.6249411,39.3293473],[-76.624942,39.329347],[-76.6249446,39.3293451],[-76.624949,39.3293409],[-76.6249522,39.3293371],[-76.624966,39.3293196],[-76.6249707,39.3293144],[-76.6249729,39.3293123],[-76.6249751,39.3293105],[-76.6249768,39.3293093],[-76.6249791,39.329308],[-76.6249818,39.3293067],[-76.6249849,39.3293054],[-76.6249914,39.3293032],[-76.624994,39.3293024],[-76.6249967,39.3293019],[-76.6249992,39.3293016],[-76.6250015,39.329302],[-76.625003,39.3293025],[-76.6250049,39.3293033],[-76.6250081,39.3293056],[-76.6250114,39.3293088],[-76.6250131,39.3293107],[-76.6250148,39.3293128],[-76.6250184,39.3293178],[-76.6250218,39.329323],[-76.6250302,39.3293368],[-76.625035,39.3293458],[-76.6250379,39.3293524],[-76.6250405,39.3293596],[-76.6250429,39.3293672],[-76.625045,39.3293751],[-76.6250459,39.3293791],[-76.6250468,39.3293835],[-76.625049,39.3293974],[-76.6250502,39.329407],[-76.6250515,39.3294226],[-76.6250522,39.3294394],[-76.6250521,39.3294446],[-76.6250523,39.3294455],[-76.6250523,39.3294498],[-76.6246236,39.3294484],[-76.6246262,39.3289451],[-76.6246988,39.3289453]]]}},{"type":"Feature","properties":{"layer":"Vegetation","symbol":3,"class":"Woodland","_tile":"6/26/33"},"geometry":{"type":"Polygon","coordinates":[[[-76.6249269,39.328458],[-76.6249254,39.3284882],[-76.6249246,39.3284987],[-76.6249236,39.3285068],[-76.6249216,39.3285175],[-76.624918,39.3285311],[-76.6249011,39.3285886],[-76.6248875,39.3286417],[-76.6248846,39.328652],[-76.6248817,39.3286611],[-76.6248775,39.3286719],[-76.6248769,39.3286739],[-76.624864,39.3287037],[-76.6248324,39.3287147],[-76.6248245,39.3287115],[-76.6248125,39.3287068],[-76.6247972,39.3287001],[-76.6247969,39.3286998],[-76.6247916,39.3286971],[-76.6247868,39.3286943],[-76.6247829,39.3286917],[-76.6247796,39.328689],[-76.6247778,39.3286871],[-76.6247761,39.3286849],[-76.6247734,39.3286795],[-76.6247711,39.3286727],[-76.6247695,39.3286645],[-76.6247686,39.3286566],[-76.6247682,39.3286474],[-76.6247681,39.3286167],[-76.6247677,39.3286074],[-76.6247669,39.3285988],[-76.6247662,39.3285919],[-76.6247638,39.3285763],[-76.6247619,39.328568],[-76.6247599,39.3285606],[-76.6247575,39.3285542],[-76.6247548,39.3285487],[-76.624752,39.3285446],[-76.6247491,39.3285415],[-76.6247453,39.3285387],[-76.6247404,39.3285354],[-76.624732,39.3285311],[-76.6247279,39.3285292],[-76.6247201,39.3285261],[-76.6246969,39.3285173],[-76.624691,39.3285151],[-76.6246836,39.3285122],[-76.6246738,39.3285082],[-76.6246674,39.3285052],[-76.624662,39.3285022],[-76.6246579,39.3284993],[-76.6246547,39.3284964],[-76.6246545,39.3284964],[-76.6246517,39.328493],[-76.6246488,39.3284885],[-76.6246486,39.3284881],[-76.6246457,39.3284825],[-76.6246431,39.3284766],[-76.6246409,39.3284703],[-76.6246383,39.3284623],[-76.6246371,39.328457],[-76.6249269,39.328458]]]}},{"type":"Feature","properties":{"layer":"Vegetation","symbol":3,"class":"Woodland","_tile":"6/26/33"},"geometry":{"type":"Polygon","coordinates":[[[-76.6252514,39.3288824],[-76.6252745,39.3289071],[-76.6252742,39.3289624],[-76.6251099,39.3289619],[-76.6251011,39.3289515],[-76.6250766,39.3289405],[-76.6250703,39.3289371],[-76.625065,39.3289335],[-76.6250498,39.3289219],[-76.6250437,39.3289166],[-76.6250385,39.3289119],[-76.6250343,39.3289074],[-76.6250311,39.3289035],[-76.6250288,39.3289002],[-76.6250277,39.3288972],[-76.6250273,39.3288942],[-76.6250274,39.3288909],[-76.6250282,39.3288872],[-76.6250296,39.328883],[-76.6250315,39.3288786],[-76.6250368,39.3288693],[-76.6250406,39.328864],[-76.6250443,39.3288591],[-76.6250476,39.3288554],[-76.6250534,39.3288493],[-76.6250579,39.3288451],[-76.6250627,39.3288412],[-76.6250672,39.3288378],[-76.6250716,39.328835],[-76.6250756,39.328833],[-76.6250798,39.3288313],[-76.6250855,39.3288294],[-76.6250985,39.3288261],[-76.625113,39.3288233],[-76.6251375,39.3288196],[-76.6251705,39.3288231],[-76.6251785,39.3288239],[-76.6251972,39.328826],[-76.6252203,39.3288283],[-76.6252332,39.3288298],[-76.6252501,39.3288812],[-76.6252514,39.3288824]]]}},{"type":"Feature","properties":{"layer":"Vegetation","symbol":3,"class":"Woodland","_tile":"6/26/33"},"geometry":{"type":"Polygon","coordinates":[[[-76.6246278,39.3286464],[-76.624635,39.3286568],[-76.6246421,39.3286681],[-76.6246491,39.3286796],[-76.6246558,39.3286915],[-76.6246622,39.3287038],[-76.624668,39.328716],[-76.6246734,39.3287281],[-76.6246781,39.3287398],[-76.624682,39.3287508],[-76.6246852,39.3287611],[-76.6246875,39.3287704],[-76.6246888,39.328778],[-76.6246898,39.3287872],[-76.6246905,39.3287977],[-76.6246908,39.3288086],[-76.6246907,39.3288199],[-76.6246901,39.3288326],[-76.6246894,39.32884],[-76.6246886,39.328845],[-76.624688,39.3288493],[-76.6246861,39.3288569],[-76.6246858,39.3288585],[-76.624682,39.3288716],[-76.6246783,39.3288853],[-76.6246765,39.3288926],[-76.6246759,39.3288983],[-76.6246757,39.3289015],[-76.6246762,39.328905],[-76.6246778,39.3289119],[-76.624681,39.3289193],[-76.6246857,39.3289275],[-76.6246906,39.3289347],[-76.6246967,39.3289428],[-76.6247025,39.3289499],[-76.6247112,39.3289606],[-76.6246262,39.3289604],[-76.6246278,39.3286464]]]}},{"type":"Feature","properties":{"layer":"Vegetation","symbol":3,"class":"Woodland","_tile":"6/26/33"},"geometry":{"type":"Polygon","coordinates":[[[-76.6252751,39.328797],[-76.6252713,39.3287912],[-76.6252651,39.3287807],[-76.6252598,39.3287711],[-76.6252496,39.3287508],[-76.6252375,39.3287243],[-76.6252231,39.3286915],[-76.6252028,39.3286431],[-76.6252062,39.3286225],[-76.6252154,39.3285803],[-76.6252179,39.3285673],[-76.6252203,39.3285538],[-76.6252219,39.3285402],[-76.6252222,39.3285323],[-76.6252221,39.3285255],[-76.6252211,39.3285154],[-76.6252187,39.3285041],[-76.6252151,39.3284917],[-76.6252122,39.3284833],[-76.6252102,39.3284779],[-76.6252043,39.3284634],[-76.6252023,39.3284589],[-76.6252769,39.3284591],[-76.6252751,39.328797]]]}},{"type":"Feature","properties":{"layer":"Vegetation","symbol":3,"class":"Woodland","_tile":"6/26/34"},"geometry":{"type":"Polygon","coordinates":[[[-76.6249326,39.3284044],[-76.6249316,39.328414],[-76.624928,39.32844],[-76.6249262,39.3284732],[-76.6246416,39.3284723],[-76.6246409,39.3284703],[-76.6246383,39.3284623],[-76.6246368,39.328456],[-76.6246364,39.3284545],[-76.624635,39.3284472],[-76.6246343,39.3284392],[-76.6246343,39.3284343],[-76.6246345,39.3284298],[-76.6246358,39.3284196],[-76.6246381,39.3284093],[-76.6246408,39.3284011],[-76.6246442,39.3283934],[-76.6246482,39.3283871],[-76.6246504,39.3283846],[-76.6246525,39.3283826],[-76.6246544,39.3283812],[-76.6246587,39.3283786],[-76.6246681,39.3283744],[-76.624679,39.3283706],[-76.6246844,39.3283691],[-76.6246887,39.3283683],[-76.6246947,39.3283679],[-76.6247016,39.3283681],[-76.6247109,39.3283693],[-76.6247331,39.3283729],[-76.6247391,39.3283735],[-76.6247443,39.3283735],[-76.6247489,39.3283728],[-76.6247539,39.3283717],[-76.6247594,39.32837],[-76.624766,39.3283675],[-76.6247771,39.3283628],[-76.6248034,39.3283501],[-76.6248134,39.3283457],[-76.6248137,39.3283455],[-76.6248251,39.3283415],[-76.6248337,39.3283386],[-76.624844,39.3283358],[-76.6248546,39.3283332],[-76.6248619,39.3283318],[-76.6248692,39.3283309],[-76.6248753,39.3283307],[-76.6248804,39.328331],[-76.6248834,39.3283316],[-76.6248865,39.3283327],[-76.62489,39.3283344],[-76.6248935,39.3283366],[-76.6248969,39.3283391],[-76.6249007,39.3283422],[-76.6249079,39.3283495],[-76.6249128,39.3283554],[-76.6249155,39.3283586],[-76.6249222,39.3283685],[-76.6249278,39.3283786],[-76.6249299,39.3283833],[-76.6249315,39.3283873],[-76.6249322,39.3283907],[-76.6249326,39.3283946],[-76.6249326,39.3284044]]]}},{"type":"Feature","properties":{"layer":"Vegetation","symbol":3,"class":"Woodland","_tile":"6/26/34"},"geometry":{"type":"Polygon","coordinates":[[[-76.6252087,39.3284741],[-76.6252043,39.3284634],[-76.6251981,39.3284492],[-76.6251905,39.3284331],[-76.6251665,39.3283834],[-76.6251552,39.3283579],[-76.62515,39.3283446],[-76.6251459,39.3283327],[-76.6251429,39.3283221],[-76.625141,39.3283124],[-76.6251401,39.3283021],[-76.6251397,39.3282902],[-76.6251399,39.3282891],[-76.6251402,39.3282765],[-76.6251414,39.3282611],[-76.6251452,39.32823],[-76.625155,39.3281643],[-76.6251574,39.3281414],[-76.6251586,39.3281181],[-76.625159,39.3280888],[-76.6251589,39.3280538],[-76.6251582,39.3279808],[-76.6251583,39.3279706],[-76.6252795,39.327971],[-76.6252768,39.3284743],[-76.6252087,39.3284741]],[[-76.6248689,39.3279697],[-76.6248675,39.3279715],[-76.6248597,39.3279804],[-76.6248509,39.3279892],[-76.6248408,39.3279983],[-76.6248308,39.3280068],[-76.6248236,39.3280123],[-76.624839,39.3280355],[-76.6248444,39.3280428],[-76.6248469,39.3280459],[-76.6248646,39.328065],[-76.6248688,39.3280704],[-76.6248714,39.3280745],[-76.6248726,39.3280773],[-76.6248738,39.3280813],[-76.6248752,39.3280904],[-76.6248757,39.3281008],[-76.6248762,39.3281273],[-76.6248766,39.3281346],[-76.6248774,39.3281408],[-76.6248786,39.3281467],[-76.6248798,39.3281513],[-76.6248816,39.3281556],[-76.6248839,39.3281593],[-76.6248866,39.3281627],[-76.6248912,39.328167],[-76.6249027,39.3281761],[-76.6249098,39.3281817],[-76.6249098,39.3281818],[-76.6249166,39.3281879],[-76.6249193,39.3281911],[-76.6249205,39.3281933],[-76.6249208,39.3281947],[-76.6249208,39.3281959],[-76.62492,39.3281977],[-76.6249173,39.3282002],[-76.6249117,39.3282038],[-76.6249053,39.3282068],[-76.6249008,39.3282085],[-76.6248976,39.3282091],[-76.624894,39.3282093],[-76.6248854,39.3282089],[-76.6248833,39.3282085],[-76.6248772,39.3282078],[-76.6248764,39.3282076],[-76.6248686,39.3282064],[-76.6248574,39.3282044],[-76.6248471,39.3282032],[-76.6248396,39.328203],[-76.6248356,39.3282035],[-76.6248327,39.328204],[-76.6248287,39.3282052],[-76.6248149,39.3282101],[-76.6248116,39.3282109],[-76.6248089,39.3282112],[-76.6248058,39.328211],[-76.6248011,39.3282103],[-76.6247958,39.328209],[-76.6247919,39.3282077],[-76.6247883,39.3282062],[-76.6247851,39.3282045],[-76.6247825,39.3282029],[-76.6247807,39.3282012],[-76.6247795,39.3281987],[-76.6247787,39.3281949],[-76.6247788,39.3281903],[-76.6247794,39.3281781],[-76.6247793,39.3281747],[-76.6247787,39.3281719],[-76.6247776,39.3281691],[-76.6247754,39.3281652],[-76.6247725,39.328161],[-76.6247722,39.3281608],[-76.624769,39.3281569],[-76.6247651,39.3281531],[-76.6247622,39.3281507],[-76.6247584,39.3281482],[-76.6247557,39.328147],[-76.6247505,39.3281462],[-76.6247486,39.3281462],[-76.6247429,39.3281463],[-76.6247345,39.3281473],[-76.6247256,39.3281492],[-76.624717,39.3281518],[-76.6247102,39.3281544],[-76.6247034,39.3281579],[-76.6246991,39.3281611],[-76.624695,39.328166],[-76.6246909,39.3281719],[-76.6246871,39.3281793],[-76.6246835,39.3281874],[-76.6246815,39.3281943],[-76.6246771,39.3282141],[-76.6246749,39.3282216],[-76.624673,39.3282259],[-76.624671,39.3282297],[-76.6246685,39.328233],[-76.6246662,39.3282351],[-76.6246604,39.3282388],[-76.6246513,39.3282433],[-76.6246421,39.328247],[-76.6246328,39.3282498],[-76.6246299,39.3282504],[-76.6246302,39.3281918],[-76.6246321,39.3281889],[-76.6246364,39.3281806],[-76.6246378,39.3281771],[-76.6246386,39.3281739],[-76.6246386,39.3281711],[-76.6246382,39.3281692],[-76.6246365,39.3281668],[-76.6246345,39.3281647],[-76.6246331,39.3281634],[-76.6246304,39.3281611],[-76.6246314,39.3279689],[-76.6248689,39.3279697]]]}},{"type":"Feature","properties":{"layer":"Vegetation","symbol":3,"class":"Woodland","_tile":"6/26/35"},"geometry":{"type":"Polygon","coordinates":[[[-76.6248651,39.3278528],[-76.624866,39.3278533],[-76.624872,39.3278572],[-76.6248764,39.3278613],[-76.6248796,39.3278661],[-76.6248825,39.327872],[-76.624885,39.3278792],[-76.6248873,39.3278875],[-76.6248889,39.327897],[-76.6248901,39.3279069],[-76.6248907,39.327917],[-76.6248905,39.3279256],[-76.6248897,39.3279324],[-76.6248875,39.3279395],[-76.6248847,39.3279459],[-76.6248842,39.3279472],[-76.6248797,39.3279551],[-76.6248742,39.3279633],[-76.6248732,39.3279644],[-76.6248675,39.3279715],[-76.6248597,39.3279804],[-76.6248552,39.3279849],[-76.6246313,39.3279842],[-76.624634,39.3274809],[-76.6250682,39.3274823],[-76.6250678,39.327494],[-76.625066,39.3275132],[-76.6250648,39.3275218],[-76.6250633,39.3275298],[-76.6250615,39.327537],[-76.6250596,39.3275437],[-76.6250569,39.3275505],[-76.6250535,39.3275579],[-76.6250504,39.3275641],[-76.6250476,39.3275686],[-76.6250459,39.3275707],[-76.6250438,39.3275729],[-76.6250412,39.3275748],[-76.6250382,39.3275765],[-76.6250349,39.3275782],[-76.6250312,39.3275796],[-76.6250222,39.327582],[-76.6250141,39.3275835],[-76.625004,39.3275849],[-76.6249639,39.3275887],[-76.6249459,39.3275908],[-76.6249444,39.3275936],[-76.6249404,39.3275996],[-76.6249354,39.3276056],[-76.6249296,39.3276119],[-76.6249231,39.3276185],[-76.624916,39.3276248],[-76.6249071,39.3276322],[-76.624898,39.3276391],[-76.6248878,39.3276466],[-76.6248769,39.3276542],[-76.6248649,39.327662],[-76.6248384,39.3276785],[-76.6248055,39.3276976],[-76.6247802,39.3277116],[-76.6247668,39.3277195],[-76.6247559,39.327727],[-76.6247516,39.3277303],[-76.6247483,39.3277334],[-76.6247439,39.3277388],[-76.6247397,39.3277459],[-76.6247358,39.3277541],[-76.6247324,39.3277631],[-76.6247299,39.3277726],[-76.6247285,39.3277815],[-76.624728,39.327789],[-76.6247287,39.3277952],[-76.6247296,39.3277977],[-76.6247311,39.3278002],[-76.6247329,39.3278026],[-76.6247355,39.327805],[-76.6247386,39.3278073],[-76.6247424,39.3278097],[-76.6247514,39.3278144],[-76.6247619,39.3278185],[-76.6247726,39.3278222],[-76.6247887,39.3278272],[-76.6247977,39.3278297],[-76.6248279,39.3278385],[-76.6248391,39.327842],[-76.6248502,39.327846],[-76.6248558,39.3278484],[-76.6248584,39.3278493],[-76.6248651,39.3278528]],[[-76.6251582,39.3279859],[-76.6251582,39.3279808],[-76.6251584,39.3279454],[-76.625159,39.3279307],[-76.6251596,39.3279162],[-76.6251616,39.3278859],[-76.6251644,39.3278558],[-76.6251679,39.327826],[-76.6251683,39.3278246],[-76.6251722,39.3277974],[-76.625177,39.3277699],[-76.6251816,39.3277477],[-76.6251819,39.3277469],[-76.6251825,39.3277437],[-76.6251847,39.3277343],[-76.6251885,39.3277189],[-76.6251919,39.3277073],[-76.625195,39.3276961],[-76.625202,39.3276748],[-76.6252095,39.327655],[-76.6252176,39.3276369],[-76.625226,39.3276204],[-76.6252351,39.3276054],[-76.6252397,39.3275985],[-76.6252445,39.3275922],[-76.625249,39.3275866],[-76.6252553,39.3275797],[-76.6252652,39.3275703],[-76.6252817,39.3275557],[-76.6252794,39.3279863],[-76.6251582,39.3279859]]]}},{"type":"Feature","properties":{"layer":"Vegetation","symbol":3,"class":"Woodland","_tile":"6/26/36"},"geometry":{"type":"Polygon","coordinates":[[[-76.6251739,39.3273378],[-76.6251711,39.3273364],[-76.6251655,39.3273322],[-76.6251594,39.3273267],[-76.6251528,39.3273199],[-76.6251461,39.3273119],[-76.6251409,39.3273048],[-76.625139,39.3273023],[-76.6251316,39.3272917],[-76.6251242,39.3272799],[-76.6251169,39.3272674],[-76.6251098,39.3272542],[-76.6251032,39.3272413],[-76.6250973,39.3272286],[-76.6251118,39.3272224],[-76.6251308,39.3272143],[-76.6251441,39.3272088],[-76.625159,39.3272018],[-76.6251665,39.3271978],[-76.6251704,39.3271953],[-76.6251728,39.3271937],[-76.6251774,39.3271902],[-76.6251816,39.327186],[-76.6251869,39.3271794],[-76.6251924,39.3271708],[-76.625198,39.3271612],[-76.6252027,39.3271518],[-76.6252062,39.3271432],[-76.6252089,39.327135],[-76.6252105,39.3271282],[-76.6252109,39.327122],[-76.6252101,39.3271137],[-76.6252075,39.3271022],[-76.6252062,39.3270976],[-76.6252034,39.3270887],[-76.6252021,39.3270849],[-76.6251988,39.3270762],[-76.6251927,39.3270611],[-76.6251883,39.3270515],[-76.6251865,39.3270485],[-76.6251865,39.3270484],[-76.6251843,39.3270449],[-76.6251822,39.3270423],[-76.6251801,39.3270403],[-76.6251779,39.3270388],[-76.6251753,39.3270376],[-76.6251726,39.3270366],[-76.6251687,39.3270355],[-76.6251608,39.327034],[-76.6251507,39.3270333],[-76.6251395,39.3270331],[-76.6251272,39.3270336],[-76.6251117,39.3270346],[-76.625092,39.3270362],[-76.62509,39.3270363],[-76.6250546,39.3270556],[-76.6250443,39.3270611],[-76.625035,39.3270663],[-76.6250103,39.3270795],[-76.6249589,39.3271173],[-76.6249465,39.3271172],[-76.6249343,39.3271177],[-76.6249236,39.3271185],[-76.6249198,39.3271189],[-76.6249145,39.3271196],[-76.6249069,39.327121],[-76.624901,39.3271229],[-76.6248972,39.3271248],[-76.6248939,39.3271275],[-76.6248908,39.3271309],[-76.6248885,39.3271349],[-76.6248865,39.3271398],[-76.6248848,39.3271455],[-76.6248837,39.3271519],[-76.624883,39.3271589],[-76.6248827,39.327166],[-76.6248828,39.3271736],[-76.6248839,39.3271914],[-76.6248858,39.3272077],[-76.6248907,39.3272416],[-76.6248942,39.3272724],[-76.6248956,39.3272828],[-76.6249279,39.3272814],[-76.6249395,39.3272811],[-76.6249497,39.3272812],[-76.6249589,39.3272817],[-76.6249655,39.3272823],[-76.6249741,39.3272838],[-76.6249807,39.3272855],[-76.6249845,39.327287],[-76.6249893,39.3272893],[-76.6250001,39.3272957],[-76.6250124,39.327304],[-76.6250228,39.3273125],[-76.6250278,39.3273179],[-76.6250328,39.3273247],[-76.6250375,39.3273327],[-76.6250387,39.327335],[-76.6250422,39.3273422],[-76.6250465,39.3273525],[-76.6250506,39.3273643],[-76.6250546,39.3273773],[-76.6250598,39.3273958],[-76.6250617,39.3274038],[-76.6250633,39.3274124],[-76.6250657,39.3274281],[-76.6250662,39.3274314],[-76.6250679,39.3274521],[-76.6250684,39.3274736],[-76.6250678,39.327494],[-76.6250675,39.3274975],[-76.6246339,39.3274961],[-76.6246366,39.3269928],[-76.6252846,39.3269949],[-76.6252832,39.3272637],[-76.6252831,39.3272637],[-76.6252783,39.3272634],[-76.6252736,39.3272635],[-76.6252696,39.327264],[-76.625267,39.3272646],[-76.6252642,39.3272655],[-76.6252588,39.3272682],[-76.6252533,39.3272722],[-76.6252471,39.3272776],[-76.6252414,39.3272837],[-76.6252348,39.3272914],[-76.6252131,39.3273196],[-76.6252052,39.3273291],[-76.6252009,39.3273336],[-76.6251974,39.3273368],[-76.6251938,39.3273393],[-76.6251908,39.3273407],[-76.6251886,39.3273413],[-76.6251863,39.3273415],[-76.6251842,39.3273415],[-76.6251817,39.327341],[-76.6251765,39.3273394],[-76.6251739,39.3273378]]]}},{"type":"Feature","properties":{"layer":"Vegetation","symbol":3,"class":"Woodland","_tile":"6/26/37"},"geometry":{"type":"Polygon","coordinates":[[[-76.6251062,39.3266454],[-76.6251022,39.3266426],[-76.6250987,39.3266396],[-76.6250963,39.3266368],[-76.6250943,39.3266335],[-76.6250925,39.3266291],[-76.6250913,39.326624],[-76.6250903,39.3266186],[-76.6250897,39.3266121],[-76.6250895,39.3266085],[-76.6250896,39.3265985],[-76.6250901,39.3265916],[-76.625091,39.326586],[-76.6250926,39.3265791],[-76.6250971,39.3265625],[-76.6251018,39.3265455],[-76.6251037,39.3265368],[-76.6251044,39.3265324],[-76.6251047,39.3265311],[-76.6251052,39.3265234],[-76.6251049,39.3265161],[-76.6251037,39.3265101],[-76.6251022,39.3265062],[-76.6252872,39.3265068],[-76.6252857,39.3268011],[-76.6252852,39.3268003],[-76.6252826,39.3267958],[-76.6252758,39.3267836],[-76.6252583,39.3267539],[-76.6252544,39.326747],[-76.6252509,39.3267369],[-76.625245,39.326719],[-76.6252412,39.326708],[-76.6252254,39.3266603],[-76.6251591,39.3266589],[-76.6251583,39.326659],[-76.6251422,39.3266596],[-76.6251385,39.3266594],[-76.6251356,39.3266591],[-76.6251309,39.3266577],[-76.6251252,39.3266556],[-76.6251189,39.3266527],[-76.6251126,39.3266493],[-76.6251062,39.3266454]],[[-76.6246365,39.327008],[-76.6246368,39.3269579],[-76.624642,39.3269554],[-76.6246517,39.3269505],[-76.6246608,39.3269456],[-76.6246694,39.3269405],[-76.6246771,39.3269355],[-76.6246837,39.3269306],[-76.6246886,39.3269266],[-76.6246934,39.3269218],[-76.6246982,39.3269165],[-76.624703,39.3269102],[-76.6247076,39.3269033],[-76.6247121,39.3268959],[-76.6247165,39.3268878],[-76.6247206,39.326879],[-76.6247248,39.3268695],[-76.6247279,39.3268619],[-76.6247326,39.3268489],[-76.6247361,39.326838],[-76.6247393,39.3268269],[-76.624742,39.3268158],[-76.6247444,39.3268051],[-76.6247461,39.3267954],[-76.6247471,39.3267842],[-76.6247471,39.3267715],[-76.624746,39.326757],[-76.6247454,39.326753],[-76.6247445,39.3267455],[-76.6247415,39.3267277],[-76.6247387,39.3267132],[-76.6247336,39.3266904],[-76.6247233,39.3266452],[-76.6247209,39.3266335],[-76.6247185,39.3266195],[-76.624716,39.3265978],[-76.6247153,39.3265874],[-76.624715,39.326578],[-76.6247151,39.3265726],[-76.6247152,39.3265686],[-76.6247157,39.326562],[-76.6247165,39.3265556],[-76.6247178,39.3265501],[-76.624719,39.3265465],[-76.6247209,39.3265426],[-76.6247257,39.3265343],[-76.6247326,39.3265251],[-76.6247414,39.3265152],[-76.6247516,39.3265051],[-76.6250263,39.3265059],[-76.6250151,39.3265188],[-76.6250087,39.3265271],[-76.6250028,39.3265352],[-76.6249977,39.3265428],[-76.6249943,39.3265484],[-76.6249871,39.3265612],[-76.6249809,39.3265731],[-76.6249761,39.3265837],[-76.6249718,39.3265944],[-76.6249685,39.3266039],[-76.6249665,39.3266123],[-76.6249654,39.32662],[-76.6249652,39.3266262],[-76.6249665,39.3266361],[-76.6249687,39.3266467],[-76.6249721,39.3266581],[-76.6249758,39.3266684],[-76.6249805,39.3266785],[-76.6249853,39.3266867],[-76.62499,39.326693],[-76.624995,39.3266982],[-76.6249985,39.3267008],[-76.6250034,39.3267038],[-76.6250092,39.3267068],[-76.6250155,39.3267097],[-76.6250307,39.3267158],[-76.6250377,39.3267184],[-76.6250604,39.3267266],[-76.6250719,39.3267311],[-76.625082,39.3267354],[-76.6250896,39.3267393],[-76.6250953,39.3267431],[-76.6250969,39.3267445],[-76.6251,39.3267468],[-76.6251052,39.3267511],[-76.6251104,39.326756],[-76.6251214,39.3267676],[-76.6251333,39.3267823],[-76.6251451,39.3267991],[-76.6251569,39.3268174],[-76.6251689,39.3268379],[-76.6251804,39.3268597],[-76.6251862,39.3268728],[-76.6251977,39.3269041],[-76.6252034,39.3269186],[-76.6252095,39.3269316],[-76.6252157,39.3269427],[-76.6252198,39.3269487],[-76.6252235,39.3269533],[-76.6252261,39.3269562],[-76.6252275,39.3269576],[-76.6252317,39.3269614],[-76.6252363,39.3269648],[-76.6252403,39.3269671],[-76.6252455,39.3269693],[-76.6252499,39.3269707],[-76.6252607,39.326973],[-76.6252717,39.3269744],[-76.6252795,39.3269747],[-76.6252825,39.3269745],[-76.6252848,39.326974],[-76.6252846,39.3270101],[-76.6246365,39.327008]]]}},{"type":"Feature","properties":{"layer":"Vegetation","symbol":3,"class":"Woodland","_tile":"6/26/38"},"geometry":{"type":"Polygon","coordinates":[[[-76.624737,39.3265203],[-76.6247414,39.3265152],[-76.6247521,39.3265046],[-76.624764,39.326494],[-76.6247761,39.3264844],[-76.6247875,39.3264763],[-76.6247944,39.3264722],[-76.6248031,39.3264677],[-76.6248121,39.3264634],[-76.62482,39.3264601],[-76.6248292,39.3264574],[-76.624841,39.3264549],[-76.6248536,39.326453],[-76.6248621,39.3264519],[-76.6248771,39.3264498],[-76.6248848,39.3264489],[-76.6248991,39.3264464],[-76.6249012,39.3264458],[-76.6249055,39.3264449],[-76.6249084,39.3264441],[-76.6249155,39.3264416],[-76.6249194,39.3264396],[-76.6249237,39.3264364],[-76.6249277,39.326432],[-76.6249312,39.3264265],[-76.6249347,39.3264196],[-76.6249376,39.3264124],[-76.6249404,39.3264035],[-76.6249489,39.3263707],[-76.6249534,39.3263558],[-76.6249556,39.3263502],[-76.6249587,39.3263438],[-76.6249616,39.3263391],[-76.6249647,39.3263353],[-76.6249673,39.326333],[-76.6249706,39.3263305],[-76.6249783,39.326326],[-76.6249876,39.3263218],[-76.6249995,39.3263176],[-76.6250113,39.326314],[-76.625025,39.3263105],[-76.6250734,39.3262996],[-76.6250903,39.3262953],[-76.6251056,39.3262909],[-76.6251119,39.3262886],[-76.6251172,39.3262865],[-76.6251262,39.326282],[-76.6251518,39.3262683],[-76.6251644,39.3262619],[-76.6251762,39.3262568],[-76.6251813,39.3262551],[-76.6251856,39.3262541],[-76.6251899,39.3262535],[-76.6251945,39.3262533],[-76.6251997,39.3262535],[-76.6252051,39.3262541],[-76.6252111,39.3262552],[-76.6252172,39.3262568],[-76.6252239,39.3262587],[-76.6252307,39.326261],[-76.6252451,39.3262666],[-76.6252611,39.326274],[-76.6252769,39.3262818],[-76.6252884,39.3262876],[-76.6252871,39.326522],[-76.625105,39.3265214],[-76.6251049,39.3265161],[-76.6251037,39.3265101],[-76.6251016,39.3265048],[-76.6251008,39.3265037],[-76.625099,39.3265005],[-76.6250958,39.3264958],[-76.6250883,39.3264864],[-76.6250882,39.3264864],[-76.6250825,39.3264805],[-76.6250815,39.3264794],[-76.6250783,39.3264769],[-76.6250758,39.3264756],[-76.6250726,39.3264748],[-76.6250686,39.3264747],[-76.6250651,39.3264756],[-76.6250605,39.3264773],[-76.6250557,39.3264801],[-76.6250523,39.3264822],[-76.6250506,39.3264834],[-76.6250486,39.326485],[-76.6250454,39.3264874],[-76.6250392,39.3264928],[-76.6250337,39.3264981],[-76.6250273,39.3265048],[-76.6250151,39.3265188],[-76.6250133,39.3265212],[-76.624737,39.3265203]]]}},{"type":"Feature","properties":{"layer":"Vegetation","symbol":2,"class":"Landscape Beds","_tile":"6/26/38"},"geometry":{"type":"Polygon","coordinates":[[[-76.6248323,39.3261613],[-76.6248073,39.3261287],[-76.6247018,39.3261775],[-76.6246934,39.3261665],[-76.6247153,39.3261551],[-76.6247254,39.3261469],[-76.6247324,39.3261418],[-76.6247388,39.3261378],[-76.6247468,39.3261335],[-76.6247564,39.3261289],[-76.6247659,39.3261246],[-76.6247776,39.3261206],[-76.6247836,39.3261188],[-76.6247888,39.3261177],[-76.6247946,39.326117],[-76.6248026,39.3261166],[-76.6248108,39.326117],[-76.6248166,39.3261179],[-76.6248212,39.3261194],[-76.6248262,39.3261218],[-76.6248294,39.326124],[-76.6248314,39.3261261],[-76.6248331,39.3261301],[-76.6248341,39.3261316],[-76.6248371,39.3261331],[-76.6248424,39.3261348],[-76.6248502,39.3261361],[-76.6248582,39.3261365],[-76.6248613,39.3261368],[-76.6248637,39.3261376],[-76.6248659,39.3261387],[-76.6248665,39.3261392],[-76.6248672,39.3261409],[-76.6248675,39.3261429],[-76.6248674,39.3261446],[-76.6248657,39.3261482],[-76.6248615,39.3261522],[-76.6248323,39.3261613]]]}},{"type":"Feature","properties":{"layer":"Vegetation","symbol":2,"class":"Landscape Beds","_tile":"6/26/38"},"geometry":{"type":"Polygon","coordinates":[[[-76.62467,39.3261921],[-76.6246407,39.3262056],[-76.6246408,39.3261886],[-76.6246416,39.3261885],[-76.6246485,39.3261869],[-76.6246625,39.3261813],[-76.6246645,39.3261805],[-76.62467,39.3261921]]]}},{"type":"Feature","properties":{"layer":"Vegetation","symbol":2,"class":"Landscape Beds","_tile":"6/26/38"},"geometry":{"type":"Polygon","coordinates":[[[-76.6249645,39.3262498],[-76.624919,39.3262666],[-76.6248755,39.3262082],[-76.6248905,39.3262072],[-76.6249056,39.3262069],[-76.6249151,39.326209],[-76.6249189,39.3262127],[-76.6249219,39.3262168],[-76.6249225,39.326225],[-76.6249224,39.3262334],[-76.6249243,39.3262381],[-76.6249272,39.326241],[-76.6249414,39.3262436],[-76.6249517,39.3262435],[-76.6249584,39.3262448],[-76.6249639,39.3262494],[-76.6249645,39.3262498]]]}},{"type":"Feature","properties":{"layer":"Vegetation","symbol":3,"class":"Woodland","_tile":"6/26/39"},"geometry":{"type":"Polygon","coordinates":[[[-76.6252918,39.3256485],[-76.6252917,39.325657],[-76.6252913,39.3256534],[-76.6252913,39.3256503],[-76.6252918,39.3256485]],[[-76.6252914,39.3257207],[-76.6252903,39.3259256],[-76.6252667,39.3259198],[-76.6252255,39.3259011],[-76.6251832,39.3258489],[-76.6251719,39.3258289],[-76.6251711,39.3258161],[-76.6252068,39.325789],[-76.6252083,39.3257855],[-76.6252127,39.3257771],[-76.6252153,39.3257729],[-76.6252184,39.3257686],[-76.6252212,39.3257655],[-76.6252246,39.3257624],[-76.6252286,39.3257594],[-76.6252341,39.3257559],[-76.625244,39.3257503],[-76.625269,39.3257375],[-76.6252795,39.3257315],[-76.6252834,39.3257288],[-76.6252858,39.3257267],[-76.6252869,39.325726],[-76.6252897,39.3257232],[-76.6252912,39.3257209],[-76.6252914,39.3257207]],[[-76.6252902,39.3259361],[-76.6252901,39.3259665],[-76.6252883,39.3259605],[-76.6252902,39.3259361]]]}},{"type":"Feature","properties":{"layer":"Vegetation","symbol":2,"class":"Landscape Beds","_tile":"6/26/39"},"geometry":{"type":"Polygon","coordinates":[[[-76.6248144,39.3257221],[-76.6248126,39.325734],[-76.624806,39.3257465],[-76.6247998,39.3257532],[-76.6247924,39.3257546],[-76.624786,39.3257509],[-76.6247657,39.3257234],[-76.6248046,39.3257064],[-76.6248144,39.3257221]]]}},{"type":"Feature","properties":{"layer":"Vegetation","symbol":1,"class":"Hedgerows","_tile":"6/26/39"},"geometry":{"type":"Polygon","coordinates":[[[-76.6248371,39.3257771],[-76.6248409,39.3257788],[-76.6248438,39.3257804],[-76.6248447,39.3257809],[-76.6248467,39.3257823],[-76.6248475,39.3257835],[-76.6248486,39.3257874],[-76.6248485,39.3257889],[-76.6248478,39.3257928],[-76.6248319,39.3257995],[-76.6248132,39.3257796],[-76.6248191,39.3257768],[-76.6248231,39.3257753],[-76.6248267,39.3257745],[-76.6248293,39.3257743],[-76.6248314,39.3257747],[-76.6248339,39.3257756],[-76.6248371,39.3257771]]]}},{"type":"Feature","properties":{"layer":"Vegetation","symbol":1,"class":"Hedgerows","_tile":"6/26/39"},"geometry":{"type":"Polygon","coordinates":[[[-76.6249069,39.3258709],[-76.6249067,39.3258741],[-76.6249002,39.3258818],[-76.6248831,39.3258607],[-76.6248973,39.3258542],[-76.6249064,39.3258664],[-76.6249069,39.3258709]]]}},{"type":"Feature","properties":{"layer":"Vegetation","symbol":1,"class":"Hedgerows","_tile":"6/26/39"},"geometry":{"type":"Polygon","coordinates":[[[-76.6249825,39.3259272],[-76.6249388,39.3259486],[-76.6249129,39.3259128],[-76.6249246,39.3259086],[-76.6249355,39.3259072],[-76.6249553,39.3259076],[-76.6249809,39.3259176],[-76.6249825,39.3259272]]]}},{"type":"Feature","properties":{"layer":"Vegetation","symbol":1,"class":"Hedgerows","_tile":"6/26/39"},"geometry":{"type":"Polygon","coordinates":[[[-76.6250787,39.3260142],[-76.6250718,39.3260169],[-76.6250093,39.325933],[-76.6250135,39.3259303],[-76.6250787,39.3260142]]]}},{"type":"Feature","properties":{"layer":"Vegetation","symbol":3,"class":"Woodland","_tile":"6/26/40"},"geometry":{"type":"Polygon","coordinates":[[[-76.6251253,39.325042],[-76.6251381,39.3250566],[-76.62516,39.3250826],[-76.6251643,39.3250918],[-76.6251664,39.3250977],[-76.6251676,39.3251023],[-76.6251677,39.3251065],[-76.6251676,39.3251078],[-76.6251671,39.3251098],[-76.6251656,39.3251136],[-76.6251634,39.3251172],[-76.6251617,39.3251192],[-76.6251595,39.3251206],[-76.6251563,39.3251219],[-76.6251514,39.3251233],[-76.6251434,39.3251251],[-76.6251348,39.3251269],[-76.6251213,39.325129],[-76.6251055,39.3251308],[-76.625102,39.3251308],[-76.6250977,39.3251309],[-76.6250923,39.3251304],[-76.6250891,39.3251291],[-76.6250849,39.325126],[-76.625081,39.3251219],[-76.6250766,39.3251162],[-76.625075,39.3251137],[-76.6250738,39.3251107],[-76.6250719,39.3251033],[-76.625071,39.3250952],[-76.6250707,39.32509],[-76.6250703,39.3250815],[-76.62507,39.3250783],[-76.6250691,39.3250717],[-76.6250675,39.3250662],[-76.6250647,39.3250582],[-76.6250635,39.325055],[-76.6250604,39.3250454],[-76.6250596,39.3250418],[-76.6251253,39.325042]]]}},{"type":"Feature","properties":{"layer":"Vegetation","symbol":3,"class":"Woodland","_tile":"6/26/41"},"geometry":{"type":"Polygon","coordinates":[[[-76.6251075,39.3245539],[-76.6251076,39.3245544],[-76.6251073,39.3245581],[-76.6251051,39.3245629],[-76.6251003,39.3245716],[-76.6250938,39.3245828],[-76.6250904,39.3245895],[-76.6250891,39.3245938],[-76.6250882,39.3245997],[-76.6250865,39.3246202],[-76.6250856,39.3246308],[-76.6250856,39.3246348],[-76.6250854,39.324638],[-76.6250858,39.3246441],[-76.625087,39.3246491],[-76.6250887,39.3246521],[-76.6250919,39.3246564],[-76.625103,39.3246678],[-76.6251073,39.3246723],[-76.6251126,39.3246788],[-76.6251184,39.3246869],[-76.6251412,39.3247223],[-76.6251496,39.3247342],[-76.6251559,39.3247416],[-76.6251794,39.3247681],[-76.6251855,39.3247757],[-76.6251897,39.3247817],[-76.6251959,39.3247929],[-76.6252022,39.3248065],[-76.6252047,39.3248137],[-76.625207,39.3248219],[-76.625208,39.3248281],[-76.6252083,39.3248331],[-76.6252078,39.3248355],[-76.6252066,39.3248391],[-76.6252021,39.3248487],[-76.625197,39.3248569],[-76.62519,39.3248658],[-76.6251814,39.324875],[-76.6251717,39.324884],[-76.6251615,39.3248921],[-76.625154,39.3248971],[-76.6251512,39.3248987],[-76.6251477,39.3249007],[-76.6251432,39.3249028],[-76.6251389,39.3249044],[-76.6251357,39.3249054],[-76.6251311,39.3249062],[-76.6251275,39.3249065],[-76.6251243,39.3249069],[-76.6251096,39.3249077],[-76.6251087,39.3249078],[-76.6250988,39.3249076],[-76.6250864,39.3249069],[-76.6250786,39.3249059],[-76.6250699,39.3249042],[-76.6250642,39.3249026],[-76.6250599,39.3249008],[-76.6250579,39.3248991],[-76.6250559,39.324896],[-76.6250559,39.3248957],[-76.6250549,39.3248922],[-76.6250544,39.3248878],[-76.6250545,39.324882],[-76.6250551,39.324876],[-76.625058,39.3248599],[-76.6250603,39.3248496],[-76.6250613,39.3248439],[-76.6250615,39.3248389],[-76.6250606,39.3248355],[-76.6250586,39.3248333],[-76.6250544,39.3248301],[-76.6250496,39.3248271],[-76.6250425,39.3248234],[-76.6250333,39.3248193],[-76.6250145,39.324812],[-76.6250015,39.3248066],[-76.6249885,39.3248004],[-76.6249787,39.324795],[-76.6249721,39.3247903],[-76.6249695,39.3247879],[-76.6249665,39.3247843],[-76.6249607,39.3247755],[-76.6249561,39.3247661],[-76.6249542,39.3247609],[-76.6249531,39.3247571],[-76.6249524,39.3247501],[-76.6249528,39.3247316],[-76.6249522,39.3247273],[-76.6249515,39.3247234],[-76.6249502,39.3247201],[-76.624949,39.3247183],[-76.6249476,39.3247175],[-76.6249447,39.3247168],[-76.6249319,39.3247157],[-76.6249283,39.3247149],[-76.6249266,39.3247141],[-76.6249236,39.3247131],[-76.624919,39.3247108],[-76.6249162,39.3247092],[-76.6249136,39.3247077],[-76.6249092,39.3247047],[-76.6249089,39.3247046],[-76.6249037,39.3247004],[-76.6248993,39.3246963],[-76.6248965,39.3246932],[-76.6248943,39.3246894],[-76.6248924,39.3246846],[-76.6248909,39.3246784],[-76.6248874,39.3246578],[-76.6248859,39.3246529],[-76.6248839,39.3246489],[-76.6248813,39.3246457],[-76.6248767,39.3246412],[-76.6248614,39.3246285],[-76.624853,39.3246211],[-76.6248504,39.3246183],[-76.6248486,39.3246158],[-76.6248479,39.3246138],[-76.6248476,39.3246106],[-76.6248477,39.324607],[-76.6248485,39.3246032],[-76.6248498,39.3245984],[-76.6248512,39.3245949],[-76.6248524,39.3245924],[-76.6248526,39.3245918],[-76.624854,39.3245893],[-76.624856,39.3245867],[-76.624862,39.3245804],[-76.624864,39.324578],[-76.6248648,39.3245763],[-76.6248656,39.3245738],[-76.6248659,39.3245689],[-76.6248655,39.324565],[-76.6248652,39.3245633],[-76.6248632,39.3245564],[-76.6248618,39.3245531],[-76.6251075,39.3245539]]]}},{"type":"Feature","properties":{"layer":"Vegetation","symbol":3,"class":"Woodland","_tile":"6/26/41"},"geometry":{"type":"Polygon","coordinates":[[[-76.6251163,39.3250318],[-76.6251381,39.3250566],[-76.6251387,39.3250573],[-76.6250643,39.3250571],[-76.6250635,39.325055],[-76.6250604,39.3250454],[-76.6250589,39.3250376],[-76.6250589,39.3250325],[-76.6250605,39.325029],[-76.6250632,39.3250252],[-76.6250679,39.3250208],[-76.6250723,39.3250176],[-76.6250776,39.3250155],[-76.6250832,39.3250142],[-76.6250863,39.3250141],[-76.62509,39.3250145],[-76.6250949,39.3250154],[-76.6250986,39.3250164],[-76.6251015,39.3250179],[-76.6251067,39.325021],[-76.6251163,39.3250318]]]}},{"type":"Feature","properties":{"layer":"Vegetation","symbol":3,"class":"Woodland","_tile":"6/26/42"},"geometry":{"type":"Polygon","coordinates":[[[-76.6247116,39.3244165],[-76.6247091,39.324414],[-76.6247041,39.3244073],[-76.6247024,39.3244047],[-76.6247012,39.3244017],[-76.6247,39.3243976],[-76.6246991,39.3243932],[-76.624698,39.3243841],[-76.6246965,39.3243652],[-76.6246949,39.3243522],[-76.624694,39.3243463],[-76.6246928,39.3243399],[-76.6246915,39.3243335],[-76.6246892,39.3243252],[-76.6246866,39.3243182],[-76.6246836,39.3243119],[-76.6246804,39.3243071],[-76.6246774,39.3243039],[-76.6246767,39.3243033],[-76.6246731,39.3243004],[-76.6246694,39.3242982],[-76.6246656,39.3242962],[-76.6246622,39.324295],[-76.6246604,39.3242948],[-76.6246581,39.3242949],[-76.6246532,39.3242955],[-76.6246509,39.3242961],[-76.6246516,39.3241513],[-76.6246542,39.3241538],[-76.624658,39.324157],[-76.6246622,39.3241603],[-76.6246741,39.3241678],[-76.6246889,39.324176],[-76.6247195,39.3241916],[-76.6247324,39.3241984],[-76.6247448,39.3242059],[-76.6247501,39.3242096],[-76.6247539,39.3242128],[-76.6247587,39.3242171],[-76.6247645,39.324223],[-76.6247872,39.3242491],[-76.6247936,39.324256],[-76.6247991,39.3242615],[-76.6248057,39.3242673],[-76.6248058,39.3242673],[-76.6248113,39.3242713],[-76.624817,39.3242744],[-76.6248217,39.3242764],[-76.6248269,39.3242775],[-76.6248331,39.3242782],[-76.6248559,39.3242798],[-76.624864,39.3242806],[-76.6248702,39.3242814],[-76.6248745,39.3242825],[-76.6248797,39.3242845],[-76.6248866,39.3242883],[-76.6248945,39.3242932],[-76.6249009,39.3242976],[-76.6249011,39.3242978],[-76.6249049,39.3243012],[-76.6249089,39.3243051],[-76.6249168,39.3243147],[-76.6249264,39.3243266],[-76.6249301,39.3243307],[-76.6249336,39.324334],[-76.6249406,39.3243389],[-76.624949,39.324344],[-76.6249495,39.3243441],[-76.6249602,39.3243497],[-76.6249724,39.3243553],[-76.6249796,39.3243581],[-76.6249919,39.3243627],[-76.6249997,39.3243655],[-76.6250105,39.3243702],[-76.6250159,39.3243728],[-76.6250196,39.3243751],[-76.6250225,39.3243773],[-76.6250248,39.3243797],[-76.6250266,39.3243838],[-76.6250279,39.324389],[-76.6250288,39.3243958],[-76.6250292,39.3244035],[-76.6250291,39.3244089],[-76.6250281,39.3244149],[-76.625022,39.3244428],[-76.6250213,39.324448],[-76.6250215,39.3244517],[-76.6250221,39.3244549],[-76.6250234,39.3244581],[-76.6250257,39.3244622],[-76.6250288,39.3244661],[-76.6250362,39.3244738],[-76.6250533,39.3244891],[-76.6250707,39.3245062],[-76.6250816,39.3245166],[-76.6250892,39.3245244],[-76.6250892,39.3245245],[-76.6250956,39.3245317],[-76.6251006,39.3245381],[-76.6251046,39.3245444],[-76.6251067,39.3245496],[-76.6251076,39.3245544],[-76.6251073,39.3245581],[-76.6251051,39.3245629],[-76.6251017,39.3245691],[-76.6248659,39.3245683],[-76.6248655,39.324565],[-76.6248652,39.3245633],[-76.6248632,39.3245564],[-76.6248602,39.3245491],[-76.6248565,39.3245416],[-76.6248404,39.3245119],[-76.6248313,39.3244945],[-76.6248217,39.3244773],[-76.6248129,39.3244635],[-76.6248048,39.3244524],[-76.6247995,39.3244463],[-76.6247937,39.3244406],[-76.624787,39.3244347],[-76.6247799,39.3244294],[-76.6247789,39.3244288],[-76.624774,39.3244255],[-76.624768,39.3244225],[-76.6247634,39.3244208],[-76.624759,39.3244201],[-76.6247554,39.3244201],[-76.6247511,39.3244207],[-76.6247364,39.3244235],[-76.6247306,39.3244244],[-76.6247254,39.3244248],[-76.624722,39.3244243],[-76.62472,39.3244236],[-76.624718,39.3244224],[-76.624714,39.324419],[-76.6247116,39.3244165]]]}},{"type":"Feature","properties":{"layer":"Vegetation","symbol":3,"class":"Woodland","_tile":"6/26/43"},"geometry":{"type":"Polygon","coordinates":[[[-76.6253008,39.3239453],[-76.6252911,39.3239419],[-76.6252853,39.3239398],[-76.6252734,39.323935],[-76.6252577,39.3239281],[-76.6252432,39.3239212],[-76.6252311,39.3239146],[-76.6252232,39.3239096],[-76.6252146,39.3239027],[-76.6252044,39.3238931],[-76.6251937,39.3238818],[-76.6251843,39.3238707],[-76.6251792,39.3238639],[-76.6251742,39.3238559],[-76.6251693,39.3238471],[-76.6251654,39.3238388],[-76.6251621,39.3238306],[-76.6251598,39.3238236],[-76.6251585,39.3238171],[-76.6251582,39.3238119],[-76.6251582,39.3238113],[-76.6251593,39.3238047],[-76.6251618,39.3237971],[-76.6251655,39.3237889],[-76.6251674,39.3237858],[-76.6251692,39.3237834],[-76.6251718,39.3237809],[-76.6251786,39.3237755],[-76.6251814,39.323773],[-76.6251831,39.3237708],[-76.6251848,39.3237677],[-76.6251859,39.323765],[-76.625187,39.3237604],[-76.6251875,39.323757],[-76.6251876,39.3237516],[-76.6251875,39.323748],[-76.6251871,39.3237423],[-76.6251848,39.3237306],[-76.6251814,39.3237192],[-76.625177,39.3237092],[-76.6251745,39.3237049],[-76.6251721,39.3237011],[-76.6251683,39.323697],[-76.6251623,39.3236921],[-76.625155,39.3236873],[-76.6251461,39.3236824],[-76.6251457,39.3236821],[-76.6251356,39.3236775],[-76.6251322,39.3236762],[-76.6251268,39.3236741],[-76.6251184,39.3236715],[-76.6251108,39.3236699],[-76.6250888,39.3236681],[-76.6250836,39.3236672],[-76.6250825,39.3236667],[-76.6250804,39.323666],[-76.6250779,39.3236643],[-76.6250749,39.3236609],[-76.625072,39.3236569],[-76.6250693,39.3236523],[-76.6250678,39.3236487],[-76.6250666,39.3236438],[-76.6250664,39.3236415],[-76.6250644,39.3236246],[-76.6250632,39.3236185],[-76.6250603,39.323612],[-76.6250557,39.3236047],[-76.6250498,39.3235968],[-76.6250438,39.3235905],[-76.6250411,39.3235882],[-76.6250385,39.3235863],[-76.6250302,39.3235816],[-76.6250216,39.3235774],[-76.6253027,39.3235783],[-76.6253008,39.3239453]]]}},{"type":"Feature","properties":{"layer":"Vegetation","symbol":1,"class":"Hedgerows","_tile":"6/26/43"},"geometry":{"type":"Polygon","coordinates":[[[-76.625011,39.3236477],[-76.625009,39.3236503],[-76.6250056,39.3236512],[-76.6249971,39.3236419],[-76.624991,39.3236309],[-76.6249737,39.3236151],[-76.6249463,39.3235781],[-76.6249524,39.3235796],[-76.6249677,39.323588],[-76.6249812,39.3236013],[-76.6249947,39.3236227],[-76.6250104,39.3236409],[-76.625011,39.3236477]]]}},{"type":"Feature","properties":{"layer":"Vegetation","symbol":1,"class":"Hedgerows","_tile":"6/26/43"},"geometry":{"type":"Polygon","coordinates":[[[-76.625066,39.3238057],[-76.6250647,39.3238105],[-76.625063,39.3238135],[-76.625061,39.3238143],[-76.6250571,39.3238118],[-76.6250536,39.3238067],[-76.6250488,39.3238003],[-76.6250435,39.3237935],[-76.6250376,39.3237886],[-76.6250317,39.3237841],[-76.6250189,39.3237748],[-76.6250312,39.3237645],[-76.6250511,39.3237578],[-76.625051,39.323769],[-76.6250364,39.3237823],[-76.6250504,39.3237953],[-76.6250562,39.3237944],[-76.6250621,39.3237963],[-76.6250625,39.3237966],[-76.625066,39.3237994],[-76.625066,39.3238057]]]}},{"type":"Feature","properties":{"layer":"Vegetation","symbol":1,"class":"Hedgerows","_tile":"6/26/43"},"geometry":{"type":"Polygon","coordinates":[[[-76.6250628,39.3239132],[-76.625059,39.3239198],[-76.6250524,39.3239209],[-76.6250458,39.3239153],[-76.6250341,39.3238958],[-76.6250151,39.3238665],[-76.6250044,39.3238538],[-76.6249998,39.3238471],[-76.6249995,39.3238456],[-76.6250163,39.3238399],[-76.625017,39.3238395],[-76.625032,39.3238492],[-76.6250391,39.3238695],[-76.6250588,39.3238958],[-76.6250619,39.3239059],[-76.6250628,39.3239132]]]}},{"type":"Feature","properties":{"layer":"Vegetation","symbol":3,"class":"Woodland","_tile":"6/27/32"},"geometry":{"type":"Polygon","coordinates":[[[-76.6246459,39.3289452],[-76.6246432,39.3294485],[-76.624047,39.3294466],[-76.6240392,39.3294053],[-76.6240338,39.3293781],[-76.6240282,39.329351],[-76.6240225,39.3293256],[-76.6240168,39.3293021],[-76.6240116,39.3292822],[-76.624007,39.3292652],[-76.6240023,39.3292492],[-76.6239976,39.3292346],[-76.6239963,39.3292306],[-76.6239978,39.3289431],[-76.6246459,39.3289452]]]}},{"type":"Feature","properties":{"layer":"Vegetation","symbol":3,"class":"Woodland","_tile":"6/27/33"},"geometry":{"type":"Polygon","coordinates":[[[-76.6246483,39.3284875],[-76.6246457,39.3284825],[-76.6246431,39.3284766],[-76.6246409,39.3284703],[-76.6246383,39.3284623],[-76.6246371,39.328457],[-76.6246485,39.3284571],[-76.6246483,39.3284875]]]}},{"type":"Feature","properties":{"layer":"Vegetation","symbol":3,"class":"Woodland","_tile":"6/27/33"},"geometry":{"type":"Polygon","coordinates":[[[-76.6245299,39.3285629],[-76.6245333,39.328563],[-76.6245364,39.3285636],[-76.624541,39.3285649],[-76.6245458,39.3285672],[-76.6245514,39.3285706],[-76.6245556,39.3285734],[-76.624564,39.3285798],[-76.6245714,39.3285859],[-76.6245909,39.3286037],[-76.6245981,39.3286105],[-76.6246054,39.3286183],[-76.6246129,39.328627],[-76.6246202,39.3286362],[-76.6246277,39.3286461],[-76.624635,39.3286568],[-76.6246421,39.3286681],[-76.6246473,39.3286766],[-76.6246458,39.3289604],[-76.6239977,39.3289583],[-76.6239992,39.3286796],[-76.6239995,39.3286797],[-76.6240124,39.3286836],[-76.6240281,39.3286881],[-76.6240401,39.328691],[-76.6240501,39.328693],[-76.6240568,39.3286941],[-76.624064,39.328695],[-76.6240798,39.3286961],[-76.6240976,39.3286963],[-76.6241162,39.3286956],[-76.6241354,39.328694],[-76.6241538,39.3286917],[-76.6241705,39.3286888],[-76.6241782,39.328687],[-76.6241851,39.3286852],[-76.6241911,39.3286832],[-76.6241979,39.3286806],[-76.6242136,39.3286735],[-76.6242311,39.3286646],[-76.624278,39.3286394],[-76.6242911,39.3286329],[-76.6243019,39.3286283],[-76.6243151,39.3286236],[-76.62433,39.3286191],[-76.6243517,39.3286132],[-76.6244074,39.3285988],[-76.6244227,39.3285945],[-76.6244349,39.3285906],[-76.6244617,39.3285807],[-76.6244748,39.3285759],[-76.6244789,39.3285744],[-76.6244912,39.3285703],[-76.6245021,39.3285671],[-76.6245129,39.3285646],[-76.6245221,39.3285632],[-76.6245299,39.3285629]],[[-76.6241297,39.3284554],[-76.6241296,39.3284559],[-76.6241249,39.3284657],[-76.62412,39.3284751],[-76.6241144,39.3284842],[-76.6241085,39.328493],[-76.6241028,39.3285006],[-76.6240968,39.3285076],[-76.6240909,39.3285136],[-76.624085,39.3285188],[-76.6240793,39.3285227],[-76.624074,39.3285256],[-76.6240687,39.3285274],[-76.6240638,39.3285283],[-76.6240597,39.328528],[-76.6240543,39.3285269],[-76.6240482,39.3285252],[-76.624041,39.3285226],[-76.6240326,39.3285192],[-76.6240234,39.3285151],[-76.6240023,39.3285047],[-76.6240001,39.3285035],[-76.6240004,39.328455],[-76.6241297,39.3284554]]]}},{"type":"Feature","properties":{"layer":"Vegetation","symbol":3,"class":"Woodland","_tile":"6/27/34"},"geometry":{"type":"Polygon","coordinates":[[[-76.6246416,39.3284723],[-76.6246409,39.3284703],[-76.6246383,39.3284623],[-76.6246368,39.328456],[-76.6246364,39.3284545],[-76.624635,39.3284472],[-76.6246343,39.3284392],[-76.6246343,39.3284343],[-76.6246345,39.3284298],[-76.6246358,39.3284196],[-76.6246381,39.3284093],[-76.6246408,39.3284011],[-76.6246442,39.3283934],[-76.6246482,39.3283871],[-76.6246488,39.3283864],[-76.6246484,39.3284723],[-76.6246416,39.3284723]]]}},{"type":"Feature","properties":{"layer":"Vegetation","symbol":3,"class":"Woodland","_tile":"6/27/34"},"geometry":{"type":"Polygon","coordinates":[[[-76.6241378,39.3283809],[-76.6241391,39.3283915],[-76.62414,39.3284022],[-76.6241401,39.3284124],[-76.6241396,39.328422],[-76.6241385,39.3284292],[-76.6241363,39.3284375],[-76.6241335,39.3284463],[-76.6241296,39.3284559],[-76.6241249,39.3284657],[-76.6241223,39.3284707],[-76.6240003,39.3284703],[-76.6240012,39.328307],[-76.6240064,39.3283051],[-76.6240156,39.3283022],[-76.6240233,39.3283002],[-76.6240368,39.3282971],[-76.6240465,39.3282955],[-76.6240473,39.3282952],[-76.6240566,39.3282941],[-76.6240641,39.3282935],[-76.6240715,39.3282935],[-76.6240772,39.3282943],[-76.6240798,39.328295],[-76.6240824,39.328296],[-76.6240885,39.3282994],[-76.6240887,39.3282994],[-76.6240946,39.3283041],[-76.6241009,39.3283102],[-76.6241074,39.3283177],[-76.6241152,39.3283284],[-76.624121,39.328337],[-76.6241274,39.3283476],[-76.6241306,39.3283543],[-76.6241336,39.3283626],[-76.6241358,39.3283711],[-76.6241378,39.3283809]]]}},{"type":"Feature","properties":{"layer":"Vegetation","symbol":3,"class":"Woodland","_tile":"6/27/34"},"geometry":{"type":"Polygon","coordinates":[[[-76.6246496,39.328244],[-76.6246421,39.328247],[-76.6246328,39.3282498],[-76.6246253,39.3282512],[-76.6246199,39.3282516],[-76.6246172,39.3282512],[-76.6246155,39.3282507],[-76.6246137,39.3282498],[-76.6246126,39.3282488],[-76.6246109,39.3282459],[-76.6246096,39.3282424],[-76.6246082,39.3282375],[-76.6246079,39.3282341],[-76.6246081,39.3282319],[-76.624609,39.3282286],[-76.6246115,39.3282226],[-76.6246166,39.3282133],[-76.624623,39.328203],[-76.6246321,39.3281889],[-76.6246364,39.3281806],[-76.6246378,39.3281771],[-76.6246386,39.3281739],[-76.6246386,39.3281711],[-76.6246382,39.3281692],[-76.6246365,39.3281668],[-76.6246345,39.3281647],[-76.6246331,39.3281634],[-76.6246287,39.3281598],[-76.6246166,39.3281511],[-76.6246122,39.3281471],[-76.6246104,39.3281446],[-76.6246083,39.3281412],[-76.6246051,39.3281337],[-76.6246024,39.3281242],[-76.6245977,39.3281038],[-76.624595,39.3280957],[-76.6245939,39.3280935],[-76.6245916,39.32809],[-76.6245868,39.3280841],[-76.6245808,39.3280784],[-76.6245707,39.3280708],[-76.6245628,39.3280656],[-76.6245541,39.3280605],[-76.6245149,39.3280392],[-76.6245135,39.3280384],[-76.6244932,39.3280275],[-76.6244886,39.328025],[-76.6244823,39.3280213],[-76.6244815,39.3280209],[-76.6244753,39.3280168],[-76.6244751,39.3280166],[-76.6244711,39.3280136],[-76.6244679,39.3280106],[-76.624466,39.3280077],[-76.6244655,39.3280064],[-76.6244655,39.3280051],[-76.6244664,39.3280024],[-76.6244692,39.3279985],[-76.6244722,39.3279955],[-76.6244732,39.3279942],[-76.62448,39.3279879],[-76.6244978,39.3279854],[-76.6245402,39.3279793],[-76.6245348,39.3279686],[-76.624651,39.327969],[-76.6246496,39.328244]]]}},{"type":"Feature","properties":{"layer":"Vegetation","symbol":1,"class":"Hedgerows","_tile":"6/27/34"},"geometry":{"type":"Polygon","coordinates":[[[-76.6244286,39.3280773],[-76.6244284,39.3280805],[-76.6244274,39.3280828],[-76.6244264,39.3280838],[-76.6244247,39.3280847],[-76.6244201,39.3280862],[-76.6244141,39.3280874],[-76.6244094,39.3280876],[-76.6244072,39.3280872],[-76.6244051,39.3280862],[-76.624403,39.3280849],[-76.6244005,39.3280828],[-76.6243978,39.3280801],[-76.624395,39.3280769],[-76.6243908,39.3280707],[-76.6243895,39.3280676],[-76.6243886,39.3280637],[-76.6243872,39.3280496],[-76.6243866,39.3280454],[-76.6243846,39.3280401],[-76.6243816,39.3280336],[-76.6243773,39.328026],[-76.6243728,39.3280194],[-76.6243694,39.3280154],[-76.6243642,39.32801],[-76.6243619,39.3280079],[-76.6243538,39.3280003],[-76.6243428,39.3279907],[-76.624338,39.3279858],[-76.6243349,39.327981],[-76.6243325,39.3279747],[-76.6243305,39.327968],[-76.6244085,39.3279682],[-76.6244099,39.3279693],[-76.6244124,39.3279721],[-76.624415,39.3279758],[-76.6244173,39.3279801],[-76.6244196,39.3279853],[-76.6244216,39.3279912],[-76.6244234,39.3279982],[-76.624425,39.3280057],[-76.6244262,39.3280136],[-76.6244268,39.3280186],[-76.6244265,39.3280348],[-76.6244258,39.3280544],[-76.624426,39.3280549],[-76.6244261,39.3280606],[-76.6244267,39.3280658],[-76.6244282,39.3280729],[-76.6244286,39.3280773]]]}},{"type":"Feature","properties":{"layer":"Vegetation","symbol":3,"class":"Woodland","_tile":"6/27/35"},"geometry":{"type":"Polygon","coordinates":[[[-76.624509,39.3279838],[-76.6245402,39.3279793],[-76.624532,39.3279635],[-76.6245253,39.3279495],[-76.6245018,39.3279013],[-76.6244894,39.3278771],[-76.6244825,39.3278648],[-76.6244761,39.3278544],[-76.62447,39.3278453],[-76.6244641,39.3278377],[-76.6244548,39.3278274],[-76.6244438,39.3278161],[-76.6244314,39.3278041],[-76.6244182,39.3277921],[-76.6244052,39.3277811],[-76.6243928,39.3277712],[-76.624381,39.3277626],[-76.6243706,39.3277558],[-76.6243621,39.3277507],[-76.6243578,39.3277486],[-76.6243439,39.3277411],[-76.6243281,39.3277331],[-76.6243125,39.3277244],[-76.6243049,39.3277196],[-76.6242983,39.327715],[-76.6242931,39.3277107],[-76.624289,39.3277066],[-76.6242867,39.3277038],[-76.6242847,39.3277006],[-76.6242824,39.3276963],[-76.6242806,39.3276917],[-76.6242774,39.3276818],[-76.6242768,39.3276794],[-76.624275,39.3276705],[-76.6242739,39.3276587],[-76.6242739,39.3276479],[-76.6242751,39.3276381],[-76.624276,39.327634],[-76.6242772,39.3276305],[-76.6242785,39.3276282],[-76.6242802,39.3276255],[-76.624285,39.3276201],[-76.6242914,39.3276143],[-76.6242995,39.3276084],[-76.6243102,39.3276014],[-76.624321,39.3275951],[-76.6243269,39.3275921],[-76.6243339,39.3275883],[-76.6243401,39.3275855],[-76.6243472,39.3275821],[-76.6243507,39.3275805],[-76.6243562,39.3275783],[-76.6243607,39.3275768],[-76.624365,39.3275751],[-76.6243759,39.3275716],[-76.6243814,39.3275699],[-76.6243867,39.3275681],[-76.6244048,39.3275624],[-76.6244146,39.3275593],[-76.6244259,39.3275554],[-76.6244351,39.3275518],[-76.6244442,39.3275477],[-76.6244514,39.3275436],[-76.6244563,39.3275395],[-76.6244582,39.3275375],[-76.6244594,39.3275356],[-76.6244603,39.3275331],[-76.6244608,39.3275301],[-76.6244607,39.3275268],[-76.6244599,39.327523],[-76.6244587,39.3275188],[-76.6244568,39.3275141],[-76.6244516,39.3275039],[-76.6244438,39.3274919],[-76.6244352,39.3274802],[-76.6246536,39.3274809],[-76.624651,39.3279843],[-76.624509,39.3279838]],[[-76.6241941,39.3274795],[-76.6241887,39.327491],[-76.624178,39.3275129],[-76.6241713,39.3275257],[-76.6241648,39.3275375],[-76.6241577,39.327546],[-76.6241393,39.3275673],[-76.6241219,39.3275889],[-76.6241081,39.3276074],[-76.6241023,39.327616],[-76.6240975,39.3276238],[-76.6240933,39.3276313],[-76.6240899,39.3276387],[-76.6240871,39.3276455],[-76.6240852,39.3276518],[-76.6240841,39.3276577],[-76.6240839,39.3276577],[-76.6240836,39.3276633],[-76.6240839,39.3276686],[-76.6240851,39.3276733],[-76.6240869,39.3276776],[-76.6240898,39.3276823],[-76.6240941,39.3276878],[-76.6240994,39.327694],[-76.6241121,39.3277067],[-76.6241415,39.3277344],[-76.6241481,39.3277411],[-76.624153,39.3277466],[-76.6241581,39.3277533],[-76.6241597,39.3277554],[-76.624163,39.3277603],[-76.6241673,39.3277671],[-76.6241708,39.3277736],[-76.6241734,39.3277793],[-76.624175,39.3277841],[-76.6241759,39.3277885],[-76.6241757,39.3277921],[-76.6241748,39.3277951],[-76.6241725,39.3277985],[-76.6241691,39.3278024],[-76.6241648,39.3278065],[-76.6241591,39.327811],[-76.6241526,39.3278156],[-76.6241486,39.3278182],[-76.6241454,39.3278203],[-76.6241381,39.3278245],[-76.6241341,39.3278264],[-76.6241298,39.327828],[-76.6241252,39.3278295],[-76.6241201,39.3278308],[-76.6241146,39.3278318],[-76.6241086,39.3278326],[-76.6240954,39.3278337],[-76.6240825,39.327834],[-76.6240818,39.3278338],[-76.6240677,39.3278336],[-76.6240252,39.3278313],[-76.6240161,39.3278308],[-76.6240037,39.3278304],[-76.6240056,39.3274789],[-76.6241941,39.3274795]]]}},{"type":"Feature","properties":{"layer":"Vegetation","symbol":1,"class":"Hedgerows","_tile":"6/27/35"},"geometry":{"type":"Polygon","coordinates":[[[-76.6243363,39.3279833],[-76.6243349,39.327981],[-76.6243325,39.3279747],[-76.6243305,39.3279677],[-76.6243266,39.3279508],[-76.6243244,39.3279428],[-76.6243233,39.3279372],[-76.6243232,39.3279327],[-76.6243238,39.3279294],[-76.6243251,39.3279277],[-76.6243269,39.3279259],[-76.6243297,39.3279239],[-76.6243329,39.3279219],[-76.6243414,39.3279178],[-76.6243458,39.3279161],[-76.6243498,39.3279149],[-76.624381,39.3279105],[-76.6243862,39.3279097],[-76.6243891,39.3279479],[-76.6243897,39.327957],[-76.6244027,39.3279643],[-76.624407,39.327967],[-76.6244099,39.3279693],[-76.6244124,39.3279721],[-76.624415,39.3279758],[-76.6244173,39.3279801],[-76.6244188,39.3279835],[-76.6243363,39.3279833]]]}},{"type":"Feature","properties":{"layer":"Vegetation","symbol":3,"class":"Woodland","_tile":"6/27/36"},"geometry":{"type":"Polygon","coordinates":[[[-76.624101,39.3269911],[-76.624086,39.3270012],[-76.624074,39.3270067],[-76.6240593,39.3270133],[-76.6240404,39.3270216],[-76.624025,39.3270279],[-76.6240161,39.327031],[-76.6240119,39.3270325],[-76.6240079,39.3270336],[-76.6240081,39.3269908],[-76.624101,39.3269911]]]}},{"type":"Feature","properties":{"layer":"Vegetation","symbol":3,"class":"Woodland","_tile":"6/27/36"},"geometry":{"type":"Polygon","coordinates":[[[-76.6244461,39.3274955],[-76.6244438,39.3274919],[-76.6244344,39.3274792],[-76.6244274,39.3274711],[-76.6244236,39.3274666],[-76.6244133,39.3274562],[-76.6244085,39.3274521],[-76.6244026,39.327448],[-76.6243981,39.3274448],[-76.6243874,39.3274384],[-76.6243786,39.3274336],[-76.6243696,39.3274289],[-76.62436,39.3274245],[-76.6243525,39.3274213],[-76.6243437,39.3274183],[-76.6243355,39.327416],[-76.6243207,39.3274127],[-76.6243076,39.3274104],[-76.6242939,39.3274084],[-76.624281,39.3274069],[-76.6242783,39.3274068],[-76.6242698,39.3274063],[-76.6242605,39.3274064],[-76.624255,39.327407],[-76.6242496,39.3274084],[-76.6242444,39.3274104],[-76.6242394,39.3274132],[-76.6242345,39.3274168],[-76.6242299,39.3274211],[-76.6242252,39.3274261],[-76.6242205,39.3274321],[-76.6242133,39.3274429],[-76.6242056,39.3274567],[-76.6241957,39.3274764],[-76.6241887,39.327491],[-76.6241868,39.3274947],[-76.6240055,39.3274941],[-76.6240076,39.3270935],[-76.6240111,39.3270928],[-76.6240164,39.3270922],[-76.6240205,39.3270921],[-76.6240249,39.3270926],[-76.6240302,39.3270939],[-76.6240358,39.3270963],[-76.624052,39.3270855],[-76.6240637,39.3270768],[-76.624074,39.3270677],[-76.6240786,39.3270631],[-76.6240831,39.3270581],[-76.624087,39.3270535],[-76.624093,39.3270468],[-76.6240973,39.3270428],[-76.624101,39.3270403],[-76.6241058,39.3270384],[-76.6241121,39.327037],[-76.6241181,39.3270363],[-76.6241225,39.3270365],[-76.6241244,39.3270371],[-76.6241265,39.3270386],[-76.6241285,39.3270406],[-76.6241306,39.3270432],[-76.6241327,39.3270467],[-76.6241344,39.3270502],[-76.6241359,39.3270539],[-76.6241368,39.3270572],[-76.624137,39.3270602],[-76.6241365,39.327064],[-76.6241343,39.3270745],[-76.6241332,39.3270809],[-76.6241317,39.3270898],[-76.6241298,39.3271043],[-76.6241293,39.3271118],[-76.6241291,39.3271211],[-76.62413,39.3271589],[-76.624136,39.3271596],[-76.6241429,39.3271598],[-76.6241509,39.3271597],[-76.6241596,39.3271594],[-76.6241687,39.3271588],[-76.6241773,39.3271579],[-76.6241852,39.3271566],[-76.6241946,39.3271545],[-76.6241968,39.3271539],[-76.6242273,39.3271457],[-76.6242381,39.327143],[-76.624247,39.3271411],[-76.6242544,39.3271402],[-76.6242605,39.3271398],[-76.6242659,39.3271398],[-76.6242749,39.3271402],[-76.6242846,39.3271412],[-76.6243005,39.3271434],[-76.6243424,39.32715],[-76.6243531,39.3271514],[-76.6243626,39.3271523],[-76.624372,39.3271527],[-76.62438,39.3271525],[-76.6243864,39.3271515],[-76.6243918,39.32715],[-76.6243946,39.3271486],[-76.6243975,39.3271469],[-76.6243975,39.3271468],[-76.6244004,39.3271446],[-76.6244033,39.3271419],[-76.6244094,39.3271352],[-76.6244152,39.327127],[-76.6244213,39.3271169],[-76.6244276,39.327105],[-76.6244335,39.3270918],[-76.6244393,39.3270776],[-76.6244418,39.3270703],[-76.6244443,39.3270616],[-76.6244549,39.3270177],[-76.6244581,39.3270076],[-76.6244612,39.3269991],[-76.6244634,39.3269941],[-76.6244644,39.3269922],[-76.6246562,39.3269928],[-76.6246536,39.3274962],[-76.6244461,39.3274955]]]}},{"type":"Feature","properties":{"layer":"Vegetation","symbol":3,"class":"Woodland","_tile":"6/27/37"},"geometry":{"type":"Polygon","coordinates":[[[-76.624116,39.3269668],[-76.6241101,39.326985],[-76.624086,39.3270012],[-76.6240751,39.3270062],[-76.6240081,39.327006],[-76.6240083,39.3269633],[-76.6240107,39.3269629],[-76.6240207,39.3269611],[-76.6240295,39.3269591],[-76.6240382,39.3269568],[-76.6240479,39.3269536],[-76.6240562,39.3269504],[-76.6240587,39.3269494],[-76.6240635,39.3269471],[-76.624069,39.326944],[-76.6240782,39.3269382],[-76.6240824,39.3269355],[-76.6240869,39.3269335],[-76.6240896,39.326933],[-76.6240904,39.3269331],[-76.6240922,39.3269338],[-76.6240927,39.3269343],[-76.624096,39.3269368],[-76.6240999,39.326941],[-76.6241058,39.3269489],[-76.6241093,39.3269544],[-76.624116,39.3269668]]]}},{"type":"Feature","properties":{"layer":"Vegetation","symbol":3,"class":"Woodland","_tile":"6/27/37"},"geometry":{"type":"Polygon","coordinates":[[[-76.6244581,39.3270075],[-76.6244612,39.3269991],[-76.6244634,39.3269941],[-76.6244657,39.3269899],[-76.6244674,39.3269871],[-76.6244705,39.3269831],[-76.6244729,39.3269805],[-76.6244756,39.3269784],[-76.6244785,39.3269769],[-76.6244814,39.3269758],[-76.624484,39.3269754],[-76.6244875,39.3269753],[-76.6244937,39.3269755],[-76.624501,39.3269763],[-76.6245066,39.326977],[-76.6245148,39.3269783],[-76.6245337,39.3269811],[-76.6245395,39.3269819],[-76.6245409,39.3269819],[-76.624545,39.3269822],[-76.6245518,39.3269821],[-76.6245616,39.3269813],[-76.6245671,39.3269805],[-76.6245751,39.3269791],[-76.6245839,39.3269771],[-76.6245929,39.3269745],[-76.6246011,39.3269721],[-76.6246119,39.3269683],[-76.6246217,39.3269644],[-76.6246318,39.3269601],[-76.624642,39.3269554],[-76.6246517,39.3269505],[-76.6246565,39.3269479],[-76.6246561,39.3270081],[-76.6244581,39.3270075]]]}},{"type":"Feature","properties":{"layer":"Vegetation","symbol":2,"class":"Landscape Beds","_tile":"6/27/37"},"geometry":{"type":"Polygon","coordinates":[[[-76.6245615,39.3265045],[-76.6245601,39.3265051],[-76.6245442,39.3265113],[-76.6245317,39.3265153],[-76.6245196,39.3265185],[-76.6245102,39.3265204],[-76.6245065,39.3265207],[-76.6245038,39.3265206],[-76.6244966,39.3265193],[-76.6244909,39.3265134],[-76.6245095,39.3265043],[-76.6245615,39.3265045]]]}},{"type":"Feature","properties":{"layer":"Vegetation","symbol":2,"class":"Landscape Beds","_tile":"6/27/37"},"geometry":{"type":"Polygon","coordinates":[[[-76.6246095,39.3265699],[-76.6246089,39.3265753],[-76.6246084,39.3265769],[-76.6246075,39.3265781],[-76.624605,39.3265788],[-76.6245993,39.3265792],[-76.6245737,39.3265818],[-76.624551,39.3265833],[-76.6245094,39.3265817],[-76.6245011,39.3265799],[-76.6244953,39.3265784],[-76.6244916,39.326577],[-76.6244886,39.3265754],[-76.6244868,39.3265737],[-76.6244848,39.3265713],[-76.624481,39.3265653],[-76.6244795,39.3265613],[-76.6244787,39.326557],[-76.6244789,39.3265551],[-76.6244795,39.3265526],[-76.6244806,39.3265502],[-76.6244815,39.3265485],[-76.6244841,39.3265463],[-76.6244881,39.3265437],[-76.6244911,39.3265425],[-76.6244954,39.3265414],[-76.6245106,39.3265391],[-76.6245205,39.326537],[-76.6245325,39.326534],[-76.6245442,39.3265309],[-76.6245534,39.3265279],[-76.6245753,39.326519],[-76.6245836,39.326516],[-76.6245886,39.3265146],[-76.6245919,39.3265142],[-76.6245935,39.3265143],[-76.624596,39.3265149],[-76.6245983,39.3265159],[-76.6246,39.3265169],[-76.6246013,39.3265188],[-76.6246027,39.3265227],[-76.6246039,39.3265272],[-76.6246051,39.3265333],[-76.6246076,39.3265553],[-76.6246089,39.3265647],[-76.6246095,39.3265699]]]}},{"type":"Feature","properties":{"layer":"Vegetation","symbol":2,"class":"Landscape Beds","_tile":"6/27/37"},"geometry":{"type":"Polygon","coordinates":[[[-76.6243141,39.3265037],[-76.6243186,39.3265095],[-76.6243436,39.3265423],[-76.6243424,39.3265445],[-76.6243427,39.3265467],[-76.6243427,39.3265484],[-76.6243422,39.32655],[-76.6243416,39.3265508],[-76.6243382,39.3265538],[-76.6243258,39.3265549],[-76.6243199,39.3265524],[-76.6243172,39.326551],[-76.6243135,39.326548],[-76.6243054,39.3265399],[-76.6242953,39.326533],[-76.6242883,39.3265277],[-76.6242854,39.326524],[-76.624284,39.3265206],[-76.6242833,39.326517],[-76.6242836,39.3265138],[-76.6242855,39.3265072],[-76.6242861,39.3265036],[-76.6243141,39.3265037]]]}},{"type":"Feature","properties":{"layer":"Vegetation","symbol":1,"class":"Hedgerows","_tile":"6/27/37"},"geometry":{"type":"Polygon","coordinates":[[[-76.624115,39.3266345],[-76.6241044,39.3266366],[-76.6240423,39.3265028],[-76.6240517,39.3265028],[-76.6240699,39.3265436],[-76.6240767,39.3265587],[-76.624115,39.3266345]]]}},{"type":"Feature","properties":{"layer":"Vegetation","symbol":2,"class":"Landscape Beds","_tile":"6/27/38"},"geometry":{"type":"Polygon","coordinates":[[[-76.6246604,39.3261965],[-76.6246149,39.3262176],[-76.6246044,39.3262038],[-76.6246058,39.3261986],[-76.6246126,39.3261928],[-76.6246181,39.3261911],[-76.6246416,39.3261885],[-76.6246485,39.3261869],[-76.6246605,39.3261821],[-76.6246604,39.3261965]]]}},{"type":"Feature","properties":{"layer":"Vegetation","symbol":2,"class":"Landscape Beds","_tile":"6/27/38"},"geometry":{"type":"Polygon","coordinates":[[[-76.6242486,39.3262543],[-76.6242482,39.3262555],[-76.6242474,39.3262566],[-76.6242463,39.3262568],[-76.6242437,39.3262567],[-76.6242363,39.3262568],[-76.6242192,39.3262582],[-76.6242182,39.3262587],[-76.6242161,39.3262604],[-76.6242141,39.3262625],[-76.6242127,39.3262644],[-76.6242116,39.3262668],[-76.624208,39.3262764],[-76.6242071,39.3262781],[-76.6242062,39.3262788],[-76.6242046,39.3262794],[-76.6242031,39.3262795],[-76.6242017,39.3262787],[-76.6242006,39.3262775],[-76.6242004,39.3262749],[-76.6242011,39.3262712],[-76.6242032,39.3262657],[-76.6242063,39.3262602],[-76.624208,39.3262585],[-76.6242112,39.3262557],[-76.6242149,39.3262532],[-76.624217,39.326252],[-76.6242229,39.3262505],[-76.6242326,39.326249],[-76.6242391,39.3262495],[-76.6242477,39.3262506],[-76.6242485,39.3262527],[-76.6242486,39.3262543]]]}},{"type":"Feature","properties":{"layer":"Vegetation","symbol":2,"class":"Landscape Beds","_tile":"6/27/38"},"geometry":{"type":"Polygon","coordinates":[[[-76.6245623,39.3262156],[-76.6245731,39.3262382],[-76.6244079,39.3263144],[-76.6243853,39.3263249],[-76.6243836,39.3263229],[-76.6243731,39.3263093],[-76.6243951,39.326296],[-76.6243986,39.3262928],[-76.6244057,39.3262848],[-76.6244091,39.3262833],[-76.624416,39.3262828],[-76.6244237,39.3262826],[-76.6244357,39.3262821],[-76.6244755,39.3262669],[-76.6245279,39.3262398],[-76.6245423,39.3262251],[-76.6245472,39.3262195],[-76.6245561,39.3262176],[-76.6245623,39.3262156]]]}},{"type":"Feature","properties":{"layer":"Vegetation","symbol":2,"class":"Landscape Beds","_tile":"6/27/38"},"geometry":{"type":"Polygon","coordinates":[[[-76.6245952,39.3264623],[-76.6246086,39.3264796],[-76.6245848,39.3264944],[-76.6245601,39.3265051],[-76.6245442,39.3265113],[-76.6245317,39.3265153],[-76.6245196,39.3265185],[-76.6245143,39.3265196],[-76.6244979,39.3265195],[-76.6244966,39.3265193],[-76.6244909,39.3265134],[-76.6245952,39.3264623]]]}},{"type":"Feature","properties":{"layer":"Vegetation","symbol":2,"class":"Landscape Beds","_tile":"6/27/38"},"geometry":{"type":"Polygon","coordinates":[[[-76.6245736,39.3265198],[-76.6245753,39.326519],[-76.6245836,39.326516],[-76.6245886,39.3265146],[-76.6245919,39.3265142],[-76.6245935,39.3265143],[-76.624596,39.3265149],[-76.6245983,39.3265159],[-76.6246,39.3265169],[-76.6246013,39.3265188],[-76.6246016,39.3265198],[-76.6245736,39.3265198]]]}},{"type":"Feature","properties":{"layer":"Vegetation","symbol":2,"class":"Landscape Beds","_tile":"6/27/38"},"geometry":{"type":"Polygon","coordinates":[[[-76.6243562,39.3263383],[-76.624349,39.3263417],[-76.6242681,39.3263791],[-76.6242315,39.3263959],[-76.6242659,39.326441],[-76.6243186,39.3265095],[-76.6243258,39.326519],[-76.6242836,39.3265188],[-76.6242833,39.326517],[-76.6242836,39.3265138],[-76.6242855,39.3265072],[-76.6242868,39.3265005],[-76.6242866,39.3264954],[-76.6242841,39.3264841],[-76.6242816,39.3264814],[-76.6242752,39.3264759],[-76.6242625,39.3264685],[-76.6242495,39.3264662],[-76.6242439,39.326461],[-76.6242365,39.3264572],[-76.6242209,39.3264468],[-76.6242183,39.3264441],[-76.6242173,39.3264426],[-76.6242153,39.3264378],[-76.6242141,39.3264322],[-76.6242136,39.3264296],[-76.6242128,39.3264208],[-76.6242119,39.3264041],[-76.6242118,39.3263975],[-76.6242111,39.3263906],[-76.6242111,39.3263866],[-76.6242122,39.3263822],[-76.6242141,39.326378],[-76.6242167,39.3263751],[-76.6242201,39.3263725],[-76.6242271,39.3263715],[-76.624237,39.3263695],[-76.6242391,39.3263688],[-76.6242407,39.3263679],[-76.6242428,39.3263658],[-76.6242473,39.3263587],[-76.6242483,39.3263482],[-76.6242497,39.3263434],[-76.6242526,39.3263394],[-76.6242605,39.3263362],[-76.6242669,39.3263348],[-76.624274,39.3263349],[-76.6242911,39.3263415],[-76.624304,39.3263409],[-76.624318,39.3263383],[-76.6243294,39.3263346],[-76.6243344,39.3263336],[-76.6243469,39.3263273],[-76.6243498,39.3263309],[-76.6243562,39.3263383]]]}},{"type":"Feature","properties":{"layer":"Vegetation","symbol":1,"class":"Hedgerows","_tile":"6/27/38"},"geometry":{"type":"Polygon","coordinates":[[[-76.6240495,39.3265181],[-76.6240111,39.3264353],[-76.6240112,39.3264125],[-76.624013,39.3264162],[-76.6240149,39.3264205],[-76.6240585,39.3265181],[-76.6240495,39.3265181]]]}},{"type":"Feature","properties":{"layer":"Vegetation","symbol":1,"class":"Hedgerows","_tile":"6/27/40"},"geometry":{"type":"Polygon","coordinates":[[[-76.6242496,39.3253227],[-76.6242167,39.3253352],[-76.6241839,39.3253291],[-76.624187,39.3253196],[-76.6242232,39.325322],[-76.6242446,39.3253136],[-76.6242496,39.3253227]]]}},{"type":"Feature","properties":{"layer":"Vegetation","symbol":1,"class":"Hedgerows","_tile":"6/27/41"},"geometry":{"type":"Polygon","coordinates":[[[-76.6244429,39.3249106],[-76.6244599,39.324902],[-76.6244602,39.3249026],[-76.6244801,39.3249304],[-76.6244643,39.3249384],[-76.6244617,39.3249397],[-76.6244412,39.3249122],[-76.6244409,39.3249117],[-76.6244429,39.3249106]]]}},{"type":"Feature","properties":{"layer":"Vegetation","symbol":3,"class":"Woodland","_tile":"6/27/42"},"geometry":{"type":"Polygon","coordinates":[[[-76.6246705,39.3242989],[-76.6246694,39.3242982],[-76.6246656,39.3242962],[-76.6246622,39.324295],[-76.6246604,39.3242948],[-76.6246581,39.3242949],[-76.6246532,39.3242955],[-76.624647,39.3242971],[-76.6246421,39.3242991],[-76.6246406,39.3243003],[-76.6246382,39.3243026],[-76.6246314,39.3243123],[-76.6246308,39.3243133],[-76.6246287,39.3243157],[-76.6246273,39.3243169],[-76.6246245,39.3243183],[-76.6246211,39.3243196],[-76.6246141,39.3243215],[-76.6246096,39.3243216],[-76.624609,39.3243217],[-76.6246016,39.3243207],[-76.6245935,39.3243185],[-76.6245882,39.3243163],[-76.6245863,39.3243148],[-76.6245848,39.3243129],[-76.6245834,39.3243108],[-76.6245819,39.3243073],[-76.62458,39.3242994],[-76.6245786,39.3242912],[-76.6245777,39.324285],[-76.6245683,39.324243],[-76.6245637,39.3242188],[-76.6245616,39.3242101],[-76.6245605,39.3242064],[-76.6245569,39.3241956],[-76.6245543,39.32419],[-76.6245514,39.3241852],[-76.6245487,39.3241817],[-76.6245429,39.3241767],[-76.6245328,39.3241692],[-76.6245239,39.3241633],[-76.6245014,39.3241494],[-76.6244952,39.3241451],[-76.6244909,39.3241416],[-76.6244878,39.3241387],[-76.6244842,39.3241349],[-76.6244836,39.3241341],[-76.6244779,39.3241264],[-76.624477,39.324125],[-76.6244723,39.324117],[-76.624467,39.3241058],[-76.6244628,39.3240945],[-76.62446,39.3240835],[-76.6244589,39.3240743],[-76.6244589,39.3240699],[-76.6244594,39.3240664],[-76.6244602,39.3240637],[-76.6246257,39.3240642],[-76.6246221,39.3240702],[-76.6246209,39.3240723],[-76.6246183,39.3240779],[-76.6246161,39.3240833],[-76.6246148,39.3240877],[-76.6246142,39.3240917],[-76.6246146,39.3240967],[-76.6246164,39.3241033],[-76.6246196,39.3241102],[-76.6246245,39.3241186],[-76.624631,39.3241279],[-76.6246382,39.3241368],[-76.6246461,39.3241458],[-76.6246542,39.3241538],[-76.624658,39.324157],[-76.6246622,39.3241603],[-76.6246712,39.324166],[-76.6246705,39.3242989]]]}},{"type":"Feature","properties":{"layer":"Vegetation","symbol":3,"class":"Woodland","_tile":"6/27/43"},"geometry":{"type":"Polygon","coordinates":[[[-76.6244595,39.3240789],[-76.6244589,39.3240743],[-76.6244589,39.3240699],[-76.6244594,39.3240664],[-76.6244611,39.324061],[-76.6244643,39.324055],[-76.6244688,39.3240487],[-76.6244728,39.324044],[-76.624475,39.3240415],[-76.624483,39.3240331],[-76.6244855,39.324031],[-76.6244917,39.3240253],[-76.6245007,39.3240177],[-76.6245114,39.3240098],[-76.6245165,39.3240064],[-76.6245225,39.3240029],[-76.6245291,39.3239993],[-76.62453,39.323999],[-76.6245362,39.3239959],[-76.6245492,39.3239905],[-76.624556,39.3239883],[-76.6245609,39.323987],[-76.6245615,39.323987],[-76.6245644,39.3239866],[-76.6245696,39.3239861],[-76.6245813,39.323986],[-76.6245931,39.3239871],[-76.6245983,39.323988],[-76.6246029,39.3239891],[-76.6246084,39.3239911],[-76.6246146,39.3239941],[-76.6246214,39.3239981],[-76.6246263,39.3240016],[-76.6246288,39.3240041],[-76.6246343,39.324011],[-76.624635,39.3240141],[-76.6246407,39.3240412],[-76.6246402,39.3240416],[-76.6246285,39.3240594],[-76.6246221,39.3240702],[-76.6246209,39.3240723],[-76.6246183,39.3240779],[-76.6246176,39.3240795],[-76.6244595,39.3240789]]]}},{"type":"Feature","properties":{"layer":"Vegetation","symbol":1,"class":"Hedgerows","_tile":"6/27/43"},"geometry":{"type":"Polygon","coordinates":[[[-76.624433,39.3237458],[-76.6244341,39.3237474],[-76.6244321,39.3237481],[-76.6244231,39.3237516],[-76.6244158,39.3237438],[-76.6243977,39.3237537],[-76.6243973,39.3237556],[-76.6243989,39.3237594],[-76.6244024,39.3237624],[-76.6244088,39.3237673],[-76.62441,39.323769],[-76.6244135,39.3237732],[-76.6244182,39.3237792],[-76.6244126,39.3237816],[-76.624411,39.3237823],[-76.6244106,39.323782],[-76.6243982,39.3237675],[-76.6243979,39.3237674],[-76.62439,39.323754],[-76.6243902,39.3237525],[-76.6243903,39.3237523],[-76.6243906,39.323752],[-76.6243946,39.3237472],[-76.6244242,39.3237331],[-76.624433,39.3237458]]]}},{"type":"Feature","properties":{"layer":"Vegetation","symbol":1,"class":"Hedgerows","_tile":"6/27/43"},"geometry":{"type":"Polygon","coordinates":[[[-76.6243557,39.3238017],[-76.6243494,39.3238033],[-76.6243486,39.3238021],[-76.6243392,39.323789],[-76.6243312,39.3237877],[-76.6243108,39.3237961],[-76.6243015,39.3238015],[-76.6243013,39.3238081],[-76.6243016,39.3238109],[-76.6242987,39.3238134],[-76.6242911,39.3238195],[-76.6242879,39.3238204],[-76.6242824,39.3238218],[-76.6242779,39.3238213],[-76.6242764,39.3238211],[-76.624272,39.3238164],[-76.6242708,39.3238108],[-76.6242709,39.3238104],[-76.6242722,39.3238067],[-76.624282,39.3238022],[-76.6242917,39.3237968],[-76.6243065,39.3237903],[-76.6243128,39.3237859],[-76.6243374,39.3237723],[-76.6243472,39.323788],[-76.624351,39.3237943],[-76.6243557,39.3238017]]]}},{"type":"Feature","properties":{"layer":"Vegetation","symbol":1,"class":"Hedgerows","_tile":"6/27/43"},"geometry":{"type":"Polygon","coordinates":[[[-76.6243646,39.3238193],[-76.6243319,39.3238322],[-76.6243301,39.3238245],[-76.6243575,39.3238091],[-76.6243581,39.3238098],[-76.6243646,39.3238193]]]}},{"type":"Feature","properties":{"layer":"Vegetation","symbol":3,"class":"Woodland","_tile":"6/28/32"},"geometry":{"type":"Polygon","coordinates":[[[-76.6233693,39.3289411],[-76.6234691,39.3289414],[-76.6234677,39.3289445],[-76.6234661,39.328949],[-76.6234653,39.3289531],[-76.623465,39.3289566],[-76.6234656,39.3289594],[-76.6234671,39.3289626],[-76.6234702,39.3289662],[-76.6234744,39.3289701],[-76.6234798,39.3289741],[-76.6234865,39.3289784],[-76.623494,39.3289826],[-76.6235017,39.3289865],[-76.6235093,39.3289898],[-76.6235184,39.328993],[-76.6235289,39.3289962],[-76.6235406,39.3289992],[-76.6235536,39.3290021],[-76.6235677,39.3290048],[-76.6235839,39.3290075],[-76.6236284,39.3290141],[-76.6236642,39.3290374],[-76.6236897,39.3290544],[-76.6237024,39.3290631],[-76.6237214,39.3290764],[-76.6237304,39.3290831],[-76.6237389,39.3290895],[-76.6237472,39.329096],[-76.6237616,39.3291079],[-76.6237735,39.3291189],[-76.623779,39.3291244],[-76.6237875,39.3291342],[-76.6237971,39.3291472],[-76.6238024,39.3291549],[-76.6238128,39.3291712],[-76.6238173,39.3291789],[-76.6238211,39.3291856],[-76.6238225,39.3291882],[-76.6238252,39.3291942],[-76.623829,39.3292039],[-76.6238313,39.3292109],[-76.6238334,39.3292184],[-76.6238373,39.329235],[-76.6238394,39.3292461],[-76.6238418,39.3292615],[-76.6238431,39.329271],[-76.6238456,39.3292933],[-76.6238504,39.3293429],[-76.6238521,39.3293583],[-76.6238541,39.3293704],[-76.6238585,39.3293922],[-76.6238612,39.3294036],[-76.623864,39.3294142],[-76.6238667,39.3294237],[-76.6238692,39.3294322],[-76.6238718,39.3294396],[-76.6238744,39.329446],[-76.6233667,39.3294444],[-76.623367,39.3293861],[-76.6233851,39.3293869],[-76.6233981,39.3293871],[-76.623404,39.329387],[-76.6234092,39.3293868],[-76.6234173,39.3293861],[-76.6234196,39.3293857],[-76.6234239,39.329385],[-76.6234259,39.3293845],[-76.6234297,39.3293835],[-76.623433,39.3293823],[-76.6234342,39.3293816],[-76.6234357,39.3293809],[-76.6234379,39.3293793],[-76.6234398,39.3293776],[-76.6234428,39.3293732],[-76.6234449,39.3293694],[-76.6234459,39.329367],[-76.6234486,39.3293598],[-76.6234508,39.329352],[-76.6234519,39.3293452],[-76.6234519,39.329343],[-76.6234515,39.3293386],[-76.6234509,39.329336],[-76.6234489,39.3293311],[-76.6234477,39.3293288],[-76.623446,39.3293261],[-76.6234442,39.3293235],[-76.6234422,39.3293207],[-76.6234401,39.3293181],[-76.6234376,39.3293153],[-76.623432,39.3293097],[-76.6234288,39.3293067],[-76.6234254,39.3293038],[-76.6234219,39.3293009],[-76.6234178,39.3292978],[-76.6234097,39.3292919],[-76.6234008,39.3292862],[-76.6233964,39.3292835],[-76.6233915,39.3292806],[-76.6233821,39.3292757],[-76.6233733,39.3292715],[-76.6233676,39.3292691],[-76.6233693,39.3289411]],[[-76.6240174,39.3289432],[-76.6240156,39.3292974],[-76.6240116,39.3292822],[-76.624007,39.3292652],[-76.6240023,39.3292492],[-76.6239976,39.3292346],[-76.6239928,39.3292207],[-76.6239881,39.3292082],[-76.6239834,39.3291969],[-76.623981,39.3291915],[-76.6239763,39.3291818],[-76.6239694,39.3291692],[-76.6239602,39.3291533],[-76.6239596,39.3291525],[-76.6239551,39.3291451],[-76.6239504,39.3291375],[-76.6239402,39.3291218],[-76.6239354,39.329115],[-76.62393,39.329108],[-76.6239273,39.3291046],[-76.6239215,39.3290976],[-76.6239097,39.3290846],[-76.6239007,39.3290756],[-76.623892,39.3290679],[-76.6238865,39.3290633],[-76.6238809,39.3290591],[-76.6238781,39.3290572],[-76.6238729,39.3290539],[-76.6238651,39.3290497],[-76.6238602,39.3290475],[-76.6238555,39.3290458],[-76.6238504,39.3290445],[-76.6238435,39.3290432],[-76.623836,39.329042],[-76.6238323,39.3290415],[-76.623829,39.3290409],[-76.623821,39.3290398],[-76.6238201,39.3290395],[-76.6238185,39.3290394],[-76.6238069,39.3290372],[-76.6238012,39.3290358],[-76.6237972,39.3290342],[-76.6237951,39.329033],[-76.6237937,39.3290319],[-76.6237926,39.3290307],[-76.6237916,39.3290293],[-76.6237898,39.3290262],[-76.6237882,39.3290221],[-76.623787,39.3290175],[-76.6237861,39.3290134],[-76.6237853,39.3290077],[-76.6237844,39.3290029],[-76.6237841,39.3290003],[-76.6237832,39.328995],[-76.6237815,39.3289866],[-76.6237744,39.3289667],[-76.6237666,39.3289424],[-76.6240174,39.3289432]]]}},{"type":"Feature","properties":{"layer":"Vegetation","symbol":3,"class":"Woodland","_tile":"6/28/33"},"geometry":{"type":"Polygon","coordinates":[[[-76.6233719,39.328453],[-76.62402,39.3284551],[-76.6240197,39.3285133],[-76.6240023,39.3285047],[-76.6239935,39.3284998],[-76.6239674,39.3284843],[-76.6239539,39.3284771],[-76.6239469,39.3284741],[-76.6239409,39.3284721],[-76.6239355,39.328471],[-76.6239311,39.3284709],[-76.6239288,39.3284712],[-76.6239263,39.3284719],[-76.623921,39.3284747],[-76.6239149,39.3284789],[-76.6239082,39.328485],[-76.6238984,39.328495],[-76.6238829,39.3285131],[-76.6238702,39.3285276],[-76.6238631,39.3285366],[-76.6238572,39.3285443],[-76.6238566,39.3285452],[-76.6238527,39.3285513],[-76.6238504,39.3285564],[-76.6238498,39.3285581],[-76.6238467,39.3285688],[-76.6238441,39.3285802],[-76.6238388,39.3286087],[-76.6238377,39.3286154],[-76.6239001,39.3286433],[-76.6239182,39.328651],[-76.6239332,39.328657],[-76.6239486,39.3286628],[-76.6239655,39.3286687],[-76.6239826,39.3286745],[-76.6239995,39.3286797],[-76.6240124,39.3286836],[-76.6240188,39.3286854],[-76.6240174,39.3289584],[-76.6237716,39.3289576],[-76.6237596,39.328921],[-76.6237554,39.3289099],[-76.6237511,39.3289012],[-76.6237484,39.3288964],[-76.6237457,39.3288924],[-76.6237426,39.3288889],[-76.6237394,39.328886],[-76.6237362,39.3288837],[-76.6237327,39.3288822],[-76.6237292,39.3288811],[-76.6237252,39.3288805],[-76.623719,39.3288805],[-76.6237112,39.3288812],[-76.6237015,39.3288826],[-76.6236917,39.3288843],[-76.6236831,39.3288861],[-76.6236782,39.3288871],[-76.6236654,39.3288902],[-76.6236545,39.3288931],[-76.6236527,39.3288936],[-76.6236418,39.3288969],[-76.6236315,39.3289006],[-76.6236187,39.3289055],[-76.6236001,39.328913],[-76.6235858,39.3289183],[-76.6235744,39.3289221],[-76.6235657,39.3289245],[-76.6235609,39.3289255],[-76.6235578,39.3289262],[-76.6235509,39.3289271],[-76.623546,39.3289272],[-76.6235396,39.3289271],[-76.6235087,39.3289244],[-76.6234957,39.328924],[-76.6234894,39.3289244],[-76.6234845,39.3289252],[-76.6234805,39.3289267],[-76.6234776,39.3289286],[-76.623475,39.3289314],[-76.6234722,39.3289353],[-76.6234698,39.3289397],[-76.6234677,39.3289445],[-76.6234661,39.328949],[-76.6234653,39.3289531],[-76.623465,39.3289566],[-76.6233693,39.3289563],[-76.6233719,39.328453]]]}},{"type":"Feature","properties":{"layer":"Vegetation","symbol":3,"class":"Woodland","_tile":"6/28/34"},"geometry":{"type":"Polygon","coordinates":[[[-76.6233729,39.3282745],[-76.6233773,39.3282749],[-76.6233867,39.3282754],[-76.6234003,39.3282757],[-76.6234234,39.3282754],[-76.6234852,39.3282735],[-76.6235114,39.328273],[-76.6235251,39.3282732],[-76.6235366,39.3282735],[-76.623547,39.3282741],[-76.6235559,39.328275],[-76.6235703,39.328277],[-76.6235866,39.3282801],[-76.6235883,39.3282806],[-76.6236005,39.3282833],[-76.6236116,39.3282865],[-76.6236188,39.3282893],[-76.6236263,39.3282931],[-76.6236342,39.3282979],[-76.6236425,39.3283036],[-76.6236518,39.3283108],[-76.6236521,39.3283111],[-76.6236622,39.3283195],[-76.6236904,39.3283445],[-76.6236961,39.3283497],[-76.6237049,39.3283571],[-76.6237129,39.3283634],[-76.623721,39.3283692],[-76.6237297,39.3283747],[-76.6237372,39.3283784],[-76.6237445,39.3283811],[-76.6237536,39.3283832],[-76.6237651,39.3283848],[-76.6237783,39.3283857],[-76.623793,39.328386],[-76.6238094,39.3283855],[-76.6238263,39.3283844],[-76.623843,39.3283825],[-76.6238556,39.3283804],[-76.6238598,39.3283795],[-76.6238644,39.3283783],[-76.6238738,39.3283752],[-76.6238851,39.3283705],[-76.6238968,39.3283648],[-76.6239082,39.3283588],[-76.6239164,39.3283542],[-76.6239539,39.3283318],[-76.6239552,39.3283309],[-76.6239666,39.3283243],[-76.6239756,39.3283192],[-76.6239842,39.3283146],[-76.6239921,39.3283108],[-76.6239993,39.3283077],[-76.6240064,39.3283051],[-76.6240156,39.3283022],[-76.6240208,39.3283008],[-76.6240199,39.3284703],[-76.6233719,39.3284683],[-76.6233729,39.3282745]]]}},{"type":"Feature","properties":{"layer":"Vegetation","symbol":3,"class":"Woodland","_tile":"6/28/34"},"geometry":{"type":"Polygon","coordinates":[[[-76.6235189,39.3279654],[-76.6235094,39.3279731],[-76.6235015,39.3279792],[-76.6234946,39.3279839],[-76.6234869,39.3279885],[-76.6234801,39.3279918],[-76.623474,39.3279941],[-76.6234684,39.327995],[-76.6234627,39.3279949],[-76.623456,39.3279937],[-76.623448,39.3279915],[-76.623439,39.3279881],[-76.6234284,39.3279837],[-76.623418,39.3279785],[-76.6234089,39.3279734],[-76.6234035,39.3279701],[-76.6234007,39.3279682],[-76.6233974,39.3279658],[-76.6233965,39.327965],[-76.6235189,39.3279654]]]}},{"type":"Feature","properties":{"layer":"Vegetation","symbol":3,"class":"Woodland","_tile":"6/28/35"},"geometry":{"type":"Polygon","coordinates":[[[-76.6233771,39.3275878],[-76.6233765,39.3275883],[-76.6233771,39.3274768],[-76.6234759,39.3274772],[-76.6234557,39.327504],[-76.6234435,39.3275196],[-76.6234356,39.3275293],[-76.6234262,39.3275405],[-76.6234172,39.3275506],[-76.6234084,39.3275599],[-76.6234,39.3275684],[-76.6233913,39.3275764],[-76.6233828,39.3275834],[-76.6233771,39.3275878]]]}},{"type":"Feature","properties":{"layer":"Vegetation","symbol":3,"class":"Woodland","_tile":"6/28/35"},"geometry":{"type":"Polygon","coordinates":[[[-76.6240233,39.3278312],[-76.6240161,39.3278308],[-76.6240009,39.3278302],[-76.6239982,39.3278301],[-76.6239891,39.3278302],[-76.6239865,39.3278303],[-76.6239811,39.3278305],[-76.6239764,39.3278309],[-76.6239741,39.3278311],[-76.6239678,39.3278321],[-76.6239616,39.3278333],[-76.6239541,39.3278355],[-76.6239463,39.3278379],[-76.6239378,39.327841],[-76.6239363,39.3278417],[-76.6239177,39.3278493],[-76.6239121,39.3278517],[-76.6239026,39.327856],[-76.6238732,39.327869],[-76.6238728,39.3278692],[-76.6238545,39.327877],[-76.6238445,39.3278808],[-76.6238357,39.3278837],[-76.6238277,39.3278861],[-76.6238207,39.3278877],[-76.6238145,39.3278886],[-76.6238078,39.3278895],[-76.6237909,39.3278907],[-76.6237723,39.3278914],[-76.6237235,39.3278923],[-76.6237108,39.3278928],[-76.6237006,39.3278936],[-76.6236923,39.3278947],[-76.6236831,39.3278962],[-76.6236629,39.3279002],[-76.623641,39.3279055],[-76.6236189,39.327912],[-76.6235982,39.327919],[-76.6235814,39.3279257],[-76.6235794,39.3279264],[-76.623572,39.3279297],[-76.6235633,39.3279338],[-76.6235619,39.3279347],[-76.6235565,39.3279375],[-76.6235502,39.3279412],[-76.623542,39.3279471],[-76.6235397,39.3279487],[-76.6235332,39.3279538],[-76.6235094,39.3279731],[-76.6235015,39.3279792],[-76.6234993,39.3279806],[-76.6234217,39.3279803],[-76.623418,39.3279785],[-76.6234089,39.3279734],[-76.6234035,39.3279701],[-76.6234007,39.3279682],[-76.6233974,39.3279658],[-76.6233937,39.3279625],[-76.623392,39.3279607],[-76.6233902,39.3279588],[-76.6233869,39.3279546],[-76.6233838,39.3279501],[-76.6233809,39.3279449],[-76.623378,39.3279392],[-76.6233755,39.3279332],[-76.6233747,39.3279311],[-76.6233754,39.327805],[-76.6233791,39.3277956],[-76.6233822,39.3277887],[-76.6233855,39.3277825],[-76.6233889,39.3277769],[-76.6233924,39.3277719],[-76.623396,39.3277675],[-76.6233995,39.327764],[-76.623404,39.3277605],[-76.6234095,39.3277571],[-76.6234138,39.3277548],[-76.6234163,39.3277535],[-76.6234245,39.3277498],[-76.6234418,39.3277428],[-76.6234544,39.3277382],[-76.623483,39.3277277],[-76.6235159,39.3277141],[-76.6235309,39.3277076],[-76.6235447,39.3277012],[-76.6235576,39.327695],[-76.6235693,39.327689],[-76.6235801,39.327683],[-76.6235898,39.3276772],[-76.6235973,39.3276723],[-76.6235986,39.3276715],[-76.6236061,39.3276661],[-76.6236126,39.3276609],[-76.6236181,39.3276556],[-76.6236225,39.3276507],[-76.6236249,39.327647],[-76.6236259,39.3276458],[-76.623628,39.3276411],[-76.6236291,39.3276365],[-76.6236292,39.3276315],[-76.6236283,39.3276245],[-76.623622,39.3275954],[-76.6236209,39.3275873],[-76.6236201,39.3275775],[-76.6236198,39.3275671],[-76.6236199,39.3275567],[-76.6236205,39.3275472],[-76.6236215,39.3275388],[-76.6236229,39.3275314],[-76.6236248,39.3275251],[-76.6236262,39.3275216],[-76.6236282,39.3275179],[-76.6236298,39.3275158],[-76.6236307,39.3275142],[-76.6236336,39.3275106],[-76.623641,39.3275027],[-76.6236506,39.3274944],[-76.6236539,39.3274777],[-76.6240252,39.3274789],[-76.6240233,39.3278312]]]}},{"type":"Feature","properties":{"layer":"Vegetation","symbol":3,"class":"Woodland","_tile":"6/28/36"},"geometry":{"type":"Polygon","coordinates":[[[-76.6240276,39.3270268],[-76.624025,39.3270279],[-76.6240161,39.327031],[-76.6240119,39.3270325],[-76.6239964,39.3270367],[-76.623977,39.3270411],[-76.6239534,39.3270455],[-76.6239313,39.3270489],[-76.6239215,39.32705],[-76.6239101,39.3270509],[-76.6239003,39.3270513],[-76.6238906,39.3270513],[-76.6238826,39.327051],[-76.6238754,39.3270502],[-76.6238704,39.3270492],[-76.6238699,39.3270492],[-76.6238656,39.3270478],[-76.6238635,39.3270467],[-76.6238615,39.3270454],[-76.6238578,39.3270418],[-76.6238539,39.3270366],[-76.6238504,39.3270304],[-76.6238469,39.3270227],[-76.623844,39.3270147],[-76.623841,39.3270049],[-76.6238384,39.3269949],[-76.6238377,39.3269902],[-76.6240278,39.3269908],[-76.6240276,39.3270268]]]}},{"type":"Feature","properties":{"layer":"Vegetation","symbol":3,"class":"Woodland","_tile":"6/28/36"},"geometry":{"type":"Polygon","coordinates":[[[-76.6233797,39.3269888],[-76.6235216,39.3269892],[-76.6235259,39.3269934],[-76.6235419,39.3270086],[-76.6235487,39.3270148],[-76.6235601,39.3270252],[-76.6235696,39.3270343],[-76.6235777,39.3270428],[-76.623583,39.3270494],[-76.6235863,39.3270548],[-76.6235894,39.3270614],[-76.6235921,39.3270693],[-76.6235943,39.327078],[-76.6235961,39.327088],[-76.6235976,39.3270983],[-76.6235985,39.3271091],[-76.6235987,39.3271196],[-76.6235981,39.3271294],[-76.6235962,39.3271415],[-76.6235935,39.3271544],[-76.6235899,39.3271673],[-76.6235861,39.3271787],[-76.6235823,39.3271878],[-76.6235785,39.327194],[-76.6235768,39.3271958],[-76.6235752,39.3271971],[-76.6235741,39.3271973],[-76.6235728,39.3271974],[-76.6235704,39.3271965],[-76.6235666,39.3271938],[-76.6235637,39.3271911],[-76.6235557,39.327182],[-76.6235458,39.3271691],[-76.6235318,39.3271508],[-76.6235196,39.3271363],[-76.6235131,39.3271294],[-76.6235071,39.3271241],[-76.6235016,39.3271199],[-76.6234961,39.3271166],[-76.6234915,39.3271147],[-76.6234861,39.3271129],[-76.6234774,39.3271109],[-76.6234731,39.32711],[-76.623463,39.3271086],[-76.6234501,39.3271074],[-76.6234418,39.3271072],[-76.6234339,39.3271071],[-76.6234299,39.3271073],[-76.623419,39.3271081],[-76.6234125,39.3271089],[-76.6234068,39.32711],[-76.6234021,39.3271115],[-76.6233981,39.327113],[-76.623395,39.3271149],[-76.6233935,39.3271163],[-76.6233921,39.3271183],[-76.623391,39.3271207],[-76.6233902,39.3271233],[-76.6233891,39.3271299],[-76.6233889,39.3271379],[-76.6233896,39.3271476],[-76.6233914,39.3271586],[-76.6233939,39.3271702],[-76.6233971,39.3271804],[-76.6233992,39.3271858],[-76.6234023,39.3271917],[-76.6234061,39.327198],[-76.6234123,39.3272068],[-76.6234227,39.3272198],[-76.6234521,39.3272546],[-76.6234585,39.3272633],[-76.6234626,39.3272701],[-76.6234644,39.3272744],[-76.6234659,39.3272791],[-76.6234686,39.3272906],[-76.6234704,39.3273028],[-76.6234753,39.3273414],[-76.6234761,39.3273568],[-76.6234772,39.3273739],[-76.6234784,39.3273933],[-76.623483,39.3274677],[-76.6234645,39.3274924],[-76.623377,39.3274921],[-76.6233797,39.3269888]]]}},{"type":"Feature","properties":{"layer":"Vegetation","symbol":3,"class":"Woodland","_tile":"6/28/36"},"geometry":{"type":"Polygon","coordinates":[[[-76.6236509,39.327493],[-76.6236599,39.3274477],[-76.6236667,39.3274154],[-76.6236732,39.3273885],[-76.6236793,39.3273668],[-76.6236857,39.3273483],[-76.6236949,39.3273243],[-76.623706,39.3272975],[-76.6237157,39.3272755],[-76.6237218,39.3272633],[-76.62373,39.3272481],[-76.6237656,39.3271866],[-76.6237655,39.3271846],[-76.6237655,39.3271813],[-76.6237661,39.3271779],[-76.6237671,39.3271748],[-76.6237684,39.3271721],[-76.6237703,39.3271696],[-76.6237745,39.3271658],[-76.6237802,39.3271618],[-76.6237876,39.3271573],[-76.6237951,39.3271533],[-76.6237962,39.3271529],[-76.6238046,39.3271492],[-76.6238125,39.3271464],[-76.6238192,39.3271446],[-76.6238251,39.3271439],[-76.6238284,39.3271442],[-76.6238286,39.3271443],[-76.6238327,39.3271454],[-76.6238367,39.3271472],[-76.6238413,39.3271498],[-76.6238463,39.3271534],[-76.6238517,39.3271578],[-76.6238686,39.3271731],[-76.6238752,39.3271792],[-76.6238807,39.3271839],[-76.6238854,39.3271875],[-76.6238911,39.3271912],[-76.623896,39.3271936],[-76.6239003,39.327195],[-76.6239046,39.3271955],[-76.6239079,39.3271952],[-76.6239118,39.3271945],[-76.6239164,39.3271932],[-76.6239218,39.3271913],[-76.623927,39.3271892],[-76.6239324,39.3271867],[-76.623937,39.3271842],[-76.6239405,39.3271819],[-76.6239432,39.3271796],[-76.6239456,39.3271766],[-76.6239478,39.3271729],[-76.6239498,39.3271681],[-76.6239526,39.3271586],[-76.6239577,39.3271368],[-76.6239591,39.3271322],[-76.6239606,39.3271285],[-76.6239654,39.3271205],[-76.6239718,39.3271121],[-76.6239785,39.327105],[-76.6239815,39.3271023],[-76.6239844,39.3271003],[-76.6239873,39.3270988],[-76.6239907,39.3270975],[-76.6239952,39.3270961],[-76.6240002,39.3270948],[-76.6240111,39.3270928],[-76.6240164,39.3270922],[-76.6240205,39.3270921],[-76.6240249,39.3270926],[-76.6240272,39.3270932],[-76.6240251,39.3274942],[-76.6236509,39.327493]]]}},{"type":"Feature","properties":{"layer":"Vegetation","symbol":3,"class":"Woodland","_tile":"6/28/37"},"geometry":{"type":"Polygon","coordinates":[[[-76.6238411,39.3270055],[-76.623841,39.3270049],[-76.6238384,39.3269949],[-76.6238374,39.3269883],[-76.623837,39.3269811],[-76.623837,39.3269733],[-76.6238377,39.3269643],[-76.623839,39.3269542],[-76.6238405,39.3269446],[-76.6238426,39.3269356],[-76.6238449,39.3269271],[-76.6238482,39.3269185],[-76.6238519,39.3269108],[-76.6238559,39.3269046],[-76.6238584,39.3269018],[-76.6238603,39.3269001],[-76.6238647,39.3268975],[-76.6238706,39.3268951],[-76.6238767,39.3268932],[-76.6238822,39.3268922],[-76.6238852,39.3268921],[-76.6238884,39.3268922],[-76.6238953,39.3268933],[-76.6239034,39.3268954],[-76.62391,39.3268979],[-76.6239129,39.3268997],[-76.6239155,39.3269022],[-76.6239179,39.326905],[-76.6239201,39.3269085],[-76.6239242,39.3269171],[-76.6239304,39.3269329],[-76.6239328,39.3269379],[-76.6239349,39.3269413],[-76.6239383,39.3269455],[-76.6239428,39.3269501],[-76.6239476,39.3269545],[-76.6239511,39.3269572],[-76.6239552,39.3269597],[-76.6239601,39.3269618],[-76.6239656,39.3269634],[-76.6239718,39.3269643],[-76.6239782,39.3269649],[-76.6239862,39.3269651],[-76.6239934,39.3269649],[-76.624002,39.3269642],[-76.6240107,39.3269629],[-76.6240207,39.3269611],[-76.624028,39.3269595],[-76.6240277,39.3270061],[-76.6238411,39.3270055]]]}},{"type":"Feature","properties":{"layer":"Vegetation","symbol":3,"class":"Woodland","_tile":"6/28/37"},"geometry":{"type":"Polygon","coordinates":[[[-76.6233811,39.3267323],[-76.6233856,39.3267385],[-76.6233934,39.3267499],[-76.6234003,39.3267606],[-76.6234059,39.3267708],[-76.6234091,39.326777],[-76.6234121,39.3267841],[-76.6234184,39.326802],[-76.6234242,39.3268214],[-76.6234347,39.3268587],[-76.6234418,39.3268817],[-76.6234453,39.3268913],[-76.6234486,39.3268995],[-76.623452,39.3269069],[-76.6234553,39.3269131],[-76.6234605,39.3269213],[-76.6234673,39.3269307],[-76.6234759,39.3269412],[-76.6234862,39.3269529],[-76.6234945,39.3269616],[-76.6234978,39.3269653],[-76.6235042,39.3269719],[-76.6235111,39.3269789],[-76.6235186,39.3269862],[-76.6235259,39.3269934],[-76.6235377,39.3270045],[-76.6233796,39.327004],[-76.6233811,39.3267323]]]}},{"type":"Feature","properties":{"layer":"Vegetation","symbol":1,"class":"Hedgerows","_tile":"6/28/38"},"geometry":{"type":"Polygon","coordinates":[[[-76.6240305,39.326477],[-76.6239747,39.3263566],[-76.6239824,39.3263541],[-76.624013,39.3264162],[-76.6240149,39.3264205],[-76.6240306,39.3264557],[-76.6240305,39.326477]]]}},{"type":"Feature","properties":{"layer":"Vegetation","symbol":1,"class":"Hedgerows","_tile":"6/28/42"},"geometry":{"type":"Polygon","coordinates":[[[-76.6234332,39.324077],[-76.6234321,39.3240797],[-76.6234283,39.3240835],[-76.6233951,39.3240983],[-76.6233952,39.3240704],[-76.6233986,39.3240685],[-76.6234094,39.3240663],[-76.6234175,39.3240667],[-76.6234242,39.3240672],[-76.6234255,39.3240672],[-76.6234328,39.3240704],[-76.6234342,39.3240745],[-76.6234332,39.324077]]]}},{"type":"Feature","properties":{"layer":"Vegetation","symbol":1,"class":"Hedgerows","_tile":"6/28/42"},"geometry":{"type":"Polygon","coordinates":[[[-76.6233942,39.3242526],[-76.6234436,39.3242299],[-76.6234512,39.3242399],[-76.6233942,39.3242662],[-76.6233942,39.3242526]]]}},{"type":"Feature","properties":{"layer":"Vegetation","symbol":1,"class":"Hedgerows","_tile":"6/28/43"},"geometry":{"type":"Polygon","coordinates":[[[-76.6234219,39.3238508],[-76.6234217,39.323851],[-76.6234204,39.3238554],[-76.6234166,39.3238612],[-76.6234089,39.3238665],[-76.6234044,39.3238669],[-76.6233963,39.3238653],[-76.6233965,39.3238217],[-76.6234219,39.3238508]]]}},{"type":"Feature","properties":{"layer":"Vegetation","symbol":1,"class":"Hedgerows","_tile":"6/28/43"},"geometry":{"type":"Polygon","coordinates":[[[-76.6233952,39.3240755],[-76.6233952,39.3240704],[-76.6233986,39.3240685],[-76.6234094,39.3240663],[-76.6234175,39.3240667],[-76.6234242,39.3240672],[-76.6234255,39.3240672],[-76.6234328,39.3240704],[-76.6234342,39.3240745],[-76.6234337,39.3240757],[-76.6233952,39.3240755]]]}},{"type":"Feature","properties":{"layer":"Vegetation","symbol":3,"class":"Woodland","_tile":"6/29/32"},"geometry":{"type":"Polygon","coordinates":[[[-76.6228826,39.3294429],[-76.6228832,39.3294412],[-76.6228852,39.3294345],[-76.6228887,39.329421],[-76.6228892,39.3294186],[-76.6228898,39.3294131],[-76.62289,39.3294093],[-76.6228899,39.3294055],[-76.6228893,39.3294009],[-76.6228881,39.3293974],[-76.6228876,39.3293965],[-76.622887,39.3293958],[-76.6228855,39.3293945],[-76.6228844,39.3293938],[-76.6228813,39.3293923],[-76.6228777,39.3293911],[-76.6228757,39.3293906],[-76.6228731,39.3293903],[-76.6228711,39.3293903],[-76.6228686,39.3293905],[-76.6228654,39.3293912],[-76.6228621,39.3293924],[-76.6228618,39.3293927],[-76.6228612,39.3293931],[-76.6228603,39.329395],[-76.62286,39.3293961],[-76.6228593,39.3293996],[-76.6228587,39.3294082],[-76.6228588,39.3294194],[-76.6228584,39.3294249],[-76.6228573,39.3294323],[-76.6228555,39.3294394],[-76.6228544,39.3294426],[-76.6228542,39.3294428],[-76.6227485,39.3294424],[-76.6227534,39.329438],[-76.622759,39.3294328],[-76.6227636,39.3294281],[-76.6227652,39.3294262],[-76.6227664,39.3294244],[-76.6227689,39.3294203],[-76.6227713,39.3294153],[-76.6227735,39.32941],[-76.6227752,39.3294043],[-76.6227763,39.3293989],[-76.6227765,39.3293966],[-76.6227765,39.3293924],[-76.6227764,39.3293916],[-76.6227762,39.3293904],[-76.6227755,39.3293879],[-76.622775,39.3293869],[-76.6227727,39.3293834],[-76.6227694,39.3293795],[-76.6227671,39.3293771],[-76.6227611,39.3293716],[-76.6227558,39.3293668],[-76.6227482,39.3293596],[-76.6227434,39.3293545],[-76.6227413,39.3293512],[-76.6227406,39.3293496],[-76.6227403,39.3293475],[-76.6227407,39.3293445],[-76.6227423,39.3293403],[-76.6227449,39.3293347],[-76.6227483,39.3293285],[-76.6227507,39.3293251],[-76.6227533,39.3293214],[-76.6227607,39.329312],[-76.6227735,39.3292968],[-76.6227791,39.3292898],[-76.6227822,39.3292857],[-76.6227874,39.3292783],[-76.6227905,39.3292731],[-76.6227928,39.3292682],[-76.6227939,39.329265],[-76.6227946,39.3292623],[-76.6227947,39.3292609],[-76.6227947,39.3292586],[-76.6227944,39.3292561],[-76.6227941,39.3292551],[-76.6227937,39.3292541],[-76.6227913,39.3292506],[-76.6227877,39.3292472],[-76.6227853,39.3292451],[-76.6227793,39.3292401],[-76.6227734,39.3292353],[-76.622769,39.3292312],[-76.6227657,39.3292276],[-76.6227642,39.3292254],[-76.6227623,39.3292212],[-76.6227618,39.3292195],[-76.622761,39.3292176],[-76.62276,39.3292134],[-76.6227589,39.3292085],[-76.6227578,39.3292001],[-76.6227576,39.3291972],[-76.6227573,39.3291945],[-76.6227574,39.3291895],[-76.6227577,39.3291864],[-76.622758,39.3291841],[-76.6227596,39.329177],[-76.6227639,39.3291635],[-76.6227713,39.329144],[-76.6227733,39.3291376],[-76.6227748,39.3291323],[-76.6227755,39.3291298],[-76.6227764,39.3291252],[-76.6227769,39.3291213],[-76.6227769,39.3291176],[-76.6227765,39.3291139],[-76.6227759,39.3291114],[-76.622775,39.3291084],[-76.6227739,39.3291053],[-76.6227726,39.3291018],[-76.6227674,39.3290894],[-76.6227635,39.3290795],[-76.6227623,39.3290756],[-76.6227615,39.3290726],[-76.62276,39.3290652],[-76.6227594,39.3290609],[-76.6227587,39.3290532],[-76.6227586,39.3290472],[-76.6227589,39.3290449],[-76.6227592,39.3290436],[-76.6227605,39.3290401],[-76.6227611,39.3290387],[-76.6227634,39.3290349],[-76.6227676,39.32903],[-76.6227727,39.329025],[-76.6227753,39.3290226],[-76.6227779,39.3290206],[-76.6227781,39.3290203],[-76.6227921,39.3290095],[-76.6228069,39.3289985],[-76.6228183,39.3289896],[-76.6227407,39.3289778],[-76.6227409,39.3289391],[-76.6229968,39.3289399],[-76.622992,39.3289437],[-76.6229934,39.3289694],[-76.6229937,39.3289775],[-76.6229937,39.3289824],[-76.6229935,39.3289863],[-76.6229932,39.328988],[-76.6229932,39.328989],[-76.6229918,39.3289959],[-76.622991,39.3289989],[-76.6229891,39.3290053],[-76.622986,39.3290144],[-76.6229829,39.3290218],[-76.6229819,39.3290237],[-76.6229799,39.3290271],[-76.6229782,39.3290296],[-76.6229765,39.3290311],[-76.6229755,39.3290318],[-76.6229728,39.329033],[-76.6229699,39.3290337],[-76.6229664,39.3290342],[-76.6229619,39.3290343],[-76.6229569,39.329034],[-76.6229537,39.3290338],[-76.62295,39.3290333],[-76.6229442,39.3290327],[-76.6229357,39.3290319],[-76.6229302,39.3290319],[-76.6229268,39.3290324],[-76.6229256,39.3290326],[-76.6229242,39.3290331],[-76.6229224,39.3290341],[-76.622921,39.3290356],[-76.62292,39.329037],[-76.62292,39.3290372],[-76.6229196,39.3290381],[-76.622918,39.3290426],[-76.6229174,39.3290453],[-76.6229164,39.3290521],[-76.6229158,39.3290602],[-76.6229154,39.3290718],[-76.622917,39.3290929],[-76.6229171,39.3291067],[-76.6229169,39.3291119],[-76.6229166,39.3291159],[-76.622914,39.3291395],[-76.622913,39.3291507],[-76.6229128,39.3291551],[-76.6229128,39.3291608],[-76.6229132,39.3291669],[-76.6229141,39.3291717],[-76.6229164,39.3291794],[-76.6229186,39.3291855],[-76.6229245,39.3291995],[-76.6229317,39.3292157],[-76.6229347,39.3292235],[-76.6229364,39.3292289],[-76.622938,39.3292368],[-76.6229385,39.3292397],[-76.6229398,39.3292523],[-76.6229402,39.3292612],[-76.62294,39.3292684],[-76.6229395,39.3292722],[-76.6229392,39.3292736],[-76.6229383,39.3292763],[-76.6229376,39.3292778],[-76.6229352,39.3292822],[-76.6229314,39.3292874],[-76.6229202,39.3293005],[-76.6229179,39.3293033],[-76.6229138,39.3293087],[-76.6229121,39.3293113],[-76.6229098,39.329316],[-76.6229092,39.3293176],[-76.6229086,39.3293201],[-76.6229081,39.3293239],[-76.6229085,39.3293278],[-76.6229097,39.3293313],[-76.6229119,39.3293349],[-76.6229169,39.3293414],[-76.622921,39.3293461],[-76.6229248,39.3293502],[-76.6229279,39.3293529],[-76.6229302,39.3293547],[-76.6229334,39.329357],[-76.6229361,39.3293585],[-76.6229377,39.3293591],[-76.6229406,39.3293599],[-76.6229449,39.3293601],[-76.6229525,39.3293598],[-76.6229668,39.3293585],[-76.6229717,39.3293585],[-76.6229736,39.3293587],[-76.6229751,39.3293589],[-76.6229765,39.3293593],[-76.6229788,39.3293604],[-76.6229797,39.3293609],[-76.622982,39.3293629],[-76.6229852,39.3293666],[-76.6229875,39.3293698],[-76.6229922,39.3293779],[-76.6229957,39.3293845],[-76.622996,39.3293861],[-76.6229967,39.3293978],[-76.6229971,39.3294013],[-76.6229977,39.3294034],[-76.6229986,39.3294057],[-76.6229995,39.3294071],[-76.6230012,39.3294089],[-76.6230041,39.3294111],[-76.6230101,39.3294145],[-76.6230138,39.3294163],[-76.6230174,39.329418],[-76.623021,39.3294195],[-76.6230242,39.3294204],[-76.6230259,39.3294208],[-76.623028,39.329421],[-76.6230303,39.3294213],[-76.6230329,39.3294214],[-76.6230355,39.3294214],[-76.6230483,39.3294211],[-76.6230518,39.3294211],[-76.6230581,39.3294215],[-76.6230618,39.329422],[-76.6230697,39.3294236],[-76.6230782,39.3294257],[-76.6230872,39.3294286],[-76.6230916,39.3294302],[-76.6230958,39.3294319],[-76.6230998,39.3294337],[-76.6231066,39.3294371],[-76.6231094,39.3294388],[-76.6231118,39.3294405],[-76.623115,39.3294431],[-76.6231155,39.3294436],[-76.6228826,39.3294429]],[[-76.623389,39.3289411],[-76.6233872,39.3292784],[-76.6233821,39.3292757],[-76.6233733,39.3292715],[-76.6233648,39.329268],[-76.6233607,39.3292666],[-76.623355,39.3292649],[-76.6233524,39.3292643],[-76.6233471,39.3292633],[-76.6233425,39.3292626],[-76.62334,39.3292624],[-76.6233366,39.3292619],[-76.6233288,39.3292611],[-76.6233244,39.3292609],[-76.6233083,39.3292602],[-76.6233046,39.3292602],[-76.6232958,39.3292606],[-76.6232879,39.3292615],[-76.6232869,39.3292617],[-76.6232837,39.3292622],[-76.6232734,39.3292643],[-76.6232664,39.3292661],[-76.6232465,39.3292721],[-76.6232422,39.3292735],[-76.623229,39.3292782],[-76.623213,39.3292844],[-76.6232026,39.3292886],[-76.6231969,39.3292911],[-76.6231941,39.3292922],[-76.6231866,39.3292955],[-76.6231789,39.329299],[-76.623171,39.3293033],[-76.6231681,39.3293051],[-76.6231618,39.3293091],[-76.6231552,39.3293137],[-76.6231478,39.3293192],[-76.623139,39.3293262],[-76.6231301,39.3293335],[-76.6231277,39.3293356],[-76.6231225,39.3293397],[-76.6231199,39.329342],[-76.6231069,39.3293519],[-76.6230969,39.3293591],[-76.6230914,39.3293626],[-76.6230858,39.3293659],[-76.6230811,39.3293683],[-76.6230768,39.3293701],[-76.6230735,39.329371],[-76.6230599,39.3293659],[-76.6230569,39.3293644],[-76.6230546,39.329363],[-76.6230523,39.3293608],[-76.62305,39.3293583],[-76.6230481,39.3293562],[-76.6230469,39.3293541],[-76.6230463,39.3293523],[-76.6230459,39.3293503],[-76.6230456,39.3293479],[-76.6230456,39.3293421],[-76.6230459,39.3293394],[-76.6230464,39.329337],[-76.6230472,39.3293341],[-76.6230484,39.3293317],[-76.6230511,39.3293276],[-76.6230535,39.329324],[-76.6230563,39.3293191],[-76.6230571,39.3293171],[-76.6230574,39.3293157],[-76.6230574,39.3293146],[-76.623057,39.3293132],[-76.6230559,39.3293113],[-76.6230545,39.3293094],[-76.6230524,39.329307],[-76.6230466,39.3293015],[-76.6230387,39.3292949],[-76.6230347,39.3292913],[-76.6230315,39.3292879],[-76.6230286,39.3292844],[-76.6230277,39.3292832],[-76.6230249,39.3292788],[-76.6230233,39.3292758],[-76.6230216,39.3292724],[-76.6230187,39.3292659],[-76.6230175,39.3292626],[-76.6230152,39.3292557],[-76.6230134,39.3292495],[-76.623013,39.3292474],[-76.6230127,39.3292465],[-76.6230107,39.3292387],[-76.6230094,39.3292325],[-76.6230065,39.3292204],[-76.6230055,39.3292167],[-76.6230046,39.3292129],[-76.623001,39.3291993],[-76.6229995,39.3291942],[-76.6229987,39.3291911],[-76.6229865,39.3291477],[-76.6229853,39.329143],[-76.6229832,39.3291357],[-76.6229812,39.3291324],[-76.6229779,39.3291258],[-76.6229755,39.3291201],[-76.6229745,39.3291174],[-76.6229732,39.329112],[-76.6229729,39.3291097],[-76.6229729,39.3291075],[-76.6229731,39.3291053],[-76.6229734,39.3291033],[-76.622974,39.3291015],[-76.6229749,39.3290995],[-76.6229777,39.3290946],[-76.6229797,39.3290918],[-76.6229842,39.3290859],[-76.6229898,39.3290799],[-76.6229926,39.329077],[-76.6229969,39.3290731],[-76.6230026,39.3290686],[-76.6230047,39.3290672],[-76.6230087,39.3290649],[-76.6230123,39.3290636],[-76.6230143,39.329063],[-76.6230187,39.3290621],[-76.6230215,39.3290616],[-76.6230267,39.3290609],[-76.6230293,39.3290607],[-76.6230391,39.3290603],[-76.6230626,39.32906],[-76.6230727,39.3290595],[-76.62308,39.3290588],[-76.6230858,39.3290578],[-76.6230889,39.3290568],[-76.6230941,39.3290546],[-76.6230967,39.3290533],[-76.6230998,39.3290515],[-76.6231026,39.3290499],[-76.6231056,39.3290478],[-76.623112,39.3290432],[-76.6231207,39.329036],[-76.6231263,39.329031],[-76.6231348,39.3290231],[-76.6231355,39.3290226],[-76.6231463,39.3290122],[-76.6231465,39.3290088],[-76.6231475,39.328998],[-76.6231501,39.3289742],[-76.6231506,39.3289619],[-76.6231502,39.3289556],[-76.623149,39.3289503],[-76.6231473,39.3289457],[-76.6231447,39.3289418],[-76.6231433,39.3289404],[-76.623389,39.3289411]],[[-76.6233866,39.3293869],[-76.6233863,39.3294445],[-76.6232066,39.3294439],[-76.6232083,39.3294419],[-76.6232103,39.3294396],[-76.6232151,39.3294347],[-76.6232177,39.3294323],[-76.6232205,39.3294299],[-76.6232264,39.3294251],[-76.6232332,39.3294203],[-76.6232407,39.3294153],[-76.6232487,39.3294105],[-76.6232532,39.3294081],[-76.6232619,39.3294036],[-76.6232712,39.3293993],[-76.6232758,39.3293973],[-76.6232847,39.3293939],[-76.623293,39.3293911],[-76.623301,39.3293888],[-76.6233048,39.3293878],[-76.6233087,39.329387],[-76.623315,39.329386],[-76.6233206,39.3293855],[-76.623324,39.3293853],[-76.6233312,39.3293851],[-76.6233392,39.3293851],[-76.6233523,39.3293855],[-76.6233851,39.3293869],[-76.6233866,39.3293869]]]}},{"type":"Feature","properties":{"layer":"Vegetation","symbol":1,"class":"Hedgerows","_tile":"6/29/32"},"geometry":{"type":"Polygon","coordinates":[[[-76.6230084,39.329336],[-76.6230079,39.3293398],[-76.6230073,39.3293426],[-76.6230054,39.3293464],[-76.6230037,39.329349],[-76.6230018,39.3293505],[-76.623,39.3293517],[-76.6229958,39.3293537],[-76.6229932,39.3293548],[-76.6229908,39.3293556],[-76.6229885,39.3293562],[-76.6229849,39.3293568],[-76.6229834,39.3293569],[-76.62298,39.3293569],[-76.6229717,39.3293563],[-76.6229616,39.3293546],[-76.6229563,39.3293535],[-76.6229451,39.3293506],[-76.6229353,39.3293477],[-76.6229281,39.3293452],[-76.6229249,39.3293439],[-76.6229201,39.3293413],[-76.6229164,39.3293387],[-76.6229143,39.3293351],[-76.6229119,39.3293303],[-76.6229113,39.3293284],[-76.622911,39.3293268],[-76.6229108,39.3293246],[-76.622911,39.3293197],[-76.6229112,39.3293187],[-76.6229118,39.3293165],[-76.6229124,39.3293151],[-76.622914,39.3293122],[-76.6229149,39.3293108],[-76.622918,39.3293068],[-76.6229206,39.3293036],[-76.6229288,39.3292945],[-76.622933,39.3292894],[-76.6229344,39.3292874],[-76.6229373,39.3292823],[-76.6229385,39.3292798],[-76.6229404,39.3292759],[-76.6229417,39.3292726],[-76.6229426,39.3292684],[-76.6229429,39.3292649],[-76.6229428,39.3292587],[-76.6229424,39.3292542],[-76.6229406,39.3292434],[-76.6229388,39.3292338],[-76.6229384,39.3292294],[-76.6229385,39.3292281],[-76.622939,39.3292269],[-76.622941,39.3292253],[-76.6229418,39.3292249],[-76.6229427,39.3292245],[-76.6229442,39.329224],[-76.6229459,39.329224],[-76.6229485,39.3292243],[-76.6229503,39.3292247],[-76.622952,39.3292251],[-76.6229554,39.3292269],[-76.6229566,39.3292278],[-76.6229644,39.3292341],[-76.622967,39.3292365],[-76.622971,39.3292412],[-76.6229733,39.3292443],[-76.6229775,39.3292506],[-76.6229806,39.3292562],[-76.6229834,39.3292628],[-76.6229878,39.3292739],[-76.6229933,39.3292888],[-76.6229952,39.3292938],[-76.6230043,39.3293155],[-76.6230084,39.329336]]]}},{"type":"Feature","properties":{"layer":"Vegetation","symbol":1,"class":"Hedgerows","_tile":"6/29/32"},"geometry":{"type":"Polygon","coordinates":[[[-76.6227421,39.329326],[-76.6227388,39.3293355],[-76.6227388,39.3293254],[-76.6227421,39.329326]]]}},{"type":"Feature","properties":{"layer":"Vegetation","symbol":3,"class":"Woodland","_tile":"6/29/33"},"geometry":{"type":"Polygon","coordinates":[[[-76.6227408,39.3289543],[-76.6227435,39.328451],[-76.6233916,39.3284531],[-76.6233889,39.3289564],[-76.6231502,39.3289556],[-76.623149,39.3289503],[-76.6231473,39.3289457],[-76.6231447,39.3289418],[-76.6231417,39.3289384],[-76.6231391,39.3289358],[-76.6231311,39.3289288],[-76.6231224,39.3289221],[-76.6231148,39.3289171],[-76.623101,39.3289097],[-76.62309,39.3289046],[-76.623088,39.3289037],[-76.6230825,39.3289016],[-76.6230774,39.3288999],[-76.623073,39.3288989],[-76.6230695,39.3288985],[-76.6230664,39.3288985],[-76.623063,39.328899],[-76.6230561,39.3289008],[-76.6230484,39.3289038],[-76.6230396,39.3289084],[-76.6230293,39.328915],[-76.6230202,39.3289215],[-76.6230079,39.3289309],[-76.6229976,39.3289393],[-76.622992,39.3289437],[-76.6229926,39.3289551],[-76.6227408,39.3289543]]]}},{"type":"Feature","properties":{"layer":"Vegetation","symbol":3,"class":"Woodland","_tile":"6/29/34"},"geometry":{"type":"Polygon","coordinates":[[[-76.6227434,39.3284662],[-76.6227458,39.3280103],[-76.6227554,39.3280073],[-76.622769,39.3280033],[-76.6227801,39.3280003],[-76.6228376,39.3279881],[-76.6228526,39.3279843],[-76.6228651,39.3279807],[-76.6228764,39.3279766],[-76.6228809,39.3279744],[-76.6228846,39.3279723],[-76.6228877,39.3279702],[-76.6228901,39.3279679],[-76.6228921,39.3279656],[-76.6228931,39.3279634],[-76.6230657,39.3279639],[-76.6230655,39.3279712],[-76.6230656,39.3279747],[-76.6230657,39.3279849],[-76.6230661,39.3279958],[-76.6230668,39.328007],[-76.6230671,39.3280105],[-76.623068,39.3280183],[-76.6230683,39.3280222],[-76.6230695,39.3280301],[-76.6230719,39.3280432],[-76.6230741,39.3280527],[-76.6230765,39.3280613],[-76.6230794,39.3280691],[-76.6230827,39.3280762],[-76.6230861,39.3280824],[-76.62309,39.3280879],[-76.6230941,39.3280926],[-76.6230986,39.3280965],[-76.6231024,39.3280991],[-76.623107,39.3281017],[-76.6231191,39.3281075],[-76.6231325,39.328113],[-76.6231358,39.3281142],[-76.6231416,39.3281163],[-76.6231658,39.3281257],[-76.6231707,39.3281278],[-76.6231877,39.328135],[-76.6232073,39.3281441],[-76.6232221,39.3281518],[-76.6232336,39.3281586],[-76.6232408,39.3281642],[-76.6232487,39.3281719],[-76.6232569,39.3281812],[-76.6232586,39.3281832],[-76.623265,39.3281918],[-76.6232691,39.3281978],[-76.6232815,39.3282131],[-76.6232845,39.328217],[-76.6232962,39.3282305],[-76.6233072,39.3282418],[-76.6233179,39.3282511],[-76.6233233,39.3282552],[-76.6233288,39.3282589],[-76.6233344,39.3282622],[-76.6233399,39.3282652],[-76.6233456,39.3282677],[-76.6233508,39.3282698],[-76.6233514,39.3282699],[-76.6233571,39.3282717],[-76.6233631,39.3282732],[-76.6233694,39.3282741],[-76.6233773,39.3282749],[-76.6233867,39.3282754],[-76.6233925,39.3282755],[-76.6233915,39.3284683],[-76.6227434,39.3284662]]]}},{"type":"Feature","properties":{"layer":"Vegetation","symbol":3,"class":"Woodland","_tile":"6/29/35"},"geometry":{"type":"Polygon","coordinates":[[[-76.6233771,39.3275878],[-76.6233747,39.3275897],[-76.6233667,39.3275951],[-76.6233585,39.3275999],[-76.6233507,39.3276039],[-76.6233427,39.3276072],[-76.6233345,39.3276099],[-76.6233275,39.3276116],[-76.6233186,39.3276131],[-76.6233078,39.3276145],[-76.6232983,39.3276154],[-76.623288,39.3276161],[-76.6232783,39.3276163],[-76.6232699,39.3276162],[-76.6232628,39.3276155],[-76.6232579,39.3276147],[-76.623253,39.3276132],[-76.6232477,39.3276111],[-76.6232423,39.3276084],[-76.6232364,39.327605],[-76.6232315,39.3276016],[-76.6232247,39.3275964],[-76.6232199,39.3275922],[-76.6232087,39.3275813],[-76.6231965,39.3275678],[-76.6231846,39.3275533],[-76.6231622,39.3275244],[-76.6231576,39.3275184],[-76.6231514,39.3275095],[-76.623145,39.3274999],[-76.6231386,39.3274897],[-76.6231309,39.3274761],[-76.6233968,39.3274769],[-76.6233963,39.3275719],[-76.6233913,39.3275764],[-76.6233828,39.3275834],[-76.6233771,39.3275878]]]}},{"type":"Feature","properties":{"layer":"Vegetation","symbol":3,"class":"Woodland","_tile":"6/29/35"},"geometry":{"type":"Polygon","coordinates":[[[-76.6228709,39.3279786],[-76.6228764,39.3279766],[-76.6228809,39.3279744],[-76.6228846,39.3279723],[-76.6228877,39.3279702],[-76.6228901,39.3279679],[-76.6228921,39.3279656],[-76.6228931,39.3279634],[-76.6228934,39.3279617],[-76.6228935,39.3279604],[-76.6228934,39.3279566],[-76.6228931,39.3279554],[-76.6228924,39.3279518],[-76.6228913,39.3279486],[-76.6228906,39.3279465],[-76.6228877,39.3279395],[-76.6228846,39.3279331],[-76.622881,39.3279264],[-76.6228873,39.3279213],[-76.6228916,39.3279179],[-76.6229364,39.3278982],[-76.6229384,39.3279016],[-76.6229403,39.3279043],[-76.6229426,39.3279067],[-76.6229452,39.3279087],[-76.6229492,39.3279109],[-76.6229546,39.3279128],[-76.6229613,39.3279146],[-76.622969,39.3279162],[-76.6229768,39.3279173],[-76.622984,39.3279178],[-76.6229907,39.3279178],[-76.622996,39.3279172],[-76.6230021,39.3279155],[-76.6230173,39.3279094],[-76.6230221,39.3279078],[-76.6230247,39.3279072],[-76.6230276,39.327907],[-76.6230308,39.3279073],[-76.6230345,39.3279084],[-76.6230383,39.3279101],[-76.6230454,39.3279142],[-76.6230669,39.3279283],[-76.6230663,39.3279424],[-76.6230662,39.3279461],[-76.6230661,39.3279496],[-76.6230655,39.3279712],[-76.6230656,39.3279747],[-76.6230656,39.3279792],[-76.6228709,39.3279786]]]}},{"type":"Feature","properties":{"layer":"Vegetation","symbol":3,"class":"Woodland","_tile":"6/29/35"},"geometry":{"type":"Polygon","coordinates":[[[-76.6233942,39.327963],[-76.6233937,39.3279625],[-76.623392,39.3279607],[-76.6233902,39.3279588],[-76.6233869,39.3279546],[-76.6233838,39.3279501],[-76.6233809,39.3279449],[-76.623378,39.3279392],[-76.6233755,39.3279332],[-76.6233709,39.32792],[-76.6233672,39.3279048],[-76.6233648,39.3278908],[-76.6233636,39.3278793],[-76.6233629,39.3278718],[-76.6233626,39.3278659],[-76.623363,39.327859],[-76.6233636,39.3278516],[-76.6233652,39.3278416],[-76.6233684,39.327827],[-76.6233732,39.3278105],[-76.6233735,39.3278098],[-76.6233791,39.3277956],[-76.6233822,39.3277887],[-76.6233855,39.3277825],[-76.6233889,39.3277769],[-76.6233924,39.3277719],[-76.6233952,39.3277685],[-76.6233942,39.327963]]]}},{"type":"Feature","properties":{"layer":"Vegetation","symbol":3,"class":"Woodland","_tile":"6/29/36"},"geometry":{"type":"Polygon","coordinates":[[[-76.6230899,39.3271059],[-76.623087,39.3271032],[-76.6230825,39.3270995],[-76.6230787,39.327097],[-76.6230711,39.3270917],[-76.6230697,39.327091],[-76.6230576,39.3270837],[-76.6230434,39.3270756],[-76.6230324,39.3270694],[-76.6230229,39.3270639],[-76.6230153,39.3270591],[-76.6230085,39.3270545],[-76.6230032,39.3270505],[-76.6229988,39.3270465],[-76.6229952,39.3270428],[-76.6229927,39.3270392],[-76.6229899,39.3270347],[-76.6229872,39.3270293],[-76.6229846,39.3270235],[-76.6229835,39.3270205],[-76.6229805,39.3270119],[-76.6229792,39.3270065],[-76.6229784,39.327002],[-76.6229783,39.3269984],[-76.6229788,39.3269946],[-76.6229797,39.3269903],[-76.6229807,39.3269875],[-76.6233994,39.3269888],[-76.6233987,39.3271128],[-76.6233981,39.327113],[-76.623395,39.3271149],[-76.6233935,39.3271163],[-76.6233921,39.3271183],[-76.623391,39.3271207],[-76.6233902,39.3271233],[-76.6233891,39.3271299],[-76.6233889,39.3271379],[-76.6233896,39.3271476],[-76.6233914,39.3271586],[-76.6233939,39.3271702],[-76.6233971,39.3271804],[-76.6233983,39.3271835],[-76.6233967,39.3274922],[-76.6231397,39.3274913],[-76.6231386,39.3274897],[-76.6231265,39.3274683],[-76.6231208,39.3274574],[-76.6231109,39.3274551],[-76.6230726,39.3274468],[-76.623056,39.3274427],[-76.6230432,39.3274391],[-76.6230315,39.3274351],[-76.6230226,39.3274311],[-76.6230193,39.3274292],[-76.6230165,39.3274272],[-76.6230147,39.3274254],[-76.6230135,39.3274235],[-76.6230132,39.3274219],[-76.6230132,39.32742],[-76.623014,39.327415],[-76.6230157,39.3274099],[-76.6230168,39.3274079],[-76.623018,39.3274063],[-76.6230192,39.3274054],[-76.6230208,39.3274046],[-76.6230257,39.3274033],[-76.623032,39.3274025],[-76.623042,39.3274019],[-76.6230575,39.3274013],[-76.6230622,39.327401],[-76.6230671,39.3273999],[-76.6230728,39.3273977],[-76.6230765,39.3273958],[-76.6230945,39.3273859],[-76.6230939,39.3273822],[-76.6230932,39.3273752],[-76.6230931,39.3273687],[-76.6230937,39.3273612],[-76.623095,39.3273528],[-76.6230969,39.3273434],[-76.6231018,39.3273244],[-76.6231154,39.3272772],[-76.6231183,39.3272655],[-76.6231187,39.3272631],[-76.6231201,39.3272557],[-76.6231212,39.3272462],[-76.6231219,39.3272358],[-76.6231222,39.3272246],[-76.623122,39.3272133],[-76.6231213,39.3272018],[-76.6231203,39.3271902],[-76.6231186,39.3271788],[-76.6231167,39.327168],[-76.6231146,39.327158],[-76.6231119,39.3271482],[-76.623109,39.3271395],[-76.6231059,39.3271312],[-76.6231024,39.3271238],[-76.6230986,39.3271173],[-76.6230948,39.3271115],[-76.6230905,39.3271064],[-76.6230899,39.3271059]]]}},{"type":"Feature","properties":{"layer":"Vegetation","symbol":3,"class":"Woodland","_tile":"6/29/37"},"geometry":{"type":"Polygon","coordinates":[[[-76.6229786,39.3270027],[-76.6229784,39.327002],[-76.6229783,39.3269984],[-76.6229788,39.3269946],[-76.6229797,39.3269903],[-76.6229813,39.3269859],[-76.6229831,39.3269814],[-76.6229861,39.3269759],[-76.622989,39.3269709],[-76.6229926,39.3269656],[-76.6229969,39.32696],[-76.6230014,39.3269545],[-76.6230062,39.3269493],[-76.6230111,39.3269444],[-76.6230162,39.3269398],[-76.6230213,39.3269357],[-76.6230259,39.3269322],[-76.6230305,39.3269294],[-76.6230361,39.3269265],[-76.6230399,39.326925],[-76.6230425,39.3269239],[-76.6230502,39.3269216],[-76.6230594,39.3269191],[-76.623061,39.3269189],[-76.6230815,39.3269145],[-76.623121,39.3269075],[-76.6231321,39.326905],[-76.6231374,39.3269036],[-76.6231441,39.3269016],[-76.6231491,39.3268995],[-76.6231528,39.3268972],[-76.6231551,39.3268947],[-76.6231559,39.3268928],[-76.6231562,39.3268905],[-76.6231558,39.3268878],[-76.6231546,39.3268847],[-76.6231529,39.3268813],[-76.6231506,39.3268776],[-76.6231441,39.3268688],[-76.6231358,39.3268595],[-76.6231255,39.3268489],[-76.6230868,39.3268122],[-76.623043,39.3267694],[-76.6230307,39.3267567],[-76.6230201,39.3267451],[-76.6230105,39.3267339],[-76.6230026,39.3267236],[-76.6229968,39.3267145],[-76.6229924,39.3267057],[-76.62299,39.3266989],[-76.6229831,39.3266759],[-76.622981,39.32667],[-76.6229788,39.3266656],[-76.6229747,39.3266592],[-76.6229686,39.3266521],[-76.6229604,39.3266446],[-76.6229508,39.3266367],[-76.6229388,39.3266284],[-76.6229263,39.3266205],[-76.6229133,39.3266132],[-76.6228964,39.3265522],[-76.622887,39.3265113],[-76.6228852,39.326503],[-76.6228843,39.3264991],[-76.6231601,39.3265],[-76.6231636,39.3265062],[-76.6231703,39.3265204],[-76.6231729,39.3265265],[-76.6231841,39.3265533],[-76.6231876,39.326561],[-76.6231909,39.3265672],[-76.6231943,39.3265725],[-76.6231975,39.326577],[-76.6232007,39.3265805],[-76.6232042,39.3265838],[-76.6232089,39.326587],[-76.6232193,39.3265929],[-76.6232421,39.3266046],[-76.6232466,39.3266068],[-76.6232568,39.326613],[-76.6232672,39.3266198],[-76.6232781,39.3266277],[-76.6232892,39.3266365],[-76.6233007,39.326646],[-76.6233063,39.3266511],[-76.6232768,39.3266723],[-76.6232721,39.3266757],[-76.6232715,39.3266803],[-76.6232704,39.3266903],[-76.6232704,39.3266911],[-76.6232764,39.3267039],[-76.6232957,39.3267176],[-76.6233192,39.3267205],[-76.6233343,39.3267224],[-76.6233768,39.3267266],[-76.6233856,39.3267385],[-76.6233934,39.3267499],[-76.6234003,39.3267606],[-76.6234006,39.3267612],[-76.6233993,39.3270041],[-76.6229786,39.3270027]]]}},{"type":"Feature","properties":{"layer":"Vegetation","symbol":3,"class":"Woodland","_tile":"6/29/38"},"geometry":{"type":"Polygon","coordinates":[[[-76.6228877,39.3265144],[-76.622887,39.3265113],[-76.6228852,39.326503],[-76.6228832,39.3264949],[-76.622868,39.3264433],[-76.6228725,39.3264341],[-76.622875,39.3264297],[-76.6228775,39.3264261],[-76.6228787,39.3264246],[-76.6228799,39.3264232],[-76.6228823,39.3264208],[-76.6228849,39.326419],[-76.6228853,39.3264189],[-76.6228881,39.3264174],[-76.6228919,39.3264158],[-76.6228962,39.3264145],[-76.6228999,39.3264137],[-76.6229012,39.3264133],[-76.6229065,39.3264124],[-76.6229188,39.326411],[-76.6229334,39.3264105],[-76.6229454,39.3264105],[-76.6229497,39.3264106],[-76.6229665,39.3264117],[-76.6229816,39.3264132],[-76.6229888,39.3264146],[-76.622997,39.3264166],[-76.6230061,39.3264195],[-76.6230159,39.326423],[-76.6230359,39.3264311],[-76.6230766,39.3264489],[-76.6231027,39.32646],[-76.6231197,39.3264679],[-76.6231304,39.3264734],[-76.6231371,39.3264774],[-76.6231429,39.3264811],[-76.6231478,39.3264847],[-76.6231519,39.3264887],[-76.6231559,39.3264935],[-76.6231598,39.3264994],[-76.6231636,39.3265062],[-76.6231679,39.3265153],[-76.6228877,39.3265144]]]}},{"type":"Feature","properties":{"layer":"Vegetation","symbol":1,"class":"Hedgerows","_tile":"6/29/41"},"geometry":{"type":"Polygon","coordinates":[[[-76.6230567,39.3245747],[-76.6230521,39.3245822],[-76.6230453,39.3245882],[-76.6230347,39.3245931],[-76.6230241,39.3245951],[-76.623017,39.3245935],[-76.6230106,39.3245899],[-76.6230071,39.3245848],[-76.6230038,39.3245768],[-76.6230038,39.3245713],[-76.6230052,39.3245604],[-76.6230108,39.3245533],[-76.6230217,39.3245472],[-76.6230453,39.3245473],[-76.6230516,39.324554],[-76.6230567,39.3245662],[-76.6230567,39.3245747]]]}},{"type":"Feature","properties":{"layer":"Vegetation","symbol":1,"class":"Hedgerows","_tile":"6/29/42"},"geometry":{"type":"Polygon","coordinates":[[[-76.6234148,39.3240895],[-76.6233717,39.3241087],[-76.6233665,39.3241085],[-76.623358,39.3241082],[-76.6233525,39.3241045],[-76.6233509,39.3241002],[-76.623352,39.3240957],[-76.623356,39.3240935],[-76.623365,39.3240934],[-76.6233678,39.3240933],[-76.6233793,39.3240904],[-76.6233884,39.324086],[-76.6233895,39.3240817],[-76.6233894,39.3240736],[-76.6233986,39.3240685],[-76.6234094,39.3240663],[-76.6234149,39.3240666],[-76.6234148,39.3240895]]]}},{"type":"Feature","properties":{"layer":"Vegetation","symbol":1,"class":"Hedgerows","_tile":"6/29/42"},"geometry":{"type":"Polygon","coordinates":[[[-76.6232377,39.324126],[-76.6232498,39.3241243],[-76.6232558,39.324125],[-76.6232597,39.3241291],[-76.6232626,39.3241367],[-76.6232632,39.3241472],[-76.6232587,39.3241545],[-76.6232467,39.3241617],[-76.6232173,39.3241679],[-76.6232078,39.3241672],[-76.6232031,39.3241641],[-76.623202,39.3241633],[-76.623201,39.3241614],[-76.6231996,39.3241587],[-76.6231981,39.3241561],[-76.6231963,39.3241491],[-76.6231966,39.3241452],[-76.6231969,39.3241431],[-76.6232042,39.3241373],[-76.623236,39.3241263],[-76.6232377,39.324126]]]}},{"type":"Feature","properties":{"layer":"Vegetation","symbol":1,"class":"Hedgerows","_tile":"6/29/42"},"geometry":{"type":"Polygon","coordinates":[[[-76.6231566,39.3241638],[-76.6231595,39.3241661],[-76.6231619,39.3241701],[-76.6231634,39.3241768],[-76.6231634,39.324178],[-76.623163,39.3241813],[-76.6231628,39.3241816],[-76.6231605,39.3241833],[-76.6231563,39.3241843],[-76.6231557,39.3241842],[-76.6231528,39.3241842],[-76.6231508,39.324184],[-76.6231407,39.3241759],[-76.6231363,39.3241665],[-76.6231413,39.324162],[-76.6231474,39.32416],[-76.6231528,39.3241608],[-76.6231566,39.3241638]]]}},{"type":"Feature","properties":{"layer":"Vegetation","symbol":1,"class":"Hedgerows","_tile":"6/29/42"},"geometry":{"type":"Polygon","coordinates":[[[-76.6230394,39.3242439],[-76.623039,39.3242437],[-76.6230339,39.3242426],[-76.6230296,39.3242387],[-76.6230254,39.3242312],[-76.6230239,39.3242263],[-76.6230242,39.3242228],[-76.6230259,39.3242213],[-76.6230485,39.3242112],[-76.6230534,39.3242116],[-76.6230575,39.324215],[-76.6230706,39.3242326],[-76.6230682,39.3242354],[-76.6230632,39.3242382],[-76.6230466,39.3242438],[-76.6230411,39.3242442],[-76.6230394,39.3242439]]]}},{"type":"Feature","properties":{"layer":"Vegetation","symbol":1,"class":"Hedgerows","_tile":"6/29/42"},"geometry":{"type":"Polygon","coordinates":[[[-76.623244,39.3243246],[-76.6232424,39.3243226],[-76.6233075,39.3242925],[-76.6233841,39.3242573],[-76.6234139,39.3242436],[-76.6234139,39.3242571],[-76.6232501,39.3243326],[-76.623244,39.3243246]]]}},{"type":"Feature","properties":{"layer":"Vegetation","symbol":1,"class":"Hedgerows","_tile":"6/29/42"},"geometry":{"type":"Polygon","coordinates":[[[-76.6228658,39.3243246],[-76.6228644,39.3243262],[-76.6228433,39.3243357],[-76.6228406,39.324335],[-76.6228293,39.3243209],[-76.6228301,39.3243183],[-76.6228516,39.3243089],[-76.6228539,39.3243103],[-76.6228565,39.3243162],[-76.6228609,39.3243207],[-76.6228656,39.3243222],[-76.6228658,39.3243246]]]}},{"type":"Feature","properties":{"layer":"Vegetation","symbol":1,"class":"Hedgerows","_tile":"6/29/42"},"geometry":{"type":"Polygon","coordinates":[[[-76.6232334,39.3243298],[-76.6232396,39.3243378],[-76.6231958,39.3243584],[-76.6229626,39.3244687],[-76.6229563,39.3244607],[-76.6229545,39.3244584],[-76.6232315,39.3243274],[-76.6232334,39.3243298]]]}},{"type":"Feature","properties":{"layer":"Vegetation","symbol":1,"class":"Hedgerows","_tile":"6/29/42"},"geometry":{"type":"Polygon","coordinates":[[[-76.6230049,39.3245624],[-76.6230052,39.3245604],[-76.6230108,39.3245533],[-76.623026,39.3245448],[-76.6230377,39.3245428],[-76.6230438,39.3245456],[-76.6230516,39.324554],[-76.6230552,39.3245625],[-76.6230049,39.3245624]]]}},{"type":"Feature","properties":{"layer":"Vegetation","symbol":3,"class":"Woodland","_tile":"6/29/43"},"geometry":{"type":"Polygon","coordinates":[[[-76.6228652,39.3238807],[-76.622868,39.3238814],[-76.6228743,39.3238833],[-76.6228842,39.323884],[-76.6228902,39.32388],[-76.6228898,39.3238741],[-76.6228908,39.3238698],[-76.6229032,39.323864],[-76.6229187,39.3238636],[-76.6229261,39.3238653],[-76.6229262,39.3238654],[-76.6229327,39.3238672],[-76.6229374,39.3238695],[-76.6229411,39.3238735],[-76.6229418,39.3238752],[-76.6229439,39.3238793],[-76.6229456,39.3238845],[-76.622946,39.3238883],[-76.6229457,39.3238927],[-76.6229449,39.3238974],[-76.6229437,39.3239017],[-76.6229429,39.3239033],[-76.6229423,39.3239052],[-76.6229398,39.3239093],[-76.6229345,39.3239159],[-76.6229328,39.323918],[-76.6229301,39.3239216],[-76.6229298,39.3239219],[-76.6229274,39.3239258],[-76.6229228,39.3239353],[-76.6229206,39.3239403],[-76.6229152,39.3239538],[-76.6229117,39.3239622],[-76.6229097,39.3239669],[-76.6229058,39.3239751],[-76.6229028,39.3239803],[-76.6228984,39.323986],[-76.6228938,39.3239903],[-76.6228886,39.3239925],[-76.622882,39.3239942],[-76.622876,39.3239946],[-76.62287,39.3239931],[-76.6228692,39.3239928],[-76.6228633,39.3239897],[-76.6228611,39.3239864],[-76.6228599,39.3239797],[-76.6228591,39.3239728],[-76.6228559,39.3239653],[-76.6228485,39.3239627],[-76.6228442,39.3239616],[-76.6228406,39.3239607],[-76.6228372,39.323957],[-76.6228361,39.3239548],[-76.6228345,39.3239505],[-76.6228331,39.3239452],[-76.6228332,39.3239399],[-76.6228343,39.3239341],[-76.622835,39.3239311],[-76.6228355,39.3239291],[-76.6228374,39.3239246],[-76.6228385,39.3239214],[-76.6228389,39.3239199],[-76.6228391,39.3239155],[-76.6228379,39.3239072],[-76.6228376,39.3239055],[-76.6228372,39.323901],[-76.6228377,39.323896],[-76.6228391,39.3238904],[-76.6228413,39.3238858],[-76.6228517,39.3238789],[-76.6228616,39.3238796],[-76.6228652,39.3238807]]]}},{"type":"Feature","properties":{"layer":"Vegetation","symbol":1,"class":"Hedgerows","_tile":"6/29/43"},"geometry":{"type":"Polygon","coordinates":[[[-76.6232782,39.3237402],[-76.6232771,39.323742],[-76.6232741,39.3237436],[-76.6232647,39.3237485],[-76.6232593,39.3237504],[-76.6232454,39.323735],[-76.623245,39.3237333],[-76.6232462,39.3237312],[-76.6232525,39.3237286],[-76.6232559,39.323727],[-76.6232631,39.3237241],[-76.6232657,39.3237241],[-76.6232782,39.3237402]]]}},{"type":"Feature","properties":{"layer":"Vegetation","symbol":1,"class":"Hedgerows","_tile":"6/29/43"},"geometry":{"type":"Polygon","coordinates":[[[-76.6229978,39.3237114],[-76.622965,39.3237269],[-76.6228237,39.3237943],[-76.6228187,39.3237946],[-76.6228149,39.3237929],[-76.6228132,39.3237905],[-76.6228149,39.3237871],[-76.6229683,39.323713],[-76.6229926,39.3237029],[-76.6229978,39.3237114]]]}},{"type":"Feature","properties":{"layer":"Vegetation","symbol":1,"class":"Hedgerows","_tile":"6/29/43"},"geometry":{"type":"Polygon","coordinates":[[[-76.623416,39.3238617],[-76.6234089,39.3238665],[-76.6234044,39.3238669],[-76.6233954,39.3238652],[-76.6233943,39.323865],[-76.6233883,39.3238621],[-76.6233778,39.3238519],[-76.6233643,39.3238346],[-76.6233492,39.323816],[-76.6233451,39.3237981],[-76.6233471,39.3237952],[-76.6233479,39.3237938],[-76.6233519,39.3237925],[-76.6233577,39.3237927],[-76.6233718,39.3237962],[-76.6233843,39.3238079],[-76.6233959,39.323821],[-76.6234161,39.3238441],[-76.623416,39.3238617]]]}},{"type":"Feature","properties":{"layer":"Vegetation","symbol":1,"class":"Hedgerows","_tile":"6/29/43"},"geometry":{"type":"Polygon","coordinates":[[[-76.6229819,39.323954],[-76.6229902,39.3239532],[-76.6229907,39.3239533],[-76.6230008,39.3239563],[-76.6230061,39.323961],[-76.623007,39.3239647],[-76.6230061,39.3239684],[-76.6230042,39.3239695],[-76.6230036,39.32397],[-76.6230001,39.3239711],[-76.6229794,39.3239711],[-76.6229726,39.3239705],[-76.6229682,39.3239678],[-76.6229673,39.3239623],[-76.6229678,39.3239605],[-76.6229685,39.323958],[-76.622975,39.3239546],[-76.6229819,39.323954]]]}},{"type":"Feature","properties":{"layer":"Vegetation","symbol":1,"class":"Hedgerows","_tile":"6/29/43"},"geometry":{"type":"Polygon","coordinates":[[[-76.6230074,39.323942],[-76.6230093,39.3239431],[-76.6230222,39.3239616],[-76.6230362,39.3239813],[-76.6230365,39.3239843],[-76.6230348,39.3239853],[-76.6230068,39.3239541],[-76.6230005,39.323947],[-76.6230005,39.3239463],[-76.6230005,39.3239452],[-76.6230007,39.3239442],[-76.6230011,39.3239436],[-76.6230028,39.323942],[-76.6230067,39.3239416],[-76.6230074,39.323942]]]}},{"type":"Feature","properties":{"layer":"Vegetation","symbol":1,"class":"Hedgerows","_tile":"6/29/43"},"geometry":{"type":"Polygon","coordinates":[[[-76.623089,39.3240018],[-76.6230776,39.3239878],[-76.6230565,39.3239982],[-76.6230419,39.3239794],[-76.6230386,39.3239732],[-76.6230381,39.3239695],[-76.6230397,39.3239638],[-76.6230434,39.3239607],[-76.6230644,39.3239531],[-76.6230733,39.3239534],[-76.623079,39.3239543],[-76.6230833,39.323958],[-76.6230854,39.3239636],[-76.6230838,39.3239739],[-76.6230873,39.3239853],[-76.6230923,39.3239993],[-76.623089,39.3240018]]]}},{"type":"Feature","properties":{"layer":"Vegetation","symbol":1,"class":"Hedgerows","_tile":"6/29/43"},"geometry":{"type":"Polygon","coordinates":[[[-76.6233894,39.3240755],[-76.6233894,39.3240736],[-76.6233986,39.3240685],[-76.6234094,39.3240663],[-76.6234149,39.3240666],[-76.6234148,39.3240756],[-76.6233894,39.3240755]]]}},{"type":"Feature","properties":{"layer":"Vegetation","symbol":3,"class":"Woodland","_tile":"6/30/32"},"geometry":{"type":"Polygon","coordinates":[[[-76.6227485,39.3294424],[-76.6227534,39.329438],[-76.6227579,39.3294339],[-76.6227579,39.3294425],[-76.6227485,39.3294424]],[[-76.6224804,39.3289382],[-76.6227605,39.3289391],[-76.6227603,39.3289808],[-76.6224807,39.3289383],[-76.6224804,39.3289382]],[[-76.62276,39.3290414],[-76.6227599,39.3290641],[-76.6227594,39.3290609],[-76.6227587,39.3290532],[-76.6227586,39.3290472],[-76.6227589,39.3290449],[-76.6227592,39.3290436],[-76.62276,39.3290414]],[[-76.6227593,39.3291784],[-76.6227591,39.3292093],[-76.6227589,39.3292085],[-76.6227578,39.3292001],[-76.6227576,39.3291972],[-76.6227573,39.3291945],[-76.6227574,39.3291895],[-76.6227577,39.3291864],[-76.622758,39.3291841],[-76.6227593,39.3291784]],[[-76.6227585,39.3293147],[-76.6227582,39.3293689],[-76.6227558,39.3293668],[-76.6227482,39.3293596],[-76.6227434,39.3293545],[-76.6227413,39.3293512],[-76.6227406,39.3293496],[-76.6227403,39.3293475],[-76.6227407,39.3293445],[-76.6227423,39.3293403],[-76.6227449,39.3293347],[-76.6227483,39.3293285],[-76.6227507,39.3293251],[-76.6227533,39.3293214],[-76.6227585,39.3293147]]]}},{"type":"Feature","properties":{"layer":"Vegetation","symbol":1,"class":"Hedgerows","_tile":"6/30/32"},"geometry":{"type":"Polygon","coordinates":[[[-76.6224228,39.3292958],[-76.6224213,39.3293051],[-76.6222184,39.3292685],[-76.6222144,39.3292638],[-76.6222138,39.3292566],[-76.6222161,39.3292442],[-76.622223,39.329236],[-76.6222318,39.3292341],[-76.6222331,39.3292341],[-76.6222397,39.3292338],[-76.622351,39.329252],[-76.6223634,39.3292585],[-76.6223735,39.3292672],[-76.6223894,39.3292725],[-76.6224184,39.3292849],[-76.6224216,39.3292897],[-76.6224228,39.3292958]]]}},{"type":"Feature","properties":{"layer":"Vegetation","symbol":1,"class":"Hedgerows","_tile":"6/30/32"},"geometry":{"type":"Polygon","coordinates":[[[-76.6227421,39.329326],[-76.6227285,39.3293653],[-76.6225935,39.3293395],[-76.6226059,39.3293005],[-76.6227421,39.329326]]]}},{"type":"Feature","properties":{"layer":"Vegetation","symbol":1,"class":"Hedgerows","_tile":"6/30/32"},"geometry":{"type":"Polygon","coordinates":[[[-76.6224222,39.3293375],[-76.6224213,39.3293431],[-76.6224183,39.329349],[-76.6224102,39.3293515],[-76.6224097,39.3293517],[-76.6221985,39.3293144],[-76.6221931,39.3293164],[-76.6221883,39.3293215],[-76.6221836,39.3293253],[-76.6221762,39.3293264],[-76.6221718,39.3293354],[-76.62217,39.3293358],[-76.6221668,39.3293361],[-76.622143,39.3293312],[-76.6221161,39.3294042],[-76.6221127,39.3294079],[-76.6221099,39.3294092],[-76.6221103,39.3293431],[-76.6221227,39.3293081],[-76.6221266,39.329306],[-76.6221499,39.3293098],[-76.622153,39.32931],[-76.6221568,39.329308],[-76.622163,39.3292947],[-76.6221649,39.329291],[-76.6221683,39.3292901],[-76.6221759,39.3292897],[-76.6224168,39.3293302],[-76.6224204,39.3293334],[-76.6224222,39.3293375]]]}},{"type":"Feature","properties":{"layer":"Vegetation","symbol":1,"class":"Hedgerows","_tile":"6/30/32"},"geometry":{"type":"Polygon","coordinates":[[[-76.6227229,39.3294291],[-76.6227225,39.3294309],[-76.6227219,39.3294321],[-76.6227206,39.3294344],[-76.6227186,39.3294371],[-76.6227177,39.329438],[-76.6227134,39.3294416],[-76.6227123,39.3294423],[-76.6226885,39.3294422],[-76.6226882,39.329441],[-76.6226884,39.3294394],[-76.6226905,39.3294332],[-76.6226906,39.3294316],[-76.62269,39.3294297],[-76.622688,39.3294265],[-76.622684,39.3294207],[-76.6226814,39.3294164],[-76.6226802,39.3294141],[-76.6226779,39.3294112],[-76.6226772,39.3294105],[-76.6226762,39.3294099],[-76.6226752,39.3294093],[-76.6226709,39.3294077],[-76.6226615,39.329405],[-76.622605,39.3293953],[-76.6225709,39.3293895],[-76.6225648,39.3293868],[-76.6225626,39.32938],[-76.622566,39.3293727],[-76.6225721,39.3293666],[-76.6225792,39.3293638],[-76.6225892,39.329362],[-76.6227011,39.3293867],[-76.6227049,39.3293882],[-76.6227089,39.3293894],[-76.6227127,39.329391],[-76.6227144,39.3293919],[-76.6227153,39.3293928],[-76.6227162,39.3293943],[-76.6227173,39.3293975],[-76.6227177,39.3294],[-76.6227179,39.3294018],[-76.6227177,39.3294063],[-76.6227181,39.3294099],[-76.6227187,39.3294124],[-76.6227216,39.329421],[-76.6227225,39.3294245],[-76.622723,39.3294277],[-76.6227229,39.3294291]]]}},{"type":"Feature","properties":{"layer":"Vegetation","symbol":3,"class":"Woodland","_tile":"6/30/33"},"geometry":{"type":"Polygon","coordinates":[[[-76.6225825,39.3289538],[-76.6224807,39.3289383],[-76.6224205,39.3289075],[-76.6222849,39.3288841],[-76.6222654,39.3288558],[-76.6222567,39.3288434],[-76.6222467,39.3288298],[-76.6222361,39.3288166],[-76.622231,39.3288108],[-76.6222221,39.3288011],[-76.6222427,39.3287871],[-76.6222478,39.3287838],[-76.6222515,39.3287809],[-76.6222558,39.3287778],[-76.6222594,39.3287745],[-76.6222623,39.3287713],[-76.6222642,39.3287682],[-76.6222648,39.3287665],[-76.6222651,39.3287652],[-76.6222657,39.3287609],[-76.6222659,39.328755],[-76.6222657,39.3287474],[-76.6222645,39.3287317],[-76.6222641,39.3287227],[-76.6222628,39.3287142],[-76.6222619,39.3287105],[-76.6222607,39.3287075],[-76.6222593,39.3287052],[-76.6222575,39.3287031],[-76.6222555,39.3287017],[-76.6222529,39.3287002],[-76.6222454,39.3286969],[-76.6222343,39.3286932],[-76.6222232,39.32869],[-76.6222051,39.3286859],[-76.6221825,39.3286814],[-76.6221554,39.3286766],[-76.6221343,39.3286732],[-76.6221156,39.32867],[-76.6221143,39.3286664],[-76.6221139,39.3286643],[-76.6221142,39.3286001],[-76.6221157,39.3285928],[-76.6221207,39.3285685],[-76.6221223,39.3285575],[-76.6221226,39.3285487],[-76.6221219,39.3285403],[-76.62212,39.3285301],[-76.6221167,39.3285178],[-76.6221147,39.3285121],[-76.622115,39.328449],[-76.6227631,39.328451],[-76.6227605,39.3289544],[-76.6225825,39.3289538]]]}},{"type":"Feature","properties":{"layer":"Vegetation","symbol":3,"class":"Woodland","_tile":"6/30/34"},"geometry":{"type":"Polygon","coordinates":[[[-76.622115,39.3284642],[-76.6221163,39.3282092],[-76.6221231,39.3281982],[-76.6221273,39.328192],[-76.622131,39.328187],[-76.6221315,39.3281865],[-76.6221381,39.3281787],[-76.6221455,39.3281709],[-76.6221563,39.3281605],[-76.6221609,39.3281563],[-76.6221659,39.3281517],[-76.6221751,39.3281441],[-76.6221839,39.3281375],[-76.6221921,39.3281321],[-76.6221995,39.328128],[-76.6222047,39.3281256],[-76.6222098,39.3281237],[-76.622219,39.3281208],[-76.622228,39.3281184],[-76.6222486,39.328114],[-76.6222595,39.328112],[-76.6222703,39.3281103],[-76.6222787,39.3281094],[-76.6222882,39.3281088],[-76.6222985,39.3281086],[-76.6223103,39.3281087],[-76.6223347,39.3281098],[-76.6223714,39.328112],[-76.6223907,39.3281132],[-76.6224054,39.3281137],[-76.6224186,39.3281139],[-76.6224314,39.3281136],[-76.6224415,39.3281128],[-76.6224526,39.3281113],[-76.6224585,39.3281097],[-76.622461,39.3281092],[-76.6224662,39.3281074],[-76.6224718,39.3281051],[-76.6224779,39.3281023],[-76.6224833,39.3280996],[-76.6225005,39.3280896],[-76.6225338,39.3280689],[-76.6225478,39.3280605],[-76.6225553,39.3280563],[-76.6225621,39.328053],[-76.6225681,39.3280503],[-76.6225738,39.3280482],[-76.6225793,39.3280465],[-76.6225856,39.328045],[-76.6226008,39.3280419],[-76.6226182,39.3280394],[-76.6226612,39.3280337],[-76.6226721,39.3280319],[-76.6226804,39.3280303],[-76.6226911,39.3280276],[-76.6227048,39.3280235],[-76.6227554,39.3280073],[-76.6227655,39.3280043],[-76.622763,39.3284663],[-76.622115,39.3284642]]]}},{"type":"Feature","properties":{"layer":"Vegetation","symbol":1,"class":"Hedgerows","_tile":"6/30/36"},"geometry":{"type":"Polygon","coordinates":[[[-76.6225015,39.3269859],[-76.6224963,39.3269865],[-76.6224923,39.3269859],[-76.6225015,39.3269859]]]}},{"type":"Feature","properties":{"layer":"Vegetation","symbol":1,"class":"Hedgerows","_tile":"6/30/36"},"geometry":{"type":"Polygon","coordinates":[[[-76.6225336,39.327072],[-76.6225282,39.3270817],[-76.622498,39.3270898],[-76.6224911,39.3270874],[-76.6224864,39.3270855],[-76.6224841,39.3270842],[-76.6224804,39.3270817],[-76.6224768,39.3270787],[-76.6224739,39.3270761],[-76.6224717,39.3270732],[-76.6224698,39.3270696],[-76.6224681,39.3270659],[-76.6224672,39.3270626],[-76.6224669,39.3270603],[-76.6224672,39.3270577],[-76.6224686,39.3270521],[-76.6224711,39.3270467],[-76.622474,39.3270426],[-76.6224765,39.3270407],[-76.6224811,39.3270381],[-76.6224862,39.3270361],[-76.6224896,39.327035],[-76.6224937,39.3270344],[-76.6225014,39.3270341],[-76.6225117,39.3270342],[-76.6225328,39.3270486],[-76.6225336,39.327072]]]}},{"type":"Feature","properties":{"layer":"Vegetation","symbol":1,"class":"Hedgerows","_tile":"6/30/36"},"geometry":{"type":"Polygon","coordinates":[[[-76.6224504,39.327183],[-76.6224429,39.3271832],[-76.6224426,39.3271479],[-76.6224425,39.327142],[-76.6225549,39.327137],[-76.6225593,39.3271391],[-76.6225607,39.3271407],[-76.6225681,39.3271491],[-76.6225677,39.3271802],[-76.6225675,39.3271862],[-76.6225336,39.3271821],[-76.6225335,39.3271815],[-76.6225302,39.3271618],[-76.6225159,39.3271577],[-76.6224714,39.3271585],[-76.6224667,39.3271586],[-76.6224661,39.3271825],[-76.6224504,39.327183]]]}},{"type":"Feature","properties":{"layer":"Vegetation","symbol":1,"class":"Hedgerows","_tile":"6/30/36"},"geometry":{"type":"Polygon","coordinates":[[[-76.6225075,39.3272916],[-76.6225063,39.3272909],[-76.6225047,39.3272846],[-76.6225068,39.3272799],[-76.6225113,39.3272705],[-76.6225168,39.327259],[-76.6225211,39.3272531],[-76.6225343,39.3272508],[-76.6225394,39.3272507],[-76.6225478,39.3272508],[-76.6225559,39.3272539],[-76.6225735,39.3272625],[-76.6225768,39.3273879],[-76.6224857,39.3273922],[-76.6224862,39.3273791],[-76.6225518,39.3273739],[-76.6225473,39.3272863],[-76.6225339,39.3272898],[-76.6225247,39.3272932],[-76.6225232,39.3272939],[-76.6225111,39.3272935],[-76.6225075,39.3272916]]]}},{"type":"Feature","properties":{"layer":"Vegetation","symbol":1,"class":"Hedgerows","_tile":"6/30/36"},"geometry":{"type":"Polygon","coordinates":[[[-76.6223992,39.3269856],[-76.6223993,39.3269872],[-76.6224012,39.3270136],[-76.6224036,39.3270437],[-76.6223811,39.3270441],[-76.6223758,39.3269855],[-76.6223992,39.3269856]]]}},{"type":"Feature","properties":{"layer":"Vegetation","symbol":2,"class":"Landscape Beds","_tile":"6/30/36"},"geometry":{"type":"Polygon","coordinates":[[[-76.6221229,39.3269847],[-76.6221238,39.3269847],[-76.6221343,39.3271413],[-76.622122,39.3271408],[-76.6221229,39.3269847]]]}},{"type":"Feature","properties":{"layer":"Vegetation","symbol":2,"class":"Landscape Beds","_tile":"6/30/36"},"geometry":{"type":"Polygon","coordinates":[[[-76.6222013,39.3272421],[-76.6222037,39.3272777],[-76.6222037,39.3272779],[-76.622167,39.3272788],[-76.6221213,39.32728],[-76.6221215,39.3272453],[-76.6222013,39.3272421]]]}},{"type":"Feature","properties":{"layer":"Vegetation","symbol":1,"class":"Hedgerows","_tile":"6/30/37"},"geometry":{"type":"Polygon","coordinates":[[[-76.6226488,39.3267266],[-76.6226485,39.3267303],[-76.6226471,39.3267368],[-76.6226454,39.3267397],[-76.6226399,39.3267465],[-76.6226081,39.3267551],[-76.6225893,39.3267511],[-76.6225829,39.3267432],[-76.6225802,39.3267385],[-76.6225795,39.3267363],[-76.6225791,39.3267337],[-76.6225794,39.3267279],[-76.6225809,39.3267223],[-76.6225827,39.3267188],[-76.6225843,39.3267173],[-76.6225864,39.3267158],[-76.6225939,39.3267119],[-76.6225996,39.32671],[-76.6226065,39.3267088],[-76.6226148,39.3267078],[-76.6226231,39.3267075],[-76.6226313,39.326708],[-76.6226348,39.3267086],[-76.6226375,39.3267095],[-76.6226392,39.3267103],[-76.6226409,39.3267116],[-76.6226439,39.326715],[-76.6226468,39.32672],[-76.6226485,39.3267244],[-76.6226488,39.3267266]]]}},{"type":"Feature","properties":{"layer":"Vegetation","symbol":1,"class":"Hedgerows","_tile":"6/30/37"},"geometry":{"type":"Polygon","coordinates":[[[-76.6225145,39.3268299],[-76.6225143,39.3268339],[-76.6225002,39.3268537],[-76.6224907,39.3268567],[-76.6224813,39.3268578],[-76.6224753,39.3268578],[-76.622472,39.3268569],[-76.6224668,39.3268548],[-76.622462,39.3268519],[-76.6224587,39.3268491],[-76.6224571,39.3268465],[-76.6224558,39.3268426],[-76.6224553,39.3268393],[-76.6224557,39.3268347],[-76.6224569,39.3268301],[-76.6224586,39.3268263],[-76.6224614,39.3268228],[-76.6224651,39.3268197],[-76.6224685,39.3268181],[-76.6224729,39.3268166],[-76.6224802,39.3268154],[-76.6224865,39.3268147],[-76.622492,39.3268147],[-76.6224972,39.3268153],[-76.6225007,39.3268166],[-76.6225053,39.326819],[-76.6225087,39.3268211],[-76.6225117,39.3268236],[-76.6225128,39.3268251],[-76.6225142,39.3268277],[-76.6225145,39.3268299]]]}},{"type":"Feature","properties":{"layer":"Vegetation","symbol":1,"class":"Hedgerows","_tile":"6/30/37"},"geometry":{"type":"Polygon","coordinates":[[[-76.6224559,39.3269624],[-76.6224552,39.3269604],[-76.6224549,39.326958],[-76.622455,39.3269553],[-76.6224553,39.3269541],[-76.6224558,39.3269515],[-76.6224583,39.3269449],[-76.62246,39.3269416],[-76.622462,39.3269391],[-76.6224645,39.326937],[-76.6224677,39.3269348],[-76.6224728,39.3269324],[-76.6224762,39.3269312],[-76.6224794,39.3269307],[-76.6224852,39.3269302],[-76.6224918,39.3269303],[-76.6225156,39.3269386],[-76.622523,39.326946],[-76.6225252,39.3269485],[-76.6225267,39.3269509],[-76.6225278,39.3269546],[-76.6225282,39.3269591],[-76.6225279,39.3269646],[-76.6225271,39.3269684],[-76.6225258,39.3269709],[-76.6225232,39.3269747],[-76.62252,39.3269781],[-76.6225176,39.3269802],[-76.6225133,39.3269826],[-76.6225075,39.3269847],[-76.6225015,39.3269859],[-76.6224963,39.3269865],[-76.6224923,39.3269859],[-76.6224866,39.326984],[-76.6224797,39.3269806],[-76.6224718,39.3269762],[-76.6224663,39.3269726],[-76.6224617,39.3269689],[-76.6224577,39.3269651],[-76.6224559,39.3269624]]]}},{"type":"Feature","properties":{"layer":"Vegetation","symbol":1,"class":"Hedgerows","_tile":"6/30/37"},"geometry":{"type":"Polygon","coordinates":[[[-76.6224175,39.3268348],[-76.6224176,39.3268397],[-76.6224145,39.3268478],[-76.6223906,39.326845],[-76.6223852,39.3268463],[-76.6223757,39.3268496],[-76.6223646,39.3268501],[-76.6223636,39.3268358],[-76.6223633,39.32683],[-76.622377,39.3268286],[-76.6223865,39.3268317],[-76.6223911,39.3268339],[-76.6224123,39.3268338],[-76.6224175,39.3268348]]]}},{"type":"Feature","properties":{"layer":"Vegetation","symbol":1,"class":"Hedgerows","_tile":"6/30/37"},"geometry":{"type":"Polygon","coordinates":[[[-76.6224063,39.3269074],[-76.6224005,39.3269346],[-76.6223989,39.326944],[-76.6223981,39.3269515],[-76.6223981,39.3269643],[-76.6223993,39.3269872],[-76.6224003,39.3270009],[-76.6223773,39.3270008],[-76.6223669,39.3268839],[-76.6223765,39.3268832],[-76.6223844,39.3268848],[-76.6223942,39.3268879],[-76.6223987,39.326894],[-76.6224063,39.3269074]]]}},{"type":"Feature","properties":{"layer":"Vegetation","symbol":1,"class":"Hedgerows","_tile":"6/30/37"},"geometry":{"type":"Polygon","coordinates":[[[-76.6224149,39.326772],[-76.622415,39.3267826],[-76.622401,39.3267832],[-76.6223602,39.3267846],[-76.622344,39.3265438],[-76.6223437,39.3265411],[-76.622345,39.3265196],[-76.6223449,39.3265127],[-76.6223445,39.326509],[-76.6223436,39.3265058],[-76.6223422,39.3265031],[-76.6223411,39.3265014],[-76.6223409,39.3264973],[-76.62236,39.3264974],[-76.6223597,39.3265074],[-76.6223601,39.3265224],[-76.6223622,39.3265462],[-76.622364,39.3265836],[-76.6223759,39.3266021],[-76.6223805,39.3266221],[-76.6223782,39.326635],[-76.6223751,39.3266457],[-76.6223746,39.3266505],[-76.6223767,39.3266605],[-76.6223942,39.3267025],[-76.622392,39.3267176],[-76.6223918,39.3267195],[-76.622389,39.3267313],[-76.6223887,39.3267537],[-76.6223908,39.326773],[-76.6224149,39.326772]]]}},{"type":"Feature","properties":{"layer":"Vegetation","symbol":1,"class":"Hedgerows","_tile":"6/30/37"},"geometry":{"type":"Polygon","coordinates":[[[-76.6221857,39.3264968],[-76.6221254,39.3264993],[-76.6221255,39.3264967],[-76.6221857,39.3264968]]]}},{"type":"Feature","properties":{"layer":"Vegetation","symbol":2,"class":"Landscape Beds","_tile":"6/30/37"},"geometry":{"type":"Polygon","coordinates":[[[-76.6221229,39.3269729],[-76.6221248,39.327],[-76.6221228,39.327],[-76.6221229,39.3269729]]]}},{"type":"Feature","properties":{"layer":"Vegetation","symbol":2,"class":"Landscape Beds","_tile":"6/30/37"},"geometry":{"type":"Polygon","coordinates":[[[-76.6221255,39.3264967],[-76.6221857,39.3264968],[-76.6221254,39.3264993],[-76.6221255,39.3264967]]]}},{"type":"Feature","properties":{"layer":"Vegetation","symbol":1,"class":"Hedgerows","_tile":"6/30/38"},"geometry":{"type":"Polygon","coordinates":[[[-76.6223449,39.3265126],[-76.6223445,39.326509],[-76.6223436,39.3265058],[-76.6223422,39.3265031],[-76.6223411,39.3265014],[-76.6223403,39.3264906],[-76.6223182,39.3264914],[-76.6222984,39.3264896],[-76.6222903,39.3264893],[-76.6222837,39.3264893],[-76.6222778,39.32649],[-76.622262,39.3264927],[-76.6222554,39.3264934],[-76.6222517,39.3264935],[-76.6222485,39.3264931],[-76.6222459,39.3264925],[-76.6222441,39.3264916],[-76.6222395,39.3264878],[-76.6222374,39.3264855],[-76.6222361,39.3264837],[-76.6222349,39.3264809],[-76.6222342,39.3264776],[-76.6222339,39.3264739],[-76.6222339,39.32647],[-76.6222345,39.3264665],[-76.6222355,39.3264634],[-76.6222367,39.3264609],[-76.6222383,39.326459],[-76.6222427,39.3264557],[-76.6222469,39.3264537],[-76.6222521,39.3264527],[-76.6222601,39.3264523],[-76.6222747,39.3264526],[-76.6222898,39.3264534],[-76.6223027,39.3264549],[-76.6223127,39.3264567],[-76.6223214,39.3264592],[-76.62233,39.326462],[-76.622337,39.3264647],[-76.6223422,39.3264672],[-76.6223474,39.3264703],[-76.622352,39.3264734],[-76.6223555,39.3264762],[-76.6223574,39.3264782],[-76.6223583,39.32648],[-76.622359,39.3264822],[-76.6223601,39.326488],[-76.6223602,39.3264951],[-76.6223597,39.3265074],[-76.6223598,39.3265127],[-76.6223449,39.3265126]]]}},{"type":"Feature","properties":{"layer":"Vegetation","symbol":1,"class":"Hedgerows","_tile":"6/30/38"},"geometry":{"type":"Polygon","coordinates":[[[-76.6221257,39.3264507],[-76.6221321,39.3264509],[-76.6221329,39.326451],[-76.6221341,39.326451],[-76.6221467,39.3264522],[-76.6221585,39.3264539],[-76.6221633,39.3264549],[-76.6221669,39.3264562],[-76.6221688,39.3264569],[-76.6221726,39.3264586],[-76.6221772,39.3264611],[-76.6221793,39.3264629],[-76.6221807,39.3264641],[-76.6221874,39.3264711],[-76.6221929,39.3264763],[-76.622199,39.3264782],[-76.6221986,39.3264809],[-76.6221993,39.326486],[-76.6221966,39.3264964],[-76.6221254,39.3264993],[-76.6221257,39.3264507]]]}},{"type":"Feature","properties":{"layer":"Vegetation","symbol":2,"class":"Landscape Beds","_tile":"6/30/38"},"geometry":{"type":"Polygon","coordinates":[[[-76.6221257,39.3264554],[-76.6221332,39.3264551],[-76.6221329,39.326451],[-76.6221318,39.326437],[-76.622146,39.3264368],[-76.622154,39.3264429],[-76.6221578,39.3264468],[-76.6221688,39.3264569],[-76.6221715,39.3264594],[-76.6221769,39.3264624],[-76.6221793,39.3264629],[-76.6221807,39.3264631],[-76.6221996,39.3264642],[-76.6222009,39.3264819],[-76.6222017,39.3264962],[-76.6221966,39.3264964],[-76.6221254,39.3264993],[-76.6221257,39.3264554]]]}},{"type":"Feature","properties":{"layer":"Vegetation","symbol":1,"class":"Hedgerows","_tile":"6/30/40"},"geometry":{"type":"Polygon","coordinates":[[[-76.6225327,39.3252674],[-76.6224798,39.3252923],[-76.6224742,39.3252851],[-76.6225273,39.3252601],[-76.6225327,39.3252674]]]}},{"type":"Feature","properties":{"layer":"Vegetation","symbol":1,"class":"Hedgerows","_tile":"6/30/40"},"geometry":{"type":"Polygon","coordinates":[[[-76.6225507,39.3252885],[-76.6224971,39.3253124],[-76.6224922,39.3253059],[-76.6225459,39.3252818],[-76.6225507,39.3252885]]]}},{"type":"Feature","properties":{"layer":"Vegetation","symbol":1,"class":"Hedgerows","_tile":"6/30/40"},"geometry":{"type":"Polygon","coordinates":[[[-76.6224567,39.3253397],[-76.6224562,39.3253446],[-76.622455,39.3253505],[-76.6224531,39.3253555],[-76.6224492,39.3253609],[-76.6224437,39.3253665],[-76.622438,39.3253707],[-76.6224332,39.3253733],[-76.6224274,39.325376],[-76.622422,39.3253777],[-76.6224162,39.3253789],[-76.6224093,39.3253797],[-76.6224033,39.32538],[-76.6223976,39.3253798],[-76.6223908,39.3253791],[-76.6223841,39.3253781],[-76.6223787,39.3253766],[-76.6223717,39.3253734],[-76.6223644,39.3253691],[-76.6223587,39.3253645],[-76.6223552,39.3253606],[-76.6223519,39.3253558],[-76.6223497,39.3253514],[-76.6223487,39.3253475],[-76.6223481,39.3253427],[-76.622348,39.3253378],[-76.6223484,39.3253338],[-76.6223502,39.3253285],[-76.6223528,39.3253227],[-76.6223559,39.3253178],[-76.6223602,39.3253134],[-76.6223658,39.3253089],[-76.6223711,39.3253053],[-76.6223771,39.3253025],[-76.6223845,39.3252999],[-76.6223911,39.3252983],[-76.6223991,39.3252977],[-76.6224069,39.3252977],[-76.6224155,39.3252992],[-76.6224141,39.3253043],[-76.6224061,39.325303],[-76.6223994,39.3253028],[-76.6223925,39.3253034],[-76.6223869,39.3253047],[-76.6223803,39.325307],[-76.622375,39.3253095],[-76.6223703,39.3253126],[-76.6223653,39.3253168],[-76.6223616,39.3253206],[-76.6223589,39.3253246],[-76.6223564,39.32533],[-76.622355,39.3253346],[-76.6223546,39.3253381],[-76.6223547,39.3253424],[-76.6223553,39.3253466],[-76.622356,39.32535],[-76.6223578,39.3253536],[-76.6223609,39.3253579],[-76.6223638,39.3253613],[-76.6223688,39.3253652],[-76.6223754,39.3253691],[-76.6223815,39.3253719],[-76.622386,39.3253731],[-76.622392,39.3253741],[-76.6223981,39.3253747],[-76.6224033,39.3253748],[-76.6224085,39.3253746],[-76.6224148,39.3253738],[-76.6224199,39.3253728],[-76.6224243,39.3253713],[-76.6224297,39.3253689],[-76.6224339,39.3253668],[-76.6224387,39.325363],[-76.6224436,39.325358],[-76.622447,39.3253535],[-76.6224485,39.3253493],[-76.6224496,39.325344],[-76.6224501,39.3253397],[-76.6224498,39.3253372],[-76.6224477,39.3253284],[-76.6224542,39.3253273],[-76.6224564,39.3253365],[-76.6224567,39.3253397]]]}},{"type":"Feature","properties":{"layer":"Vegetation","symbol":1,"class":"Hedgerows","_tile":"6/30/41"},"geometry":{"type":"Polygon","coordinates":[[[-76.622308,39.3245449],[-76.6223054,39.3245458],[-76.6223005,39.3245462],[-76.6222994,39.3245449],[-76.622308,39.3245449]]]}},{"type":"Feature","properties":{"layer":"Vegetation","symbol":1,"class":"Hedgerows","_tile":"6/30/41"},"geometry":{"type":"Polygon","coordinates":[[[-76.6223195,39.3245701],[-76.622324,39.3245678],[-76.6223307,39.3245763],[-76.6223713,39.3245569],[-76.6223748,39.3245583],[-76.6223705,39.3245626],[-76.6223294,39.3245824],[-76.6223195,39.3245701]]]}},{"type":"Feature","properties":{"layer":"Vegetation","symbol":1,"class":"Hedgerows","_tile":"6/30/41"},"geometry":{"type":"Polygon","coordinates":[[[-76.6227393,39.3246858],[-76.622739,39.3246886],[-76.6226767,39.324718],[-76.6226734,39.324719],[-76.6226721,39.3247174],[-76.6226696,39.3247119],[-76.622667,39.3247104],[-76.6226601,39.3247088],[-76.6226557,39.3247069],[-76.6226554,39.3247039],[-76.6226579,39.3246985],[-76.6226608,39.3246963],[-76.6226637,39.3246963],[-76.6226706,39.3246969],[-76.622676,39.3246968],[-76.622682,39.3246946],[-76.6226892,39.3246907],[-76.6227045,39.324685],[-76.6227095,39.3246812],[-76.6227129,39.3246808],[-76.6227191,39.3246822],[-76.6227329,39.3246821],[-76.6227381,39.3246832],[-76.6227393,39.3246851],[-76.6227393,39.3246858]]]}},{"type":"Feature","properties":{"layer":"Vegetation","symbol":1,"class":"Hedgerows","_tile":"6/30/41"},"geometry":{"type":"Polygon","coordinates":[[[-76.6223811,39.3248198],[-76.6223794,39.324823],[-76.6223778,39.3248248],[-76.6223728,39.3248254],[-76.6223669,39.3248253],[-76.6223621,39.3248232],[-76.6223569,39.3248175],[-76.6223577,39.324814],[-76.6223674,39.324806],[-76.6223737,39.3248052],[-76.622377,39.3248073],[-76.62238,39.3248144],[-76.6223811,39.3248198]]]}},{"type":"Feature","properties":{"layer":"Vegetation","symbol":1,"class":"Hedgerows","_tile":"6/30/41"},"geometry":{"type":"Polygon","coordinates":[[[-76.6223017,39.3245701],[-76.6223133,39.3245851],[-76.6223088,39.3245872],[-76.6222971,39.3245723],[-76.6223017,39.3245701]]]}},{"type":"Feature","properties":{"layer":"Vegetation","symbol":2,"class":"Landscape Beds","_tile":"6/30/41"},"geometry":{"type":"Polygon","coordinates":[[[-76.622242,39.3248433],[-76.6222398,39.3248403],[-76.622227,39.3248033],[-76.6222698,39.3247831],[-76.6223033,39.3247674],[-76.6223093,39.3247646],[-76.6223257,39.3247568],[-76.6223282,39.3247597],[-76.622334,39.3247651],[-76.6223396,39.3247684],[-76.6223459,39.3247712],[-76.6223511,39.3247727],[-76.6223572,39.3247742],[-76.6223626,39.3247753],[-76.6223681,39.324776],[-76.622381,39.3247773],[-76.6223917,39.324778],[-76.6223948,39.3247781],[-76.6224376,39.3248333],[-76.6224078,39.3248473],[-76.6224042,39.3248556],[-76.6224065,39.3248585],[-76.6223819,39.32487],[-76.6223878,39.3248777],[-76.6224125,39.3248661],[-76.6224169,39.324872],[-76.6224481,39.324912],[-76.6224233,39.3249242],[-76.6224035,39.3249282],[-76.6223865,39.3249272],[-76.6223643,39.3249215],[-76.6223505,39.3249168],[-76.6223408,39.3249173],[-76.6222902,39.3248808],[-76.622242,39.3248433]]]}},{"type":"Feature","properties":{"layer":"Vegetation","symbol":1,"class":"Hedgerows","_tile":"6/30/42"},"geometry":{"type":"Polygon","coordinates":[[[-76.6222856,39.3241655],[-76.6222861,39.3241699],[-76.6222814,39.3241724],[-76.6222752,39.3241724],[-76.6222715,39.3241722],[-76.6222699,39.3241721],[-76.6222598,39.3241675],[-76.6222501,39.3241571],[-76.6222474,39.3241475],[-76.622247,39.324138],[-76.6222499,39.3241338],[-76.6222554,39.3241315],[-76.6222639,39.3241332],[-76.6222712,39.3241391],[-76.622285,39.3241591],[-76.6222856,39.3241655]]]}},{"type":"Feature","properties":{"layer":"Vegetation","symbol":1,"class":"Hedgerows","_tile":"6/30/42"},"geometry":{"type":"Polygon","coordinates":[[[-76.6226182,39.3241449],[-76.622647,39.3241831],[-76.6226493,39.324186],[-76.6226428,39.3241892],[-76.6226113,39.3241481],[-76.6226182,39.3241449]]]}},{"type":"Feature","properties":{"layer":"Vegetation","symbol":1,"class":"Hedgerows","_tile":"6/30/42"},"geometry":{"type":"Polygon","coordinates":[[[-76.6222284,39.3244031],[-76.622222,39.3243949],[-76.6222484,39.3243825],[-76.6222617,39.3243995],[-76.6222511,39.3244043],[-76.6222475,39.3244016],[-76.6222449,39.3243992],[-76.6222414,39.3243986],[-76.6222387,39.3243992],[-76.6222284,39.3244031]]]}},{"type":"Feature","properties":{"layer":"Vegetation","symbol":1,"class":"Hedgerows","_tile":"6/30/42"},"geometry":{"type":"Polygon","coordinates":[[[-76.6223019,39.3244505],[-76.6223197,39.3244731],[-76.6223134,39.3244756],[-76.6222957,39.3244539],[-76.6223019,39.3244505]]]}},{"type":"Feature","properties":{"layer":"Vegetation","symbol":1,"class":"Hedgerows","_tile":"6/30/42"},"geometry":{"type":"Polygon","coordinates":[[[-76.6223255,39.3244805],[-76.6223732,39.324541],[-76.6223678,39.3245437],[-76.62232,39.3244831],[-76.6223255,39.3244805]]]}},{"type":"Feature","properties":{"layer":"Vegetation","symbol":1,"class":"Hedgerows","_tile":"6/30/42"},"geometry":{"type":"Polygon","coordinates":[[[-76.6222938,39.3245085],[-76.6223034,39.3245138],[-76.6223056,39.3245126],[-76.6223094,39.3245077],[-76.6223142,39.3245071],[-76.6223175,39.3245081],[-76.6223208,39.324512],[-76.6223215,39.3245173],[-76.6223207,39.3245215],[-76.6223179,39.3245336],[-76.6223132,39.3245416],[-76.6223092,39.3245444],[-76.6223054,39.3245458],[-76.6223005,39.3245462],[-76.6222915,39.3245349],[-76.6223018,39.3245301],[-76.6222873,39.3245115],[-76.6222938,39.3245085]]]}},{"type":"Feature","properties":{"layer":"Vegetation","symbol":1,"class":"Hedgerows","_tile":"6/30/42"},"geometry":{"type":"Polygon","coordinates":[[[-76.6223641,39.3245603],[-76.6223713,39.3245569],[-76.6223748,39.3245583],[-76.6223728,39.3245604],[-76.6223641,39.3245603]]]}},{"type":"Feature","properties":{"layer":"Vegetation","symbol":3,"class":"Woodland","_tile":"6/30/43"},"geometry":{"type":"Polygon","coordinates":[[[-76.6221408,39.3236206],[-76.6221448,39.3236216],[-76.622159,39.3236296],[-76.6221607,39.3236318],[-76.6221649,39.3236376],[-76.6221627,39.3236473],[-76.6221581,39.3236519],[-76.6221516,39.3236581],[-76.6221405,39.3236641],[-76.6221408,39.3236206]],[[-76.6221405,39.323673],[-76.6221423,39.3236772],[-76.6221427,39.3236863],[-76.6221404,39.3236925],[-76.6221405,39.323673]]]}},{"type":"Feature","properties":{"layer":"Vegetation","symbol":1,"class":"Hedgerows","_tile":"6/30/43"},"geometry":{"type":"Polygon","coordinates":[[[-76.6222487,39.3238098],[-76.622249,39.3238124],[-76.6222461,39.3238172],[-76.6222411,39.3238196],[-76.6222319,39.3238199],[-76.622229,39.3238188],[-76.6222247,39.3238171],[-76.6222109,39.3238147],[-76.6222002,39.3238112],[-76.6221967,39.3238043],[-76.6222009,39.3237924],[-76.6222085,39.3237863],[-76.6222205,39.3237848],[-76.6222332,39.3237883],[-76.6222385,39.3237904],[-76.6222455,39.3237978],[-76.6222484,39.3238065],[-76.6222487,39.3238098]]]}},{"type":"Feature","properties":{"layer":"Vegetation","symbol":1,"class":"Hedgerows","_tile":"6/31/32"},"geometry":{"type":"Polygon","coordinates":[[[-76.6219866,39.32908],[-76.6219832,39.3290903],[-76.6219817,39.3290937],[-76.62198,39.3290962],[-76.6219766,39.3290993],[-76.6219655,39.3291073],[-76.621963,39.3291097],[-76.6219616,39.3291117],[-76.6219605,39.3291149],[-76.6219592,39.3291232],[-76.6219585,39.3291263],[-76.6219571,39.3291288],[-76.6219561,39.3291295],[-76.6219552,39.3291298],[-76.6219526,39.3291301],[-76.6219492,39.3291299],[-76.6219465,39.3291292],[-76.6219436,39.3291276],[-76.6219341,39.3291207],[-76.6219309,39.3291187],[-76.6219194,39.3291148],[-76.6219137,39.3291116],[-76.6219082,39.3291075],[-76.6219059,39.329105],[-76.6219058,39.3291037],[-76.6219064,39.3291013],[-76.6219071,39.3290998],[-76.6219081,39.3290977],[-76.6219166,39.3290858],[-76.621918,39.3290848],[-76.6219196,39.3290839],[-76.6219205,39.329084],[-76.6219217,39.3290843],[-76.6219243,39.3290855],[-76.6219275,39.3290891],[-76.6219294,39.3290899],[-76.6219323,39.3290904],[-76.6219359,39.3290906],[-76.6219402,39.3290903],[-76.6219439,39.3290894],[-76.6219481,39.3290874],[-76.6219527,39.3290847],[-76.6219616,39.3290785],[-76.6219681,39.3290747],[-76.6219726,39.3290727],[-76.621977,39.3290717],[-76.6219816,39.3290713],[-76.6219862,39.3290719],[-76.6219866,39.32908]]]}},{"type":"Feature","properties":{"layer":"Vegetation","symbol":1,"class":"Hedgerows","_tile":"6/31/32"},"geometry":{"type":"Polygon","coordinates":[[[-76.6219231,39.3291638],[-76.621923,39.3291646],[-76.6219225,39.3291657],[-76.6219214,39.329167],[-76.6219207,39.3291675],[-76.6219188,39.3291677],[-76.6219157,39.3291677],[-76.6219145,39.3291679],[-76.6219142,39.3291682],[-76.6219134,39.3291692],[-76.6219131,39.3291701],[-76.6219128,39.3291717],[-76.6219126,39.3291752],[-76.6219125,39.3291763],[-76.6219118,39.3291796],[-76.6219115,39.3291804],[-76.6219109,39.3291814],[-76.6219104,39.3291818],[-76.621908,39.3291827],[-76.6219074,39.3291831],[-76.6219071,39.3291834],[-76.6219072,39.3291846],[-76.6219077,39.3291856],[-76.6219084,39.3291866],[-76.6219095,39.3291875],[-76.621913,39.3291894],[-76.6219136,39.3291899],[-76.6219138,39.3291901],[-76.6219139,39.3291906],[-76.6219139,39.3291915],[-76.6219136,39.3291937],[-76.6219131,39.3291949],[-76.6219116,39.3291972],[-76.6219107,39.3291981],[-76.6219099,39.3291984],[-76.6219076,39.329199],[-76.6219027,39.3291986],[-76.6219025,39.3291981],[-76.6219,39.3291934],[-76.6218993,39.3291926],[-76.6218987,39.329192],[-76.6218978,39.3291912],[-76.6218967,39.3291906],[-76.6218915,39.3291882],[-76.6218897,39.3291867],[-76.6218894,39.3291862],[-76.6218891,39.3291854],[-76.6218888,39.3291832],[-76.6218888,39.3291824],[-76.6218893,39.3291806],[-76.6218897,39.3291794],[-76.6218904,39.3291786],[-76.621891,39.3291782],[-76.6218933,39.3291775],[-76.6218974,39.3291767],[-76.6218984,39.3291763],[-76.6218987,39.329176],[-76.6218987,39.3291754],[-76.6218973,39.3291735],[-76.6218958,39.3291725],[-76.6218919,39.3291719],[-76.6218906,39.3291716],[-76.6218899,39.3291711],[-76.6218898,39.3291705],[-76.6218885,39.3291609],[-76.6218879,39.3291542],[-76.6218876,39.329142],[-76.6218857,39.3291316],[-76.6218857,39.3291288],[-76.6218865,39.3291259],[-76.6218868,39.3291251],[-76.6218874,39.3291241],[-76.6218877,39.3291238],[-76.6218885,39.3291233],[-76.6218914,39.3291225],[-76.621894,39.3291224],[-76.6218953,39.3291225],[-76.6218965,39.3291228],[-76.6218989,39.3291238],[-76.6219005,39.3291245],[-76.6219022,39.3291257],[-76.6219029,39.3291269],[-76.6219032,39.3291277],[-76.6219041,39.3291348],[-76.6219046,39.3291356],[-76.6219056,39.3291369],[-76.6219093,39.3291406],[-76.6219114,39.3291439],[-76.6219146,39.3291501],[-76.621917,39.3291539],[-76.6219202,39.3291579],[-76.6219216,39.3291599],[-76.6219228,39.3291622],[-76.6219231,39.3291632],[-76.6219231,39.3291638]]]}},{"type":"Feature","properties":{"layer":"Vegetation","symbol":1,"class":"Hedgerows","_tile":"6/31/32"},"geometry":{"type":"Polygon","coordinates":[[[-76.6221298,39.329367],[-76.6221161,39.3294042],[-76.6221127,39.3294079],[-76.6221078,39.3294101],[-76.6220974,39.3294069],[-76.6220929,39.3294041],[-76.6220906,39.3294009],[-76.6220917,39.3293952],[-76.6221227,39.3293081],[-76.6221266,39.329306],[-76.6221301,39.3293066],[-76.6221298,39.329367]]]}},{"type":"Feature","properties":{"layer":"Vegetation","symbol":3,"class":"Woodland","_tile":"6/31/33"},"geometry":{"type":"Polygon","coordinates":[[[-76.6221335,39.3286731],[-76.6221156,39.32867],[-76.6221143,39.3286664],[-76.6221124,39.3286571],[-76.6221121,39.3286552],[-76.6221108,39.3286459],[-76.6221098,39.3286356],[-76.6221098,39.3286308],[-76.6221101,39.3286255],[-76.6221117,39.3286129],[-76.6221157,39.3285928],[-76.6221207,39.3285685],[-76.6221223,39.3285575],[-76.6221226,39.3285487],[-76.6221219,39.3285403],[-76.62212,39.3285301],[-76.6221167,39.3285178],[-76.6221132,39.3285077],[-76.6221132,39.3285075],[-76.6221088,39.3284969],[-76.6221087,39.3284963],[-76.6221044,39.3284874],[-76.6221037,39.3284856],[-76.6220985,39.3284766],[-76.6220932,39.328469],[-76.6220883,39.3284638],[-76.6220881,39.3284634],[-76.6220797,39.3284556],[-76.6220716,39.3284488],[-76.6221347,39.328449],[-76.6221335,39.3286731]]]}},{"type":"Feature","properties":{"layer":"Vegetation","symbol":1,"class":"Hedgerows","_tile":"6/31/33"},"geometry":{"type":"Polygon","coordinates":[[[-76.6217795,39.3286201],[-76.6217755,39.3286569],[-76.6217574,39.3286512],[-76.6217144,39.3286497],[-76.6216568,39.3286479],[-76.62165,39.328643],[-76.6216467,39.3286322],[-76.6216465,39.3286223],[-76.6216486,39.328621],[-76.6217795,39.3286201]]]}},{"type":"Feature","properties":{"layer":"Vegetation","symbol":1,"class":"Hedgerows","_tile":"6/31/33"},"geometry":{"type":"Polygon","coordinates":[[[-76.621723,39.3286834],[-76.6217222,39.3286844],[-76.6217204,39.3286858],[-76.6217175,39.3286871],[-76.6217122,39.3286886],[-76.6217078,39.3286894],[-76.6217019,39.32869],[-76.6216797,39.3286911],[-76.6216685,39.3286918],[-76.6216648,39.3286918],[-76.621662,39.3286916],[-76.6216596,39.3286907],[-76.6216588,39.3286906],[-76.6216568,39.3286895],[-76.6216559,39.3286884],[-76.621655,39.3286866],[-76.6216549,39.3286837],[-76.6216595,39.3286747],[-76.6216918,39.328674],[-76.6217109,39.3286741],[-76.6217146,39.3286743],[-76.6217168,39.3286747],[-76.6217181,39.3286754],[-76.6217197,39.3286765],[-76.6217223,39.3286795],[-76.621723,39.3286817],[-76.621723,39.3286834]]]}},{"type":"Feature","properties":{"layer":"Vegetation","symbol":1,"class":"Hedgerows","_tile":"6/31/33"},"geometry":{"type":"Polygon","coordinates":[[[-76.6218552,39.3287303],[-76.6218547,39.328732],[-76.6218535,39.3287339],[-76.6218516,39.3287351],[-76.6218481,39.3287364],[-76.6218445,39.3287372],[-76.6218412,39.3287376],[-76.6218332,39.3287385],[-76.6218261,39.3287389],[-76.6218,39.3287393],[-76.6217917,39.3287396],[-76.6217747,39.3287409],[-76.6217647,39.3287412],[-76.6217568,39.3287407],[-76.6217537,39.3287401],[-76.6217511,39.3287393],[-76.6217477,39.3287375],[-76.6217454,39.3287358],[-76.6217447,39.3287345],[-76.6217444,39.3287325],[-76.6217447,39.3287251],[-76.6217444,39.3287207],[-76.6217441,39.3287029],[-76.6217438,39.328701],[-76.6217423,39.3286845],[-76.6217426,39.328683],[-76.621744,39.3286818],[-76.6217462,39.3286807],[-76.6217479,39.3286805],[-76.6217514,39.3286806],[-76.621754,39.328681],[-76.6217598,39.3286825],[-76.6218094,39.3287051],[-76.6218257,39.3287122],[-76.6218411,39.3287186],[-76.6218459,39.3287207],[-76.6218494,39.3287228],[-76.6218526,39.3287252],[-76.6218544,39.3287272],[-76.6218552,39.3287303]]]}},{"type":"Feature","properties":{"layer":"Vegetation","symbol":1,"class":"Hedgerows","_tile":"6/31/33"},"geometry":{"type":"Polygon","coordinates":[[[-76.6219883,39.3287753],[-76.6219879,39.3287779],[-76.6219859,39.3287844],[-76.6219621,39.328789],[-76.6219533,39.3287729],[-76.621947,39.3287634],[-76.621939,39.3287525],[-76.6219303,39.328742],[-76.6219207,39.3287317],[-76.6219201,39.3287309],[-76.6219201,39.32873],[-76.6219218,39.3287291],[-76.6219245,39.3287283],[-76.6219285,39.3287274],[-76.6219314,39.3287276],[-76.6219357,39.3287288],[-76.6219391,39.3287302],[-76.621949,39.3287353],[-76.6219521,39.3287365],[-76.6219539,39.3287369],[-76.6219581,39.3287373],[-76.6219679,39.3287376],[-76.6219714,39.3287378],[-76.6219743,39.3287383],[-76.6219765,39.3287394],[-76.6219779,39.3287406],[-76.6219791,39.3287424],[-76.6219817,39.328747],[-76.6219827,39.328751],[-76.6219843,39.3287606],[-76.6219877,39.3287715],[-76.6219883,39.3287753]]]}},{"type":"Feature","properties":{"layer":"Vegetation","symbol":1,"class":"Hedgerows","_tile":"6/31/33"},"geometry":{"type":"Polygon","coordinates":[[[-76.6218773,39.3287481],[-76.621881,39.3287498],[-76.6218856,39.3287529],[-76.6218929,39.3287594],[-76.6218973,39.328763],[-76.6219004,39.3287694],[-76.6219021,39.3287832],[-76.6219004,39.3288005],[-76.6218971,39.3288063],[-76.6218956,39.328808],[-76.6218936,39.3288097],[-76.621888,39.328813],[-76.6218817,39.3288157],[-76.6218785,39.3288167],[-76.621876,39.3288171],[-76.6218713,39.3288171],[-76.6218694,39.3288169],[-76.6218681,39.3288164],[-76.6218668,39.3288152],[-76.6218659,39.3288133],[-76.6218653,39.3288109],[-76.6218652,39.3288066],[-76.6218641,39.3287859],[-76.6218626,39.3287723],[-76.6218604,39.3287601],[-76.6218604,39.3287559],[-76.6218609,39.3287508],[-76.6218614,39.3287481],[-76.6218621,39.3287465],[-76.6218637,39.3287455],[-76.6218658,39.3287448],[-76.6218671,39.3287446],[-76.6218691,39.328745],[-76.6218743,39.3287467],[-76.6218773,39.3287481]]]}},{"type":"Feature","properties":{"layer":"Vegetation","symbol":1,"class":"Hedgerows","_tile":"6/31/33"},"geometry":{"type":"Polygon","coordinates":[[[-76.6219595,39.3288512],[-76.621959,39.3288553],[-76.6219582,39.3288569],[-76.6219576,39.3288575],[-76.6219558,39.3288579],[-76.6219504,39.3288573],[-76.621947,39.3288566],[-76.6219424,39.3288549],[-76.6219231,39.3288454],[-76.6219212,39.328844],[-76.6219199,39.3288416],[-76.6219192,39.3288368],[-76.6219198,39.3288334],[-76.6219222,39.3288284],[-76.621926,39.3288231],[-76.6219296,39.3288188],[-76.6219441,39.3288183],[-76.6219557,39.3288369],[-76.6219586,39.3288457],[-76.6219595,39.3288512]]]}},{"type":"Feature","properties":{"layer":"Vegetation","symbol":3,"class":"Woodland","_tile":"6/31/34"},"geometry":{"type":"Polygon","coordinates":[[[-76.6220886,39.3284641],[-76.6220883,39.3284638],[-76.6220881,39.3284634],[-76.6220797,39.3284556],[-76.6220528,39.3284329],[-76.6220382,39.3284188],[-76.6220243,39.3284038],[-76.6220133,39.3283905],[-76.6220091,39.3283846],[-76.6220086,39.3283838],[-76.6220059,39.3283795],[-76.6220022,39.3283723],[-76.621999,39.3283634],[-76.6219962,39.3283533],[-76.6219942,39.3283428],[-76.6219929,39.3283322],[-76.6219925,39.3283223],[-76.6219929,39.3283136],[-76.6219943,39.3283068],[-76.6219958,39.3283028],[-76.6219982,39.3282986],[-76.6220016,39.3282937],[-76.6220053,39.3282889],[-76.6220098,39.3282842],[-76.6220142,39.32828],[-76.6220187,39.3282766],[-76.622023,39.3282737],[-76.6220272,39.3282718],[-76.622033,39.3282698],[-76.6220399,39.328268],[-76.6220645,39.3282621],[-76.6220711,39.32826],[-76.6220759,39.3282581],[-76.6220811,39.3282549],[-76.6220863,39.3282507],[-76.6220917,39.3282451],[-76.6220971,39.3282385],[-76.6221021,39.3282318],[-76.6221073,39.3282237],[-76.6221231,39.3281982],[-76.6221273,39.328192],[-76.622131,39.328187],[-76.6221315,39.3281865],[-76.6221361,39.328181],[-76.6221346,39.3284643],[-76.6220886,39.3284641]]]}},{"type":"Feature","properties":{"layer":"Vegetation","symbol":1,"class":"Hedgerows","_tile":"6/31/34"},"geometry":{"type":"Polygon","coordinates":[[[-76.6214936,39.3280357],[-76.6214888,39.3280356],[-76.6214889,39.3280159],[-76.6214929,39.3280156],[-76.6214936,39.3280357]]]}},{"type":"Feature","properties":{"layer":"Vegetation","symbol":1,"class":"Hedgerows","_tile":"6/31/34"},"geometry":{"type":"Polygon","coordinates":[[[-76.6215097,39.328252],[-76.6214876,39.3282541],[-76.621488,39.3281811],[-76.6214942,39.3281811],[-76.6214973,39.3282264],[-76.621508,39.3282269],[-76.6215097,39.328252]]]}},{"type":"Feature","properties":{"layer":"Vegetation","symbol":1,"class":"Hedgerows","_tile":"6/31/34"},"geometry":{"type":"Polygon","coordinates":[[[-76.6215426,39.3284101],[-76.6215422,39.328414],[-76.6215412,39.3284163],[-76.6215377,39.3284196],[-76.6215288,39.3284203],[-76.6215204,39.3284148],[-76.6215159,39.3284111],[-76.6215127,39.3284073],[-76.6215109,39.328406],[-76.6215097,39.3284057],[-76.6215075,39.3284057],[-76.6214972,39.3284075],[-76.6214953,39.3284075],[-76.621494,39.3284073],[-76.621493,39.3284066],[-76.6214916,39.3284053],[-76.6214893,39.3284014],[-76.6214889,39.3283992],[-76.6214892,39.3283958],[-76.6214904,39.3283921],[-76.6214921,39.3283889],[-76.6214938,39.3283871],[-76.621496,39.3283854],[-76.6214989,39.3283835],[-76.6215008,39.3283826],[-76.6215015,39.3283822],[-76.6215032,39.3283817],[-76.6215055,39.3283815],[-76.6215112,39.3283817],[-76.6215181,39.3283831],[-76.621527,39.3283853],[-76.6215311,39.3283868],[-76.6215343,39.3283882],[-76.6215366,39.3283901],[-76.6215387,39.3283931],[-76.6215406,39.3283973],[-76.6215421,39.328402],[-76.6215427,39.3284057],[-76.6215426,39.3284101]]]}},{"type":"Feature","properties":{"layer":"Vegetation","symbol":1,"class":"Hedgerows","_tile":"6/31/35"},"geometry":{"type":"Polygon","coordinates":[[[-76.6219689,39.3275119],[-76.6219664,39.3274723],[-76.6220244,39.3274725],[-76.622024,39.3275021],[-76.6220244,39.3275166],[-76.6220285,39.3275544],[-76.6220288,39.3275643],[-76.6220281,39.327568],[-76.6220267,39.3275714],[-76.6220254,39.3275732],[-76.6220237,39.3275749],[-76.6220201,39.3275764],[-76.6220175,39.3275769],[-76.6220167,39.3275769],[-76.6220161,39.3275765],[-76.6220155,39.3275751],[-76.6220146,39.3275702],[-76.6220134,39.3275649],[-76.6220125,39.3275618],[-76.6220116,39.3275602],[-76.6220093,39.3275578],[-76.6219991,39.3275498],[-76.6219957,39.3275514],[-76.6219819,39.327553],[-76.6219689,39.3275119]]]}},{"type":"Feature","properties":{"layer":"Vegetation","symbol":1,"class":"Hedgerows","_tile":"6/31/35"},"geometry":{"type":"Polygon","coordinates":[[[-76.6217862,39.3275878],[-76.6217848,39.3275966],[-76.6217794,39.3275981],[-76.6217759,39.3275987],[-76.6217739,39.3275986],[-76.6217713,39.3275981],[-76.6217652,39.3275963],[-76.6217543,39.3275903],[-76.6217477,39.327588],[-76.6217463,39.3275873],[-76.6217457,39.3275866],[-76.6217456,39.3275856],[-76.6217459,39.3275843],[-76.6217467,39.3275827],[-76.6217476,39.3275815],[-76.6217488,39.3275806],[-76.6217511,39.3275801],[-76.6217537,39.3275798],[-76.6217562,39.32758],[-76.6217583,39.327581],[-76.6217628,39.3275849],[-76.6217649,39.3275861],[-76.6217672,39.3275862],[-76.6217724,39.3275858],[-76.6217801,39.3275859],[-76.6217818,39.3275862],[-76.6217862,39.3275878]]]}},{"type":"Feature","properties":{"layer":"Vegetation","symbol":1,"class":"Hedgerows","_tile":"6/31/35"},"geometry":{"type":"Polygon","coordinates":[[[-76.6218771,39.327608],[-76.6218768,39.3276106],[-76.6218706,39.3276152],[-76.6218177,39.3276063],[-76.6218103,39.3275986],[-76.6218097,39.3275942],[-76.6218125,39.3275912],[-76.6218135,39.3275906],[-76.6218149,39.3275902],[-76.6218189,39.3275899],[-76.6218232,39.3275903],[-76.6218333,39.3275916],[-76.621837,39.3275919],[-76.6218436,39.327591],[-76.6218594,39.3275872],[-76.6218654,39.327586],[-76.6218714,39.3275858],[-76.6218732,39.3275861],[-76.6218746,39.3275864],[-76.6218754,39.3275875],[-76.6218757,39.3275892],[-76.6218753,39.3275948],[-76.6218744,39.3275987],[-76.6218744,39.3276018],[-76.6218771,39.327608]]]}},{"type":"Feature","properties":{"layer":"Vegetation","symbol":1,"class":"Hedgerows","_tile":"6/31/35"},"geometry":{"type":"Polygon","coordinates":[[[-76.6217131,39.327813],[-76.621718,39.3278151],[-76.6217219,39.3278248],[-76.6217205,39.3278337],[-76.6217186,39.3278388],[-76.6217163,39.327842],[-76.6217138,39.3278444],[-76.6217124,39.3278451],[-76.6217104,39.3278454],[-76.6217054,39.3278456],[-76.6216991,39.3278449],[-76.6216962,39.3278443],[-76.621694,39.3278435],[-76.6216919,39.3278418],[-76.6216899,39.3278392],[-76.6216881,39.3278356],[-76.6216858,39.3278302],[-76.6216848,39.327827],[-76.621684,39.3278239],[-76.6216839,39.3278213],[-76.6216842,39.3278194],[-76.6216851,39.3278182],[-76.6216873,39.3278163],[-76.6216902,39.3278145],[-76.6216931,39.3278132],[-76.6216967,39.3278123],[-76.6217016,39.3278119],[-76.6217076,39.327812],[-76.6217122,39.3278127],[-76.6217131,39.327813]]]}},{"type":"Feature","properties":{"layer":"Vegetation","symbol":1,"class":"Hedgerows","_tile":"6/31/35"},"geometry":{"type":"Polygon","coordinates":[[[-76.6220081,39.3278749],[-76.6220079,39.3278824],[-76.6220063,39.3278905],[-76.6220017,39.3278981],[-76.6219991,39.3279013],[-76.6219907,39.3279108],[-76.6219816,39.3279173],[-76.6219735,39.3279186],[-76.6219695,39.3279158],[-76.6219678,39.3278932],[-76.6219705,39.3278789],[-76.6219759,39.3278743],[-76.6219813,39.3278702],[-76.6219815,39.3278627],[-76.6219755,39.3278562],[-76.6219702,39.3278488],[-76.6219653,39.3278503],[-76.6219604,39.3278512],[-76.6219534,39.3278517],[-76.6219452,39.3278515],[-76.6219346,39.3278507],[-76.6219226,39.3278488],[-76.6219087,39.3278459],[-76.6219039,39.3278446],[-76.6219019,39.3278438],[-76.6219006,39.3278428],[-76.6218995,39.3278415],[-76.6218987,39.3278398],[-76.6218978,39.3278371],[-76.6218974,39.327832],[-76.6218979,39.3278258],[-76.6218987,39.327823],[-76.6219001,39.3278207],[-76.6219007,39.3278201],[-76.6219028,39.3278191],[-76.621909,39.3278177],[-76.6219174,39.327817],[-76.6219269,39.3278174],[-76.6219326,39.3278212],[-76.6219477,39.3278266],[-76.6219554,39.3278291],[-76.62196,39.3278309],[-76.621964,39.3278328],[-76.6219664,39.3278346],[-76.6219923,39.3278515],[-76.622006,39.3278642],[-76.6220081,39.3278749]]]}},{"type":"Feature","properties":{"layer":"Vegetation","symbol":1,"class":"Hedgerows","_tile":"6/31/35"},"geometry":{"type":"Polygon","coordinates":[[[-76.6216253,39.327881],[-76.6216233,39.3279108],[-76.6215728,39.3279131],[-76.6215736,39.3279215],[-76.6215497,39.3279212],[-76.6215454,39.327921],[-76.6214894,39.3279204],[-76.6214895,39.3279132],[-76.6215149,39.3279113],[-76.6215168,39.3279007],[-76.6215255,39.3278915],[-76.621543,39.3278835],[-76.6216203,39.3278812],[-76.6216253,39.327881]]]}},{"type":"Feature","properties":{"layer":"Vegetation","symbol":1,"class":"Hedgerows","_tile":"6/31/36"},"geometry":{"type":"Polygon","coordinates":[[[-76.6219675,39.3274876],[-76.6219587,39.3273507],[-76.6219565,39.3273134],[-76.6219666,39.3273092],[-76.6219878,39.327312],[-76.6219933,39.3273118],[-76.6219951,39.3273192],[-76.6220104,39.32732],[-76.6220136,39.3273284],[-76.6220157,39.3273688],[-76.6220172,39.3273845],[-76.6220226,39.3274327],[-76.6220243,39.3274544],[-76.6220244,39.3274723],[-76.6220241,39.3274878],[-76.6219675,39.3274876]]]}},{"type":"Feature","properties":{"layer":"Vegetation","symbol":1,"class":"Hedgerows","_tile":"6/31/36"},"geometry":{"type":"Polygon","coordinates":[[[-76.6220971,39.3270005],[-76.6220965,39.3270028],[-76.6220948,39.3270068],[-76.6220876,39.3270075],[-76.6220772,39.3270009],[-76.6220732,39.3269934],[-76.6220741,39.3269861],[-76.6220747,39.3269846],[-76.6220948,39.3269846],[-76.6220949,39.3269851],[-76.6220961,39.3269907],[-76.622097,39.3269963],[-76.6220971,39.3270005]]]}},{"type":"Feature","properties":{"layer":"Vegetation","symbol":1,"class":"Hedgerows","_tile":"6/31/36"},"geometry":{"type":"Polygon","coordinates":[[[-76.6218194,39.3270009],[-76.6218211,39.3270009],[-76.621823,39.3270013],[-76.6218288,39.3270033],[-76.6218354,39.3270062],[-76.621838,39.3270076],[-76.62184,39.327009],[-76.6218419,39.3270112],[-76.621843,39.3270134],[-76.6218431,39.3270147],[-76.6218428,39.3270161],[-76.6218425,39.3270168],[-76.621841,39.3270203],[-76.6218374,39.3270246],[-76.6218362,39.3270253],[-76.6218308,39.3270281],[-76.6217895,39.3270351],[-76.6217878,39.3270351],[-76.6217875,39.3270349],[-76.6217864,39.3270342],[-76.6217854,39.3270329],[-76.6217849,39.3270321],[-76.6217837,39.3270292],[-76.6217836,39.3270267],[-76.6217836,39.3270261],[-76.6217846,39.3270237],[-76.6217873,39.3270206],[-76.6217896,39.3270187],[-76.6217922,39.3270179],[-76.6217954,39.3270176],[-76.6217994,39.327018],[-76.6218084,39.3270193],[-76.6218118,39.3270195],[-76.6218143,39.3270192],[-76.621816,39.3270184],[-76.6218175,39.3270166],[-76.6218183,39.3270146],[-76.6218181,39.3270135],[-76.6218172,39.327012],[-76.6218108,39.3270062],[-76.621811,39.3270054],[-76.6218117,39.3270045],[-76.621815,39.3270022],[-76.6218171,39.3270014],[-76.6218194,39.3270009]]]}},{"type":"Feature","properties":{"layer":"Vegetation","symbol":1,"class":"Hedgerows","_tile":"6/31/36"},"geometry":{"type":"Polygon","coordinates":[[[-76.6216391,39.3269832],[-76.6216391,39.3269833],[-76.6216374,39.3269898],[-76.6216363,39.326997],[-76.6216361,39.3270062],[-76.6216368,39.3270163],[-76.6216384,39.3270252],[-76.6216401,39.3270301],[-76.6216437,39.3270334],[-76.6216548,39.3270373],[-76.6216584,39.3270391],[-76.6216594,39.32704],[-76.6216597,39.3270402],[-76.6216598,39.3270412],[-76.6216595,39.3270425],[-76.6216589,39.3270435],[-76.6216576,39.3270452],[-76.6216556,39.327046],[-76.6216526,39.3270465],[-76.6216506,39.3270465],[-76.6216483,39.3270462],[-76.62164,39.3270445],[-76.6216356,39.3270438],[-76.6216331,39.3270432],[-76.6216326,39.327043],[-76.6216313,39.3270423],[-76.6216296,39.3270408],[-76.6216276,39.3270387],[-76.6216265,39.327037],[-76.6216254,39.327026],[-76.6216252,39.3270235],[-76.6216242,39.3270107],[-76.6216232,39.3270025],[-76.6216229,39.327001],[-76.6216214,39.3269936],[-76.6216211,39.3269892],[-76.6216216,39.3269872],[-76.6216227,39.3269846],[-76.6216234,39.3269831],[-76.6216391,39.3269832]]]}},{"type":"Feature","properties":{"layer":"Vegetation","symbol":1,"class":"Hedgerows","_tile":"6/31/36"},"geometry":{"type":"Polygon","coordinates":[[[-76.6215452,39.3269829],[-76.6215464,39.326986],[-76.6215467,39.3269872],[-76.6215478,39.3269916],[-76.6215488,39.3269986],[-76.6215492,39.3270029],[-76.6215497,39.3270077],[-76.6215502,39.3270172],[-76.6215502,39.3270186],[-76.6215505,39.3270322],[-76.6215503,39.3270366],[-76.6215495,39.32704],[-76.6215484,39.3270422],[-76.6215456,39.3270453],[-76.6215432,39.3270473],[-76.6215404,39.3270486],[-76.6215367,39.3270497],[-76.6215318,39.3270506],[-76.6215229,39.327052],[-76.6215177,39.3270534],[-76.6215175,39.3270518],[-76.6215174,39.3270463],[-76.6215186,39.3270458],[-76.6215314,39.3270407],[-76.6215376,39.3270341],[-76.6215384,39.3270235],[-76.6215377,39.3270027],[-76.6215308,39.3269857],[-76.6215282,39.3269831],[-76.6215277,39.3269828],[-76.6215452,39.3269829]],[[-76.621496,39.3269827],[-76.6214944,39.3269831],[-76.6214944,39.3269827],[-76.621496,39.3269827]]]}},{"type":"Feature","properties":{"layer":"Vegetation","symbol":1,"class":"Hedgerows","_tile":"6/31/36"},"geometry":{"type":"Polygon","coordinates":[[[-76.6218861,39.3270648],[-76.6218858,39.3270667],[-76.6218827,39.3270814],[-76.6218707,39.3270795],[-76.6218642,39.3270739],[-76.62186,39.3270714],[-76.6218563,39.3270703],[-76.6218516,39.3270697],[-76.6218455,39.3270694],[-76.6218401,39.3270699],[-76.6218347,39.3270712],[-76.6218226,39.3270754],[-76.621816,39.3270766],[-76.6218117,39.3270767],[-76.6218094,39.3270763],[-76.6218055,39.327075],[-76.6218023,39.3270732],[-76.6218011,39.3270719],[-76.621801,39.3270694],[-76.6218014,39.3270673],[-76.6218022,39.3270658],[-76.6218045,39.3270643],[-76.6218074,39.3270628],[-76.6218139,39.3270602],[-76.6218217,39.3270581],[-76.6218322,39.3270559],[-76.6218457,39.3270535],[-76.621854,39.3270524],[-76.6218612,39.3270516],[-76.621867,39.3270512],[-76.6218719,39.3270514],[-76.621877,39.3270521],[-76.6218802,39.3270533],[-76.6218814,39.3270549],[-76.6218836,39.3270599],[-76.6218861,39.3270648]]]}},{"type":"Feature","properties":{"layer":"Vegetation","symbol":1,"class":"Hedgerows","_tile":"6/31/36"},"geometry":{"type":"Polygon","coordinates":[[[-76.6217145,39.3270883],[-76.6217106,39.3270972],[-76.6217089,39.3271001],[-76.6217072,39.3271022],[-76.6217047,39.3271042],[-76.6217023,39.3271054],[-76.6217009,39.3271054],[-76.6216989,39.3271048],[-76.6216965,39.3271036],[-76.6216946,39.3271023],[-76.6216934,39.3271006],[-76.6216917,39.3270956],[-76.6216908,39.3270939],[-76.6216856,39.3270906],[-76.6216835,39.3270887],[-76.6216823,39.3270869],[-76.6216824,39.3270862],[-76.6216831,39.327085],[-76.6216855,39.327082],[-76.6216872,39.3270807],[-76.6216894,39.3270794],[-76.6216957,39.3270767],[-76.6217017,39.327075],[-76.621706,39.3270745],[-76.6217098,39.3270755],[-76.6217145,39.3270883]]]}},{"type":"Feature","properties":{"layer":"Vegetation","symbol":1,"class":"Hedgerows","_tile":"6/31/36"},"geometry":{"type":"Polygon","coordinates":[[[-76.621955,39.3272767],[-76.6219457,39.3271508],[-76.6219451,39.3271441],[-76.6219496,39.3271424],[-76.6219539,39.3271408],[-76.62196,39.3271401],[-76.6219686,39.32714],[-76.6219871,39.327146],[-76.6219887,39.3271596],[-76.6220082,39.3271713],[-76.6220136,39.3271796],[-76.6220161,39.3271842],[-76.6220174,39.3271894],[-76.6220177,39.3271936],[-76.6220171,39.3271966],[-76.6220155,39.3271994],[-76.6220134,39.3272009],[-76.6220095,39.3272028],[-76.6220078,39.3272034],[-76.6220051,39.3272041],[-76.6219943,39.3272051],[-76.621998,39.3272361],[-76.6220202,39.3272437],[-76.6220252,39.3272496],[-76.6220276,39.3272629],[-76.6220274,39.3272729],[-76.6220215,39.3272806],[-76.6220165,39.327279],[-76.6220127,39.3272716],[-76.62201,39.3272681],[-76.6220008,39.327267],[-76.622001,39.3272721],[-76.6219945,39.3272847],[-76.6219925,39.3272888],[-76.6219777,39.3272936],[-76.6219603,39.327286],[-76.6219588,39.3272834],[-76.621955,39.3272767]]]}},{"type":"Feature","properties":{"layer":"Vegetation","symbol":2,"class":"Landscape Beds","_tile":"6/31/36"},"geometry":{"type":"Polygon","coordinates":[[[-76.6215399,39.3271096],[-76.6214937,39.3271112],[-76.6214939,39.327084],[-76.6215367,39.3270828],[-76.6215399,39.3271096]]]}},{"type":"Feature","properties":{"layer":"Vegetation","symbol":2,"class":"Landscape Beds","_tile":"6/31/36"},"geometry":{"type":"Polygon","coordinates":[[[-76.6220219,39.3270499],[-76.6220377,39.3270468],[-76.6220543,39.3270418],[-76.6220626,39.3270338],[-76.6220665,39.3270218],[-76.6220638,39.3270037],[-76.6220633,39.3269845],[-76.6221238,39.3269847],[-76.6221343,39.3271413],[-76.6221216,39.3271408],[-76.6221162,39.3271408],[-76.6220996,39.3271425],[-76.6220952,39.3271425],[-76.6220918,39.327142],[-76.6220861,39.3271399],[-76.6220837,39.3271383],[-76.6220814,39.3271363],[-76.6220789,39.3271337],[-76.6220765,39.3271303],[-76.6220721,39.3271229],[-76.6220634,39.3271066],[-76.6220602,39.3271018],[-76.6220561,39.3270963],[-76.6220354,39.3270711],[-76.6220282,39.3270612],[-76.6220219,39.3270499]]]}},{"type":"Feature","properties":{"layer":"Vegetation","symbol":2,"class":"Landscape Beds","_tile":"6/31/36"},"geometry":{"type":"Polygon","coordinates":[[[-76.6221409,39.3272795],[-76.6221101,39.3272803],[-76.6220954,39.3272791],[-76.6220908,39.3272773],[-76.6220889,39.3272756],[-76.6220892,39.3272743],[-76.6220899,39.3272731],[-76.6220912,39.327272],[-76.6220934,39.3272711],[-76.6221008,39.3272696],[-76.6220981,39.3272555],[-76.6220889,39.3272556],[-76.6220881,39.3272538],[-76.6220881,39.3272519],[-76.6220897,39.3272504],[-76.6220924,39.3272487],[-76.622096,39.3272475],[-76.6221015,39.3272461],[-76.6221411,39.3272446],[-76.6221409,39.3272795]]]}},{"type":"Feature","properties":{"layer":"Vegetation","symbol":2,"class":"Landscape Beds","_tile":"6/31/36"},"geometry":{"type":"Polygon","coordinates":[[[-76.6215446,39.3269829],[-76.6215452,39.3269837],[-76.6215464,39.326986],[-76.6215467,39.3269872],[-76.6215482,39.3269921],[-76.6215491,39.3269987],[-76.6215492,39.3270029],[-76.6215498,39.3270138],[-76.6215502,39.3270186],[-76.6215507,39.3270236],[-76.6215508,39.3270308],[-76.6215505,39.3270322],[-76.6215498,39.3270364],[-76.621549,39.3270384],[-76.621548,39.3270402],[-76.6215452,39.3270427],[-76.621541,39.3270458],[-76.621538,39.3270472],[-76.6215332,39.3270487],[-76.6215275,39.3270501],[-76.6215227,39.3270507],[-76.6215186,39.3270508],[-76.6215186,39.3270458],[-76.6215186,39.3270434],[-76.6214941,39.3270437],[-76.6214944,39.3269827],[-76.6215446,39.3269829]]]}},{"type":"Feature","properties":{"layer":"Vegetation","symbol":2,"class":"Landscape Beds","_tile":"6/31/36"},"geometry":{"type":"Polygon","coordinates":[[[-76.6216272,39.327036],[-76.6216252,39.3270235],[-76.6216251,39.3270226],[-76.6216236,39.327011],[-76.6216229,39.327001],[-76.6216231,39.3269942],[-76.6216245,39.3269859],[-76.6216253,39.3269831],[-76.6217474,39.3269835],[-76.621746,39.3269858],[-76.6218068,39.3270053],[-76.6218113,39.3269979],[-76.6218194,39.3270009],[-76.6218328,39.3270057],[-76.6218381,39.3270087],[-76.6218407,39.3270108],[-76.6218419,39.3270131],[-76.6218425,39.3270168],[-76.6218423,39.3270204],[-76.6218416,39.3270229],[-76.6218405,39.3270237],[-76.6218388,39.3270245],[-76.6218362,39.3270253],[-76.6218303,39.3270268],[-76.6218038,39.3270327],[-76.6217875,39.3270349],[-76.6217857,39.3270351],[-76.6217854,39.3270329],[-76.6217846,39.3270265],[-76.6217836,39.3270267],[-76.621737,39.3270314],[-76.6217377,39.3270415],[-76.6217267,39.3270423],[-76.6217106,39.3270424],[-76.6217099,39.3270351],[-76.6216592,39.3270391],[-76.6216594,39.32704],[-76.6216595,39.3270425],[-76.6216595,39.3270434],[-76.6216589,39.3270435],[-76.6216474,39.3270442],[-76.6216395,39.3270442],[-76.6216357,39.3270437],[-76.6216326,39.327043],[-76.6216297,39.327042],[-76.6216284,39.3270411],[-76.6216276,39.3270387],[-76.6216272,39.327036]]]}},{"type":"Feature","properties":{"layer":"Vegetation","symbol":2,"class":"Landscape Beds","_tile":"6/31/36"},"geometry":{"type":"Polygon","coordinates":[[[-76.6219496,39.3271424],[-76.6219473,39.3271075],[-76.6218899,39.3271097],[-76.6218877,39.3270962],[-76.6218861,39.3270648],[-76.6218864,39.3270455],[-76.6219008,39.3270424],[-76.6219334,39.327066],[-76.6219471,39.3270768],[-76.62196,39.327088],[-76.6219717,39.3270989],[-76.6219809,39.327108],[-76.6219874,39.3271153],[-76.6219938,39.3271235],[-76.622001,39.3271339],[-76.6220075,39.3271444],[-76.6220124,39.3271529],[-76.6220185,39.3271656],[-76.6220247,39.3271803],[-76.6220297,39.3271937],[-76.622033,39.3272048],[-76.6220358,39.3272178],[-76.6220379,39.3272297],[-76.6220395,39.3272461],[-76.6220412,39.3272737],[-76.6220378,39.3272785],[-76.6220361,39.3272803],[-76.6220329,39.3272818],[-76.6220271,39.3272835],[-76.6219945,39.3272847],[-76.6219603,39.327286],[-76.6219589,39.3272862],[-76.6219588,39.3272834],[-76.6219496,39.3271424]]]}},{"type":"Feature","properties":{"layer":"Vegetation","symbol":1,"class":"Hedgerows","_tile":"6/31/37"},"geometry":{"type":"Polygon","coordinates":[[[-76.6221451,39.3264967],[-76.6221451,39.3264985],[-76.6220911,39.3265007],[-76.6220524,39.3264986],[-76.6220512,39.3264964],[-76.6221451,39.3264967]]]}},{"type":"Feature","properties":{"layer":"Vegetation","symbol":1,"class":"Hedgerows","_tile":"6/31/37"},"geometry":{"type":"Polygon","coordinates":[[[-76.6220124,39.3267001],[-76.6220099,39.3267009],[-76.622007,39.3267018],[-76.6220034,39.3267036],[-76.6220022,39.3267047],[-76.622001,39.326706],[-76.621999,39.3267095],[-76.6219969,39.3267141],[-76.6219969,39.3267144],[-76.6219957,39.3267182],[-76.6219949,39.3267206],[-76.6219924,39.3267295],[-76.6219907,39.3267326],[-76.6219892,39.3267349],[-76.6219873,39.3267367],[-76.6219855,39.3267376],[-76.6219842,39.3267376],[-76.6219815,39.3267373],[-76.6219793,39.3267363],[-76.6219786,39.3267346],[-76.6219783,39.3267327],[-76.621978,39.3267275],[-76.6219786,39.3267223],[-76.6219805,39.3267171],[-76.621985,39.3267084],[-76.6219897,39.3267015],[-76.6219941,39.3266958],[-76.6219977,39.3266925],[-76.622002,39.3266889],[-76.622024,39.326674],[-76.6220269,39.3266716],[-76.6220294,39.3266683],[-76.6220331,39.3266619],[-76.6220353,39.3266566],[-76.6220366,39.3266508],[-76.6220374,39.3266442],[-76.622039,39.3266258],[-76.6220364,39.3266239],[-76.6220333,39.3266208],[-76.6220308,39.3266165],[-76.6220283,39.3266112],[-76.6220261,39.3266044],[-76.6220249,39.3265988],[-76.6220244,39.3265919],[-76.6220248,39.3265842],[-76.622026,39.3265653],[-76.6220257,39.3265569],[-76.6220244,39.3265467],[-76.6220242,39.3265435],[-76.6220247,39.3265411],[-76.6220264,39.3265379],[-76.6220292,39.3265346],[-76.6220326,39.3265317],[-76.6220327,39.3265208],[-76.6220353,39.3265151],[-76.6220442,39.3265114],[-76.6220549,39.3265118],[-76.6220588,39.3265157],[-76.6220594,39.3265162],[-76.622061,39.3265214],[-76.6220594,39.3265362],[-76.6220625,39.3265384],[-76.6220677,39.3265443],[-76.6220637,39.3265687],[-76.6220567,39.3265828],[-76.6220581,39.326603],[-76.622059,39.3266113],[-76.6220593,39.3266168],[-76.622059,39.3266212],[-76.6220579,39.3266249],[-76.6220568,39.3266269],[-76.6220666,39.3266349],[-76.6220728,39.3266532],[-76.6220742,39.3266687],[-76.6220741,39.3266825],[-76.6220695,39.3266896],[-76.6220405,39.3266968],[-76.6220142,39.3266995],[-76.6220124,39.3267001]]]}},{"type":"Feature","properties":{"layer":"Vegetation","symbol":1,"class":"Hedgerows","_tile":"6/31/37"},"geometry":{"type":"Polygon","coordinates":[[[-76.6220927,39.3269459],[-76.6220916,39.3269527],[-76.6220863,39.3269572],[-76.6220768,39.3269574],[-76.6220485,39.326943],[-76.6220462,39.3269371],[-76.6220411,39.3269306],[-76.622035,39.3269237],[-76.6220328,39.3269187],[-76.6220336,39.3269151],[-76.6220376,39.3269109],[-76.6220488,39.3269095],[-76.622061,39.3269222],[-76.6220877,39.3269328],[-76.6220927,39.3269459]]]}},{"type":"Feature","properties":{"layer":"Vegetation","symbol":1,"class":"Hedgerows","_tile":"6/31/37"},"geometry":{"type":"Polygon","coordinates":[[[-76.6220766,39.3269998],[-76.6220732,39.3269934],[-76.6220741,39.3269861],[-76.6220753,39.3269827],[-76.6220784,39.3269796],[-76.6220812,39.3269778],[-76.6220824,39.3269773],[-76.6220859,39.326977],[-76.6220893,39.3269776],[-76.6220911,39.3269789],[-76.6220934,39.3269818],[-76.6220949,39.3269851],[-76.6220961,39.3269907],[-76.622097,39.3269963],[-76.6220971,39.3269999],[-76.6220766,39.3269998]]]}},{"type":"Feature","properties":{"layer":"Vegetation","symbol":1,"class":"Hedgerows","_tile":"6/31/37"},"geometry":{"type":"Polygon","coordinates":[[[-76.6216377,39.3269658],[-76.6216395,39.3269664],[-76.621641,39.3269661],[-76.6216429,39.3269654],[-76.6216436,39.3269645],[-76.6216443,39.3269629],[-76.6216447,39.3269616],[-76.6216455,39.3269609],[-76.6216469,39.3269609],[-76.6216484,39.3269613],[-76.62165,39.3269624],[-76.6216512,39.3269641],[-76.6216519,39.3269665],[-76.6216519,39.3269688],[-76.6216507,39.3269701],[-76.6216453,39.3269734],[-76.6216431,39.3269758],[-76.621641,39.326979],[-76.6216391,39.3269833],[-76.6216374,39.3269898],[-76.6216363,39.326997],[-76.6216363,39.3269984],[-76.6216223,39.3269984],[-76.6216214,39.3269936],[-76.6216211,39.3269892],[-76.6216216,39.3269872],[-76.6216227,39.3269846],[-76.6216281,39.3269743],[-76.6216303,39.3269698],[-76.621632,39.3269671],[-76.6216335,39.3269654],[-76.6216351,39.3269649],[-76.6216377,39.3269658]]]}},{"type":"Feature","properties":{"layer":"Vegetation","symbol":1,"class":"Hedgerows","_tile":"6/31/37"},"geometry":{"type":"Polygon","coordinates":[[[-76.6214945,39.3269713],[-76.6215083,39.3269702],[-76.6215146,39.32697],[-76.6215204,39.3269703],[-76.621525,39.3269712],[-76.6215279,39.3269723],[-76.6215321,39.326974],[-76.6215385,39.3269771],[-76.6215403,39.3269784],[-76.6215428,39.3269801],[-76.6215452,39.3269829],[-76.6215464,39.326986],[-76.6215467,39.3269872],[-76.6215478,39.3269916],[-76.6215488,39.3269981],[-76.6215358,39.3269981],[-76.6215308,39.3269857],[-76.6215282,39.3269831],[-76.6215257,39.3269816],[-76.6215233,39.3269805],[-76.6215211,39.3269802],[-76.6215185,39.32698],[-76.6215116,39.3269803],[-76.6214996,39.326982],[-76.6214944,39.3269831],[-76.6214945,39.3269713]]]}},{"type":"Feature","properties":{"layer":"Vegetation","symbol":1,"class":"Hedgerows","_tile":"6/31/37"},"geometry":{"type":"Polygon","coordinates":[[[-76.6220702,39.3267833],[-76.6219881,39.3267854],[-76.6219868,39.3267765],[-76.6220692,39.3267728],[-76.6220702,39.3267833]]]}},{"type":"Feature","properties":{"layer":"Vegetation","symbol":1,"class":"Hedgerows","_tile":"6/31/37"},"geometry":{"type":"Polygon","coordinates":[[[-76.6220595,39.3268636],[-76.6220617,39.326863],[-76.6220643,39.3268626],[-76.6220746,39.326863],[-76.6220776,39.3268629],[-76.6220776,39.3268688],[-76.6220688,39.3268716],[-76.6220636,39.3268726],[-76.6220595,39.3268724],[-76.6220563,39.3268717],[-76.6220541,39.32687],[-76.6220541,39.326869],[-76.622054,39.3268687],[-76.622055,39.3268671],[-76.6220571,39.3268652],[-76.6220595,39.3268636]]]}},{"type":"Feature","properties":{"layer":"Vegetation","symbol":1,"class":"Hedgerows","_tile":"6/31/37"},"geometry":{"type":"Polygon","coordinates":[[[-76.6220217,39.3268695],[-76.6220174,39.3268736],[-76.6220081,39.3268745],[-76.6220015,39.3268748],[-76.6219961,39.3268746],[-76.6219918,39.3268738],[-76.6219901,39.3268732],[-76.6219895,39.3268729],[-76.6219901,39.3268712],[-76.6219918,39.3268693],[-76.6219929,39.3268688],[-76.6219943,39.3268685],[-76.6219998,39.3268679],[-76.6220098,39.3268671],[-76.6220164,39.3268673],[-76.6220199,39.326868],[-76.6220214,39.3268687],[-76.6220217,39.3268695]]]}},{"type":"Feature","properties":{"layer":"Vegetation","symbol":1,"class":"Hedgerows","_tile":"6/31/37"},"geometry":{"type":"Polygon","coordinates":[[[-76.6220313,39.3268805],[-76.6220307,39.3268916],[-76.6220235,39.3269049],[-76.6220226,39.3269059],[-76.6220217,39.3269065],[-76.62202,39.3269062],[-76.6220173,39.3269053],[-76.622016,39.3269041],[-76.6220153,39.3269023],[-76.622015,39.3269],[-76.6220151,39.3268981],[-76.6220161,39.3268964],[-76.6220202,39.3268923],[-76.6220219,39.326889],[-76.6220235,39.3268832],[-76.6220248,39.3268792],[-76.6220263,39.3268773],[-76.6220281,39.3268763],[-76.6220301,39.3268759],[-76.6220306,39.3268761],[-76.6220309,39.3268767],[-76.6220313,39.3268805]]]}},{"type":"Feature","properties":{"layer":"Vegetation","symbol":2,"class":"Landscape Beds","_tile":"6/31/37"},"geometry":{"type":"Polygon","coordinates":[[[-76.6218905,39.3268514],[-76.6219,39.3268509],[-76.6219261,39.3268502],[-76.6219287,39.3268502],[-76.621929,39.3268561],[-76.62193,39.3268702],[-76.6219418,39.3268695],[-76.6219488,39.3269315],[-76.621939,39.3269316],[-76.6219286,39.3269299],[-76.6219208,39.3269231],[-76.6219143,39.3269129],[-76.6219116,39.3269022],[-76.6219062,39.3268918],[-76.6218974,39.3268828],[-76.6218924,39.3268717],[-76.6218901,39.3268623],[-76.6218905,39.3268514]]]}},{"type":"Feature","properties":{"layer":"Vegetation","symbol":2,"class":"Landscape Beds","_tile":"6/31/37"},"geometry":{"type":"Polygon","coordinates":[[[-76.6219264,39.3267652],[-76.6219293,39.3267696],[-76.621936,39.32677],[-76.6219373,39.3267886],[-76.6219244,39.3267891],[-76.6219231,39.3268084],[-76.6219188,39.3268074],[-76.621917,39.3268065],[-76.6219145,39.3268048],[-76.6219118,39.3268027],[-76.6219101,39.326801],[-76.6219083,39.3267974],[-76.6219072,39.3267934],[-76.621908,39.32679],[-76.6219106,39.326785],[-76.6219125,39.3267821],[-76.6219153,39.3267784],[-76.6219264,39.3267652]]]}},{"type":"Feature","properties":{"layer":"Vegetation","symbol":2,"class":"Landscape Beds","_tile":"6/31/37"},"geometry":{"type":"Polygon","coordinates":[[[-76.6220637,39.3269998],[-76.622063,39.3269659],[-76.6220582,39.3269583],[-76.6220491,39.3269543],[-76.6220334,39.3269556],[-76.6220223,39.3269591],[-76.6219971,39.3269768],[-76.6219917,39.3269493],[-76.6219842,39.326911],[-76.621981,39.3268917],[-76.6219782,39.3268669],[-76.6220595,39.3268636],[-76.6220746,39.326863],[-76.6220776,39.3268629],[-76.6221154,39.3268614],[-76.6221248,39.327],[-76.6220637,39.3269998]]]}},{"type":"Feature","properties":{"layer":"Vegetation","symbol":2,"class":"Landscape Beds","_tile":"6/31/37"},"geometry":{"type":"Polygon","coordinates":[[[-76.6214945,39.3269723],[-76.6214962,39.3269721],[-76.6215031,39.3269714],[-76.6215104,39.326971],[-76.6215169,39.3269709],[-76.6215216,39.3269711],[-76.6215279,39.3269723],[-76.6215325,39.3269735],[-76.6215353,39.3269747],[-76.6215392,39.3269775],[-76.6215403,39.3269784],[-76.6215438,39.3269818],[-76.6215452,39.3269837],[-76.6215464,39.326986],[-76.6215467,39.3269872],[-76.6215482,39.3269921],[-76.621549,39.3269981],[-76.6214943,39.326998],[-76.6214945,39.3269723]]]}},{"type":"Feature","properties":{"layer":"Vegetation","symbol":2,"class":"Landscape Beds","_tile":"6/31/37"},"geometry":{"type":"Polygon","coordinates":[[[-76.6216229,39.3269984],[-76.6216231,39.3269942],[-76.6216245,39.3269859],[-76.6216267,39.3269788],[-76.6216295,39.3269742],[-76.6216336,39.3269693],[-76.6216377,39.3269658],[-76.62164,39.3269642],[-76.6216418,39.3269634],[-76.6216443,39.3269629],[-76.6216461,39.3269626],[-76.62165,39.3269624],[-76.6216538,39.326962],[-76.621659,39.3269621],[-76.6216651,39.3269626],[-76.621667,39.3269629],[-76.6216667,39.3269647],[-76.6216866,39.3269666],[-76.6216868,39.3269657],[-76.6217099,39.3269692],[-76.6217186,39.3269707],[-76.62173,39.3269727],[-76.6217321,39.3269731],[-76.6217323,39.3269732],[-76.6217415,39.3269753],[-76.621751,39.3269775],[-76.621746,39.3269858],[-76.6217869,39.3269989],[-76.6216229,39.3269984]],[[-76.6218142,39.326999],[-76.6218107,39.326999],[-76.6218113,39.3269979],[-76.6218142,39.326999]]]}},{"type":"Feature","properties":{"layer":"Vegetation","symbol":2,"class":"Landscape Beds","_tile":"6/31/37"},"geometry":{"type":"Polygon","coordinates":[[[-76.6220124,39.3267001],[-76.6220113,39.3267002],[-76.6220099,39.3267009],[-76.6220019,39.3267053],[-76.6219969,39.3267141],[-76.6219962,39.3267157],[-76.6219957,39.3267182],[-76.6219935,39.3267317],[-76.6219965,39.3267437],[-76.6220033,39.3267526],[-76.6220139,39.3267576],[-76.6220249,39.3267587],[-76.6220365,39.3267523],[-76.6220424,39.3267425],[-76.6220449,39.3267311],[-76.6220435,39.3267216],[-76.6220379,39.3267098],[-76.622035,39.3267057],[-76.6220277,39.3267009],[-76.6220182,39.3266996],[-76.6220124,39.3267001]],[[-76.6219729,39.3267594],[-76.6219724,39.3267465],[-76.6219726,39.3267269],[-76.6219736,39.3267099],[-76.6219738,39.3267049],[-76.6219756,39.3266862],[-76.6219777,39.3266723],[-76.6219818,39.3266548],[-76.6219893,39.3266271],[-76.6220006,39.3266295],[-76.6220091,39.3265951],[-76.6220121,39.3265801],[-76.6220142,39.3265633],[-76.6220169,39.326534],[-76.6220042,39.326533],[-76.6220052,39.3265178],[-76.6220046,39.3264963],[-76.6221451,39.3264967],[-76.6221451,39.3264985],[-76.6220911,39.3265007],[-76.6220942,39.3265484],[-76.6221101,39.3267834],[-76.6219981,39.3267885],[-76.6219755,39.3267897],[-76.6219735,39.3267656],[-76.6219729,39.3267594]]]}},{"type":"Feature","properties":{"layer":"Vegetation","symbol":1,"class":"Hedgerows","_tile":"6/31/38"},"geometry":{"type":"Polygon","coordinates":[[[-76.6220619,39.3260084],[-76.6220657,39.3260478],[-76.6220613,39.3260483],[-76.6220505,39.3260492],[-76.6220462,39.3260483],[-76.6220435,39.326042],[-76.6220389,39.3260083],[-76.6220619,39.3260084]]]}},{"type":"Feature","properties":{"layer":"Vegetation","symbol":1,"class":"Hedgerows","_tile":"6/31/38"},"geometry":{"type":"Polygon","coordinates":[[[-76.6220824,39.326083],[-76.6221023,39.3260848],[-76.6221052,39.3260879],[-76.622105,39.3260942],[-76.6221007,39.3261017],[-76.6220852,39.3261064],[-76.6220738,39.3261065],[-76.6220594,39.3261008],[-76.6220494,39.3260917],[-76.6220479,39.3260735],[-76.6220513,39.3260717],[-76.6220628,39.326071],[-76.6220679,39.3260707],[-76.6220686,39.3260784],[-76.6220701,39.3260819],[-76.6220824,39.326083]]]}},{"type":"Feature","properties":{"layer":"Vegetation","symbol":1,"class":"Hedgerows","_tile":"6/31/38"},"geometry":{"type":"Polygon","coordinates":[[[-76.6219398,39.3261457],[-76.6219423,39.3261405],[-76.6219476,39.3261348],[-76.621952,39.3261291],[-76.6219527,39.3261248],[-76.6219526,39.3261204],[-76.6219518,39.3261158],[-76.6219506,39.3261114],[-76.6219483,39.326105],[-76.6219491,39.3260989],[-76.6219501,39.3260974],[-76.6219522,39.3260933],[-76.6219553,39.3260907],[-76.621963,39.3260894],[-76.6219711,39.3260891],[-76.6219771,39.326092],[-76.62198,39.3260982],[-76.6219804,39.326103],[-76.6219801,39.3261076],[-76.6219784,39.3261144],[-76.621978,39.3261314],[-76.6219773,39.3261356],[-76.6219756,39.3261406],[-76.6219731,39.3261454],[-76.6219682,39.3261512],[-76.621959,39.326156],[-76.6219513,39.3261573],[-76.6219441,39.326156],[-76.6219396,39.3261529],[-76.6219386,39.326148],[-76.6219398,39.3261457]]]}},{"type":"Feature","properties":{"layer":"Vegetation","symbol":1,"class":"Hedgerows","_tile":"6/31/38"},"geometry":{"type":"Polygon","coordinates":[[[-76.6219366,39.3260886],[-76.6219258,39.3260931],[-76.6219178,39.3260982],[-76.6219132,39.3261052],[-76.6219124,39.3261099],[-76.6219121,39.3261161],[-76.6219125,39.32612],[-76.6219135,39.3261262],[-76.6219177,39.3261323],[-76.6219196,39.3261364],[-76.6219211,39.3261407],[-76.6219211,39.3261436],[-76.6219213,39.3261467],[-76.6219182,39.3261489],[-76.6219279,39.3261646],[-76.6219312,39.3261742],[-76.621932,39.3261843],[-76.6219368,39.3261931],[-76.6219389,39.3262016],[-76.6219392,39.3262119],[-76.6219373,39.3262157],[-76.6219339,39.3262171],[-76.6219292,39.3262166],[-76.6219229,39.3262122],[-76.6219176,39.3262053],[-76.6219152,39.3261991],[-76.621917,39.326194],[-76.6219192,39.326189],[-76.621918,39.3261821],[-76.6219142,39.3261765],[-76.6218974,39.3261676],[-76.6218705,39.326142],[-76.6218594,39.326129],[-76.6218579,39.3261238],[-76.6218605,39.3261181],[-76.6218698,39.3261006],[-76.6218708,39.3260941],[-76.6218699,39.3260867],[-76.6218692,39.3260754],[-76.6218748,39.3260546],[-76.6218753,39.3260447],[-76.6218735,39.3260403],[-76.6218703,39.3260371],[-76.6218453,39.3260298],[-76.6218407,39.326027],[-76.6218374,39.326023],[-76.6218368,39.3260155],[-76.621841,39.3260093],[-76.6218428,39.3260077],[-76.6218666,39.3260077],[-76.621883,39.3260171],[-76.6219191,39.3260353],[-76.621922,39.3260385],[-76.6219301,39.3260467],[-76.6219507,39.326066],[-76.6219522,39.3260709],[-76.6219508,39.326077],[-76.6219463,39.3260827],[-76.6219394,39.3260874],[-76.6219366,39.3260886]]]}},{"type":"Feature","properties":{"layer":"Vegetation","symbol":1,"class":"Hedgerows","_tile":"6/31/38"},"geometry":{"type":"Polygon","coordinates":[[[-76.6220856,39.3264574],[-76.6220912,39.3264534],[-76.6220947,39.3264521],[-76.6221001,39.3264507],[-76.6221059,39.3264502],[-76.6221162,39.3264504],[-76.6221321,39.3264509],[-76.6221329,39.326451],[-76.6221341,39.326451],[-76.6221453,39.326452],[-76.6221451,39.3264985],[-76.6220911,39.3265007],[-76.6220524,39.3264986],[-76.622043,39.3264821],[-76.6220431,39.3264668],[-76.6220479,39.3264561],[-76.6220579,39.3264556],[-76.622068,39.3264581],[-76.6220749,39.3264594],[-76.6220801,39.3264596],[-76.6220822,39.3264592],[-76.6220839,39.3264587],[-76.6220856,39.3264574]]]}},{"type":"Feature","properties":{"layer":"Vegetation","symbol":1,"class":"Hedgerows","_tile":"6/31/38"},"geometry":{"type":"Polygon","coordinates":[[[-76.6220436,39.3265116],[-76.6220442,39.3265114],[-76.6220514,39.3265117],[-76.6220436,39.3265116]]]}},{"type":"Feature","properties":{"layer":"Vegetation","symbol":1,"class":"Hedgerows","_tile":"6/31/38"},"geometry":{"type":"Polygon","coordinates":[[[-76.6220654,39.3263068],[-76.6220647,39.3263009],[-76.6220632,39.3262953],[-76.6220606,39.3262905],[-76.6220571,39.3262861],[-76.622049,39.3262801],[-76.6220413,39.3262765],[-76.6220332,39.326275],[-76.6220283,39.3262761],[-76.6220231,39.3262779],[-76.6220177,39.3262815],[-76.622014,39.3262864],[-76.6220101,39.3262924],[-76.622009,39.3263005],[-76.6220099,39.3263044],[-76.6220119,39.3263178],[-76.6220128,39.3263215],[-76.6220153,39.3263277],[-76.6220186,39.3263337],[-76.6220264,39.3263402],[-76.622033,39.3263411],[-76.6220424,39.3263392],[-76.6220504,39.3263354],[-76.6220571,39.3263306],[-76.622061,39.3263249],[-76.6220638,39.3263185],[-76.6220651,39.3263127],[-76.6220654,39.3263068]],[[-76.6220722,39.3263322],[-76.6220714,39.3263335],[-76.6220694,39.3263373],[-76.622066,39.3263421],[-76.6220623,39.3263463],[-76.6220586,39.3263494],[-76.6220521,39.3263527],[-76.6220449,39.3263536],[-76.6220375,39.3263533],[-76.6220296,39.3263518],[-76.6220221,39.3263493],[-76.6220161,39.3263459],[-76.6220111,39.326342],[-76.6220062,39.3263356],[-76.6220031,39.3263312],[-76.6220022,39.326331],[-76.6219978,39.3263294],[-76.6219912,39.3263281],[-76.6219874,39.3263258],[-76.6219859,39.3263206],[-76.6219856,39.3263153],[-76.6219836,39.3263039],[-76.6219821,39.3262794],[-76.6219824,39.3262768],[-76.6219865,39.3262504],[-76.6219879,39.3262485],[-76.6219912,39.3262471],[-76.6219968,39.3262475],[-76.6220059,39.326251],[-76.6220394,39.3262687],[-76.6220472,39.3262724],[-76.6220539,39.3262767],[-76.6220608,39.3262825],[-76.6220661,39.326288],[-76.6220684,39.3262915],[-76.6220704,39.3262957],[-76.6220722,39.3263003],[-76.6220737,39.326305],[-76.6220747,39.3263094],[-76.6220753,39.3263131],[-76.6220753,39.3263179],[-76.6220747,39.3263233],[-76.6220737,39.3263281],[-76.6220722,39.3263322]]]}},{"type":"Feature","properties":{"layer":"Vegetation","symbol":2,"class":"Landscape Beds","_tile":"6/31/38"},"geometry":{"type":"Polygon","coordinates":[[[-76.6220011,39.3260215],[-76.6219992,39.3260082],[-76.6220582,39.3260083],[-76.6220613,39.3260483],[-76.6220628,39.326071],[-76.6220638,39.3260832],[-76.6220824,39.326083],[-76.6221168,39.3260825],[-76.6221184,39.3260861],[-76.622114,39.3260917],[-76.6220968,39.3261065],[-76.6220956,39.3261068],[-76.6220833,39.32611],[-76.6220683,39.3261091],[-76.622058,39.3261055],[-76.6220495,39.3260979],[-76.6220437,39.3260818],[-76.6220418,39.326047],[-76.622039,39.326027],[-76.6220336,39.3260213],[-76.6220264,39.3260192],[-76.6220011,39.3260215]]]}},{"type":"Feature","properties":{"layer":"Vegetation","symbol":2,"class":"Landscape Beds","_tile":"6/31/38"},"geometry":{"type":"Polygon","coordinates":[[[-76.6215633,39.3260116],[-76.621563,39.3260068],[-76.6218066,39.3260075],[-76.6218066,39.3260085],[-76.6218066,39.3260125],[-76.6218055,39.326019],[-76.6217639,39.3260199],[-76.6217414,39.3260209],[-76.6217292,39.3260221],[-76.6217183,39.3260248],[-76.6217086,39.3260293],[-76.6217042,39.326034],[-76.6216991,39.3260416],[-76.6216944,39.3260515],[-76.6216923,39.3260628],[-76.6216856,39.3260609],[-76.6216799,39.3260592],[-76.6216689,39.3260564],[-76.6216623,39.326055],[-76.6216566,39.3260539],[-76.6216461,39.3260525],[-76.6216336,39.3260512],[-76.6216306,39.3260088],[-76.6215633,39.3260116]]]}},{"type":"Feature","properties":{"layer":"Vegetation","symbol":2,"class":"Landscape Beds","_tile":"6/31/38"},"geometry":{"type":"Polygon","coordinates":[[[-76.6219366,39.3260886],[-76.6219308,39.3260878],[-76.6219239,39.3260884],[-76.6219145,39.3260934],[-76.6219088,39.3261039],[-76.6219061,39.3261199],[-76.6219091,39.3261319],[-76.6219159,39.3261408],[-76.6219211,39.3261436],[-76.6219248,39.3261457],[-76.6219375,39.3261469],[-76.6219398,39.3261457],[-76.6219492,39.3261405],[-76.621955,39.3261306],[-76.6219575,39.3261193],[-76.6219561,39.3261098],[-76.6219505,39.326098],[-76.6219501,39.3260974],[-76.6219476,39.3260939],[-76.6219403,39.3260891],[-76.6219366,39.3260886]],[[-76.6218454,39.3261243],[-76.6218556,39.3261147],[-76.6218636,39.3261047],[-76.6218628,39.3260947],[-76.6218604,39.3260773],[-76.6218632,39.3260661],[-76.6218647,39.3260578],[-76.6218639,39.3260509],[-76.6218555,39.3260419],[-76.6218384,39.3260331],[-76.6218249,39.3260275],[-76.6218265,39.3260206],[-76.6218276,39.3260138],[-76.6218278,39.3260086],[-76.6218278,39.3260076],[-76.6219771,39.3260081],[-76.6219806,39.3260322],[-76.621983,39.3260454],[-76.6219838,39.3260504],[-76.6219847,39.3260553],[-76.6219866,39.3260684],[-76.6219877,39.3260882],[-76.6219877,39.3260926],[-76.6219872,39.3261045],[-76.6219868,39.326109],[-76.621986,39.326118],[-76.6219846,39.3261297],[-76.6219817,39.3261469],[-76.6219797,39.3261573],[-76.6219753,39.3261742],[-76.6219725,39.3261838],[-76.6219635,39.3262185],[-76.6219623,39.326224],[-76.6219612,39.3262268],[-76.6219573,39.3262295],[-76.6219513,39.3262323],[-76.6219463,39.3262331],[-76.6219407,39.3262333],[-76.6219337,39.3262324],[-76.621929,39.3262293],[-76.621925,39.3262247],[-76.621921,39.3262187],[-76.6219047,39.3261951],[-76.621914,39.3261887],[-76.6219048,39.3261785],[-76.6218938,39.3261665],[-76.6218871,39.3261598],[-76.6218777,39.3261508],[-76.6218676,39.3261417],[-76.6218633,39.326138],[-76.621852,39.3261292],[-76.6218454,39.3261243]]]}},{"type":"Feature","properties":{"layer":"Vegetation","symbol":2,"class":"Landscape Beds","_tile":"6/31/38"},"geometry":{"type":"Polygon","coordinates":[[[-76.6220635,39.3263096],[-76.6220622,39.3263002],[-76.6220566,39.3262883],[-76.6220537,39.3262842],[-76.6220465,39.3262795],[-76.6220369,39.3262781],[-76.62203,39.3262786],[-76.6220207,39.3262837],[-76.6220148,39.3262942],[-76.6220121,39.3263103],[-76.6220153,39.3263223],[-76.622022,39.3263312],[-76.622031,39.326336],[-76.6220436,39.3263373],[-76.6220553,39.3263309],[-76.6220612,39.3263209],[-76.6220635,39.3263096]],[[-76.6219823,39.3262418],[-76.6219991,39.3262449],[-76.6220125,39.3262494],[-76.6220432,39.3262643],[-76.6220665,39.3262815],[-76.6220745,39.3262974],[-76.6220779,39.3263144],[-76.6220746,39.3263274],[-76.6220722,39.3263322],[-76.6220714,39.3263335],[-76.6220674,39.3263416],[-76.6220549,39.3263561],[-76.6220389,39.3263592],[-76.6220143,39.3263589],[-76.6219857,39.3263573],[-76.6219845,39.3263527],[-76.6219824,39.326343],[-76.6219818,39.3263339],[-76.6219824,39.3263133],[-76.6219798,39.3262818],[-76.6219803,39.326261],[-76.6219816,39.3262462],[-76.6219823,39.3262418]]]}},{"type":"Feature","properties":{"layer":"Vegetation","symbol":2,"class":"Landscape Beds","_tile":"6/31/38"},"geometry":{"type":"Polygon","coordinates":[[[-76.6220051,39.3265115],[-76.6220033,39.3264526],[-76.6220042,39.3264491],[-76.622005,39.3264476],[-76.6220068,39.326446],[-76.62201,39.326444],[-76.6220159,39.3264412],[-76.6220228,39.3264408],[-76.6220639,39.3264388],[-76.6220757,39.3264381],[-76.6220786,39.3264578],[-76.6220856,39.3264574],[-76.6221332,39.3264551],[-76.6221329,39.326451],[-76.6221318,39.326437],[-76.6221454,39.3264368],[-76.6221451,39.3264985],[-76.6220911,39.3265007],[-76.6220918,39.3265118],[-76.6220051,39.3265115]]]}},{"type":"Feature","properties":{"layer":"Vegetation","symbol":1,"class":"Hedgerows","_tile":"6/31/39"},"geometry":{"type":"Polygon","coordinates":[[[-76.6216896,39.3257908],[-76.6216893,39.3257934],[-76.6216527,39.3257949],[-76.6216522,39.325789],[-76.6216544,39.3257853],[-76.6216585,39.3257838],[-76.6216642,39.3257832],[-76.6216742,39.3257832],[-76.6216832,39.3257856],[-76.6216877,39.3257877],[-76.6216896,39.3257908]]]}},{"type":"Feature","properties":{"layer":"Vegetation","symbol":1,"class":"Hedgerows","_tile":"6/31/39"},"geometry":{"type":"Polygon","coordinates":[[[-76.6217634,39.3258057],[-76.6217621,39.3258076],[-76.6217577,39.3258073],[-76.6217528,39.3258032],[-76.6217474,39.3258008],[-76.6217399,39.325799],[-76.6217343,39.3257971],[-76.6217185,39.3257966],[-76.6217117,39.3257949],[-76.6217058,39.3257921],[-76.6217004,39.325786],[-76.621698,39.3257796],[-76.621697,39.3257701],[-76.6216967,39.3257683],[-76.6217002,39.3257617],[-76.6217066,39.325755],[-76.6217124,39.3257546],[-76.6217216,39.3257565],[-76.6217286,39.3257611],[-76.621735,39.3257704],[-76.621742,39.3257815],[-76.6217481,39.3257862],[-76.6217515,39.3257875],[-76.6217536,39.3257885],[-76.6217576,39.3257934],[-76.6217625,39.325801],[-76.6217634,39.3258057]]]}},{"type":"Feature","properties":{"layer":"Vegetation","symbol":1,"class":"Hedgerows","_tile":"6/31/39"},"geometry":{"type":"Polygon","coordinates":[[[-76.6218146,39.3258079],[-76.6218122,39.3258047],[-76.621812,39.3258025],[-76.6218123,39.3258022],[-76.6218148,39.3258],[-76.6218234,39.3257982],[-76.6218334,39.3257979],[-76.621845,39.3257992],[-76.6218565,39.3258018],[-76.6218737,39.3258109],[-76.6218809,39.3258131],[-76.6218865,39.325814],[-76.6218947,39.3258135],[-76.6218983,39.3258131],[-76.6219037,39.3258091],[-76.6219087,39.3258031],[-76.6219122,39.3258007],[-76.6219196,39.3257972],[-76.621927,39.3257944],[-76.6219405,39.3257932],[-76.621944,39.3257942],[-76.621946,39.325796],[-76.6219461,39.3257981],[-76.6219443,39.3258008],[-76.6219397,39.3258043],[-76.6219335,39.3258084],[-76.6219275,39.3258151],[-76.6219253,39.325818],[-76.6219235,39.3258195],[-76.6219207,39.3258202],[-76.6219164,39.3258202],[-76.6219152,39.3258201],[-76.621915,39.3258201],[-76.6219083,39.3258194],[-76.6218656,39.325822],[-76.6218645,39.3258223],[-76.6218605,39.3258237],[-76.6218512,39.3258268],[-76.621847,39.3258271],[-76.621845,39.3258265],[-76.621844,39.3258207],[-76.6218429,39.3258171],[-76.6218388,39.3258131],[-76.6218327,39.3258085],[-76.6218261,39.3258062],[-76.6218192,39.3258064],[-76.6218146,39.3258079]]]}},{"type":"Feature","properties":{"layer":"Vegetation","symbol":1,"class":"Hedgerows","_tile":"6/31/39"},"geometry":{"type":"Polygon","coordinates":[[[-76.6220346,39.325928],[-76.6220344,39.3259332],[-76.6220316,39.3259375],[-76.6220279,39.3259403],[-76.6220227,39.3259427],[-76.6220187,39.3259428],[-76.6220152,39.325941],[-76.622014,39.3259379],[-76.6220157,39.3259298],[-76.6220157,39.3259213],[-76.6220144,39.3259157],[-76.62201,39.3259091],[-76.6220077,39.3259042],[-76.6220076,39.3258956],[-76.6220075,39.3258938],[-76.6220042,39.3258683],[-76.622003,39.325858],[-76.6220026,39.3258552],[-76.6220017,39.3258465],[-76.6220033,39.3258424],[-76.6220068,39.3258398],[-76.6220124,39.3258389],[-76.6220174,39.3258394],[-76.6220209,39.3258419],[-76.6220224,39.3258477],[-76.6220225,39.3258685],[-76.6220162,39.3258709],[-76.622014,39.3258721],[-76.6220129,39.3258799],[-76.6220158,39.3258911],[-76.6220197,39.3258955],[-76.6220197,39.3258956],[-76.6220246,39.3259],[-76.6220276,39.3259078],[-76.6220346,39.325928]]]}},{"type":"Feature","properties":{"layer":"Vegetation","symbol":1,"class":"Hedgerows","_tile":"6/31/39"},"geometry":{"type":"Polygon","coordinates":[[[-76.6220959,39.325936],[-76.6220999,39.3259354],[-76.6221004,39.3259354],[-76.6221014,39.3259357],[-76.6221085,39.3259368],[-76.6221122,39.3259401],[-76.6221125,39.3259405],[-76.6221123,39.325941],[-76.6221107,39.3259462],[-76.622107,39.3259494],[-76.622102,39.3259502],[-76.6220852,39.3259522],[-76.6220608,39.3259549],[-76.622059,39.3259572],[-76.6220574,39.3259593],[-76.6220576,39.3259632],[-76.6220634,39.3260236],[-76.622041,39.3260235],[-76.622032,39.3259575],[-76.6220328,39.3259535],[-76.6220386,39.3259494],[-76.622054,39.3259427],[-76.6220623,39.3259415],[-76.6220802,39.3259387],[-76.6220959,39.325936]]]}},{"type":"Feature","properties":{"layer":"Vegetation","symbol":1,"class":"Hedgerows","_tile":"6/31/39"},"geometry":{"type":"Polygon","coordinates":[[[-76.6218374,39.3260229],[-76.6218368,39.3260155],[-76.621841,39.3260093],[-76.6218453,39.3260055],[-76.6218508,39.3260029],[-76.621855,39.3260029],[-76.6218613,39.3260046],[-76.621883,39.3260171],[-76.6218949,39.3260231],[-76.6218374,39.3260229]]]}},{"type":"Feature","properties":{"layer":"Vegetation","symbol":2,"class":"Landscape Beds","_tile":"6/31/39"},"geometry":{"type":"Polygon","coordinates":[[[-76.6218146,39.3258079],[-76.6218141,39.3258068],[-76.6218123,39.3258022],[-76.621811,39.3257994],[-76.6218279,39.3257947],[-76.6218386,39.3257929],[-76.6218487,39.3257928],[-76.621859,39.3257967],[-76.6218685,39.3257997],[-76.6218864,39.3257997],[-76.6219017,39.3257961],[-76.6219206,39.3257886],[-76.6219299,39.3257869],[-76.6219405,39.3257876],[-76.6219629,39.3257937],[-76.6219629,39.3258107],[-76.6219633,39.3258248],[-76.6219158,39.3258269],[-76.6219152,39.3258201],[-76.621915,39.3258201],[-76.6219086,39.3258204],[-76.6218645,39.3258223],[-76.6218604,39.3258225],[-76.6218605,39.3258237],[-76.621861,39.3258294],[-76.6218208,39.3258312],[-76.6218185,39.3258203],[-76.6218161,39.3258117],[-76.6218146,39.3258079]]]}},{"type":"Feature","properties":{"layer":"Vegetation","symbol":2,"class":"Landscape Beds","_tile":"6/31/39"},"geometry":{"type":"Polygon","coordinates":[[[-76.6220011,39.3260215],[-76.6219981,39.3260016],[-76.6219965,39.3259897],[-76.6219962,39.3259862],[-76.6219954,39.3259773],[-76.6219942,39.3259655],[-76.6219993,39.325965],[-76.6219932,39.325897],[-76.6219969,39.3258967],[-76.6220055,39.3258963],[-76.622002,39.3258581],[-76.6220015,39.3258535],[-76.6219906,39.3258541],[-76.621988,39.3258254],[-76.6219836,39.3258257],[-76.6219831,39.3258016],[-76.6219977,39.3258016],[-76.622009,39.3258029],[-76.6220168,39.3258073],[-76.6220266,39.3258204],[-76.6220291,39.3258325],[-76.6220271,39.3258419],[-76.622023,39.325849],[-76.6220233,39.3258629],[-76.6220254,39.3258731],[-76.622031,39.3258793],[-76.6220387,39.3259287],[-76.622043,39.3259344],[-76.6220499,39.3259375],[-76.6220563,39.325939],[-76.6220959,39.325936],[-76.6221004,39.3259357],[-76.6221014,39.3259357],[-76.622106,39.3259353],[-76.6221117,39.3259377],[-76.6221122,39.3259401],[-76.6221123,39.325941],[-76.6221128,39.3259424],[-76.6221109,39.3259543],[-76.6221021,39.3259549],[-76.622059,39.3259572],[-76.6220545,39.3259575],[-76.6220594,39.3260236],[-76.6220358,39.3260235],[-76.6220336,39.3260213],[-76.6220264,39.3260192],[-76.6220011,39.3260215]]]}},{"type":"Feature","properties":{"layer":"Vegetation","symbol":2,"class":"Landscape Beds","_tile":"6/31/39"},"geometry":{"type":"Polygon","coordinates":[[[-76.6215633,39.3260116],[-76.6215623,39.3259956],[-76.621572,39.3259951],[-76.6215715,39.3259895],[-76.6217052,39.325984],[-76.6217048,39.3259783],[-76.6218039,39.3259742],[-76.6218056,39.3259918],[-76.6218064,39.3260002],[-76.6218066,39.3260085],[-76.6218066,39.3260125],[-76.6218055,39.326019],[-76.6217639,39.3260199],[-76.6217414,39.3260209],[-76.6217292,39.3260221],[-76.6217274,39.3260225],[-76.6216316,39.3260222],[-76.6216306,39.3260088],[-76.6215633,39.3260116]]]}},{"type":"Feature","properties":{"layer":"Vegetation","symbol":2,"class":"Landscape Beds","_tile":"6/31/39"},"geometry":{"type":"Polygon","coordinates":[[[-76.6217628,39.3259358],[-76.621756,39.3258351],[-76.6216962,39.3258375],[-76.6216954,39.3258265],[-76.621705,39.3258261],[-76.621703,39.3257952],[-76.6217028,39.325795],[-76.6216998,39.3257903],[-76.6216963,39.3257854],[-76.6216882,39.3257792],[-76.6216779,39.3257764],[-76.6216698,39.3257762],[-76.6216547,39.3257768],[-76.6216406,39.3257776],[-76.6216385,39.3257423],[-76.6216568,39.3257385],[-76.6216625,39.3257372],[-76.6216698,39.3257373],[-76.6216761,39.3257377],[-76.6216821,39.3257383],[-76.6216892,39.3257395],[-76.6216961,39.3257409],[-76.621702,39.3257422],[-76.6217079,39.3257436],[-76.6217209,39.3257477],[-76.6217264,39.3257498],[-76.6217316,39.3257522],[-76.6217376,39.3257552],[-76.6217481,39.3257613],[-76.6217535,39.3257648],[-76.6217593,39.3257689],[-76.6217651,39.3257735],[-76.6217704,39.325778],[-76.6217747,39.3257821],[-76.6217782,39.325786],[-76.621782,39.3257911],[-76.6217854,39.3257962],[-76.6217879,39.3258006],[-76.6217899,39.3258056],[-76.6217932,39.325816],[-76.6217947,39.3258232],[-76.6217965,39.3258327],[-76.6217967,39.3258329],[-76.6217924,39.3258333],[-76.6217931,39.3258624],[-76.621783,39.3258624],[-76.6217853,39.3259024],[-76.6217955,39.325902],[-76.6217974,39.3259343],[-76.6217628,39.3259358]]]}},{"type":"Feature","properties":{"layer":"Vegetation","symbol":2,"class":"Landscape Beds","_tile":"6/31/39"},"geometry":{"type":"Polygon","coordinates":[[[-76.6216205,39.3257459],[-76.6216219,39.3257706],[-76.6215543,39.3257728],[-76.6215537,39.325762],[-76.6215497,39.3257616],[-76.6215496,39.3257546],[-76.6215553,39.325754],[-76.6215676,39.3257528],[-76.6215805,39.3257514],[-76.6215931,39.3257499],[-76.6216047,39.3257484],[-76.6216205,39.3257459]]]}},{"type":"Feature","properties":{"layer":"Vegetation","symbol":2,"class":"Landscape Beds","_tile":"6/31/39"},"geometry":{"type":"Polygon","coordinates":[[[-76.621826,39.3260229],[-76.6218265,39.3260206],[-76.6218276,39.3260138],[-76.6218278,39.3260086],[-76.6218275,39.3259994],[-76.6218268,39.3259906],[-76.6218251,39.3259733],[-76.6218464,39.3259724],[-76.6218477,39.3259905],[-76.6219562,39.325986],[-76.6219549,39.3259673],[-76.6219575,39.3259673],[-76.6219722,39.3259667],[-76.6219743,39.3259876],[-76.6219763,39.3260034],[-76.6219793,39.3260233],[-76.621826,39.3260229]]]}},{"type":"Feature","properties":{"layer":"Vegetation","symbol":1,"class":"Hedgerows","_tile":"6/31/41"},"geometry":{"type":"Polygon","coordinates":[[[-76.6219283,39.3245437],[-76.6219532,39.32456],[-76.6219453,39.3245677],[-76.6219099,39.3245436],[-76.6219283,39.3245437]]]}},{"type":"Feature","properties":{"layer":"Vegetation","symbol":1,"class":"Hedgerows","_tile":"6/31/41"},"geometry":{"type":"Polygon","coordinates":[[[-76.6215471,39.3246125],[-76.6215469,39.3246166],[-76.6215445,39.3246189],[-76.62154,39.3246201],[-76.6215351,39.32462],[-76.6215117,39.324602],[-76.6215111,39.3245976],[-76.6215141,39.3245946],[-76.6215188,39.3245923],[-76.6215218,39.3245923],[-76.6215376,39.3246045],[-76.6215471,39.3246125]]]}},{"type":"Feature","properties":{"layer":"Vegetation","symbol":1,"class":"Hedgerows","_tile":"6/31/41"},"geometry":{"type":"Polygon","coordinates":[[[-76.621953,39.3245718],[-76.6219582,39.3245664],[-76.6220047,39.3246257],[-76.6219982,39.3246287],[-76.6219982,39.3246289],[-76.621953,39.3245718]]]}},{"type":"Feature","properties":{"layer":"Vegetation","symbol":1,"class":"Hedgerows","_tile":"6/31/41"},"geometry":{"type":"Polygon","coordinates":[[[-76.6216495,39.3246662],[-76.621683,39.3246875],[-76.6216861,39.3246941],[-76.621685,39.324701],[-76.621681,39.3247062],[-76.6216773,39.324708],[-76.6216732,39.3247086],[-76.6216673,39.3247083],[-76.6216597,39.3247052],[-76.621656,39.3247029],[-76.621632,39.3246873],[-76.6216308,39.3246825],[-76.621631,39.3246812],[-76.621631,39.3246786],[-76.6216495,39.3246662]]]}},{"type":"Feature","properties":{"layer":"Vegetation","symbol":1,"class":"Hedgerows","_tile":"6/31/41"},"geometry":{"type":"Polygon","coordinates":[[[-76.6217438,39.3247261],[-76.6217493,39.3247296],[-76.6217527,39.3247321],[-76.6217524,39.3247358],[-76.6217496,39.3247392],[-76.621743,39.3247436],[-76.6217393,39.3247446],[-76.6217353,39.3247444],[-76.6217325,39.3247414],[-76.6217319,39.3247376],[-76.6217329,39.3247348],[-76.6217438,39.3247261]]]}},{"type":"Feature","properties":{"layer":"Vegetation","symbol":1,"class":"Hedgerows","_tile":"6/31/41"},"geometry":{"type":"Polygon","coordinates":[[[-76.6219565,39.3246562],[-76.6219916,39.3247008],[-76.6219939,39.3246997],[-76.6220152,39.3247269],[-76.6217937,39.3248322],[-76.6217872,39.3248221],[-76.6217915,39.3248202],[-76.6218538,39.3247916],[-76.6219942,39.3247276],[-76.6219933,39.3247267],[-76.6219442,39.3246662],[-76.6219565,39.3246562]]]}},{"type":"Feature","properties":{"layer":"Vegetation","symbol":1,"class":"Hedgerows","_tile":"6/31/42"},"geometry":{"type":"Polygon","coordinates":[[[-76.6219367,39.3242029],[-76.6219192,39.3241797],[-76.6219176,39.3241671],[-76.6219203,39.3241636],[-76.6219242,39.3241631],[-76.6219295,39.324165],[-76.6219349,39.324171],[-76.6219419,39.3241765],[-76.6219474,39.3241831],[-76.6219493,39.3241897],[-76.6219492,39.3241945],[-76.6219367,39.3242029]]]}},{"type":"Feature","properties":{"layer":"Vegetation","symbol":1,"class":"Hedgerows","_tile":"6/31/42"},"geometry":{"type":"Polygon","coordinates":[[[-76.6220097,39.3242955],[-76.6219928,39.3242731],[-76.6219917,39.3242672],[-76.6219962,39.3242612],[-76.6220042,39.3242548],[-76.6220102,39.3242527],[-76.6220187,39.3242533],[-76.6220324,39.3242585],[-76.6220416,39.3242664],[-76.6220448,39.3242741],[-76.6220463,39.3242787],[-76.6220097,39.3242955]]]}},{"type":"Feature","properties":{"layer":"Vegetation","symbol":1,"class":"Hedgerows","_tile":"6/31/42"},"geometry":{"type":"Polygon","coordinates":[[[-76.6220215,39.3244019],[-76.6220249,39.3244021],[-76.6220284,39.3244048],[-76.6220345,39.3244107],[-76.6220402,39.3244143],[-76.622048,39.3244166],[-76.6220515,39.3244207],[-76.6220523,39.3244266],[-76.6220519,39.3244316],[-76.6220491,39.3244344],[-76.6220322,39.3244421],[-76.6220268,39.3244466],[-76.6220225,39.3244483],[-76.6220156,39.3244484],[-76.6220123,39.3244479],[-76.6220113,39.3244465],[-76.6220059,39.3244371],[-76.6220056,39.324435],[-76.6220057,39.3244338],[-76.6220062,39.3244317],[-76.6220093,39.3244302],[-76.6220273,39.3244224],[-76.6220284,39.3244205],[-76.622018,39.3244042],[-76.6220215,39.3244019]]]}},{"type":"Feature","properties":{"layer":"Vegetation","symbol":1,"class":"Hedgerows","_tile":"6/31/42"},"geometry":{"type":"Polygon","coordinates":[[[-76.6218912,39.3245309],[-76.6218985,39.3245241],[-76.6219517,39.324559],[-76.6219325,39.3245589],[-76.6218957,39.324534],[-76.6218912,39.3245309]]]}},{"type":"Feature","properties":{"layer":"Vegetation","symbol":3,"class":"Woodland","_tile":"6/31/43"},"geometry":{"type":"Polygon","coordinates":[[[-76.6221328,39.323619],[-76.6221337,39.3236188],[-76.6221448,39.3236216],[-76.622159,39.3236296],[-76.6221604,39.3236314],[-76.6221603,39.3236497],[-76.6221581,39.3236519],[-76.6221516,39.3236581],[-76.6221373,39.3236659],[-76.6221423,39.3236772],[-76.6221427,39.3236863],[-76.6221367,39.3237025],[-76.6221372,39.3237206],[-76.6221353,39.323724],[-76.6221313,39.3237316],[-76.6221224,39.3237369],[-76.6221132,39.3237365],[-76.6221112,39.3237355],[-76.6221021,39.3237312],[-76.6220889,39.3237155],[-76.6220788,39.323702],[-76.6220761,39.3236934],[-76.6220717,39.3236862],[-76.6220709,39.3236847],[-76.622063,39.3236777],[-76.6220597,39.3236698],[-76.6220592,39.3236618],[-76.6220633,39.3236559],[-76.6220736,39.3236536],[-76.6220834,39.3236518],[-76.6220874,39.3236445],[-76.6220933,39.3236373],[-76.6221045,39.3236338],[-76.6221102,39.3236299],[-76.6221191,39.3236223],[-76.6221328,39.323619]]]}},{"type":"Feature","properties":{"layer":"Vegetation","symbol":1,"class":"Hedgerows","_tile":"6/31/43"},"geometry":{"type":"Polygon","coordinates":[[[-76.6219681,39.3236053],[-76.6219689,39.3236053],[-76.6219783,39.3236148],[-76.6219894,39.3236206],[-76.6220027,39.3236249],[-76.6220048,39.3236267],[-76.6220115,39.3236325],[-76.6220123,39.3236332],[-76.6220144,39.3236388],[-76.6220143,39.3236389],[-76.62201,39.3236419],[-76.6220096,39.3236422],[-76.6220001,39.3236445],[-76.6219834,39.3236457],[-76.621972,39.3236447],[-76.6219655,39.3236434],[-76.6219456,39.3236201],[-76.6219467,39.3236157],[-76.6219467,39.3236153],[-76.621947,39.3236139],[-76.6219524,39.3236088],[-76.6219611,39.3236054],[-76.6219681,39.3236053]]]}},{"type":"Feature","properties":{"layer":"Vegetation","symbol":1,"class":"Hedgerows","_tile":"6/31/43"},"geometry":{"type":"Polygon","coordinates":[[[-76.6219205,39.3237577],[-76.6219277,39.323767],[-76.6218692,39.3237959],[-76.6218607,39.3237855],[-76.6219205,39.3237577]]]}},{"type":"Feature","properties":{"layer":"Vegetation","symbol":1,"class":"Hedgerows","_tile":"6/31/43"},"geometry":{"type":"Polygon","coordinates":[[[-76.6216537,39.3238222],[-76.6216427,39.3238272],[-76.6216254,39.3238042],[-76.6216256,39.3237982],[-76.6216273,39.3237966],[-76.6216302,39.3237959],[-76.6216343,39.3237964],[-76.6216537,39.3238222]]]}},{"type":"Feature","properties":{"layer":"Vegetation","symbol":1,"class":"Hedgerows","_tile":"6/31/43"},"geometry":{"type":"Polygon","coordinates":[[[-76.6216688,39.3238604],[-76.6216788,39.3238578],[-76.6216832,39.3238591],[-76.6216861,39.3238626],[-76.6216889,39.3238696],[-76.6216792,39.323874],[-76.6216688,39.3238604]]]}},{"type":"Feature","properties":{"layer":"Vegetation","symbol":1,"class":"Hedgerows","_tile":"6/31/43"},"geometry":{"type":"Polygon","coordinates":[[[-76.6217369,39.3239265],[-76.6217759,39.3239088],[-76.6217801,39.3239144],[-76.6217419,39.3239337],[-76.6217369,39.3239265]]]}},{"type":"Feature","properties":{"layer":"Vegetation","symbol":1,"class":"Hedgerows","_tile":"6/32/32"},"geometry":{"type":"Polygon","coordinates":[[[-76.621109,39.3291076],[-76.6211088,39.3291104],[-76.6211073,39.3291136],[-76.621097,39.3291153],[-76.6210935,39.3291081],[-76.6210906,39.329104],[-76.6210873,39.3291013],[-76.6210856,39.3291003],[-76.6210842,39.3290998],[-76.6210827,39.3291],[-76.6210787,39.3291011],[-76.621077,39.3291014],[-76.6210747,39.329101],[-76.6210725,39.3291003],[-76.6210721,39.3290996],[-76.6210721,39.3290984],[-76.6210735,39.329094],[-76.6210753,39.3290911],[-76.6210764,39.3290899],[-76.6210776,39.3290891],[-76.6210796,39.3290889],[-76.6210819,39.3290889],[-76.6210838,39.3290897],[-76.621087,39.3290926],[-76.6210878,39.3290929],[-76.6210884,39.3290934],[-76.6210928,39.3290943],[-76.6211005,39.3290941],[-76.6211031,39.3290945],[-76.6211052,39.3290953],[-76.6211063,39.3290962],[-76.6211071,39.3290978],[-76.6211084,39.3291034],[-76.621109,39.3291076]]]}},{"type":"Feature","properties":{"layer":"Vegetation","symbol":1,"class":"Hedgerows","_tile":"6/32/32"},"geometry":{"type":"Polygon","coordinates":[[[-76.6211258,39.3293253],[-76.6211227,39.3293295],[-76.6211172,39.3293326],[-76.6211103,39.3293338],[-76.6211101,39.3293375],[-76.6211102,39.3293398],[-76.6210849,39.3293409],[-76.6210811,39.3293389],[-76.6210699,39.3293394],[-76.6210639,39.3293381],[-76.6210593,39.3293334],[-76.6210569,39.3293281],[-76.6210586,39.3293255],[-76.6210822,39.3293246],[-76.6210882,39.3293222],[-76.6211254,39.3293201],[-76.6211258,39.3293239],[-76.6211258,39.3293253]]]}},{"type":"Feature","properties":{"layer":"Vegetation","symbol":1,"class":"Hedgerows","_tile":"6/32/32"},"geometry":{"type":"Polygon","coordinates":[[[-76.6210501,39.3293406],[-76.6210231,39.3293418],[-76.6210155,39.3293402],[-76.6210114,39.3293366],[-76.6210107,39.329332],[-76.6210127,39.3293284],[-76.6210165,39.3293268],[-76.621025,39.3293257],[-76.6210497,39.3293252],[-76.6210499,39.3293387],[-76.6210501,39.3293406]]]}},{"type":"Feature","properties":{"layer":"Vegetation","symbol":1,"class":"Hedgerows","_tile":"6/32/32"},"geometry":{"type":"Polygon","coordinates":[[[-76.6211735,39.3293475],[-76.6211626,39.329348],[-76.6211625,39.3293478],[-76.6211618,39.3293359],[-76.6211623,39.3293332],[-76.6211652,39.3293318],[-76.6211726,39.3293317],[-76.6211735,39.3293475]]]}},{"type":"Feature","properties":{"layer":"Vegetation","symbol":1,"class":"Hedgerows","_tile":"6/32/32"},"geometry":{"type":"Polygon","coordinates":[[[-76.6208536,39.3293018],[-76.6208551,39.3293014],[-76.6208628,39.3292991],[-76.6208656,39.3292981],[-76.6208733,39.329295],[-76.6208756,39.3292939],[-76.6208816,39.3292915],[-76.6208869,39.3292901],[-76.6208905,39.3292895],[-76.6208989,39.3292886],[-76.620904,39.3292883],[-76.6209159,39.3292878],[-76.6209494,39.3292875],[-76.6209629,39.3292868],[-76.620968,39.3292864],[-76.6209729,39.329286],[-76.6209769,39.3292854],[-76.6209824,39.3292843],[-76.6209826,39.3292842],[-76.6209839,39.3292839],[-76.6209867,39.3292828],[-76.6209879,39.3292822],[-76.6209901,39.3292808],[-76.6209929,39.3292778],[-76.620997,39.3292727],[-76.6209983,39.3292714],[-76.6210009,39.329269],[-76.6210017,39.3292687],[-76.6210023,39.3292682],[-76.6210038,39.3292677],[-76.621005,39.3292675],[-76.6210087,39.3292673],[-76.6210103,39.3292675],[-76.621011,39.3292677],[-76.6210119,39.3292686],[-76.6210127,39.3292699],[-76.6210133,39.3292719],[-76.6210142,39.3292767],[-76.6210147,39.3292784],[-76.6210164,39.3292868],[-76.6210167,39.3292887],[-76.621017,39.3292935],[-76.6210167,39.3292995],[-76.621016,39.3293067],[-76.6210146,39.3293172],[-76.6210081,39.3293265],[-76.6209987,39.3293315],[-76.6209927,39.3293344],[-76.6209904,39.3293354],[-76.6209875,39.3293362],[-76.6209837,39.3293369],[-76.6209792,39.3293376],[-76.6209675,39.3293389],[-76.6209606,39.3293394],[-76.6209444,39.3293403],[-76.6209336,39.3293413],[-76.6209261,39.3293417],[-76.6209229,39.3293417],[-76.6209183,39.3293413],[-76.6209157,39.3293408],[-76.6209146,39.3293405],[-76.6208534,39.3293435],[-76.6208536,39.3293018]]]}},{"type":"Feature","properties":{"layer":"Vegetation","symbol":1,"class":"Hedgerows","_tile":"6/32/33"},"geometry":{"type":"Polygon","coordinates":[[[-76.6211538,39.3284472],[-76.6211536,39.3284491],[-76.621153,39.3284498],[-76.6211516,39.3284509],[-76.621151,39.3284512],[-76.621147,39.328453],[-76.6211409,39.3284555],[-76.6211386,39.3284567],[-76.6211327,39.3284612],[-76.6211313,39.3284619],[-76.6211304,39.328462],[-76.6211287,39.3284607],[-76.6211267,39.3284581],[-76.6211258,39.3284556],[-76.6211257,39.3284521],[-76.6211259,39.3284484],[-76.6211264,39.3284458],[-76.6211535,39.3284459],[-76.6211538,39.3284472]]]}},{"type":"Feature","properties":{"layer":"Vegetation","symbol":1,"class":"Hedgerows","_tile":"6/32/33"},"geometry":{"type":"Polygon","coordinates":[[[-76.6212202,39.3284561],[-76.6213402,39.3284499],[-76.6213445,39.3284497],[-76.6213428,39.3284851],[-76.6213288,39.328486],[-76.6213216,39.3284868],[-76.621317,39.3284837],[-76.621314,39.3284815],[-76.6213077,39.3284739],[-76.6213062,39.3284735],[-76.6212976,39.3284712],[-76.6212686,39.3284715],[-76.6212579,39.3284715],[-76.6212568,39.3284722],[-76.6212489,39.3284772],[-76.621247,39.3284859],[-76.6212425,39.3284945],[-76.621237,39.3284958],[-76.6212298,39.3284916],[-76.6212278,39.3284896],[-76.6212223,39.3284836],[-76.6212219,39.3284828],[-76.6212189,39.3284773],[-76.6212154,39.3284645],[-76.6212159,39.3284563],[-76.6212202,39.3284561]]]}},{"type":"Feature","properties":{"layer":"Vegetation","symbol":1,"class":"Hedgerows","_tile":"6/32/33"},"geometry":{"type":"Polygon","coordinates":[[[-76.6211584,39.32854],[-76.6211582,39.3285432],[-76.6211576,39.3285467],[-76.6211568,39.3285492],[-76.6211556,39.3285512],[-76.6211532,39.3285532],[-76.62115,39.3285553],[-76.6211468,39.328556],[-76.6211423,39.3285557],[-76.621138,39.3285549],[-76.6211264,39.3285521],[-76.6211238,39.3285517],[-76.6211207,39.3285509],[-76.621119,39.3285497],[-76.6211172,39.3285475],[-76.6211165,39.3285461],[-76.6211162,39.3285439],[-76.6211165,39.3285397],[-76.6211177,39.3285374],[-76.6211197,39.3285347],[-76.6211254,39.3285287],[-76.6211268,39.3285271],[-76.6211273,39.3285255],[-76.6211278,39.3285216],[-76.6211255,39.3284919],[-76.6211255,39.3284839],[-76.621128,39.3284793],[-76.6211311,39.3284744],[-76.621135,39.3284708],[-76.6211402,39.3284684],[-76.6211459,39.328468],[-76.6211494,39.328469],[-76.6211534,39.3284751],[-76.6211537,39.3284929],[-76.6211547,39.328509],[-76.621156,39.328522],[-76.6211579,39.3285342],[-76.6211584,39.32854]]]}},{"type":"Feature","properties":{"layer":"Vegetation","symbol":1,"class":"Hedgerows","_tile":"6/32/33"},"geometry":{"type":"Polygon","coordinates":[[[-76.62138,39.3286382],[-76.621378,39.3286433],[-76.621376,39.3286462],[-76.6213728,39.3286481],[-76.6213681,39.3286497],[-76.6213631,39.3286504],[-76.6213568,39.3286503],[-76.6213543,39.3286498],[-76.6213519,39.3286491],[-76.6213496,39.328648],[-76.6213479,39.3286469],[-76.621347,39.3286457],[-76.6213462,39.3286442],[-76.6213458,39.3286426],[-76.6213458,39.3286414],[-76.6213469,39.3286405],[-76.6213513,39.328638],[-76.6213521,39.3286367],[-76.6213526,39.328635],[-76.6213525,39.3286291],[-76.6213517,39.3286219],[-76.6213519,39.3286182],[-76.6213527,39.3286123],[-76.6213532,39.3286096],[-76.6213541,39.3286085],[-76.6213553,39.3286081],[-76.6213576,39.328608],[-76.6213616,39.3286086],[-76.6213697,39.3286177],[-76.6213758,39.3286265],[-76.6213773,39.3286301],[-76.62138,39.3286382]]]}},{"type":"Feature","properties":{"layer":"Vegetation","symbol":1,"class":"Hedgerows","_tile":"6/32/33"},"geometry":{"type":"Polygon","coordinates":[[[-76.6210878,39.3287717],[-76.6210885,39.3287723],[-76.621089,39.328773],[-76.6210893,39.3287756],[-76.6210884,39.3287797],[-76.6210868,39.3287865],[-76.6210868,39.3287896],[-76.6210863,39.3287912],[-76.6210838,39.3287963],[-76.6210856,39.3288048],[-76.6210854,39.328808],[-76.6210845,39.32881],[-76.6210828,39.3288122],[-76.6210813,39.328813],[-76.6210774,39.3288154],[-76.6210754,39.3288175],[-76.6210737,39.3288201],[-76.6210714,39.3288263],[-76.6210706,39.3288276],[-76.6210698,39.3288284],[-76.6210678,39.3288291],[-76.6210646,39.3288295],[-76.6210608,39.328829],[-76.6210573,39.3288277],[-76.6210557,39.328826],[-76.6210539,39.3288226],[-76.6210529,39.3288196],[-76.621052,39.3288152],[-76.6210505,39.3287915],[-76.6210489,39.3287792],[-76.6210491,39.328777],[-76.6210505,39.3287753],[-76.6210529,39.3287734],[-76.6210556,39.3287722],[-76.6210599,39.3287709],[-76.6210648,39.3287702],[-76.6210721,39.3287696],[-76.6210787,39.3287696],[-76.6210837,39.3287701],[-76.6210878,39.3287717]]]}},{"type":"Feature","properties":{"layer":"Vegetation","symbol":1,"class":"Hedgerows","_tile":"6/32/33"},"geometry":{"type":"Polygon","coordinates":[[[-76.621094,39.3289061],[-76.6210936,39.3289093],[-76.621093,39.3289111],[-76.621091,39.3289127],[-76.621089,39.3289135],[-76.6210879,39.3289133],[-76.6210867,39.3289127],[-76.6210838,39.3289101],[-76.6210823,39.3289082],[-76.6210812,39.3289063],[-76.6210796,39.3289013],[-76.6210787,39.3288995],[-76.621077,39.328898],[-76.6210751,39.328897],[-76.6210731,39.3288976],[-76.6210705,39.3288994],[-76.6210678,39.3289023],[-76.621065,39.3289032],[-76.6210625,39.3289029],[-76.6210598,39.3289016],[-76.6210587,39.3289005],[-76.6210578,39.3288989],[-76.6210578,39.3288979],[-76.6210581,39.3288967],[-76.6210608,39.3288921],[-76.6210625,39.3288879],[-76.6210628,39.328885],[-76.6210623,39.3288816],[-76.6210613,39.3288787],[-76.6210566,39.32887],[-76.621056,39.3288674],[-76.6210558,39.3288641],[-76.6210569,39.3288453],[-76.6210573,39.3288437],[-76.6210581,39.3288424],[-76.6210595,39.3288414],[-76.6210616,39.3288406],[-76.6210635,39.3288405],[-76.6210669,39.3288407],[-76.6210741,39.3288415],[-76.6210774,39.3288428],[-76.6210784,39.328843],[-76.6210874,39.3288506],[-76.6210904,39.3288618],[-76.621091,39.3288679],[-76.6210913,39.3288869],[-76.6210935,39.3289008],[-76.621094,39.3289061]]]}},{"type":"Feature","properties":{"layer":"Vegetation","symbol":1,"class":"Hedgerows","_tile":"6/32/34"},"geometry":{"type":"Polygon","coordinates":[[[-76.6210576,39.3279924],[-76.6209086,39.3279968],[-76.620907,39.3279969],[-76.6209062,39.3279787],[-76.6210531,39.3279743],[-76.6210552,39.3279743],[-76.6210566,39.3279742],[-76.6210576,39.3279924]]]}},{"type":"Feature","properties":{"layer":"Vegetation","symbol":1,"class":"Hedgerows","_tile":"6/32/34"},"geometry":{"type":"Polygon","coordinates":[[[-76.6214936,39.3280357],[-76.621486,39.3280355],[-76.6214872,39.3280767],[-76.6214765,39.3280768],[-76.621476,39.3281086],[-76.6214557,39.3281088],[-76.6214459,39.3281088],[-76.6214466,39.3281014],[-76.6214517,39.3280535],[-76.6214645,39.3280489],[-76.621468,39.3280178],[-76.6214929,39.3280156],[-76.6214936,39.3280357]]]}},{"type":"Feature","properties":{"layer":"Vegetation","symbol":1,"class":"Hedgerows","_tile":"6/32/34"},"geometry":{"type":"Polygon","coordinates":[[[-76.6212964,39.3280314],[-76.6213014,39.3280269],[-76.621304,39.3280281],[-76.6213085,39.3280304],[-76.6213111,39.3280318],[-76.6213154,39.3280393],[-76.6213281,39.3280376],[-76.6213332,39.3280314],[-76.6213333,39.3280266],[-76.6213348,39.3280208],[-76.6213476,39.3280148],[-76.6213653,39.3280119],[-76.6213763,39.3280124],[-76.6213827,39.3280179],[-76.6213862,39.3280243],[-76.621386,39.3280325],[-76.6213823,39.3280401],[-76.6213814,39.3280403],[-76.6213706,39.3280421],[-76.6213561,39.3280353],[-76.6213462,39.3280382],[-76.6213443,39.328051],[-76.6213432,39.3280571],[-76.621342,39.3280608],[-76.6213398,39.3280636],[-76.6213358,39.3280667],[-76.6213304,39.32807],[-76.6213249,39.3280725],[-76.6213163,39.328075],[-76.6213134,39.3280764],[-76.6213124,39.3280775],[-76.6213117,39.3280791],[-76.6213113,39.3280803],[-76.6213104,39.3280836],[-76.6213104,39.3280877],[-76.6213114,39.3280965],[-76.6213112,39.3281027],[-76.6213099,39.3281128],[-76.6213096,39.328115],[-76.6213095,39.328115],[-76.6212872,39.3281146],[-76.621285,39.3280707],[-76.6212835,39.3280435],[-76.6212964,39.3280314]]]}},{"type":"Feature","properties":{"layer":"Vegetation","symbol":1,"class":"Hedgerows","_tile":"6/32/34"},"geometry":{"type":"Polygon","coordinates":[[[-76.6208602,39.3280553],[-76.6209041,39.3280541],[-76.6209046,39.3280558],[-76.6209085,39.3280716],[-76.620904,39.3280811],[-76.6208601,39.3280803],[-76.6208602,39.3280553]]]}},{"type":"Feature","properties":{"layer":"Vegetation","symbol":1,"class":"Hedgerows","_tile":"6/32/34"},"geometry":{"type":"Polygon","coordinates":[[[-76.6208594,39.3282195],[-76.6208595,39.3282208],[-76.6209454,39.3282178],[-76.6209465,39.3282177],[-76.6210225,39.3282152],[-76.6210173,39.3281722],[-76.6210122,39.3281662],[-76.6210065,39.3281573],[-76.6210026,39.3281472],[-76.6210013,39.3281399],[-76.621007,39.3281294],[-76.6210163,39.3281174],[-76.6210131,39.3280758],[-76.6209181,39.3280792],[-76.6209199,39.3280552],[-76.6209199,39.3280539],[-76.6210383,39.3280483],[-76.6210386,39.3280504],[-76.6210436,39.3281059],[-76.6210438,39.3281084],[-76.6210319,39.3281156],[-76.621025,39.3281235],[-76.6210248,39.3281292],[-76.6210266,39.3281327],[-76.6210295,39.3281358],[-76.6210335,39.3281401],[-76.6210422,39.3281492],[-76.6210457,39.3281529],[-76.6210506,39.3282345],[-76.6210507,39.3282381],[-76.6208715,39.3282458],[-76.6208592,39.3282464],[-76.6208594,39.3282195]]]}},{"type":"Feature","properties":{"layer":"Vegetation","symbol":1,"class":"Hedgerows","_tile":"6/32/34"},"geometry":{"type":"Polygon","coordinates":[[[-76.6213464,39.3282414],[-76.6213197,39.328236],[-76.621299,39.3282365],[-76.6212921,39.3281708],[-76.6212963,39.328164],[-76.6212974,39.3281574],[-76.6212976,39.3281563],[-76.6213109,39.3281551],[-76.6213118,39.3281604],[-76.6213175,39.3281916],[-76.6213196,39.3282024],[-76.6213527,39.3282004],[-76.6213595,39.3282299],[-76.6213636,39.3282361],[-76.6213674,39.3282383],[-76.6213765,39.3282342],[-76.6213836,39.3282336],[-76.6213849,39.3282333],[-76.6213917,39.3282336],[-76.6213923,39.3282343],[-76.6213952,39.3282382],[-76.6213929,39.3282435],[-76.6213924,39.3282444],[-76.6213882,39.3282505],[-76.6213858,39.3282542],[-76.6213621,39.3282533],[-76.6213601,39.3282533],[-76.6213495,39.328242],[-76.6213464,39.3282414]]]}},{"type":"Feature","properties":{"layer":"Vegetation","symbol":1,"class":"Hedgerows","_tile":"6/32/34"},"geometry":{"type":"Polygon","coordinates":[[[-76.6215073,39.3282522],[-76.621481,39.3282548],[-76.6214782,39.3282045],[-76.6214608,39.3282012],[-76.6214551,39.3281641],[-76.621447,39.3281638],[-76.6214466,39.3281518],[-76.621481,39.3281496],[-76.621481,39.3281812],[-76.6214942,39.3281811],[-76.6214973,39.3282264],[-76.6215074,39.3282269],[-76.6215073,39.3282522]]]}},{"type":"Feature","properties":{"layer":"Vegetation","symbol":1,"class":"Hedgerows","_tile":"6/32/34"},"geometry":{"type":"Polygon","coordinates":[[[-76.6215065,39.3284059],[-76.6214972,39.3284075],[-76.6214953,39.3284075],[-76.621494,39.3284073],[-76.621493,39.3284066],[-76.6214916,39.3284053],[-76.6214893,39.3284014],[-76.6214889,39.3283992],[-76.6214892,39.3283958],[-76.6214904,39.3283921],[-76.6214921,39.3283889],[-76.6214938,39.3283871],[-76.621496,39.3283854],[-76.6214989,39.3283835],[-76.6215008,39.3283826],[-76.6215015,39.3283822],[-76.6215032,39.3283817],[-76.6215055,39.3283815],[-76.6215066,39.3283815],[-76.6215065,39.3284059]]]}},{"type":"Feature","properties":{"layer":"Vegetation","symbol":1,"class":"Hedgerows","_tile":"6/32/34"},"geometry":{"type":"Polygon","coordinates":[[[-76.6211538,39.3284472],[-76.6211536,39.3284491],[-76.621153,39.3284498],[-76.6211516,39.3284509],[-76.621151,39.3284512],[-76.621147,39.328453],[-76.6211409,39.3284555],[-76.6211386,39.3284567],[-76.6211329,39.3284611],[-76.6211292,39.328461],[-76.6211287,39.3284607],[-76.6211267,39.3284581],[-76.6211258,39.3284556],[-76.6211257,39.3284521],[-76.6211259,39.3284484],[-76.6211276,39.3284397],[-76.6211279,39.3284348],[-76.6211278,39.3284291],[-76.6211265,39.3284212],[-76.6211259,39.3284186],[-76.621126,39.3284172],[-76.6211265,39.3284165],[-76.621128,39.3284158],[-76.6211323,39.3284143],[-76.6211354,39.3284138],[-76.6211376,39.3284136],[-76.6211399,39.3284143],[-76.6211429,39.3284157],[-76.6211463,39.3284177],[-76.6211488,39.3284289],[-76.6211493,39.3284344],[-76.62115,39.3284379],[-76.6211534,39.3284447],[-76.6211538,39.3284472]]]}},{"type":"Feature","properties":{"layer":"Vegetation","symbol":1,"class":"Hedgerows","_tile":"6/32/34"},"geometry":{"type":"Polygon","coordinates":[[[-76.6212202,39.3284561],[-76.6213402,39.3284499],[-76.6213445,39.3284497],[-76.621344,39.3284617],[-76.6212156,39.3284613],[-76.6212159,39.3284563],[-76.6212202,39.3284561]]]}},{"type":"Feature","properties":{"layer":"Vegetation","symbol":1,"class":"Hedgerows","_tile":"6/32/35"},"geometry":{"type":"Polygon","coordinates":[[[-76.620901,39.3274689],[-76.6208743,39.3274705],[-76.6208741,39.3274688],[-76.620901,39.3274689]]]}},{"type":"Feature","properties":{"layer":"Vegetation","symbol":1,"class":"Hedgerows","_tile":"6/32/35"},"geometry":{"type":"Polygon","coordinates":[[[-76.6210685,39.3274694],[-76.6210713,39.327486],[-76.6210793,39.3275118],[-76.6210922,39.3275143],[-76.6211083,39.3275148],[-76.621137,39.3275174],[-76.6211401,39.3275178],[-76.6211455,39.3275315],[-76.6211304,39.3275454],[-76.621128,39.3275561],[-76.6211243,39.3275749],[-76.6211196,39.3275845],[-76.6211075,39.3275884],[-76.621093,39.3275894],[-76.6210719,39.32759],[-76.621064,39.3275907],[-76.6210619,39.3275908],[-76.6210616,39.3275926],[-76.6210605,39.3275968],[-76.6210608,39.3275982],[-76.6210618,39.3276043],[-76.6210589,39.3276044],[-76.6210303,39.3276055],[-76.6210253,39.327547],[-76.6210237,39.3275285],[-76.6210303,39.3275282],[-76.6210347,39.3275279],[-76.6210367,39.3275279],[-76.621053,39.3275272],[-76.6210535,39.3275272],[-76.621055,39.3275272],[-76.6210588,39.3275269],[-76.6210535,39.3274732],[-76.6210532,39.3274707],[-76.6210568,39.3274694],[-76.6210685,39.3274694]]]}},{"type":"Feature","properties":{"layer":"Vegetation","symbol":1,"class":"Hedgerows","_tile":"6/32/35"},"geometry":{"type":"Polygon","coordinates":[[[-76.6212983,39.3275952],[-76.6212958,39.327605],[-76.6212781,39.3276036],[-76.6212763,39.3276039],[-76.6212557,39.3276069],[-76.6212535,39.3276013],[-76.6212599,39.327599],[-76.621275,39.3275963],[-76.6212813,39.327594],[-76.6212897,39.3275929],[-76.6212957,39.3275931],[-76.6212977,39.3275944],[-76.6212983,39.3275952]]]}},{"type":"Feature","properties":{"layer":"Vegetation","symbol":1,"class":"Hedgerows","_tile":"6/32/35"},"geometry":{"type":"Polygon","coordinates":[[[-76.6211666,39.3277563],[-76.6211636,39.327761],[-76.6211602,39.3277658],[-76.6211563,39.3277707],[-76.6211522,39.3277752],[-76.6211482,39.3277793],[-76.6211446,39.3277822],[-76.6211417,39.3277842],[-76.6211366,39.3277861],[-76.6211236,39.3277897],[-76.6210849,39.3277947],[-76.6210807,39.3277951],[-76.6210708,39.3276357],[-76.6210767,39.327636],[-76.6210888,39.3276366],[-76.6211093,39.3276407],[-76.6211161,39.3276424],[-76.6211214,39.3276443],[-76.6211251,39.3276461],[-76.6211294,39.3276488],[-76.6211335,39.3276521],[-76.6211384,39.3276565],[-76.6211434,39.3276616],[-76.6211485,39.3276673],[-76.6211503,39.3276694],[-76.621159,39.3276803],[-76.6211632,39.3276864],[-76.6211677,39.3276938],[-76.6211713,39.327701],[-76.6211737,39.3277071],[-76.6211748,39.3277113],[-76.6211752,39.3277161],[-76.6211752,39.3277216],[-76.6211747,39.3277275],[-76.6211737,39.3277343],[-76.6211723,39.3277409],[-76.6211706,39.3277468],[-76.6211684,39.3277524],[-76.6211666,39.3277563]]]}},{"type":"Feature","properties":{"layer":"Vegetation","symbol":1,"class":"Hedgerows","_tile":"6/32/35"},"geometry":{"type":"Polygon","coordinates":[[[-76.6215091,39.3279207],[-76.6214871,39.3279204],[-76.6214879,39.3279133],[-76.6215091,39.3279117],[-76.6215091,39.3279207]]]}},{"type":"Feature","properties":{"layer":"Vegetation","symbol":1,"class":"Hedgerows","_tile":"6/32/35"},"geometry":{"type":"Polygon","coordinates":[[[-76.6210784,39.3278348],[-76.6210886,39.3278354],[-76.6210951,39.3278359],[-76.6210991,39.3278364],[-76.6211024,39.327837],[-76.621109,39.3278391],[-76.6211132,39.327841],[-76.6211176,39.3278449],[-76.6211206,39.3278488],[-76.6211214,39.3278512],[-76.621122,39.3278546],[-76.6211224,39.3278635],[-76.6211217,39.3278783],[-76.6211204,39.3278882],[-76.6211184,39.3278954],[-76.621114,39.3279088],[-76.6211118,39.3279183],[-76.6211104,39.3279226],[-76.6211086,39.3279257],[-76.6211073,39.3279267],[-76.6211061,39.3279272],[-76.6211029,39.3279277],[-76.6210986,39.3279278],[-76.6210951,39.3279274],[-76.6210925,39.3279267],[-76.6210911,39.3279252],[-76.6210905,39.3279222],[-76.6210905,39.3279185],[-76.6210913,39.3279086],[-76.6210912,39.3279067],[-76.6210907,39.3279056],[-76.6210897,39.3279051],[-76.6210881,39.3279049],[-76.6210798,39.3279054],[-76.6210491,39.3279064],[-76.6210448,39.3278359],[-76.621077,39.3278349],[-76.6210784,39.3278348]]]}},{"type":"Feature","properties":{"layer":"Vegetation","symbol":1,"class":"Hedgerows","_tile":"6/32/35"},"geometry":{"type":"Polygon","coordinates":[[[-76.6214161,39.3279495],[-76.6213961,39.3279494],[-76.6213944,39.3279186],[-76.621394,39.3279126],[-76.6213948,39.3279126],[-76.6214238,39.3279096],[-76.6214245,39.3279193],[-76.6214637,39.3279176],[-76.6214638,39.3279257],[-76.6214286,39.3279277],[-76.6214285,39.327941],[-76.6214184,39.3279416],[-76.6214161,39.3279495]]]}},{"type":"Feature","properties":{"layer":"Vegetation","symbol":2,"class":"Landscape Beds","_tile":"6/32/36"},"geometry":{"type":"Polygon","coordinates":[[[-76.6211394,39.3269816],[-76.6211383,39.3269829],[-76.6211196,39.3269869],[-76.6211128,39.3269907],[-76.6211051,39.327],[-76.6210966,39.3270119],[-76.6210943,39.3270321],[-76.6210948,39.3270564],[-76.6210989,39.327073],[-76.6211085,39.3270853],[-76.6211207,39.3270964],[-76.6211364,39.327107],[-76.6211352,39.3271123],[-76.6211313,39.3271254],[-76.6211278,39.3271351],[-76.6211239,39.3271443],[-76.621119,39.3271554],[-76.621103,39.3271881],[-76.6210991,39.3271918],[-76.6210974,39.3271929],[-76.6210941,39.3271945],[-76.6210895,39.327196],[-76.6210845,39.3271972],[-76.621081,39.3271977],[-76.6210801,39.3271975],[-76.6210766,39.3271974],[-76.6210697,39.3271964],[-76.6210422,39.3271907],[-76.6210649,39.3271899],[-76.6210594,39.3271074],[-76.621075,39.3271067],[-76.6210731,39.327076],[-76.6210691,39.3270155],[-76.6210675,39.3269935],[-76.6210932,39.3269925],[-76.6210923,39.3269814],[-76.6211394,39.3269816]]]}},{"type":"Feature","properties":{"layer":"Vegetation","symbol":2,"class":"Landscape Beds","_tile":"6/32/36"},"geometry":{"type":"Polygon","coordinates":[[[-76.6208664,39.3272197],[-76.6210435,39.32721],[-76.6210568,39.3272113],[-76.6210647,39.3272125],[-76.6210562,39.3272369],[-76.6210497,39.3272567],[-76.6210475,39.3272617],[-76.6210426,39.3272662],[-76.6210364,39.3272697],[-76.6210254,39.3272752],[-76.6210164,39.3272823],[-76.6210118,39.3272882],[-76.6210108,39.3272928],[-76.6210121,39.3273353],[-76.6209435,39.3273394],[-76.6209424,39.3273213],[-76.6208869,39.3273241],[-76.6208874,39.3273395],[-76.6208826,39.3273402],[-76.620882,39.3273401],[-76.6208797,39.3273401],[-76.620877,39.3273387],[-76.6208731,39.3273355],[-76.620871,39.3273329],[-76.6208664,39.3272197]]]}},{"type":"Feature","properties":{"layer":"Vegetation","symbol":2,"class":"Landscape Beds","_tile":"6/32/36"},"geometry":{"type":"Polygon","coordinates":[[[-76.6212785,39.327069],[-76.62129,39.3270701],[-76.6212962,39.3270706],[-76.6213742,39.3270793],[-76.6214294,39.3270827],[-76.6214598,39.3270835],[-76.6214848,39.3270841],[-76.6214851,39.3270842],[-76.6215135,39.3270835],[-76.6215134,39.3271105],[-76.621491,39.3271113],[-76.6214926,39.3271261],[-76.6212679,39.327134],[-76.6212498,39.3271346],[-76.6212428,39.3271349],[-76.621253,39.3272769],[-76.621257,39.3273328],[-76.621261,39.3273873],[-76.6212558,39.3273877],[-76.6212451,39.3273887],[-76.6212233,39.3273893],[-76.6211622,39.327391],[-76.6211572,39.3273781],[-76.6211542,39.3273663],[-76.6211511,39.3273501],[-76.6211489,39.3273346],[-76.6211479,39.3273223],[-76.6211479,39.3273141],[-76.6211483,39.3273043],[-76.6211492,39.3272936],[-76.6211505,39.3272821],[-76.6211523,39.3272707],[-76.6211542,39.3272599],[-76.6211564,39.32725],[-76.6211586,39.3272413],[-76.6211648,39.3272226],[-76.6211718,39.3272037],[-76.6211788,39.3271875],[-76.621185,39.3271752],[-76.6211923,39.3271635],[-76.6212014,39.3271497],[-76.6212107,39.3271369],[-76.6212187,39.327127],[-76.6212283,39.327116],[-76.6212395,39.3271039],[-76.6212502,39.3270932],[-76.6212587,39.3270854],[-76.6212785,39.327069]]]}},{"type":"Feature","properties":{"layer":"Vegetation","symbol":2,"class":"Landscape Beds","_tile":"6/32/36"},"geometry":{"type":"Polygon","coordinates":[[[-76.6214301,39.3270433],[-76.6214148,39.3270425],[-76.6213921,39.3270411],[-76.6213887,39.3270493],[-76.6213848,39.3270492],[-76.6213666,39.3270483],[-76.6213531,39.327047],[-76.6213477,39.327046],[-76.6213459,39.3270453],[-76.6213446,39.3270445],[-76.6213437,39.3270436],[-76.621343,39.3270416],[-76.6213428,39.3270389],[-76.6213438,39.3270358],[-76.6213458,39.3270338],[-76.6213506,39.3270306],[-76.6213559,39.3270275],[-76.6213633,39.3270239],[-76.621365,39.3270233],[-76.6213861,39.3270142],[-76.6213987,39.3270091],[-76.6214324,39.3269962],[-76.6214266,39.3269887],[-76.6214433,39.3269834],[-76.6214461,39.3269826],[-76.6215141,39.3269828],[-76.6215137,39.3270435],[-76.6214705,39.3270439],[-76.6214698,39.3270523],[-76.6214476,39.3270521],[-76.6214405,39.327052],[-76.6214402,39.3270449],[-76.6214402,39.3270439],[-76.6214301,39.3270433]]]}},{"type":"Feature","properties":{"layer":"Vegetation","symbol":1,"class":"Hedgerows","_tile":"6/32/36"},"geometry":{"type":"Polygon","coordinates":[[[-76.6210217,39.3274217],[-76.6210282,39.3274278],[-76.6210293,39.3274356],[-76.6210282,39.3274382],[-76.6210233,39.3274512],[-76.6210193,39.3274619],[-76.6210158,39.3274621],[-76.6208743,39.3274705],[-76.620874,39.3274678],[-76.6208718,39.3274491],[-76.6208713,39.3274464],[-76.6208635,39.3274462],[-76.6208636,39.3274199],[-76.6209118,39.3274165],[-76.6210171,39.3274177],[-76.6210217,39.3274217]]]}},{"type":"Feature","properties":{"layer":"Vegetation","symbol":1,"class":"Hedgerows","_tile":"6/32/36"},"geometry":{"type":"Polygon","coordinates":[[[-76.6210679,39.3274655],[-76.6210712,39.3274847],[-76.6210546,39.3274846],[-76.6210535,39.3274732],[-76.6210532,39.3274707],[-76.6210679,39.3274655]]]}},{"type":"Feature","properties":{"layer":"Vegetation","symbol":1,"class":"Hedgerows","_tile":"6/32/36"},"geometry":{"type":"Polygon","coordinates":[[[-76.621365,39.3270233],[-76.6213659,39.3270251],[-76.6213561,39.3270297],[-76.6213501,39.3270336],[-76.621349,39.3270349],[-76.621349,39.3270359],[-76.6213504,39.3270371],[-76.6213534,39.3270386],[-76.6213557,39.3270392],[-76.6213586,39.3270395],[-76.6213683,39.3270385],[-76.6213743,39.3270381],[-76.6213784,39.327038],[-76.6213812,39.3270382],[-76.6213833,39.327039],[-76.6213846,39.3270401],[-76.6213852,39.3270415],[-76.6213856,39.3270419],[-76.6213864,39.3270443],[-76.6213865,39.327046],[-76.6213853,39.3270485],[-76.6213848,39.3270492],[-76.6213834,39.3270506],[-76.6213821,39.3270511],[-76.6213801,39.3270513],[-76.621373,39.327051],[-76.62136,39.3270498],[-76.6213454,39.3270478],[-76.6213417,39.327047],[-76.6213394,39.3270462],[-76.6213385,39.3270455],[-76.6213376,39.3270442],[-76.6213356,39.3270394],[-76.6213341,39.3270341],[-76.6213338,39.3270321],[-76.6213341,39.3270307],[-76.6213349,39.3270297],[-76.6213363,39.3270287],[-76.6213488,39.3270214],[-76.6213531,39.3270198],[-76.6213571,39.3270194],[-76.6213587,39.3270192],[-76.621363,39.3270198],[-76.621365,39.3270233]]]}},{"type":"Feature","properties":{"layer":"Vegetation","symbol":1,"class":"Hedgerows","_tile":"6/32/36"},"geometry":{"type":"Polygon","coordinates":[[[-76.6214324,39.3269962],[-76.6214295,39.3269891],[-76.6214519,39.3269826],[-76.621496,39.3269827],[-76.6214769,39.3269863],[-76.6214651,39.3269888],[-76.6214511,39.3269915],[-76.6214439,39.3269951],[-76.621433,39.3269978],[-76.6214324,39.3269962]]]}},{"type":"Feature","properties":{"layer":"Vegetation","symbol":1,"class":"Hedgerows","_tile":"6/32/36"},"geometry":{"type":"Polygon","coordinates":[[[-76.6210731,39.327076],[-76.6210691,39.3270155],[-76.6210823,39.327012],[-76.6210855,39.327014],[-76.621089,39.3270217],[-76.6210901,39.3270461],[-76.6210897,39.3270616],[-76.6210903,39.327071],[-76.6210918,39.327079],[-76.6210939,39.3270878],[-76.6211124,39.3270997],[-76.6211206,39.3271065],[-76.6211246,39.3271109],[-76.6211164,39.3271159],[-76.6211094,39.327116],[-76.621093,39.3271115],[-76.6210908,39.3271125],[-76.6210888,39.327113],[-76.6210871,39.327113],[-76.6210845,39.3271123],[-76.6210822,39.3271115],[-76.621081,39.3271108],[-76.6210799,39.3271092],[-76.6210789,39.327106],[-76.621078,39.3271027],[-76.6210777,39.3270989],[-76.6210779,39.3270833],[-76.6210731,39.327076]]]}},{"type":"Feature","properties":{"layer":"Vegetation","symbol":1,"class":"Hedgerows","_tile":"6/32/36"},"geometry":{"type":"Polygon","coordinates":[[[-76.621253,39.3272769],[-76.621257,39.3273328],[-76.6212239,39.3273305],[-76.6212185,39.3273062],[-76.6212231,39.3272857],[-76.6212268,39.3272806],[-76.621253,39.3272769]]]}},{"type":"Feature","properties":{"layer":"Vegetation","symbol":2,"class":"Landscape Beds","_tile":"6/32/37"},"geometry":{"type":"Polygon","coordinates":[[[-76.6211906,39.3267614],[-76.621193,39.3267639],[-76.6211985,39.3267726],[-76.6212022,39.3267778],[-76.6212066,39.3267836],[-76.6212104,39.3267882],[-76.6212229,39.3268002],[-76.6212256,39.3268033],[-76.6212275,39.3268061],[-76.6212296,39.3268109],[-76.6212305,39.3268142],[-76.62123,39.3268184],[-76.6212288,39.3268222],[-76.6212246,39.3268284],[-76.6212224,39.3268306],[-76.6212201,39.3268323],[-76.6212164,39.3268339],[-76.6212097,39.3268361],[-76.6212048,39.3268368],[-76.6212046,39.326836],[-76.6212027,39.3268161],[-76.6211898,39.3268159],[-76.6211846,39.326763],[-76.6211906,39.3267614]]]}},{"type":"Feature","properties":{"layer":"Vegetation","symbol":2,"class":"Landscape Beds","_tile":"6/32/37"},"geometry":{"type":"Polygon","coordinates":[[[-76.6210271,39.3266026],[-76.6210234,39.3265464],[-76.621023,39.3265411],[-76.6209747,39.326543],[-76.6209028,39.326546],[-76.620901,39.3265212],[-76.6209518,39.3265191],[-76.6209783,39.3265224],[-76.6210033,39.3265231],[-76.6210199,39.3265205],[-76.6210376,39.3265151],[-76.6210605,39.3265017],[-76.6210667,39.3264932],[-76.6210929,39.3264933],[-76.6210937,39.3264937],[-76.6210952,39.3264948],[-76.6210984,39.3264992],[-76.6210999,39.3265029],[-76.6211008,39.326508],[-76.6211014,39.3265139],[-76.6211019,39.3265248],[-76.6211027,39.3265323],[-76.621104,39.3265417],[-76.6211094,39.326569],[-76.6210988,39.3265709],[-76.6210932,39.3265833],[-76.6210873,39.3265953],[-76.6210874,39.3266087],[-76.6210893,39.326615],[-76.6210927,39.3266263],[-76.621093,39.3266493],[-76.6210988,39.3266736],[-76.6210995,39.3266742],[-76.6211075,39.3266815],[-76.6211146,39.3266854],[-76.6211186,39.3266875],[-76.6211239,39.3267002],[-76.6211246,39.326702],[-76.621126,39.3267275],[-76.6211246,39.3267321],[-76.6211226,39.3267385],[-76.6211217,39.3267396],[-76.6211127,39.3267501],[-76.6211091,39.3267592],[-76.6211135,39.3267702],[-76.6211202,39.3267757],[-76.6211331,39.3267806],[-76.62115,39.3267844],[-76.6211556,39.3268207],[-76.6211106,39.3268225],[-76.6210799,39.3268238],[-76.6210693,39.3266252],[-76.6210432,39.3266271],[-76.621043,39.3266213],[-76.6210284,39.3266218],[-76.6210271,39.3266026]]]}},{"type":"Feature","properties":{"layer":"Vegetation","symbol":2,"class":"Landscape Beds","_tile":"6/32/37"},"geometry":{"type":"Polygon","coordinates":[[[-76.6210861,39.3269013],[-76.6211589,39.3268981],[-76.6211607,39.3269343],[-76.6211606,39.3269389],[-76.6211383,39.3269346],[-76.6211257,39.3269361],[-76.6211157,39.3269394],[-76.6211081,39.3269488],[-76.6211088,39.3269555],[-76.6211171,39.3269591],[-76.6211295,39.3269591],[-76.6211381,39.3269634],[-76.6211434,39.3269718],[-76.6211429,39.3269775],[-76.6211383,39.3269829],[-76.6211196,39.3269869],[-76.6211128,39.3269907],[-76.6211079,39.3269967],[-76.6210678,39.3269966],[-76.6210675,39.3269935],[-76.6210932,39.3269925],[-76.6210864,39.3269041],[-76.6210861,39.3269013]]]}},{"type":"Feature","properties":{"layer":"Vegetation","symbol":2,"class":"Landscape Beds","_tile":"6/32/37"},"geometry":{"type":"Polygon","coordinates":[[[-76.6212045,39.3268787],[-76.6212449,39.326877],[-76.6212469,39.3268823],[-76.621251,39.3268892],[-76.6212545,39.3268915],[-76.6212715,39.3268987],[-76.6212739,39.3269017],[-76.6212748,39.3269047],[-76.6212723,39.3269087],[-76.6212665,39.3269119],[-76.6212525,39.3269096],[-76.6212394,39.3269078],[-76.6212338,39.3269098],[-76.6212258,39.3269156],[-76.6212198,39.3269231],[-76.621214,39.3269458],[-76.621211,39.3269527],[-76.6212077,39.3269555],[-76.6212023,39.3269573],[-76.6211966,39.3269578],[-76.6211951,39.3269006],[-76.6212058,39.3268999],[-76.6212045,39.3268787]]]}},{"type":"Feature","properties":{"layer":"Vegetation","symbol":2,"class":"Landscape Beds","_tile":"6/32/37"},"geometry":{"type":"Polygon","coordinates":[[[-76.6214284,39.3269977],[-76.6214324,39.3269962],[-76.6214266,39.3269887],[-76.6214433,39.3269834],[-76.6214538,39.3269802],[-76.6214627,39.3269781],[-76.6214779,39.326975],[-76.6214857,39.3269736],[-76.6214962,39.3269721],[-76.6215031,39.3269714],[-76.6215104,39.326971],[-76.6215141,39.3269709],[-76.621514,39.326998],[-76.6214284,39.3269977]]]}},{"type":"Feature","properties":{"layer":"Vegetation","symbol":1,"class":"Hedgerows","_tile":"6/32/37"},"geometry":{"type":"Polygon","coordinates":[[[-76.6210271,39.3266026],[-76.6210227,39.3266017],[-76.6210198,39.326568],[-76.62102,39.3265566],[-76.6210234,39.3265464],[-76.6210288,39.3265427],[-76.6210333,39.3265321],[-76.621039,39.326526],[-76.6210429,39.3265225],[-76.6210464,39.3265195],[-76.6210492,39.3265179],[-76.6210543,39.326516],[-76.62106,39.3265144],[-76.6210639,39.326514],[-76.6210687,39.3265137],[-76.6210733,39.326514],[-76.6210773,39.3265146],[-76.6210807,39.3265158],[-76.6210843,39.3265177],[-76.6210877,39.3265199],[-76.6210903,39.326522],[-76.6210927,39.3265251],[-76.6210949,39.3265296],[-76.6210952,39.3265312],[-76.621095,39.3265341],[-76.6210942,39.3265369],[-76.6210931,39.3265393],[-76.6210914,39.3265411],[-76.6210868,39.3265445],[-76.6210768,39.32655],[-76.6210728,39.3265538],[-76.6210682,39.32656],[-76.6210669,39.326563],[-76.6210655,39.3265674],[-76.6210647,39.3265719],[-76.6210645,39.3265758],[-76.6210653,39.3265793],[-76.6210665,39.3265821],[-76.621068,39.3265848],[-76.6210692,39.3265861],[-76.6210726,39.3265878],[-76.6210821,39.3265911],[-76.6210835,39.326592],[-76.6210835,39.3265924],[-76.6210821,39.326594],[-76.6210772,39.3265978],[-76.6210761,39.3265992],[-76.6210736,39.3266036],[-76.6210705,39.326608],[-76.6210694,39.326609],[-76.6210673,39.3266094],[-76.6210656,39.3266093],[-76.6210628,39.3266085],[-76.6210572,39.3266059],[-76.6210422,39.3265977],[-76.6210328,39.3266031],[-76.6210271,39.3266026]]]}},{"type":"Feature","properties":{"layer":"Vegetation","symbol":1,"class":"Hedgerows","_tile":"6/32/37"},"geometry":{"type":"Polygon","coordinates":[[[-76.6210893,39.326615],[-76.6210959,39.3266148],[-76.6210995,39.3266742],[-76.6211002,39.326686],[-76.6211146,39.3266854],[-76.6211235,39.326685],[-76.6211239,39.3267002],[-76.6211246,39.3267321],[-76.6211247,39.3267394],[-76.6211217,39.3267396],[-76.6211043,39.3267407],[-76.6211094,39.3267974],[-76.6210853,39.3267985],[-76.6210802,39.3267228],[-76.6210926,39.3267214],[-76.6210989,39.3267206],[-76.6210953,39.3266989],[-76.6210785,39.3266998],[-76.6210735,39.3266156],[-76.6210893,39.326615]]]}},{"type":"Feature","properties":{"layer":"Vegetation","symbol":1,"class":"Hedgerows","_tile":"6/32/37"},"geometry":{"type":"Polygon","coordinates":[[[-76.6214324,39.3269962],[-76.6214295,39.3269891],[-76.6214779,39.326975],[-76.6214899,39.3269716],[-76.6215083,39.3269702],[-76.6215141,39.32697],[-76.6215141,39.3269802],[-76.6215116,39.3269803],[-76.6214996,39.326982],[-76.6214769,39.3269863],[-76.6214651,39.3269888],[-76.6214511,39.3269915],[-76.6214439,39.3269951],[-76.621433,39.3269978],[-76.6214324,39.3269962]]]}},{"type":"Feature","properties":{"layer":"Vegetation","symbol":2,"class":"Landscape Beds","_tile":"6/32/38"},"geometry":{"type":"Polygon","coordinates":[[[-76.6210489,39.3265084],[-76.6210605,39.3265017],[-76.6210671,39.3264926],[-76.6210898,39.3264919],[-76.6210937,39.3264937],[-76.6210952,39.3264948],[-76.6210984,39.3264992],[-76.6210999,39.3265029],[-76.6211008,39.326508],[-76.6211008,39.3265086],[-76.6210489,39.3265084]]]}},{"type":"Feature","properties":{"layer":"Vegetation","symbol":2,"class":"Landscape Beds","_tile":"6/32/38"},"geometry":{"type":"Polygon","coordinates":[[[-76.6212424,39.3260505],[-76.6212404,39.3260467],[-76.6212386,39.3260421],[-76.6212373,39.3260372],[-76.6212365,39.3260335],[-76.6212355,39.3260243],[-76.621235,39.3260087],[-76.621235,39.3260057],[-76.6214778,39.3260065],[-76.6214784,39.3260143],[-76.6214089,39.3260172],[-76.6214117,39.3260593],[-76.6213612,39.3260764],[-76.6213488,39.3260417],[-76.6213457,39.3260383],[-76.6213405,39.3260345],[-76.6213353,39.3260324],[-76.6213295,39.3260309],[-76.6213231,39.3260309],[-76.6213178,39.3260311],[-76.6213095,39.326033],[-76.6212424,39.3260505]]]}},{"type":"Feature","properties":{"layer":"Vegetation","symbol":2,"class":"Landscape Beds","_tile":"6/32/38"},"geometry":{"type":"Polygon","coordinates":[[[-76.6210177,39.3262355],[-76.6210163,39.3262159],[-76.6210147,39.326196],[-76.6210134,39.3261777],[-76.621012,39.3261583],[-76.6210117,39.3261529],[-76.6210087,39.3261122],[-76.6210064,39.3260805],[-76.6210036,39.3260405],[-76.621001,39.3260066],[-76.6210297,39.3260055],[-76.6210295,39.3260063],[-76.6210286,39.3260377],[-76.6210282,39.3260865],[-76.62103,39.3261424],[-76.621042,39.3261953],[-76.6210558,39.3262353],[-76.6210654,39.3262729],[-76.6210691,39.3262929],[-76.6210764,39.3262999],[-76.6210897,39.3263112],[-76.6210929,39.3263197],[-76.6210947,39.3263915],[-76.6210896,39.326415],[-76.6210714,39.3264355],[-76.6210465,39.3264492],[-76.6210278,39.3264538],[-76.6208968,39.3264658],[-76.6208958,39.326454],[-76.620895,39.3264409],[-76.6209112,39.3264402],[-76.6210322,39.3264351],[-76.6210299,39.3264041],[-76.6210283,39.3263831],[-76.6210792,39.3263807],[-76.6210741,39.3263107],[-76.621035,39.3263126],[-76.6210233,39.3263131],[-76.6210177,39.3262355]]]}},{"type":"Feature","properties":{"layer":"Vegetation","symbol":2,"class":"Landscape Beds","_tile":"6/32/38"},"geometry":{"type":"Polygon","coordinates":[[[-76.6211073,39.3261198],[-76.6211014,39.3261292],[-76.6211,39.3261386],[-76.6211023,39.3261498],[-76.6211038,39.326153],[-76.6211073,39.3261601],[-76.6211149,39.3261677],[-76.6211256,39.3261716],[-76.6211333,39.3261705],[-76.6211414,39.3261661],[-76.6211484,39.3261583],[-76.621151,39.3261504],[-76.6211521,39.3261472],[-76.6211514,39.3261352],[-76.6211498,39.326131],[-76.6211472,39.3261252],[-76.6211397,39.326117],[-76.6211324,39.3261132],[-76.6211253,39.3261116],[-76.6211155,39.3261135],[-76.6211073,39.3261198]],[[-76.6210852,39.3260052],[-76.6210864,39.3260224],[-76.6211935,39.326018],[-76.6211926,39.3260056],[-76.6212144,39.3260056],[-76.6212146,39.3260089],[-76.6212147,39.3260177],[-76.6212151,39.3260253],[-76.6212155,39.3260299],[-76.621217,39.3260401],[-76.6212188,39.326046],[-76.6212211,39.326052],[-76.6212237,39.3260571],[-76.6212273,39.3260628],[-76.6212046,39.3260692],[-76.621203,39.3260696],[-76.6211869,39.3260775],[-76.6211821,39.3260823],[-76.6211822,39.3260886],[-76.6211861,39.3261018],[-76.6211933,39.3261181],[-76.6212028,39.3261348],[-76.6212146,39.326144],[-76.6212186,39.3261472],[-76.621211,39.3261533],[-76.6211998,39.3261631],[-76.6211891,39.3261737],[-76.6211854,39.3261776],[-76.6211814,39.3261822],[-76.6211772,39.3261871],[-76.6211732,39.3261921],[-76.6211697,39.3261966],[-76.6211647,39.3262033],[-76.6211601,39.3262108],[-76.6211514,39.3262253],[-76.6211604,39.3262308],[-76.6211409,39.3262666],[-76.6211364,39.3262687],[-76.6211318,39.3262686],[-76.6211263,39.3262674],[-76.6211208,39.3262645],[-76.6211176,39.3262619],[-76.6211144,39.326256],[-76.6211097,39.3262472],[-76.6211047,39.326238],[-76.6210977,39.3262248],[-76.6210959,39.3262208],[-76.6210941,39.3262174],[-76.6210866,39.3262006],[-76.621081,39.326187],[-76.6210785,39.3261796],[-76.6210753,39.3261683],[-76.6210714,39.3261516],[-76.6210689,39.3261358],[-76.6210673,39.3261224],[-76.6210671,39.326119],[-76.6210668,39.3261159],[-76.6210666,39.3261042],[-76.6210667,39.3260859],[-76.6210673,39.3260609],[-76.6210668,39.3260423],[-76.6210644,39.3260051],[-76.6210852,39.3260052]]]}},{"type":"Feature","properties":{"layer":"Vegetation","symbol":1,"class":"Hedgerows","_tile":"6/32/38"},"geometry":{"type":"Polygon","coordinates":[[[-76.6212774,39.3260218],[-76.6212769,39.3260257],[-76.6212744,39.3260304],[-76.6212704,39.3260338],[-76.621262,39.3260383],[-76.6212528,39.3260384],[-76.6212455,39.3260365],[-76.621243,39.3260337],[-76.6212421,39.3260273],[-76.6212416,39.3260231],[-76.6212415,39.3260182],[-76.6212417,39.3260133],[-76.6212425,39.3260089],[-76.6212442,39.3260057],[-76.6212743,39.3260058],[-76.6212764,39.3260119],[-76.6212771,39.3260166],[-76.6212774,39.3260218]]]}},{"type":"Feature","properties":{"layer":"Vegetation","symbol":1,"class":"Hedgerows","_tile":"6/32/38"},"geometry":{"type":"Polygon","coordinates":[[[-76.6210036,39.3260405],[-76.6210108,39.3260401],[-76.6210138,39.3260802],[-76.6210064,39.3260805],[-76.6210036,39.3260405]]]}},{"type":"Feature","properties":{"layer":"Vegetation","symbol":1,"class":"Hedgerows","_tile":"6/32/38"},"geometry":{"type":"Polygon","coordinates":[[[-76.6210087,39.3261122],[-76.6210156,39.3261119],[-76.6210186,39.3261525],[-76.6210117,39.3261529],[-76.6210087,39.3261122]]]}},{"type":"Feature","properties":{"layer":"Vegetation","symbol":1,"class":"Hedgerows","_tile":"6/32/38"},"geometry":{"type":"Polygon","coordinates":[[[-76.6210134,39.3261777],[-76.6210212,39.3261798],[-76.6210274,39.3261837],[-76.6210296,39.3261871],[-76.6210292,39.3261913],[-76.621027,39.3261935],[-76.6210199,39.3261953],[-76.6210147,39.326196],[-76.6210134,39.3261777]]]}},{"type":"Feature","properties":{"layer":"Vegetation","symbol":1,"class":"Hedgerows","_tile":"6/32/38"},"geometry":{"type":"Polygon","coordinates":[[[-76.6210177,39.3262355],[-76.6210163,39.3262159],[-76.6210324,39.3262151],[-76.6210336,39.3262293],[-76.6210501,39.3262431],[-76.6210555,39.326251],[-76.6210582,39.3262623],[-76.6210583,39.3262721],[-76.6210526,39.326284],[-76.6210434,39.3262883],[-76.6210381,39.326289],[-76.6210316,39.3262881],[-76.6210265,39.3262841],[-76.6210241,39.3262761],[-76.621024,39.3262413],[-76.6210237,39.3262383],[-76.6210219,39.3262363],[-76.6210177,39.3262355]]]}},{"type":"Feature","properties":{"layer":"Vegetation","symbol":1,"class":"Hedgerows","_tile":"6/32/38"},"geometry":{"type":"Polygon","coordinates":[[[-76.6209112,39.3264402],[-76.6209114,39.3264394],[-76.6210279,39.3264313],[-76.6210291,39.3264109],[-76.6210299,39.3264041],[-76.6210315,39.3263905],[-76.6210872,39.3263871],[-76.6210862,39.326396],[-76.621074,39.3264214],[-76.6210589,39.3264341],[-76.6210538,39.3264378],[-76.6210496,39.3264403],[-76.6210448,39.3264423],[-76.6210382,39.3264439],[-76.6210101,39.3264487],[-76.6209085,39.3264552],[-76.6209112,39.3264402]]]}},{"type":"Feature","properties":{"layer":"Vegetation","symbol":1,"class":"Hedgerows","_tile":"6/32/38"},"geometry":{"type":"Polygon","coordinates":[[[-76.6211073,39.3261198],[-76.621105,39.326125],[-76.621103,39.3261312],[-76.6211019,39.3261359],[-76.6211014,39.3261409],[-76.6211021,39.3261471],[-76.6211038,39.326153],[-76.6211057,39.3261594],[-76.6211088,39.3261654],[-76.6211129,39.3261699],[-76.6211213,39.3261732],[-76.6211307,39.3261725],[-76.6211362,39.3261718],[-76.6211413,39.3261704],[-76.6211461,39.3261659],[-76.6211481,39.326162],[-76.6211498,39.326157],[-76.6211509,39.326152],[-76.621151,39.3261504],[-76.6211514,39.3261476],[-76.6211514,39.3261432],[-76.621151,39.3261382],[-76.6211502,39.3261329],[-76.6211498,39.326131],[-76.621149,39.3261279],[-76.6211472,39.3261237],[-76.6211439,39.326118],[-76.6211393,39.3261132],[-76.6211339,39.326111],[-76.6211281,39.3261094],[-76.6211235,39.3261088],[-76.62112,39.3261082],[-76.6211121,39.3261122],[-76.6211073,39.3261198]],[[-76.621212,39.32615],[-76.6212107,39.326152],[-76.6211797,39.3261825],[-76.6211567,39.3262109],[-76.621151,39.3262222],[-76.6211505,39.3262272],[-76.621152,39.326232],[-76.6211512,39.3262377],[-76.6211486,39.3262422],[-76.6211402,39.3262535],[-76.621133,39.3262589],[-76.6211313,39.3262592],[-76.6211259,39.3262563],[-76.6211215,39.3262522],[-76.621118,39.3262479],[-76.6211153,39.3262434],[-76.621113,39.3262386],[-76.6211115,39.326234],[-76.6211101,39.3262292],[-76.6211091,39.3262248],[-76.6211088,39.3262225],[-76.6211009,39.326207],[-76.6210941,39.3261895],[-76.6210812,39.3261581],[-76.6210799,39.3261493],[-76.6210793,39.3261359],[-76.6210796,39.3261148],[-76.6210785,39.3261084],[-76.6210746,39.3261009],[-76.6210751,39.3260956],[-76.6210748,39.3260897],[-76.6210749,39.3260818],[-76.621075,39.3260774],[-76.621077,39.3260523],[-76.6210776,39.3260479],[-76.621079,39.3260434],[-76.6210823,39.3260394],[-76.6210871,39.3260374],[-76.6210961,39.3260364],[-76.621107,39.3260354],[-76.6211256,39.3260337],[-76.6211432,39.3260323],[-76.6211523,39.3260318],[-76.6211745,39.3260314],[-76.621193,39.3260302],[-76.6211968,39.3260336],[-76.6211974,39.3260397],[-76.6211969,39.3260457],[-76.6211947,39.3260483],[-76.6211904,39.3260498],[-76.6211869,39.32605],[-76.6211818,39.3260501],[-76.6211764,39.32605],[-76.6211525,39.3260486],[-76.6211465,39.3260484],[-76.6211407,39.3260484],[-76.6211353,39.3260486],[-76.6211303,39.3260493],[-76.6211258,39.3260503],[-76.621122,39.3260517],[-76.6211193,39.3260533],[-76.621119,39.3260579],[-76.6211195,39.3260612],[-76.6211204,39.3260655],[-76.6211225,39.326071],[-76.621127,39.3260817],[-76.6211297,39.3260876],[-76.6211329,39.3260931],[-76.6211368,39.3260971],[-76.621142,39.3260998],[-76.6211485,39.3261027],[-76.6211582,39.3261038],[-76.621164,39.326107],[-76.6211691,39.3261109],[-76.6211811,39.326131],[-76.6211847,39.3261339],[-76.6211899,39.3261342],[-76.6211965,39.326137],[-76.6212107,39.3261472],[-76.621212,39.32615]]]}},{"type":"Feature","properties":{"layer":"Vegetation","symbol":2,"class":"Landscape Beds","_tile":"6/32/39"},"geometry":{"type":"Polygon","coordinates":[[[-76.6209717,39.3258539],[-76.6209715,39.3258782],[-76.6209696,39.3258851],[-76.620967,39.3259066],[-76.6209631,39.3259118],[-76.6209599,39.3259135],[-76.6209436,39.325918],[-76.6209387,39.3259184],[-76.6209347,39.3259154],[-76.6209331,39.3259105],[-76.6209332,39.325892],[-76.620933,39.3258904],[-76.6209281,39.3258611],[-76.6209273,39.3258431],[-76.6209261,39.3258114],[-76.6209263,39.3258015],[-76.6209256,39.3257955],[-76.6209176,39.3257972],[-76.6209094,39.3258027],[-76.6209037,39.32581],[-76.6209004,39.3258172],[-76.6208955,39.3258312],[-76.6208775,39.3258567],[-76.620872,39.3258615],[-76.6208722,39.325819],[-76.6209116,39.325774],[-76.6209171,39.3257693],[-76.6209243,39.3257674],[-76.6209322,39.3257666],[-76.6209374,39.3257674],[-76.6209423,39.3257692],[-76.6209516,39.3257796],[-76.6209593,39.325797],[-76.6209667,39.3258198],[-76.6209717,39.3258539]]]}},{"type":"Feature","properties":{"layer":"Vegetation","symbol":2,"class":"Landscape Beds","_tile":"6/32/39"},"geometry":{"type":"Polygon","coordinates":[[[-76.6210494,39.3258252],[-76.621075,39.3258225],[-76.6210876,39.3258227],[-76.6211117,39.3258274],[-76.6211281,39.3258285],[-76.6211454,39.325824],[-76.621158,39.3258198],[-76.6211783,39.3258171],[-76.6211922,39.3258191],[-76.6212042,39.325825],[-76.6212035,39.3258302],[-76.621203,39.325836],[-76.6212029,39.3258412],[-76.621203,39.3258507],[-76.6212031,39.3258563],[-76.6211537,39.3258585],[-76.621153,39.3258487],[-76.6211035,39.3258511],[-76.6211043,39.3258609],[-76.6210555,39.3258631],[-76.6210494,39.3258252]]]}},{"type":"Feature","properties":{"layer":"Vegetation","symbol":2,"class":"Landscape Beds","_tile":"6/32/39"},"geometry":{"type":"Polygon","coordinates":[[[-76.6212354,39.326021],[-76.621235,39.3260087],[-76.621235,39.3260039],[-76.6212349,39.3259983],[-76.6213328,39.3259943],[-76.621333,39.3259993],[-76.6214664,39.3259938],[-76.6214668,39.3259995],[-76.6214773,39.3259991],[-76.6214784,39.3260143],[-76.6214089,39.3260172],[-76.6214092,39.3260215],[-76.6212354,39.326021]]]}},{"type":"Feature","properties":{"layer":"Vegetation","symbol":2,"class":"Landscape Beds","_tile":"6/32/39"},"geometry":{"type":"Polygon","coordinates":[[[-76.6209319,39.3259536],[-76.6208715,39.3259561],[-76.6208717,39.3259102],[-76.6208754,39.3259094],[-76.6208805,39.3259095],[-76.6208821,39.3259108],[-76.6208916,39.3259206],[-76.6209014,39.3259261],[-76.6209041,39.3259299],[-76.6209108,39.3259364],[-76.6209295,39.3259454],[-76.6209315,39.3259474],[-76.6209319,39.3259536]]]}},{"type":"Feature","properties":{"layer":"Vegetation","symbol":2,"class":"Landscape Beds","_tile":"6/32/39"},"geometry":{"type":"Polygon","coordinates":[[[-76.621002,39.3260202],[-76.621001,39.3260066],[-76.6210297,39.3260055],[-76.6210295,39.3260063],[-76.6210292,39.3260203],[-76.621002,39.3260202]]]}},{"type":"Feature","properties":{"layer":"Vegetation","symbol":2,"class":"Landscape Beds","_tile":"6/32/39"},"geometry":{"type":"Polygon","coordinates":[[[-76.6210642,39.3260041],[-76.6210851,39.3260032],[-76.6210862,39.3260205],[-76.6210654,39.3260204],[-76.6210642,39.3260041]],[[-76.6212148,39.3260209],[-76.6211292,39.3260206],[-76.6211935,39.326018],[-76.6211924,39.3260001],[-76.6212144,39.3259992],[-76.6212144,39.3260041],[-76.6212146,39.3260089],[-76.6212147,39.3260177],[-76.6212148,39.3260209]]]}},{"type":"Feature","properties":{"layer":"Vegetation","symbol":2,"class":"Landscape Beds","_tile":"6/32/39"},"geometry":{"type":"Polygon","coordinates":[[[-76.6212722,39.3257926],[-76.6212779,39.3257897],[-76.6212937,39.3257808],[-76.6212997,39.3257776],[-76.6213059,39.3257746],[-76.6213117,39.325772],[-76.6213172,39.3257699],[-76.6213223,39.3257684],[-76.6213271,39.3257676],[-76.6213329,39.325767],[-76.6213386,39.3257666],[-76.6213436,39.3257667],[-76.6213512,39.3257675],[-76.6213588,39.3257687],[-76.6213657,39.3257709],[-76.6213675,39.3257736],[-76.6213683,39.3257781],[-76.6213677,39.3257826],[-76.6213656,39.3257854],[-76.6213558,39.325786],[-76.6213489,39.3257867],[-76.6213422,39.3257875],[-76.6213365,39.3257886],[-76.6213302,39.3257904],[-76.6213242,39.3257929],[-76.6213171,39.3257985],[-76.6213143,39.3258017],[-76.6213173,39.3257934],[-76.621315,39.3257896],[-76.6213101,39.3257876],[-76.6213024,39.3257883],[-76.6212915,39.3257908],[-76.6212843,39.3257917],[-76.6212722,39.3257926]]]}},{"type":"Feature","properties":{"layer":"Vegetation","symbol":1,"class":"Hedgerows","_tile":"6/32/39"},"geometry":{"type":"Polygon","coordinates":[[[-76.6213519,39.3257955],[-76.6213524,39.3257954],[-76.6213533,39.3257955],[-76.6213579,39.3257958],[-76.6213605,39.3257976],[-76.6213608,39.3258009],[-76.621358,39.3258066],[-76.621358,39.3258069],[-76.6213321,39.3258078],[-76.6213318,39.3258045],[-76.6213336,39.3258008],[-76.6213372,39.3257994],[-76.6213519,39.3257955]]]}},{"type":"Feature","properties":{"layer":"Vegetation","symbol":1,"class":"Hedgerows","_tile":"6/32/39"},"geometry":{"type":"Polygon","coordinates":[[[-76.6212496,39.3259082],[-76.6212494,39.3259166],[-76.6212477,39.325922],[-76.6212449,39.3259242],[-76.6212397,39.3259246],[-76.6212345,39.3259215],[-76.6212343,39.3259014],[-76.6212374,39.3258992],[-76.6212417,39.3258982],[-76.6212452,39.3258991],[-76.6212487,39.325903],[-76.6212496,39.3259082]]]}},{"type":"Feature","properties":{"layer":"Vegetation","symbol":1,"class":"Hedgerows","_tile":"6/32/39"},"geometry":{"type":"Polygon","coordinates":[[[-76.6214559,39.3257742],[-76.6214551,39.3257769],[-76.6214536,39.3257782],[-76.6213916,39.3257788],[-76.6213907,39.3257754],[-76.6213904,39.3257701],[-76.6213955,39.3257629],[-76.6214001,39.32576],[-76.6214054,39.3257593],[-76.6214244,39.3257581],[-76.6214448,39.3257594],[-76.6214511,39.3257625],[-76.6214546,39.3257659],[-76.6214559,39.3257695],[-76.6214559,39.3257742]]]}},{"type":"Feature","properties":{"layer":"Vegetation","symbol":1,"class":"Hedgerows","_tile":"6/32/39"},"geometry":{"type":"Polygon","coordinates":[[[-76.6212024,39.3258479],[-76.6212008,39.3258519],[-76.6211979,39.3258548],[-76.6211871,39.3258567],[-76.6211615,39.3258565],[-76.6211598,39.3258536],[-76.6211579,39.3258496],[-76.6211548,39.3258476],[-76.621152,39.3258475],[-76.6211036,39.3258505],[-76.6210994,39.3258514],[-76.6210946,39.3258576],[-76.6210908,39.3258589],[-76.6210607,39.325861],[-76.6210587,39.3258602],[-76.6210576,39.3258572],[-76.6210569,39.3258485],[-76.6210597,39.3258455],[-76.6210629,39.3258446],[-76.6210657,39.3258446],[-76.6210704,39.325848],[-76.6210762,39.3258499],[-76.6210835,39.3258498],[-76.6210873,39.3258488],[-76.6210899,39.3258425],[-76.6210957,39.3258345],[-76.621103,39.325833],[-76.6211078,39.3258349],[-76.6211101,39.3258393],[-76.6211142,39.3258417],[-76.6211651,39.3258388],[-76.6211682,39.3258356],[-76.6211719,39.3258324],[-76.6211761,39.3258306],[-76.6211836,39.3258305],[-76.6211914,39.3258312],[-76.6211954,39.3258334],[-76.621196,39.3258341],[-76.6211992,39.3258371],[-76.6212018,39.3258416],[-76.6212024,39.3258479]]]}},{"type":"Feature","properties":{"layer":"Vegetation","symbol":1,"class":"Hedgerows","_tile":"6/32/39"},"geometry":{"type":"Polygon","coordinates":[[[-76.6212416,39.326021],[-76.6212415,39.3260182],[-76.6212417,39.3260133],[-76.6212425,39.3260089],[-76.6212443,39.3260055],[-76.6212488,39.3260019],[-76.6212585,39.3260008],[-76.6212686,39.3260022],[-76.6212741,39.3260055],[-76.6212764,39.3260119],[-76.6212771,39.3260166],[-76.6212774,39.3260211],[-76.6212416,39.326021]]]}},{"type":"Feature","properties":{"layer":"Vegetation","symbol":1,"class":"Hedgerows","_tile":"6/32/39"},"geometry":{"type":"Polygon","coordinates":[[[-76.6212722,39.3257926],[-76.6212843,39.3257917],[-76.6212915,39.3257908],[-76.6213024,39.3257883],[-76.6213101,39.3257876],[-76.621315,39.3257896],[-76.6213173,39.3257934],[-76.6213143,39.3258017],[-76.6213114,39.325805],[-76.6213092,39.3258087],[-76.6213072,39.3258132],[-76.6213041,39.3258218],[-76.6213017,39.3258312],[-76.6212997,39.325835],[-76.6212963,39.3258382],[-76.6212919,39.3258411],[-76.6212863,39.3258437],[-76.6212802,39.3258459],[-76.6212737,39.3258478],[-76.6212674,39.3258493],[-76.621262,39.3258503],[-76.6212554,39.325851],[-76.6212495,39.3258511],[-76.6212416,39.3258487],[-76.6212391,39.3258458],[-76.6212377,39.3258348],[-76.6212299,39.3258303],[-76.6212301,39.3258252],[-76.6212355,39.3258193],[-76.6212552,39.3258107],[-76.6212586,39.3258053],[-76.6212617,39.3257996],[-76.6212662,39.3257961],[-76.6212722,39.3257926]]]}},{"type":"Feature","properties":{"layer":"Vegetation","symbol":1,"class":"Hedgerows","_tile":"6/32/40"},"geometry":{"type":"Polygon","coordinates":[[[-76.6211099,39.3250702],[-76.6211074,39.3250722],[-76.6211028,39.3250741],[-76.621097,39.325075],[-76.6210904,39.3250751],[-76.6210851,39.3250747],[-76.6210776,39.3250739],[-76.6210723,39.3250736],[-76.6210624,39.3250721],[-76.6210565,39.3250671],[-76.6210501,39.3250594],[-76.6210477,39.3250556],[-76.6210455,39.325051],[-76.6210445,39.3250468],[-76.621046,39.3250408],[-76.6210517,39.3250397],[-76.6210583,39.3250393],[-76.6210615,39.3250424],[-76.6210641,39.3250477],[-76.6210664,39.3250529],[-76.6210711,39.325059],[-76.6210756,39.3250602],[-76.6210845,39.3250573],[-76.6210905,39.3250567],[-76.6210958,39.3250579],[-76.621103,39.3250602],[-76.6211079,39.325063],[-76.6211097,39.3250661],[-76.6211099,39.3250702]]]}},{"type":"Feature","properties":{"layer":"Vegetation","symbol":1,"class":"Hedgerows","_tile":"6/32/40"},"geometry":{"type":"Polygon","coordinates":[[[-76.6212051,39.3251121],[-76.6212038,39.3251149],[-76.6212001,39.3251169],[-76.6211938,39.3251184],[-76.6211872,39.3251192],[-76.6211819,39.3251197],[-76.6211759,39.32512],[-76.6211699,39.32512],[-76.6211648,39.3251196],[-76.6211566,39.3251172],[-76.6211524,39.3251141],[-76.6211485,39.3251091],[-76.6211424,39.325098],[-76.6211383,39.3250914],[-76.6211369,39.325087],[-76.6211403,39.3250831],[-76.621146,39.325082],[-76.6211505,39.3250822],[-76.6211564,39.325086],[-76.6211616,39.3250909],[-76.6211702,39.3250958],[-76.6211806,39.3250989],[-76.6211973,39.3250997],[-76.6211999,39.3251007],[-76.621204,39.325106],[-76.6212051,39.3251121]]]}},{"type":"Feature","properties":{"layer":"Vegetation","symbol":2,"class":"Landscape Beds","_tile":"6/32/41"},"geometry":{"type":"Polygon","coordinates":[[[-76.6209262,39.3250245],[-76.6209349,39.3250156],[-76.6209445,39.3250107],[-76.6209559,39.3250071],[-76.6209698,39.3250044],[-76.620985,39.3250042],[-76.6209908,39.3250065],[-76.621004,39.3250119],[-76.6210058,39.3250127],[-76.6210187,39.3250179],[-76.6210231,39.3250198],[-76.6210159,39.3250287],[-76.6209912,39.3250191],[-76.6209836,39.3250163],[-76.6209759,39.3250158],[-76.6209584,39.3250189],[-76.6209403,39.3250254],[-76.6209334,39.3250277],[-76.6209262,39.3250245]]]}},{"type":"Feature","properties":{"layer":"Vegetation","symbol":1,"class":"Hedgerows","_tile":"6/32/41"},"geometry":{"type":"Polygon","coordinates":[[[-76.6214717,39.3246024],[-76.6214691,39.3246044],[-76.6214649,39.3246051],[-76.6214603,39.3246053],[-76.6214563,39.3246042],[-76.6214543,39.3246022],[-76.6214533,39.3245992],[-76.6214532,39.3245959],[-76.6214544,39.3245931],[-76.6214558,39.3245917],[-76.6214616,39.3245901],[-76.6214661,39.3245906],[-76.62147,39.3245931],[-76.6214717,39.3245982],[-76.6214717,39.3246024]]]}},{"type":"Feature","properties":{"layer":"Vegetation","symbol":1,"class":"Hedgerows","_tile":"6/32/41"},"geometry":{"type":"Polygon","coordinates":[[[-76.6215267,39.3246135],[-76.6215117,39.324602],[-76.6215111,39.3245976],[-76.6215141,39.3245946],[-76.6215188,39.3245923],[-76.6215218,39.3245923],[-76.6215268,39.3245961],[-76.6215267,39.3246135]]]}},{"type":"Feature","properties":{"layer":"Vegetation","symbol":1,"class":"Hedgerows","_tile":"6/32/41"},"geometry":{"type":"Polygon","coordinates":[[[-76.6213111,39.3246494],[-76.6213082,39.3246539],[-76.6213039,39.3246574],[-76.6212985,39.3246594],[-76.6212874,39.3246604],[-76.6212799,39.3246598],[-76.6212724,39.3246536],[-76.6212658,39.3246512],[-76.6212514,39.3246516],[-76.6212424,39.3246514],[-76.6212376,39.3246479],[-76.6212359,39.3246337],[-76.6212391,39.3246262],[-76.6212451,39.324623],[-76.6212599,39.324622],[-76.6212767,39.3246231],[-76.6212853,39.3246258],[-76.6212876,39.3246267],[-76.6212997,39.3246323],[-76.6213079,39.3246405],[-76.6213105,39.3246455],[-76.6213111,39.3246494]]]}},{"type":"Feature","properties":{"layer":"Vegetation","symbol":1,"class":"Hedgerows","_tile":"6/32/41"},"geometry":{"type":"Polygon","coordinates":[[[-76.6211479,39.3248413],[-76.6211465,39.3248499],[-76.6211372,39.3248625],[-76.6211294,39.3248686],[-76.6211254,39.32487],[-76.6211189,39.3248702],[-76.62111,39.3248644],[-76.6211023,39.3248586],[-76.6210897,39.3248552],[-76.6210748,39.3248523],[-76.6210638,39.324848],[-76.6210594,39.3248377],[-76.621062,39.3248186],[-76.6210683,39.3248082],[-76.621082,39.3248013],[-76.6210992,39.3247999],[-76.6211142,39.3247994],[-76.6211231,39.3248016],[-76.621132,39.3248086],[-76.6211361,39.3248144],[-76.6211423,39.3248246],[-76.6211479,39.3248413]]]}},{"type":"Feature","properties":{"layer":"Vegetation","symbol":1,"class":"Hedgerows","_tile":"6/32/41"},"geometry":{"type":"Polygon","coordinates":[[[-76.6210451,39.3250442],[-76.621046,39.3250408],[-76.6210517,39.3250397],[-76.6210583,39.3250393],[-76.6210615,39.3250424],[-76.6210624,39.3250442],[-76.6210451,39.3250442]]]}},{"type":"Feature","properties":{"layer":"Vegetation","symbol":1,"class":"Hedgerows","_tile":"6/32/42"},"geometry":{"type":"Polygon","coordinates":[[[-76.6209398,39.3240524],[-76.6209206,39.3240619],[-76.620916,39.3240561],[-76.6209237,39.3240523],[-76.6209398,39.3240524]]]}},{"type":"Feature","properties":{"layer":"Vegetation","symbol":1,"class":"Hedgerows","_tile":"6/32/42"},"geometry":{"type":"Polygon","coordinates":[[[-76.6212015,39.3243397],[-76.6212014,39.3243402],[-76.6211988,39.324341],[-76.6211983,39.3243412],[-76.6211959,39.32434],[-76.6211904,39.3243342],[-76.6211719,39.324306],[-76.6211718,39.324304],[-76.6211727,39.3243028],[-76.6211813,39.3242989],[-76.6211835,39.3242994],[-76.6211856,39.324302],[-76.6211861,39.3243039],[-76.6211828,39.3243076],[-76.6211836,39.3243103],[-76.6211967,39.3243306],[-76.6212022,39.3243377],[-76.6212015,39.3243397]]]}},{"type":"Feature","properties":{"layer":"Vegetation","symbol":1,"class":"Hedgerows","_tile":"6/32/43"},"geometry":{"type":"Polygon","coordinates":[[[-76.6212364,39.3235889],[-76.6212358,39.3235903],[-76.6212336,39.3235971],[-76.6212183,39.3236136],[-76.621198,39.3236229],[-76.6211876,39.3236247],[-76.6211814,39.3236219],[-76.6211801,39.3236175],[-76.6211801,39.3236144],[-76.6211799,39.3236129],[-76.621189,39.3236067],[-76.6211931,39.3235994],[-76.6212015,39.3235911],[-76.6212129,39.3235851],[-76.6212283,39.3235831],[-76.6212341,39.3235853],[-76.6212364,39.3235889]]]}},{"type":"Feature","properties":{"layer":"Vegetation","symbol":1,"class":"Hedgerows","_tile":"6/32/43"},"geometry":{"type":"Polygon","coordinates":[[[-76.6215026,39.3236373],[-76.6215023,39.3236387],[-76.6214957,39.3236424],[-76.6214946,39.3236409],[-76.6214783,39.3236193],[-76.6214788,39.3236092],[-76.6214821,39.3236053],[-76.6214875,39.3236034],[-76.621493,39.3236033],[-76.6214991,39.3236066],[-76.6215035,39.3236115],[-76.6215052,39.3236187],[-76.621503,39.3236258],[-76.6215031,39.3236346],[-76.6215026,39.3236373]]]}},{"type":"Feature","properties":{"layer":"Vegetation","symbol":1,"class":"Hedgerows","_tile":"6/32/43"},"geometry":{"type":"Polygon","coordinates":[[[-76.6212428,39.3237139],[-76.6212426,39.3237166],[-76.6212377,39.3237217],[-76.6212254,39.3237282],[-76.6212174,39.3237266],[-76.6212153,39.3237242],[-76.6212168,39.3237194],[-76.6212208,39.3237161],[-76.6212208,39.3237143],[-76.6212185,39.323713],[-76.6212161,39.3237121],[-76.6212159,39.3237093],[-76.6212181,39.3237069],[-76.6212226,39.3237062],[-76.6212344,39.323705],[-76.6212403,39.3237096],[-76.6212428,39.3237139]]]}},{"type":"Feature","properties":{"layer":"Vegetation","symbol":1,"class":"Hedgerows","_tile":"6/32/43"},"geometry":{"type":"Polygon","coordinates":[[[-76.6210607,39.3237423],[-76.6210491,39.323747],[-76.6210374,39.3237509],[-76.6210324,39.3237544],[-76.6210311,39.3237569],[-76.6210306,39.3237623],[-76.6210306,39.3237635],[-76.6210288,39.3237656],[-76.6210249,39.323766],[-76.6210214,39.3237651],[-76.6210204,39.3237625],[-76.6210202,39.3237552],[-76.6210249,39.3237493],[-76.6210353,39.3237416],[-76.6210464,39.3237379],[-76.6210533,39.3237372],[-76.6210576,39.3237371],[-76.621059,39.3237384],[-76.6210607,39.3237423]]]}},{"type":"Feature","properties":{"layer":"Vegetation","symbol":1,"class":"Hedgerows","_tile":"6/32/43"},"geometry":{"type":"Polygon","coordinates":[[[-76.6211413,39.3238016],[-76.6211412,39.3238044],[-76.6211395,39.3238064],[-76.6211383,39.323807],[-76.6211367,39.323807],[-76.6211357,39.3238055],[-76.6211225,39.32379],[-76.6211241,39.323787],[-76.6211265,39.3237864],[-76.6211296,39.323787],[-76.6211342,39.3237915],[-76.6211413,39.3238016]]]}},{"type":"Feature","properties":{"layer":"Vegetation","symbol":1,"class":"Hedgerows","_tile":"6/32/43"},"geometry":{"type":"Polygon","coordinates":[[[-76.6213502,39.3238999],[-76.62135,39.3239082],[-76.6213456,39.3239144],[-76.6213416,39.3239175],[-76.6213383,39.323918],[-76.6213382,39.323918],[-76.6213336,39.3239157],[-76.6213257,39.3239062],[-76.6213231,39.3239002],[-76.6213237,39.323898],[-76.6213271,39.323895],[-76.6213308,39.3238931],[-76.6213334,39.323892],[-76.6213437,39.3238891],[-76.6213486,39.323892],[-76.6213502,39.3238999]]]}},{"type":"Feature","properties":{"layer":"Vegetation","symbol":1,"class":"Hedgerows","_tile":"6/32/43"},"geometry":{"type":"Polygon","coordinates":[[[-76.6209635,39.3240407],[-76.6209206,39.3240619],[-76.620916,39.3240561],[-76.6209589,39.3240349],[-76.6209635,39.3240407]]]}},{"type":"Feature","properties":{"layer":"Vegetation","symbol":1,"class":"Hedgerows","_tile":"6/33/32"},"geometry":{"type":"Polygon","coordinates":[[[-76.6206978,39.329308],[-76.6206599,39.3293107],[-76.6206584,39.3292982],[-76.6206962,39.3292955],[-76.6206978,39.329308]]]}},{"type":"Feature","properties":{"layer":"Vegetation","symbol":1,"class":"Hedgerows","_tile":"6/33/32"},"geometry":{"type":"Polygon","coordinates":[[[-76.6208487,39.3293029],[-76.6208505,39.3293026],[-76.6208551,39.3293014],[-76.6208628,39.3292991],[-76.6208656,39.3292981],[-76.6208733,39.329295],[-76.620873,39.3293425],[-76.6206855,39.3293517],[-76.6206825,39.3293521],[-76.6206646,39.3293537],[-76.6206511,39.3293545],[-76.6206348,39.3293553],[-76.6206109,39.3293563],[-76.620611,39.3293599],[-76.6205841,39.329361],[-76.6205827,39.3293416],[-76.6205829,39.329336],[-76.6205856,39.3293251],[-76.6205849,39.3293021],[-76.620585,39.3292865],[-76.6205873,39.3292853],[-76.6205967,39.329283],[-76.6206005,39.3292831],[-76.6206043,39.329284],[-76.6206066,39.3292859],[-76.6206089,39.3292928],[-76.6206098,39.3292945],[-76.6206107,39.3292957],[-76.6206124,39.3292974],[-76.6206159,39.3293002],[-76.6206174,39.3293012],[-76.6206202,39.3293022],[-76.6206364,39.3293065],[-76.6206397,39.3293074],[-76.6206511,39.3293115],[-76.6206588,39.329314],[-76.6206617,39.3293149],[-76.6206634,39.3293152],[-76.6206675,39.3293159],[-76.62067,39.3293161],[-76.6206778,39.3293165],[-76.6206807,39.3293165],[-76.6206884,39.3293162],[-76.6206907,39.3293159],[-76.6206947,39.3293152],[-76.6206981,39.3293144],[-76.6206993,39.3293139],[-76.6207113,39.3293085],[-76.6207147,39.3293077],[-76.6207167,39.3293074],[-76.6207188,39.3293073],[-76.6207214,39.3293073],[-76.6207267,39.3293076],[-76.6207382,39.3293086],[-76.6207432,39.3293087],[-76.6207494,39.3293087],[-76.6208078,39.3293059],[-76.6208367,39.3293038],[-76.620841,39.3293037],[-76.6208451,39.3293033],[-76.6208487,39.3293029]]]}},{"type":"Feature","properties":{"layer":"Vegetation","symbol":1,"class":"Hedgerows","_tile":"6/33/32"},"geometry":{"type":"Polygon","coordinates":[[[-76.620225,39.3293272],[-76.620227,39.3293268],[-76.6202308,39.329326],[-76.6202336,39.3293251],[-76.6202347,39.3293245],[-76.6202354,39.3293235],[-76.6202357,39.3293227],[-76.6202365,39.3293195],[-76.6202368,39.3293186],[-76.6202376,39.3293176],[-76.6202384,39.3293171],[-76.6202405,39.3293161],[-76.6202422,39.3293156],[-76.6202439,39.3293151],[-76.6202487,39.329314],[-76.6202505,39.3293137],[-76.6202525,39.3293134],[-76.6202571,39.3293132],[-76.6202597,39.3293132],[-76.6202752,39.3293141],[-76.6202804,39.3293144],[-76.6202829,39.3293144],[-76.6202852,39.3293143],[-76.6202889,39.3293138],[-76.6202918,39.3293131],[-76.6202935,39.3293125],[-76.6202978,39.3293108],[-76.6202987,39.3293104],[-76.6203006,39.3293091],[-76.6203029,39.3293062],[-76.6203055,39.3293025],[-76.6203067,39.329301],[-76.6203097,39.3292986],[-76.6203112,39.3292975],[-76.6203144,39.3292956],[-76.6203167,39.3292948],[-76.6203181,39.3292947],[-76.6203195,39.329295],[-76.6203215,39.3292959],[-76.6203247,39.3292981],[-76.6203262,39.3292994],[-76.6203291,39.3293024],[-76.62033,39.3293042],[-76.6203308,39.3293067],[-76.6203311,39.3293082],[-76.6203321,39.3293187],[-76.6203322,39.3293278],[-76.620332,39.329344],[-76.6203323,39.3293505],[-76.6203325,39.3293536],[-76.620333,39.3293565],[-76.6203336,39.3293591],[-76.6203348,39.3293633],[-76.620336,39.329368],[-76.6203363,39.32937],[-76.6203363,39.3293716],[-76.6203361,39.3293729],[-76.6203357,39.329374],[-76.6203349,39.3293748],[-76.6203337,39.3293757],[-76.6203313,39.3293766],[-76.6203309,39.3293717],[-76.6202906,39.3293733],[-76.6202247,39.3293759],[-76.620225,39.3293272]]]}},{"type":"Feature","properties":{"layer":"Vegetation","symbol":3,"class":"Woodland","_tile":"6/33/33"},"geometry":{"type":"Polygon","coordinates":[[[-76.6205192,39.3285152],[-76.6205167,39.3285177],[-76.6205167,39.3285178],[-76.6205142,39.3285196],[-76.6205119,39.3285208],[-76.6205082,39.3285215],[-76.6205029,39.3285216],[-76.620496,39.328521],[-76.6204886,39.3285199],[-76.6204852,39.3285189],[-76.6204812,39.3285175],[-76.6204767,39.3285154],[-76.6204727,39.3285133],[-76.6204684,39.3285108],[-76.6204652,39.3285084],[-76.6204623,39.3285057],[-76.6204605,39.3285036],[-76.6204597,39.3285024],[-76.6204589,39.3285011],[-76.6204579,39.3284977],[-76.6204553,39.3284862],[-76.6204538,39.3284815],[-76.6204518,39.3284782],[-76.6204491,39.3284739],[-76.6204459,39.3284667],[-76.6204456,39.3284658],[-76.6204418,39.3284573],[-76.6204386,39.3284499],[-76.6204359,39.3284436],[-76.6205171,39.3284438],[-76.6205286,39.3284658],[-76.6205312,39.3284716],[-76.620533,39.3284768],[-76.6205338,39.3284806],[-76.6205336,39.328483],[-76.620533,39.3284864],[-76.6205316,39.3284909],[-76.6205303,39.3284956],[-76.6205288,39.3284996],[-76.6205267,39.3285038],[-76.6205243,39.3285082],[-76.620521,39.3285129],[-76.6205192,39.3285152]]]}},{"type":"Feature","properties":{"layer":"Vegetation","symbol":3,"class":"Woodland","_tile":"6/33/34"},"geometry":{"type":"Polygon","coordinates":[[[-76.6204426,39.3284588],[-76.6204418,39.3284573],[-76.6204386,39.3284499],[-76.6204352,39.3284419],[-76.6204404,39.3284056],[-76.620441,39.3283882],[-76.6204416,39.3283764],[-76.6204426,39.3283665],[-76.6204439,39.3283587],[-76.6204459,39.3283518],[-76.6204489,39.3283434],[-76.6204523,39.3283353],[-76.6204554,39.3283291],[-76.6204568,39.3283272],[-76.6204585,39.3283247],[-76.620462,39.3283203],[-76.6204656,39.3283166],[-76.6204688,39.328314],[-76.620471,39.3283129],[-76.620471,39.3283128],[-76.6204739,39.3283118],[-76.6204774,39.3283108],[-76.6204817,39.32831],[-76.6204911,39.3283088],[-76.620496,39.3283087],[-76.6204999,39.3283089],[-76.6205035,39.3283094],[-76.6205081,39.3283104],[-76.6205127,39.3283119],[-76.6205164,39.3283135],[-76.6205201,39.3283161],[-76.620524,39.3283205],[-76.6205253,39.3283222],[-76.6205274,39.3283256],[-76.6205292,39.3283299],[-76.6205293,39.3283324],[-76.6205287,39.3283358],[-76.6205242,39.3283483],[-76.6205232,39.3283526],[-76.6205234,39.328356],[-76.6205243,39.3283604],[-76.6205259,39.3283659],[-76.6205282,39.3283722],[-76.6205347,39.3283872],[-76.6205367,39.3283935],[-76.6205368,39.3283982],[-76.6205362,39.3284037],[-76.6205348,39.3284087],[-76.6205327,39.3284125],[-76.6205314,39.3284141],[-76.620529,39.3284161],[-76.6205169,39.3284245],[-76.620515,39.3284261],[-76.6205138,39.3284276],[-76.6205132,39.3284293],[-76.620513,39.3284314],[-76.6205133,39.328434],[-76.6205141,39.3284369],[-76.6205171,39.3284437],[-76.6205251,39.3284591],[-76.6204426,39.3284588]]]}},{"type":"Feature","properties":{"layer":"Vegetation","symbol":1,"class":"Hedgerows","_tile":"6/33/34"},"geometry":{"type":"Polygon","coordinates":[[[-76.6206235,39.3280191],[-76.6206086,39.3280212],[-76.620601,39.3280146],[-76.6205973,39.327956],[-76.6206196,39.3279561],[-76.6206231,39.3280136],[-76.6206235,39.3280191]]]}},{"type":"Feature","properties":{"layer":"Vegetation","symbol":1,"class":"Hedgerows","_tile":"6/33/34"},"geometry":{"type":"Polygon","coordinates":[[[-76.6207996,39.3281148],[-76.6207929,39.328133],[-76.6207731,39.3281343],[-76.620755,39.3281332],[-76.6207483,39.3281315],[-76.6207462,39.328127],[-76.6207475,39.3281123],[-76.6207515,39.3281041],[-76.6207647,39.328101],[-76.6207742,39.3281021],[-76.6207866,39.3281046],[-76.6207949,39.328108],[-76.6207993,39.3281119],[-76.6207996,39.3281148]]]}},{"type":"Feature","properties":{"layer":"Vegetation","symbol":1,"class":"Hedgerows","_tile":"6/33/34"},"geometry":{"type":"Polygon","coordinates":[[[-76.6208131,39.3280585],[-76.6208133,39.3280581],[-76.6208233,39.3280562],[-76.6208799,39.3280547],[-76.6208797,39.3280807],[-76.6208512,39.3280801],[-76.6208501,39.3281357],[-76.6208368,39.328134],[-76.6208301,39.3280943],[-76.6208295,39.3280902],[-76.6208234,39.328084],[-76.6208197,39.328083],[-76.6208153,39.3280819],[-76.6208124,39.3280806],[-76.6208092,39.3280793],[-76.6208086,39.3280699],[-76.6208131,39.3280585]]]}},{"type":"Feature","properties":{"layer":"Vegetation","symbol":1,"class":"Hedgerows","_tile":"6/33/34"},"geometry":{"type":"Polygon","coordinates":[[[-76.620804,39.328181],[-76.6208038,39.3282013],[-76.6208017,39.3282061],[-76.6207872,39.3282082],[-76.6207551,39.3282052],[-76.6207535,39.3281965],[-76.6207499,39.3281736],[-76.6207519,39.3281666],[-76.6207609,39.3281639],[-76.6207687,39.3281632],[-76.6207751,39.3281628],[-76.6207975,39.3281654],[-76.620804,39.328181]]]}},{"type":"Feature","properties":{"layer":"Vegetation","symbol":1,"class":"Hedgerows","_tile":"6/33/34"},"geometry":{"type":"Polygon","coordinates":[[[-76.6208293,39.3282227],[-76.6208287,39.3282122],[-76.6208289,39.3282122],[-76.6208378,39.32821],[-76.6208387,39.3282098],[-76.6208379,39.328186],[-76.6208553,39.3281836],[-76.6208595,39.3282208],[-76.620879,39.3282201],[-76.6208789,39.3282455],[-76.6208715,39.3282458],[-76.6207988,39.3282489],[-76.6207988,39.3282488],[-76.620799,39.3282257],[-76.6208293,39.3282227]]]}},{"type":"Feature","properties":{"layer":"Vegetation","symbol":1,"class":"Hedgerows","_tile":"6/33/34"},"geometry":{"type":"Polygon","coordinates":[[[-76.6207108,39.3280911],[-76.6207111,39.3280912],[-76.6207174,39.3281121],[-76.6207128,39.3281308],[-76.6207131,39.328137],[-76.6207244,39.3281436],[-76.6207255,39.3281442],[-76.6207291,39.3281557],[-76.6207303,39.3281759],[-76.6207212,39.3281772],[-76.6207219,39.3281966],[-76.6207222,39.3282127],[-76.6207224,39.3282146],[-76.6207224,39.3282159],[-76.6207305,39.3282146],[-76.6207334,39.3282142],[-76.6207366,39.328224],[-76.6207651,39.3282241],[-76.6207661,39.3282366],[-76.6207669,39.3282467],[-76.6207674,39.3282529],[-76.6206146,39.3282562],[-76.6206145,39.3282547],[-76.6206121,39.3282298],[-76.6207007,39.3282237],[-76.620694,39.3281063],[-76.6206951,39.3280895],[-76.6207108,39.3280911]]]}},{"type":"Feature","properties":{"layer":"Vegetation","symbol":1,"class":"Hedgerows","_tile":"6/33/34"},"geometry":{"type":"Polygon","coordinates":[[[-76.620695,39.3282815],[-76.6206949,39.3282948],[-76.6206891,39.3282948],[-76.6206492,39.3282955],[-76.6206526,39.3282851],[-76.6206531,39.3282833],[-76.6206539,39.3282811],[-76.620695,39.3282815]]]}},{"type":"Feature","properties":{"layer":"Vegetation","symbol":1,"class":"Hedgerows","_tile":"6/33/34"},"geometry":{"type":"Polygon","coordinates":[[[-76.6202379,39.3282944],[-76.6202358,39.3283123],[-76.6202304,39.3283126],[-76.6202305,39.3282957],[-76.6202379,39.3282944]]]}},{"type":"Feature","properties":{"layer":"Vegetation","symbol":1,"class":"Hedgerows","_tile":"6/33/34"},"geometry":{"type":"Polygon","coordinates":[[[-76.6204115,39.3283889],[-76.6204112,39.3283951],[-76.6204095,39.3284],[-76.6204081,39.3284024],[-76.6204068,39.3284039],[-76.6204048,39.3284053],[-76.6204017,39.3284069],[-76.6203981,39.3284083],[-76.620395,39.3284091],[-76.6203885,39.3284087],[-76.6203774,39.3283974],[-76.6203741,39.3283889],[-76.6203724,39.3283837],[-76.620372,39.3283798],[-76.6203723,39.3283753],[-76.6203731,39.3283708],[-76.6203742,39.3283672],[-76.6203765,39.3283635],[-76.6203796,39.32836],[-76.6203824,39.3283578],[-76.6203836,39.3283572],[-76.6203848,39.3283569],[-76.6203879,39.3283575],[-76.6203933,39.3283594],[-76.6203994,39.3283626],[-76.6204043,39.3283661],[-76.6204061,39.3283685],[-76.6204079,39.3283722],[-76.6204096,39.3283769],[-76.6204109,39.3283825],[-76.6204115,39.3283889]]]}},{"type":"Feature","properties":{"layer":"Vegetation","symbol":1,"class":"Hedgerows","_tile":"6/33/35"},"geometry":{"type":"Polygon","coordinates":[[[-76.620883,39.3274699],[-76.6208743,39.3274705],[-76.6208741,39.3274688],[-76.620883,39.3274688],[-76.620883,39.3274699]]]}},{"type":"Feature","properties":{"layer":"Vegetation","symbol":1,"class":"Hedgerows","_tile":"6/33/35"},"geometry":{"type":"Polygon","coordinates":[[[-76.6205841,39.3276154],[-76.6205735,39.3276162],[-76.6205697,39.3275541],[-76.6205642,39.3274678],[-76.6205878,39.3274679],[-76.6205924,39.3275343],[-76.6206013,39.3276667],[-76.6205994,39.3276795],[-76.6205876,39.3276808],[-76.6205841,39.3276154]]]}},{"type":"Feature","properties":{"layer":"Vegetation","symbol":1,"class":"Hedgerows","_tile":"6/33/35"},"geometry":{"type":"Polygon","coordinates":[[[-76.6205983,39.3279712],[-76.6205903,39.3278419],[-76.6206125,39.3278419],[-76.6206132,39.3278519],[-76.6206206,39.3279713],[-76.6205983,39.3279712]]]}},{"type":"Feature","properties":{"layer":"Vegetation","symbol":2,"class":"Landscape Beds","_tile":"6/33/36"},"geometry":{"type":"Polygon","coordinates":[[[-76.6208664,39.3272197],[-76.6208844,39.3272187],[-76.6208837,39.3273401],[-76.6208826,39.3273402],[-76.620882,39.3273401],[-76.6208797,39.3273401],[-76.620877,39.3273387],[-76.6208731,39.3273355],[-76.620871,39.3273329],[-76.6208664,39.3272197]]]}},{"type":"Feature","properties":{"layer":"Vegetation","symbol":1,"class":"Hedgerows","_tile":"6/33/36"},"geometry":{"type":"Polygon","coordinates":[[[-76.620883,39.3274699],[-76.6208743,39.3274705],[-76.620874,39.3274678],[-76.6208718,39.3274491],[-76.6208713,39.3274464],[-76.6208454,39.3274459],[-76.6208412,39.3274312],[-76.6208054,39.3274341],[-76.6208059,39.3274239],[-76.6208833,39.3274185],[-76.620883,39.3274699]]]}},{"type":"Feature","properties":{"layer":"Vegetation","symbol":1,"class":"Hedgerows","_tile":"6/33/36"},"geometry":{"type":"Polygon","coordinates":[[[-76.6205652,39.3274831],[-76.6205631,39.3274493],[-76.6205663,39.3274489],[-76.6205813,39.3274463],[-76.6206032,39.3274281],[-76.6206167,39.3274307],[-76.6206153,39.3274439],[-76.6206082,39.3274458],[-76.6206049,39.3274591],[-76.6205872,39.3274604],[-76.6205888,39.3274831],[-76.6205652,39.3274831]]]}},{"type":"Feature","properties":{"layer":"Vegetation","symbol":2,"class":"Landscape Beds","_tile":"6/33/37"},"geometry":{"type":"Polygon","coordinates":[[[-76.6206581,39.3264919],[-76.620654,39.3264924],[-76.6206484,39.3264936],[-76.6206374,39.3264944],[-76.6205929,39.3264972],[-76.6205609,39.3264979],[-76.6205551,39.3264981],[-76.6205427,39.3264974],[-76.6205393,39.3264915],[-76.6206581,39.3264919]]]}},{"type":"Feature","properties":{"layer":"Vegetation","symbol":1,"class":"Hedgerows","_tile":"6/33/37"},"geometry":{"type":"Polygon","coordinates":[[[-76.6208379,39.3265302],[-76.6208388,39.3265303],[-76.620838,39.3265324],[-76.6208344,39.3265429],[-76.6208299,39.3265488],[-76.6207992,39.3265501],[-76.6207908,39.3265487],[-76.6207887,39.3265436],[-76.6207967,39.326535],[-76.6208227,39.3265305],[-76.6208313,39.3265292],[-76.6208379,39.3265302]]]}},{"type":"Feature","properties":{"layer":"Vegetation","symbol":1,"class":"Hedgerows","_tile":"6/33/37"},"geometry":{"type":"Polygon","coordinates":[[[-76.6206714,39.3267224],[-76.6206666,39.326702],[-76.6206635,39.3266838],[-76.6206615,39.3266669],[-76.6206614,39.326653],[-76.6206614,39.3266505],[-76.6206624,39.3266272],[-76.6206639,39.3266113],[-76.6206667,39.3266111],[-76.6206872,39.3266092],[-76.6206877,39.3266137],[-76.6206881,39.3266207],[-76.6206694,39.326622],[-76.6206701,39.3266296],[-76.6206775,39.3267176],[-76.6206793,39.3267223],[-76.6206783,39.326723],[-76.6206714,39.3267224]]]}},{"type":"Feature","properties":{"layer":"Vegetation","symbol":1,"class":"Hedgerows","_tile":"6/33/37"},"geometry":{"type":"Polygon","coordinates":[[[-76.6204381,39.326813],[-76.6203727,39.3268152],[-76.6203752,39.3267943],[-76.620426,39.3267931],[-76.6204382,39.3267929],[-76.6204381,39.326813]]]}},{"type":"Feature","properties":{"layer":"Vegetation","symbol":1,"class":"Hedgerows","_tile":"6/33/37"},"geometry":{"type":"Polygon","coordinates":[[[-76.6204901,39.326858],[-76.6204686,39.3268593],[-76.6203804,39.326864],[-76.6203766,39.3268493],[-76.6204888,39.3268436],[-76.6204898,39.3268559],[-76.6204901,39.326858]]]}},{"type":"Feature","properties":{"layer":"Vegetation","symbol":1,"class":"Hedgerows","_tile":"6/33/37"},"geometry":{"type":"Polygon","coordinates":[[[-76.6204897,39.3268871],[-76.6204713,39.326888],[-76.6203819,39.3268925],[-76.6203819,39.3268921],[-76.6203806,39.3268764],[-76.6204465,39.326873],[-76.6204884,39.326871],[-76.6204897,39.3268871]]]}},{"type":"Feature","properties":{"layer":"Vegetation","symbol":2,"class":"Landscape Beds","_tile":"6/33/38"},"geometry":{"type":"Polygon","coordinates":[[[-76.6208322,39.3264435],[-76.620834,39.3264726],[-76.620654,39.3264924],[-76.6206484,39.3264936],[-76.6206374,39.3264944],[-76.6205929,39.3264972],[-76.6205609,39.3264979],[-76.6205551,39.3264981],[-76.6205427,39.3264974],[-76.6205387,39.3264906],[-76.6205376,39.326476],[-76.620555,39.3264687],[-76.6205614,39.3264671],[-76.6206017,39.3264562],[-76.6206763,39.3264363],[-76.620677,39.3264381],[-76.6206789,39.3264428],[-76.6207871,39.3264382],[-76.6207875,39.3264454],[-76.6208322,39.3264435]]]}},{"type":"Feature","properties":{"layer":"Vegetation","symbol":1,"class":"Hedgerows","_tile":"6/33/38"},"geometry":{"type":"Polygon","coordinates":[[[-76.6204519,39.3260032],[-76.6204508,39.3260035],[-76.6204441,39.3260031],[-76.6204519,39.3260032]]]}},{"type":"Feature","properties":{"layer":"Vegetation","symbol":1,"class":"Hedgerows","_tile":"6/33/38"},"geometry":{"type":"Polygon","coordinates":[[[-76.6207953,39.3264607],[-76.6207446,39.3264605],[-76.6206581,39.3264659],[-76.6205912,39.326485],[-76.6205659,39.3264859],[-76.6205572,39.3264852],[-76.6205677,39.3264765],[-76.620572,39.3264756],[-76.6206566,39.3264552],[-76.6206842,39.3264517],[-76.6207947,39.3264483],[-76.6207953,39.3264607]]]}},{"type":"Feature","properties":{"layer":"Vegetation","symbol":3,"class":"Woodland","_tile":"6/33/39"},"geometry":{"type":"Polygon","coordinates":[[[-76.6207757,39.3255607],[-76.6207754,39.3255643],[-76.6207703,39.3255725],[-76.6207612,39.3255791],[-76.6207544,39.3255805],[-76.6207474,39.3255807],[-76.6207417,39.3255795],[-76.6207357,39.325577],[-76.620731,39.3255743],[-76.6207294,39.3255728],[-76.6207278,39.325571],[-76.6207252,39.3255667],[-76.6207234,39.3255616],[-76.620722,39.3255564],[-76.6207193,39.325543],[-76.6207186,39.3255386],[-76.6207174,39.3255291],[-76.6207165,39.3255193],[-76.6207163,39.3255159],[-76.6207609,39.3255161],[-76.6207604,39.32552],[-76.6207604,39.3255242],[-76.6207613,39.3255282],[-76.620763,39.3255328],[-76.6207654,39.3255375],[-76.6207707,39.3255473],[-76.6207731,39.3255521],[-76.6207749,39.3255566],[-76.6207757,39.3255607]]]}},{"type":"Feature","properties":{"layer":"Vegetation","symbol":3,"class":"Woodland","_tile":"6/33/39"},"geometry":{"type":"Polygon","coordinates":[[[-76.6202433,39.3259097],[-76.6202711,39.325895],[-76.6203013,39.3258805],[-76.62032,39.3258862],[-76.6203259,39.325894],[-76.620326,39.3259046],[-76.6203192,39.3259162],[-76.6203073,39.325922],[-76.6203027,39.3259244],[-76.6202776,39.3259402],[-76.6202649,39.3259495],[-76.6202474,39.325962],[-76.620243,39.3259672],[-76.6202433,39.3259097]]]}},{"type":"Feature","properties":{"layer":"Vegetation","symbol":2,"class":"Landscape Beds","_tile":"6/33/39"},"geometry":{"type":"Polygon","coordinates":[[[-76.6208917,39.3258365],[-76.6208775,39.3258567],[-76.6208439,39.3258861],[-76.6208132,39.325912],[-76.6207832,39.3259307],[-76.620778,39.3259312],[-76.6207713,39.3259285],[-76.6207695,39.3259219],[-76.6207716,39.3259166],[-76.620782,39.3259057],[-76.6208194,39.3258724],[-76.6208257,39.3258721],[-76.620834,39.3258671],[-76.6208411,39.3258586],[-76.6208714,39.3258198],[-76.620892,39.3257964],[-76.6208917,39.3258365]]]}},{"type":"Feature","properties":{"layer":"Vegetation","symbol":2,"class":"Landscape Beds","_tile":"6/33/39"},"geometry":{"type":"Polygon","coordinates":[[[-76.6208911,39.3259554],[-76.6208194,39.3259584],[-76.6208212,39.3259454],[-76.6208252,39.3259343],[-76.6208339,39.3259186],[-76.6208373,39.3259162],[-76.6208754,39.3259094],[-76.6208805,39.3259095],[-76.6208821,39.3259108],[-76.6208913,39.3259202],[-76.6208911,39.3259554]]]}},{"type":"Feature","properties":{"layer":"Vegetation","symbol":1,"class":"Hedgerows","_tile":"6/33/39"},"geometry":{"type":"Polygon","coordinates":[[[-76.620607,39.3259397],[-76.6206069,39.3259412],[-76.6205979,39.3259544],[-76.6205815,39.3259625],[-76.6205366,39.3259763],[-76.6205071,39.3259854],[-76.6204508,39.3260035],[-76.6204419,39.326003],[-76.620436,39.3259995],[-76.6204332,39.3259924],[-76.6204305,39.3259857],[-76.6204249,39.325982],[-76.6204126,39.3259772],[-76.6204045,39.3259691],[-76.6203968,39.3259527],[-76.6203959,39.3259411],[-76.6203975,39.3259322],[-76.6204073,39.3259288],[-76.6204172,39.3259289],[-76.6204239,39.3259325],[-76.6204332,39.3259432],[-76.6204437,39.3259644],[-76.6204487,39.3259723],[-76.6204491,39.3259728],[-76.620456,39.3259735],[-76.6204622,39.3259716],[-76.6204636,39.3259707],[-76.6204815,39.3259567],[-76.620483,39.3259482],[-76.6204903,39.3259435],[-76.6205047,39.3259419],[-76.6205093,39.3259383],[-76.6205141,39.32593],[-76.620528,39.3259241],[-76.6205335,39.3259224],[-76.6205334,39.325916],[-76.6205297,39.3259074],[-76.620527,39.3259021],[-76.6205182,39.3258843],[-76.6205199,39.3258746],[-76.6205272,39.3258695],[-76.6205476,39.3258629],[-76.6205525,39.3258636],[-76.6205559,39.3258674],[-76.620563,39.3258825],[-76.6205653,39.325884],[-76.6206057,39.3258741],[-76.6206149,39.3258725],[-76.6206209,39.3258741],[-76.6206246,39.3258775],[-76.6206267,39.3258858],[-76.6206251,39.3258935],[-76.6206186,39.3259008],[-76.6206105,39.3259056],[-76.6206069,39.325912],[-76.6206063,39.3259162],[-76.6206082,39.3259303],[-76.620607,39.3259397]]]}},{"type":"Feature","properties":{"layer":"Vegetation","symbol":3,"class":"Woodland","_tile":"6/33/40"},"geometry":{"type":"Polygon","coordinates":[[[-76.6207804,39.3252885],[-76.6207817,39.3252909],[-76.6207839,39.3252957],[-76.6207849,39.3252999],[-76.6207849,39.3253041],[-76.6207844,39.3253075],[-76.6207832,39.3253131],[-76.6207814,39.3253185],[-76.6207791,39.3253243],[-76.6207775,39.3253295],[-76.6207769,39.3253337],[-76.6207766,39.3253386],[-76.6207765,39.325353],[-76.6207758,39.3253612],[-76.6207757,39.325366],[-76.6207759,39.3253703],[-76.6207767,39.3253739],[-76.6207772,39.3253745],[-76.6207794,39.3253784],[-76.6207828,39.3253829],[-76.6207883,39.3253914],[-76.6207911,39.3253962],[-76.6207921,39.3253982],[-76.6207934,39.3254007],[-76.6207949,39.3254048],[-76.6207955,39.3254094],[-76.6207958,39.325415],[-76.6207958,39.32542],[-76.6207953,39.3254281],[-76.620794,39.3254373],[-76.6207921,39.3254468],[-76.620791,39.3254514],[-76.6207885,39.3254598],[-76.6207871,39.3254634],[-76.6207854,39.3254672],[-76.6207831,39.3254715],[-76.6207804,39.3254759],[-76.6207727,39.3254881],[-76.6207688,39.3254945],[-76.6207664,39.3254989],[-76.6207642,39.3255031],[-76.6207628,39.3255068],[-76.6207609,39.3255154],[-76.6207604,39.32552],[-76.6207604,39.3255242],[-76.6207613,39.3255282],[-76.6207625,39.3255313],[-76.6207177,39.3255312],[-76.6207174,39.3255291],[-76.6207165,39.3255193],[-76.620716,39.3255105],[-76.6207155,39.3255068],[-76.6207153,39.3255021],[-76.6207147,39.3254966],[-76.6207138,39.325491],[-76.6207127,39.3254864],[-76.6207111,39.3254823],[-76.6207085,39.325478],[-76.6207054,39.3254734],[-76.6207021,39.3254687],[-76.6206926,39.3254565],[-76.620666,39.3254195],[-76.6206604,39.3254113],[-76.6206544,39.3254021],[-76.6206486,39.3253923],[-76.6206461,39.3253874],[-76.6206436,39.3253824],[-76.6206415,39.3253775],[-76.6206397,39.3253727],[-76.6206382,39.3253674],[-76.6206374,39.3253636],[-76.6206372,39.3253595],[-76.6206375,39.3253557],[-76.6206384,39.3253521],[-76.6206401,39.325349],[-76.620644,39.3253449],[-76.6206483,39.3253439],[-76.6206541,39.3253446],[-76.6206656,39.3253473],[-76.6206713,39.325348],[-76.6206774,39.3253484],[-76.6206828,39.3253482],[-76.6206912,39.3253439],[-76.6206983,39.3253379],[-76.6207011,39.3253337],[-76.6207031,39.3253291],[-76.6207049,39.3253239],[-76.6207059,39.3253194],[-76.6207067,39.3253145],[-76.6207068,39.325309],[-76.6207057,39.3253046],[-76.6206993,39.3252994],[-76.6206912,39.3252946],[-76.6206872,39.3252915],[-76.6206833,39.3252876],[-76.6206793,39.3252835],[-76.6206784,39.3252823],[-76.6206755,39.325279],[-76.6206718,39.3252744],[-76.6206685,39.3252697],[-76.6206624,39.325261],[-76.6206575,39.3252535],[-76.6206551,39.3252494],[-76.6206504,39.3252401],[-76.6206483,39.3252352],[-76.6206463,39.3252303],[-76.6206446,39.3252253],[-76.6206433,39.3252205],[-76.6206425,39.3252161],[-76.6206422,39.325212],[-76.6206429,39.3252058],[-76.6206448,39.3252008],[-76.6206458,39.3252001],[-76.6206492,39.3251982],[-76.6206497,39.325197],[-76.6206569,39.3251956],[-76.6206638,39.3251945],[-76.6206701,39.3251939],[-76.6206752,39.3251942],[-76.6206808,39.3251962],[-76.6206871,39.3251996],[-76.6206934,39.3252034],[-76.620699,39.3252063],[-76.6207039,39.3252077],[-76.6207096,39.325209],[-76.6207159,39.3252099],[-76.6207185,39.3252102],[-76.6207289,39.3252116],[-76.6207351,39.3252126],[-76.6207406,39.3252139],[-76.6207452,39.3252156],[-76.6207511,39.3252193],[-76.6207569,39.3252246],[-76.6207604,39.3252297],[-76.6207605,39.3252369],[-76.6207556,39.3252414],[-76.6207501,39.3252457],[-76.6207485,39.3252496],[-76.620748,39.3252546],[-76.6207482,39.3252552],[-76.6207483,39.3252589],[-76.6207497,39.325264],[-76.620753,39.3252682],[-76.6207587,39.325272],[-76.6207715,39.3252792],[-76.6207763,39.3252826],[-76.6207792,39.3252863],[-76.6207804,39.3252885]]]}},{"type":"Feature","properties":{"layer":"Vegetation","symbol":1,"class":"Hedgerows","_tile":"6/33/40"},"geometry":{"type":"Polygon","coordinates":[[[-76.6207657,39.325028],[-76.6207649,39.3250334],[-76.6207636,39.325038],[-76.6207593,39.3250441],[-76.6207541,39.3250449],[-76.6207416,39.3250449],[-76.6207346,39.3250447],[-76.6207284,39.3250443],[-76.6207205,39.3250429],[-76.620713,39.3250406],[-76.6207076,39.325037],[-76.6207067,39.3250328],[-76.620708,39.3250278],[-76.6207657,39.325028]]]}},{"type":"Feature","properties":{"layer":"Vegetation","symbol":1,"class":"Hedgerows","_tile":"6/33/40"},"geometry":{"type":"Polygon","coordinates":[[[-76.6206479,39.3250717],[-76.620647,39.3250726],[-76.6206411,39.3250767],[-76.6206262,39.3250768],[-76.620613,39.3250783],[-76.6206032,39.3250843],[-76.6205979,39.3250888],[-76.6205878,39.3250893],[-76.6205766,39.3250859],[-76.6205627,39.3250768],[-76.6205559,39.3250651],[-76.620548,39.3250393],[-76.6205504,39.3250312],[-76.6205513,39.3250273],[-76.6206365,39.3250276],[-76.6206391,39.3250301],[-76.6206471,39.3250531],[-76.6206479,39.3250717]]]}},{"type":"Feature","properties":{"layer":"Vegetation","symbol":1,"class":"Hedgerows","_tile":"6/33/40"},"geometry":{"type":"Polygon","coordinates":[[[-76.6206594,39.325123],[-76.6206034,39.325102],[-76.6205997,39.3251002],[-76.6206039,39.3250935],[-76.6206362,39.3251065],[-76.6206725,39.3251213],[-76.6206734,39.3251246],[-76.620672,39.3251259],[-76.6206703,39.3251271],[-76.6206679,39.3251273],[-76.6206594,39.325123]]]}},{"type":"Feature","properties":{"layer":"Vegetation","symbol":2,"class":"Landscape Beds","_tile":"6/33/41"},"geometry":{"type":"Polygon","coordinates":[[[-76.6207326,39.3249021],[-76.6207405,39.3249126],[-76.6207426,39.3249157],[-76.6207477,39.3249236],[-76.6207531,39.3249334],[-76.6207557,39.3249385],[-76.620758,39.3249434],[-76.6207598,39.3249477],[-76.6207633,39.3249601],[-76.6207652,39.3249694],[-76.6207665,39.3249774],[-76.6207674,39.324991],[-76.6207676,39.325001],[-76.6207676,39.3250097],[-76.6207674,39.3250137],[-76.6207549,39.3250083],[-76.6207503,39.3250039],[-76.6207488,39.3249971],[-76.6207526,39.3249736],[-76.6207514,39.3249643],[-76.620742,39.324945],[-76.6207259,39.3249112],[-76.6207259,39.3249086],[-76.620728,39.3249042],[-76.6207326,39.3249021]]]}},{"type":"Feature","properties":{"layer":"Vegetation","symbol":1,"class":"Hedgerows","_tile":"6/33/41"},"geometry":{"type":"Polygon","coordinates":[[[-76.6205333,39.3245469],[-76.6205301,39.3245498],[-76.6205256,39.3245519],[-76.620521,39.3245519],[-76.6205174,39.3245491],[-76.6205018,39.3245391],[-76.6205315,39.3245392],[-76.6205325,39.3245404],[-76.6205333,39.3245469]]]}},{"type":"Feature","properties":{"layer":"Vegetation","symbol":1,"class":"Hedgerows","_tile":"6/33/41"},"geometry":{"type":"Polygon","coordinates":[[[-76.6205817,39.3249453],[-76.6205814,39.3249643],[-76.6205727,39.3249823],[-76.6205664,39.3249902],[-76.6205548,39.3250049],[-76.6205387,39.3250136],[-76.6205354,39.3250136],[-76.6205115,39.3250141],[-76.6205016,39.3250107],[-76.62049,39.3249908],[-76.6204765,39.324962],[-76.6204566,39.3249305],[-76.6204378,39.3249152],[-76.6204341,39.3249106],[-76.6204309,39.3249054],[-76.6204323,39.3248996],[-76.6204356,39.324887],[-76.620445,39.3248758],[-76.6204517,39.3248718],[-76.6204649,39.3248721],[-76.6204803,39.3248808],[-76.6205532,39.3249094],[-76.6205692,39.3249247],[-76.6205817,39.3249453]]]}},{"type":"Feature","properties":{"layer":"Vegetation","symbol":1,"class":"Hedgerows","_tile":"6/33/41"},"geometry":{"type":"Polygon","coordinates":[[[-76.6207658,39.3250231],[-76.6207657,39.325028],[-76.6207649,39.3250334],[-76.6207636,39.325038],[-76.6207599,39.3250432],[-76.6207218,39.3250431],[-76.6207205,39.3250429],[-76.620713,39.3250406],[-76.6207076,39.325037],[-76.6207067,39.3250328],[-76.6207081,39.3250273],[-76.6207097,39.3250226],[-76.6207109,39.3250175],[-76.6207117,39.3250123],[-76.6207112,39.3250067],[-76.6207096,39.3250017],[-76.6207069,39.3249974],[-76.6206996,39.3249913],[-76.6206933,39.3249834],[-76.6206996,39.3249811],[-76.6207058,39.324979],[-76.6207115,39.3249774],[-76.6207167,39.3249765],[-76.6207245,39.3249769],[-76.6207316,39.3249786],[-76.6207355,39.3249836],[-76.6207382,39.3249898],[-76.6207405,39.324994],[-76.6207434,39.3249986],[-76.6207462,39.3250027],[-76.6207503,39.3250073],[-76.6207555,39.3250114],[-76.6207642,39.3250155],[-76.6207658,39.3250231]]]}},{"type":"Feature","properties":{"layer":"Vegetation","symbol":1,"class":"Hedgerows","_tile":"6/33/41"},"geometry":{"type":"Polygon","coordinates":[[[-76.6205489,39.3250426],[-76.620548,39.3250393],[-76.6205504,39.3250312],[-76.620552,39.3250251],[-76.620565,39.3250169],[-76.6205796,39.3250145],[-76.6205813,39.3250142],[-76.6205949,39.325018],[-76.6206024,39.3250219],[-76.6206107,39.3250225],[-76.6206212,39.3250215],[-76.6206317,39.3250228],[-76.6206391,39.3250301],[-76.6206435,39.3250429],[-76.6205489,39.3250426]]]}},{"type":"Feature","properties":{"layer":"Vegetation","symbol":3,"class":"Woodland","_tile":"6/33/42"},"geometry":{"type":"Polygon","coordinates":[[[-76.620771,39.3244824],[-76.6207707,39.3244868],[-76.6207699,39.3244914],[-76.6207691,39.324495],[-76.6207676,39.3245004],[-76.6207663,39.3245041],[-76.6207635,39.3245093],[-76.6207597,39.324515],[-76.6207553,39.3245192],[-76.620751,39.3245208],[-76.6207452,39.3245214],[-76.6207384,39.3245212],[-76.6207314,39.3245205],[-76.6207136,39.3245183],[-76.6207027,39.3245165],[-76.6206912,39.3245139],[-76.6206793,39.324511],[-76.6206673,39.3245078],[-76.6206558,39.3245043],[-76.6206503,39.3245026],[-76.6206388,39.3244989],[-76.6206257,39.3244943],[-76.6206206,39.3244924],[-76.6206117,39.3244888],[-76.6205989,39.3244831],[-76.6205873,39.3244779],[-76.6205755,39.3244722],[-76.6205577,39.3244636],[-76.6205092,39.324439],[-76.620485,39.3244274],[-76.6204671,39.3244185],[-76.6204552,39.3244123],[-76.6204442,39.3244061],[-76.6204391,39.3244031],[-76.6204309,39.3243975],[-76.6204269,39.3243945],[-76.6204229,39.3243912],[-76.620419,39.3243876],[-76.620415,39.3243836],[-76.620411,39.3243796],[-76.6204072,39.3243754],[-76.6204034,39.324371],[-76.6203961,39.3243619],[-76.6203895,39.3243525],[-76.6203867,39.3243477],[-76.6203813,39.3243381],[-76.6203772,39.3243289],[-76.6203757,39.3243245],[-76.6203745,39.3243202],[-76.6203738,39.3243161],[-76.6203733,39.3243121],[-76.6203735,39.3243082],[-76.620374,39.3243036],[-76.620375,39.3242987],[-76.6203764,39.3242937],[-76.6203781,39.3242888],[-76.6203802,39.3242844],[-76.620383,39.3242803],[-76.6203855,39.3242781],[-76.6203893,39.3242763],[-76.6203947,39.3242751],[-76.620401,39.3242744],[-76.6204078,39.3242741],[-76.6204145,39.3242743],[-76.620421,39.3242746],[-76.6204262,39.3242751],[-76.6204317,39.3242762],[-76.6204374,39.3242781],[-76.6204432,39.3242805],[-76.6204491,39.3242835],[-76.6204551,39.3242868],[-76.6204611,39.3242902],[-76.6204773,39.3243001],[-76.6204917,39.3243076],[-76.620503,39.324313],[-76.6205088,39.3243159],[-76.6205452,39.3243329],[-76.6205559,39.3243382],[-76.6205631,39.3243419],[-76.6205757,39.3243488],[-76.6205867,39.3243551],[-76.6205925,39.3243584],[-76.6206162,39.3243724],[-76.6206483,39.3243915],[-76.620669,39.3244033],[-76.6206809,39.3244094],[-76.6206853,39.3244114],[-76.6206876,39.3244126],[-76.6206901,39.3244137],[-76.620695,39.3244161],[-76.6207055,39.3244209],[-76.620706,39.324421],[-76.6207444,39.3244384],[-76.6207461,39.3244392],[-76.6207538,39.3244418],[-76.6207665,39.3244649],[-76.6207683,39.3244699],[-76.6207698,39.3244746],[-76.6207707,39.3244787],[-76.620771,39.3244824]]]}},{"type":"Feature","properties":{"layer":"Vegetation","symbol":1,"class":"Hedgerows","_tile":"6/33/42"},"geometry":{"type":"Polygon","coordinates":[[[-76.6205333,39.3245469],[-76.6205301,39.3245498],[-76.6205256,39.3245519],[-76.620521,39.3245519],[-76.6205174,39.3245491],[-76.6205001,39.324538],[-76.6204981,39.3245343],[-76.6204994,39.3245287],[-76.6205046,39.3245235],[-76.6205158,39.3245236],[-76.6205253,39.3245303],[-76.6205325,39.3245404],[-76.6205333,39.3245469]]]}},{"type":"Feature","properties":{"layer":"Vegetation","symbol":1,"class":"Hedgerows","_tile":"6/33/43"},"geometry":{"type":"Polygon","coordinates":[[[-76.6207218,39.3237133],[-76.62072,39.3237197],[-76.6207099,39.3237243],[-76.6207061,39.3237225],[-76.6207032,39.3237198],[-76.6206989,39.3237169],[-76.6206895,39.323714],[-76.6206859,39.3237065],[-76.6206885,39.3236983],[-76.6207021,39.3236908],[-76.6207114,39.3236936],[-76.6207172,39.323699],[-76.6207209,39.3237062],[-76.6207218,39.3237133]]]}},{"type":"Feature","properties":{"layer":"Vegetation","symbol":1,"class":"Hedgerows","_tile":"6/33/43"},"geometry":{"type":"Polygon","coordinates":[[[-76.6207299,39.323795],[-76.6207247,39.3237981],[-76.6207221,39.3237988],[-76.6207184,39.3237999],[-76.6207122,39.3237989],[-76.6207072,39.3237943],[-76.6207048,39.3237901],[-76.6207046,39.3237847],[-76.6207096,39.3237777],[-76.6207156,39.3237751],[-76.6207194,39.3237749],[-76.6207223,39.3237754],[-76.6207283,39.3237769],[-76.6207338,39.3237809],[-76.6207352,39.3237855],[-76.6207342,39.3237909],[-76.6207305,39.3237947],[-76.6207299,39.323795]]]}},{"type":"Feature","properties":{"layer":"Vegetation","symbol":1,"class":"Hedgerows","_tile":"6/34/32"},"geometry":{"type":"Polygon","coordinates":[[[-76.6197284,39.3289676],[-76.6197281,39.3289711],[-76.6197276,39.3289739],[-76.6197267,39.3289761],[-76.6197254,39.3289777],[-76.6197237,39.3289792],[-76.6197225,39.3289794],[-76.6197205,39.3289793],[-76.6197164,39.3289781],[-76.6197147,39.328977],[-76.6197107,39.328973],[-76.6197074,39.3289714],[-76.6197022,39.3289695],[-76.6196927,39.328967],[-76.6196887,39.3289651],[-76.6196858,39.3289632],[-76.6196844,39.328961],[-76.619683,39.3289573],[-76.6196911,39.3289462],[-76.6197066,39.3289453],[-76.6197138,39.328945],[-76.6197164,39.3289453],[-76.6197182,39.3289456],[-76.6197201,39.3289466],[-76.6197221,39.3289479],[-76.6197257,39.3289518],[-76.6197266,39.3289537],[-76.6197272,39.3289559],[-76.6197281,39.3289638],[-76.6197284,39.3289676]]]}},{"type":"Feature","properties":{"layer":"Vegetation","symbol":1,"class":"Hedgerows","_tile":"6/34/32"},"geometry":{"type":"Polygon","coordinates":[[[-76.6197398,39.3291543],[-76.6197394,39.3291566],[-76.619738,39.3291581],[-76.6197346,39.3291602],[-76.6197321,39.3291613],[-76.6197292,39.3291622],[-76.6197266,39.3291628],[-76.6197221,39.3291636],[-76.6197172,39.3291637],[-76.6197112,39.3291627],[-76.6197054,39.3291612],[-76.6197014,39.3291594],[-76.6196985,39.329157],[-76.6196956,39.3291538],[-76.6196947,39.3291517],[-76.6196935,39.329147],[-76.6196964,39.3291263],[-76.6197033,39.3291254],[-76.6197076,39.3291252],[-76.6197131,39.3291256],[-76.6197199,39.3291269],[-76.6197263,39.3291289],[-76.6197314,39.3291312],[-76.6197347,39.3291339],[-76.6197375,39.3291365],[-76.6197384,39.3291384],[-76.619739,39.3291411],[-76.6197398,39.3291543]]]}},{"type":"Feature","properties":{"layer":"Vegetation","symbol":1,"class":"Hedgerows","_tile":"6/34/32"},"geometry":{"type":"Polygon","coordinates":[[[-76.6198847,39.3293426],[-76.6198798,39.3293435],[-76.6198772,39.3293444],[-76.6198763,39.329345],[-76.6198568,39.3293462],[-76.6198289,39.3293687],[-76.6198237,39.3293693],[-76.6198188,39.3293682],[-76.6198182,39.329368],[-76.6198145,39.3293655],[-76.6198153,39.3293614],[-76.6198507,39.3293335],[-76.6198567,39.3293312],[-76.6198652,39.3293307],[-76.6198808,39.3293298],[-76.6198828,39.3293307],[-76.6198847,39.3293426]]]}},{"type":"Feature","properties":{"layer":"Vegetation","symbol":1,"class":"Hedgerows","_tile":"6/34/32"},"geometry":{"type":"Polygon","coordinates":[[[-76.6198763,39.329345],[-76.6198772,39.3293444],[-76.6198798,39.3293435],[-76.6198847,39.3293426],[-76.6198857,39.3293425],[-76.619888,39.3293419],[-76.6198898,39.3293413],[-76.6198918,39.3293405],[-76.6198946,39.3293392],[-76.6198963,39.3293383],[-76.6198964,39.3293383],[-76.6198998,39.3293359],[-76.6199012,39.3293351],[-76.6199043,39.3293344],[-76.6199075,39.3293341],[-76.6199106,39.3293344],[-76.6199116,39.3293347],[-76.6199127,39.3293352],[-76.6199139,39.3293359],[-76.6199164,39.3293377],[-76.6199176,39.3293385],[-76.6199193,39.3293394],[-76.61992,39.3293397],[-76.6199223,39.32934],[-76.6199251,39.3293403],[-76.6199285,39.3293402],[-76.619934,39.3293393],[-76.6199371,39.3293385],[-76.6199395,39.3293375],[-76.6199406,39.3293369],[-76.6199417,39.3293356],[-76.6199439,39.3293302],[-76.6199445,39.3293291],[-76.6199454,39.3293281],[-76.6199462,39.3293275],[-76.619948,39.3293266],[-76.6199519,39.3293253],[-76.6199534,39.3293249],[-76.6199553,39.3293246],[-76.6199599,39.3293248],[-76.6199625,39.3293251],[-76.6199652,39.3293257],[-76.6199674,39.3293263],[-76.6199694,39.3293271],[-76.6199709,39.3293279],[-76.6199716,39.3293285],[-76.6199727,39.3293296],[-76.6199758,39.3293333],[-76.6199779,39.3293352],[-76.6199799,39.3293365],[-76.6199819,39.3293377],[-76.6199836,39.3293386],[-76.6199839,39.3293386],[-76.6199857,39.3293392],[-76.6199886,39.3293395],[-76.6199917,39.3293396],[-76.6199966,39.3293393],[-76.62,39.3293386],[-76.6200015,39.3293379],[-76.6200021,39.3293374],[-76.6200024,39.3293369],[-76.6200026,39.3293363],[-76.6200025,39.3293318],[-76.6200026,39.329331],[-76.6200031,39.32933],[-76.6200043,39.329329],[-76.6200059,39.329328],[-76.620008,39.329327],[-76.6200103,39.3293264],[-76.6200111,39.3293262],[-76.6200122,39.3293262],[-76.620014,39.3293264],[-76.620016,39.3293267],[-76.6200185,39.3293273],[-76.6200209,39.3293281],[-76.6200234,39.329329],[-76.6200253,39.32933],[-76.6200307,39.3293339],[-76.6200321,39.3293348],[-76.6200333,39.3293353],[-76.6200351,39.3293357],[-76.6200371,39.3293359],[-76.6200397,39.3293359],[-76.620042,39.3293358],[-76.6200566,39.3293338],[-76.620068,39.3293333],[-76.6200746,39.3293332],[-76.6200878,39.3293333],[-76.6200959,39.3293332],[-76.6201054,39.3293329],[-76.6201143,39.3293321],[-76.6201185,39.329332],[-76.6201198,39.3293321],[-76.6201225,39.3293326],[-76.6201234,39.3293329],[-76.6201241,39.3293335],[-76.6201249,39.3293344],[-76.6201284,39.3293389],[-76.6201296,39.32934],[-76.6201305,39.3293403],[-76.6201316,39.3293405],[-76.6201324,39.3293403],[-76.6201333,39.3293403],[-76.620135,39.32934],[-76.6201362,39.3293395],[-76.6201367,39.3293388],[-76.6201367,39.3293375],[-76.6201355,39.3293327],[-76.6201347,39.3293283],[-76.6201346,39.3293265],[-76.6201348,39.3293253],[-76.6201351,39.3293244],[-76.6201363,39.3293222],[-76.6201379,39.3293202],[-76.6201396,39.3293189],[-76.6201403,39.3293188],[-76.6201411,39.3293189],[-76.6201426,39.3293195],[-76.6201434,39.32932],[-76.6201467,39.3293224],[-76.6201487,39.3293243],[-76.6201504,39.3293272],[-76.6201516,39.3293304],[-76.6201534,39.329336],[-76.6201548,39.3293395],[-76.6201563,39.3293422],[-76.6201581,39.3293442],[-76.6201591,39.3293448],[-76.6201603,39.3293453],[-76.620164,39.3293463],[-76.6201676,39.3293468],[-76.6201693,39.3293469],[-76.6201707,39.3293468],[-76.6201721,39.3293464],[-76.6201739,39.3293451],[-76.6201776,39.3293411],[-76.6201787,39.32934],[-76.6201798,39.3293393],[-76.6201838,39.3293371],[-76.6201909,39.3293343],[-76.6201953,39.3293328],[-76.6202009,39.3293314],[-76.6202093,39.3293296],[-76.6202182,39.3293281],[-76.620227,39.3293268],[-76.6202308,39.329326],[-76.6202336,39.3293251],[-76.6202347,39.3293245],[-76.6202354,39.3293235],[-76.6202357,39.3293227],[-76.6202365,39.3293195],[-76.6202368,39.3293186],[-76.6202376,39.3293176],[-76.6202384,39.3293171],[-76.6202405,39.3293161],[-76.6202422,39.3293156],[-76.6202439,39.3293151],[-76.6202447,39.329315],[-76.6202444,39.3293751],[-76.619898,39.3293889],[-76.6198983,39.3293871],[-76.6198988,39.3293858],[-76.6199013,39.3293805],[-76.6199059,39.329372],[-76.6199067,39.3293701],[-76.6199071,39.3293681],[-76.6199063,39.3293621],[-76.6198954,39.3293603],[-76.6198888,39.3293603],[-76.6198846,39.32936],[-76.6198803,39.3293591],[-76.6198774,39.329358],[-76.6198754,39.329357],[-76.6198747,39.3293565],[-76.6198735,39.329355],[-76.6198726,39.3293532],[-76.6198724,39.3293525],[-76.6198724,39.3293515],[-76.6198727,39.3293495],[-76.6198733,39.3293483],[-76.6198747,39.3293464],[-76.6198763,39.329345]]]}},{"type":"Feature","properties":{"layer":"Vegetation","symbol":1,"class":"Hedgerows","_tile":"6/34/32"},"geometry":{"type":"Polygon","coordinates":[[[-76.6197982,39.3293925],[-76.6197977,39.3293853],[-76.6198294,39.3293839],[-76.6198298,39.3293912],[-76.6198102,39.3293921],[-76.6197982,39.3293925]]]}},{"type":"Feature","properties":{"layer":"Vegetation","symbol":1,"class":"Hedgerows","_tile":"6/34/33"},"geometry":{"type":"Polygon","coordinates":[[[-76.6196994,39.3289147],[-76.6196894,39.3289149],[-76.6196846,39.3288459],[-76.6196929,39.3288438],[-76.6196994,39.3289147]]]}},{"type":"Feature","properties":{"layer":"Vegetation","symbol":1,"class":"Hedgerows","_tile":"6/34/34"},"geometry":{"type":"Polygon","coordinates":[[[-76.6201383,39.3280409],[-76.6201191,39.328045],[-76.6200859,39.3280429],[-76.62008,39.3280417],[-76.6200732,39.3280421],[-76.6200725,39.3280303],[-76.6200722,39.3280278],[-76.620115,39.328026],[-76.6201123,39.3279906],[-76.6201161,39.3279901],[-76.6201327,39.3279926],[-76.6201383,39.3280409]]]}},{"type":"Feature","properties":{"layer":"Vegetation","symbol":1,"class":"Hedgerows","_tile":"6/34/34"},"geometry":{"type":"Polygon","coordinates":[[[-76.62003,39.3282584],[-76.6200284,39.3281885],[-76.6200439,39.3281888],[-76.6200448,39.3282186],[-76.6200425,39.3282258],[-76.6200398,39.3282345],[-76.6200405,39.3282421],[-76.6200417,39.328248],[-76.6200432,39.328252],[-76.6200442,39.3282533],[-76.6200452,39.328254],[-76.6200469,39.3282546],[-76.6200518,39.3282555],[-76.6200971,39.3282537],[-76.6201023,39.3282536],[-76.620101,39.3282655],[-76.6200508,39.3282671],[-76.6200429,39.3282674],[-76.620041,39.3282662],[-76.6200352,39.328262],[-76.62003,39.3282584]]]}},{"type":"Feature","properties":{"layer":"Vegetation","symbol":1,"class":"Hedgerows","_tile":"6/34/34"},"geometry":{"type":"Polygon","coordinates":[[[-76.6202379,39.3282944],[-76.6202358,39.3283123],[-76.6200898,39.3283202],[-76.6200631,39.3283215],[-76.6200266,39.3283235],[-76.6200264,39.3283234],[-76.6200218,39.3283098],[-76.6200201,39.3283054],[-76.6201482,39.3283031],[-76.6201978,39.3283016],[-76.6202379,39.3282944]]]}},{"type":"Feature","properties":{"layer":"Vegetation","symbol":1,"class":"Hedgerows","_tile":"6/34/35"},"geometry":{"type":"Polygon","coordinates":[[[-76.6197567,39.3274742],[-76.6197542,39.3274806],[-76.6197539,39.3274816],[-76.619742,39.3274854],[-76.6197149,39.3274803],[-76.619691,39.3274802],[-76.6196733,39.3274805],[-76.6196606,39.3274812],[-76.6196431,39.3274828],[-76.6196409,39.3274828],[-76.6196395,39.3274824],[-76.6196379,39.3274812],[-76.6196367,39.3274792],[-76.6196356,39.3274761],[-76.6196351,39.3274734],[-76.6196369,39.3274692],[-76.6196448,39.3274684],[-76.6196614,39.3274704],[-76.6196956,39.3274707],[-76.6197123,39.327471],[-76.6197421,39.327469],[-76.6197521,39.327467],[-76.6197567,39.3274742]]]}},{"type":"Feature","properties":{"layer":"Vegetation","symbol":1,"class":"Hedgerows","_tile":"6/34/35"},"geometry":{"type":"Polygon","coordinates":[[[-76.6196297,39.3274648],[-76.6196287,39.3274743],[-76.6196064,39.3274767],[-76.6196065,39.3274647],[-76.6196297,39.3274648]]]}},{"type":"Feature","properties":{"layer":"Vegetation","symbol":1,"class":"Hedgerows","_tile":"6/34/35"},"geometry":{"type":"Polygon","coordinates":[[[-76.6200373,39.3274737],[-76.6199624,39.3274766],[-76.6199617,39.3274659],[-76.6200982,39.3274663],[-76.6200998,39.3274951],[-76.6200994,39.3275358],[-76.6200798,39.3275324],[-76.620073,39.3274875],[-76.6200699,39.3274876],[-76.6200384,39.3274898],[-76.6200383,39.3274891],[-76.6200381,39.3274855],[-76.6200373,39.3274737]]]}},{"type":"Feature","properties":{"layer":"Vegetation","symbol":1,"class":"Hedgerows","_tile":"6/34/35"},"geometry":{"type":"Polygon","coordinates":[[[-76.6201148,39.3276182],[-76.6201157,39.3276346],[-76.6201022,39.327635],[-76.6201049,39.3276765],[-76.6201181,39.3276751],[-76.6201191,39.327691],[-76.6200944,39.3276919],[-76.6200882,39.3276288],[-76.6200959,39.3276192],[-76.6201148,39.3276182]]]}},{"type":"Feature","properties":{"layer":"Vegetation","symbol":1,"class":"Hedgerows","_tile":"6/34/35"},"geometry":{"type":"Polygon","coordinates":[[[-76.6201197,39.3277019],[-76.6201208,39.3277201],[-76.6201044,39.3277188],[-76.6201037,39.3277005],[-76.6201197,39.3277019]]]}},{"type":"Feature","properties":{"layer":"Vegetation","symbol":1,"class":"Hedgerows","_tile":"6/34/35"},"geometry":{"type":"Polygon","coordinates":[[[-76.6201276,39.3278203],[-76.6201283,39.3278336],[-76.6201181,39.3278336],[-76.6201142,39.3278335],[-76.6201175,39.327874],[-76.6201306,39.3278743],[-76.6201313,39.3278874],[-76.6201285,39.3278891],[-76.6201211,39.3278909],[-76.6201069,39.3278823],[-76.6201026,39.3278761],[-76.620102,39.3278754],[-76.6200997,39.3278221],[-76.6201276,39.3278203]]]}},{"type":"Feature","properties":{"layer":"Vegetation","symbol":1,"class":"Hedgerows","_tile":"6/34/36"},"geometry":{"type":"Polygon","coordinates":[[[-76.6200834,39.327318],[-76.6200816,39.3273396],[-76.6200786,39.3273437],[-76.6200676,39.3273468],[-76.6200553,39.3273481],[-76.6200504,39.327347],[-76.6200462,39.3273297],[-76.6200452,39.327321],[-76.6200607,39.3273198],[-76.6200676,39.32732],[-76.6200834,39.327318]]]}},{"type":"Feature","properties":{"layer":"Vegetation","symbol":1,"class":"Hedgerows","_tile":"6/34/36"},"geometry":{"type":"Polygon","coordinates":[[[-76.6200254,39.3273681],[-76.6199499,39.3273699],[-76.6199497,39.3273614],[-76.6200247,39.3273585],[-76.6200254,39.3273681]]]}},{"type":"Feature","properties":{"layer":"Vegetation","symbol":1,"class":"Hedgerows","_tile":"6/34/36"},"geometry":{"type":"Polygon","coordinates":[[[-76.6200257,39.3273969],[-76.6200252,39.3274154],[-76.6200251,39.3274209],[-76.6199613,39.3274219],[-76.6199619,39.3273992],[-76.6200257,39.3273969]]]}},{"type":"Feature","properties":{"layer":"Vegetation","symbol":1,"class":"Hedgerows","_tile":"6/34/36"},"geometry":{"type":"Polygon","coordinates":[[[-76.6197567,39.3274742],[-76.6197542,39.3274804],[-76.6197149,39.3274803],[-76.619691,39.3274802],[-76.6196371,39.3274801],[-76.6196367,39.3274792],[-76.6196356,39.3274761],[-76.6196351,39.3274734],[-76.6196369,39.3274692],[-76.6196448,39.3274684],[-76.6196614,39.3274704],[-76.6196956,39.3274707],[-76.6197123,39.327471],[-76.6197421,39.327469],[-76.6197521,39.327467],[-76.6197567,39.3274742]]]}},{"type":"Feature","properties":{"layer":"Vegetation","symbol":1,"class":"Hedgerows","_tile":"6/34/36"},"geometry":{"type":"Polygon","coordinates":[[[-76.6196378,39.3274565],[-76.6196303,39.3274572],[-76.6196287,39.3274743],[-76.6196064,39.3274767],[-76.6196066,39.3274469],[-76.6196264,39.3274464],[-76.6196371,39.3274512],[-76.6196378,39.3274565]]]}},{"type":"Feature","properties":{"layer":"Vegetation","symbol":1,"class":"Hedgerows","_tile":"6/34/36"},"geometry":{"type":"Polygon","coordinates":[[[-76.6200373,39.3274737],[-76.6199624,39.3274766],[-76.6199607,39.3274506],[-76.6199914,39.3274493],[-76.6199927,39.3274626],[-76.620063,39.3274602],[-76.6200615,39.3274463],[-76.6200815,39.3274451],[-76.6200812,39.3274594],[-76.6200978,39.3274585],[-76.6200991,39.3274815],[-76.6200379,39.3274813],[-76.6200373,39.3274737]]]}},{"type":"Feature","properties":{"layer":"Vegetation","symbol":1,"class":"Hedgerows","_tile":"6/34/37"},"geometry":{"type":"Polygon","coordinates":[[[-76.6201222,39.3264902],[-76.6201247,39.3265318],[-76.6200925,39.3265313],[-76.6200903,39.3264901],[-76.6201222,39.3264902]]]}},{"type":"Feature","properties":{"layer":"Vegetation","symbol":1,"class":"Hedgerows","_tile":"6/34/37"},"geometry":{"type":"Polygon","coordinates":[[[-76.620101,39.326575],[-76.6201007,39.3265778],[-76.6200991,39.3265883],[-76.6200901,39.3266046],[-76.6200292,39.3266104],[-76.6200235,39.3266108],[-76.6200239,39.3266175],[-76.6200138,39.3266156],[-76.6200066,39.3266065],[-76.6200058,39.3266015],[-76.6200124,39.3265952],[-76.6200275,39.3265839],[-76.6200446,39.3265883],[-76.6200541,39.3265889],[-76.6200634,39.326586],[-76.6200722,39.3265769],[-76.6200811,39.3265725],[-76.6200891,39.3265696],[-76.6200969,39.3265701],[-76.620101,39.326575]]]}},{"type":"Feature","properties":{"layer":"Vegetation","symbol":1,"class":"Hedgerows","_tile":"6/34/37"},"geometry":{"type":"Polygon","coordinates":[[[-76.6202055,39.326804],[-76.6202045,39.3268284],[-76.6202035,39.3268285],[-76.6201498,39.3268293],[-76.6201461,39.3268053],[-76.6202055,39.326804]]]}},{"type":"Feature","properties":{"layer":"Vegetation","symbol":1,"class":"Hedgerows","_tile":"6/34/37"},"geometry":{"type":"Polygon","coordinates":[[[-76.6202066,39.3268553],[-76.6202062,39.3268683],[-76.6201115,39.3268722],[-76.6201091,39.3268666],[-76.6201085,39.32686],[-76.6201147,39.3268598],[-76.6201911,39.326856],[-76.6202066,39.3268553]]]}},{"type":"Feature","properties":{"layer":"Vegetation","symbol":1,"class":"Hedgerows","_tile":"6/34/37"},"geometry":{"type":"Polygon","coordinates":[[[-76.6200967,39.3268999],[-76.620098,39.3268859],[-76.6202131,39.3268824],[-76.6202127,39.326894],[-76.6200967,39.3268999]]]}},{"type":"Feature","properties":{"layer":"Vegetation","symbol":1,"class":"Hedgerows","_tile":"6/34/37"},"geometry":{"type":"Polygon","coordinates":[[[-76.6200184,39.3269339],[-76.6200516,39.3269423],[-76.6200592,39.3269426],[-76.6200645,39.3269444],[-76.6200668,39.3269452],[-76.6200665,39.3269507],[-76.6200653,39.3269646],[-76.6200621,39.3269649],[-76.6199785,39.3269688],[-76.6199774,39.3269666],[-76.6199804,39.3269569],[-76.6199986,39.3269387],[-76.6200075,39.3269351],[-76.6200184,39.3269339]]]}},{"type":"Feature","properties":{"layer":"Vegetation","symbol":3,"class":"Woodland","_tile":"6/34/38"},"geometry":{"type":"Polygon","coordinates":[[[-76.6202087,39.3260024],[-76.6201589,39.3260439],[-76.6200802,39.3261084],[-76.6200596,39.3261221],[-76.6200553,39.3261218],[-76.6200441,39.3261208],[-76.6200298,39.3261151],[-76.6200202,39.3261052],[-76.6200287,39.3260775],[-76.6200513,39.326059],[-76.6200732,39.3260352],[-76.6200863,39.3260078],[-76.620091,39.326002],[-76.6202087,39.3260024]]]}},{"type":"Feature","properties":{"layer":"Vegetation","symbol":3,"class":"Woodland","_tile":"6/34/38"},"geometry":{"type":"Polygon","coordinates":[[[-76.6198783,39.3262586],[-76.619877,39.3262629],[-76.6198747,39.3262691],[-76.6198731,39.3262723],[-76.6198706,39.326276],[-76.6198674,39.32628],[-76.6198637,39.3262842],[-76.6198549,39.3262926],[-76.6198225,39.3263211],[-76.6198056,39.3263355],[-76.6197863,39.3263515],[-76.6197663,39.3263676],[-76.6197483,39.3263819],[-76.6197168,39.3264057],[-76.6197045,39.3264148],[-76.6196808,39.3264316],[-76.6196118,39.3264788],[-76.6196123,39.3263849],[-76.6196163,39.3263821],[-76.6196265,39.3263746],[-76.6196376,39.3263659],[-76.6196593,39.326348],[-76.6197041,39.3263097],[-76.6197197,39.326297],[-76.6197331,39.3262868],[-76.6197474,39.3262764],[-76.6197616,39.3262664],[-76.6197752,39.3262574],[-76.6197924,39.3262469],[-76.6197995,39.3262428],[-76.6198099,39.3262372],[-76.6198192,39.3262329],[-76.619831,39.3262283],[-76.6198321,39.3262281],[-76.6198373,39.3262264],[-76.619843,39.3262249],[-76.6198481,39.3262238],[-76.6198514,39.3262234],[-76.6198524,39.3262232],[-76.619856,39.3262231],[-76.6198593,39.3262234],[-76.6198632,39.3262245],[-76.6198677,39.3262264],[-76.6198726,39.3262291],[-76.6198761,39.3262317],[-76.6198782,39.326234],[-76.6198796,39.326237],[-76.6198803,39.3262408],[-76.6198805,39.3262454],[-76.61988,39.3262507],[-76.6198783,39.3262586]]]}},{"type":"Feature","properties":{"layer":"Vegetation","symbol":1,"class":"Hedgerows","_tile":"6/34/38"},"geometry":{"type":"Polygon","coordinates":[[[-76.6202356,39.3262831],[-76.6202219,39.3262835],[-76.6202239,39.3263157],[-76.6201524,39.3263183],[-76.6201592,39.3263099],[-76.6201654,39.3263053],[-76.6201764,39.3263015],[-76.6201838,39.3263012],[-76.6201944,39.3263022],[-76.6201996,39.3263019],[-76.6202035,39.3262971],[-76.620214,39.3262818],[-76.620218,39.326278],[-76.6202231,39.3262748],[-76.6202303,39.3262737],[-76.6202347,39.3262748],[-76.6202356,39.3262831]]]}},{"type":"Feature","properties":{"layer":"Vegetation","symbol":1,"class":"Hedgerows","_tile":"6/34/38"},"geometry":{"type":"Polygon","coordinates":[[[-76.6200898,39.3264054],[-76.6200975,39.3264036],[-76.6201171,39.3264043],[-76.6201232,39.3265055],[-76.6200911,39.3265053],[-76.6200859,39.3264117],[-76.6200898,39.3264054]]]}},{"type":"Feature","properties":{"layer":"Vegetation","symbol":3,"class":"Woodland","_tile":"6/34/39"},"geometry":{"type":"Polygon","coordinates":[[[-76.6202112,39.3260004],[-76.6201905,39.3260176],[-76.6200818,39.3260172],[-76.6200863,39.3260078],[-76.6200924,39.3260003],[-76.6201049,39.3259847],[-76.6201203,39.3259787],[-76.620144,39.3259786],[-76.6201667,39.3259716],[-76.6201786,39.3259558],[-76.6201885,39.3259363],[-76.6201924,39.3259306],[-76.6202085,39.3259204],[-76.620236,39.3259135],[-76.620263,39.3258992],[-76.6202627,39.3259511],[-76.6202474,39.325962],[-76.6202235,39.3259899],[-76.6202112,39.3260004]]]}},{"type":"Feature","properties":{"layer":"Vegetation","symbol":1,"class":"Hedgerows","_tile":"6/34/39"},"geometry":{"type":"Polygon","coordinates":[[[-76.6198221,39.3258337],[-76.6198,39.3258503],[-76.6197927,39.3258447],[-76.6197852,39.3258504],[-76.6197548,39.3258267],[-76.6197632,39.3258202],[-76.6197571,39.3258154],[-76.6197848,39.325794],[-76.6197962,39.3258029],[-76.6197938,39.3258047],[-76.6197861,39.3257988],[-76.6197654,39.3258154],[-76.6197732,39.3258213],[-76.6197655,39.3258276],[-76.6197867,39.3258436],[-76.6197937,39.3258382],[-76.6198021,39.3258445],[-76.6198187,39.3258311],[-76.6198221,39.3258337]]]}},{"type":"Feature","properties":{"layer":"Vegetation","symbol":1,"class":"Hedgerows","_tile":"6/34/39"},"geometry":{"type":"Polygon","coordinates":[[[-76.6197587,39.3257787],[-76.6197501,39.3257724],[-76.6197582,39.3257659],[-76.6197366,39.3257498],[-76.6197297,39.3257552],[-76.6197219,39.3257494],[-76.6197009,39.3257661],[-76.6197089,39.3257721],[-76.619701,39.3257784],[-76.6197226,39.3257945],[-76.6197293,39.3257891],[-76.6197379,39.3257954],[-76.6197587,39.3257787]],[[-76.6196876,39.3257625],[-76.6197283,39.3257339],[-76.6197757,39.3257631],[-76.6197601,39.325775],[-76.6197647,39.3257786],[-76.6197374,39.3257996],[-76.6197299,39.3257937],[-76.6197216,39.3258],[-76.619692,39.3257768],[-76.6196989,39.3257714],[-76.6196876,39.3257625]]]}},{"type":"Feature","properties":{"layer":"Vegetation","symbol":1,"class":"Hedgerows","_tile":"6/34/39"},"geometry":{"type":"Polygon","coordinates":[[[-76.6196946,39.3258275],[-76.6196862,39.3258211],[-76.6196942,39.3258147],[-76.6196718,39.3257978],[-76.6196648,39.3258034],[-76.619657,39.3257976],[-76.6196353,39.325815],[-76.6196431,39.3258209],[-76.6196354,39.3258272],[-76.6196579,39.325844],[-76.6196646,39.3258386],[-76.619673,39.3258449],[-76.6196946,39.3258275]],[[-76.6197032,39.3258269],[-76.6196719,39.3258511],[-76.6196629,39.325844],[-76.6196546,39.3258505],[-76.6196201,39.3258235],[-76.6196193,39.3258197],[-76.6196204,39.3258179],[-76.6196552,39.3257897],[-76.619665,39.3257975],[-76.6196732,39.3257912],[-76.6197031,39.3258145],[-76.6196951,39.3258206],[-76.6197032,39.3258269]]]}},{"type":"Feature","properties":{"layer":"Vegetation","symbol":1,"class":"Hedgerows","_tile":"6/34/39"},"geometry":{"type":"Polygon","coordinates":[[[-76.6197585,39.3258777],[-76.6197499,39.3258714],[-76.6197579,39.325865],[-76.619735,39.3258476],[-76.6197281,39.3258532],[-76.6197203,39.3258472],[-76.6196979,39.3258651],[-76.6197057,39.3258711],[-76.619698,39.3258773],[-76.6197209,39.3258946],[-76.6197279,39.3258892],[-76.6197363,39.3258955],[-76.6197585,39.3258777]],[[-76.6197667,39.3258655],[-76.6197563,39.3258734],[-76.6197655,39.3258807],[-76.6197352,39.3259052],[-76.6197338,39.3259036],[-76.6197266,39.3258989],[-76.6197206,39.3259032],[-76.6196894,39.3258783],[-76.6196974,39.325872],[-76.6196881,39.3258647],[-76.6197208,39.3258396],[-76.6197289,39.3258459],[-76.6197353,39.3258409],[-76.6197667,39.3258655]]]}},{"type":"Feature","properties":{"layer":"Vegetation","symbol":1,"class":"Hedgerows","_tile":"6/34/40"},"geometry":{"type":"Polygon","coordinates":[[[-76.6197284,39.3250403],[-76.6197264,39.3250443],[-76.6197149,39.325055],[-76.6197113,39.325055],[-76.6196837,39.3250333],[-76.6196828,39.3250306],[-76.6196843,39.3250273],[-76.6196871,39.3250245],[-76.6197133,39.3250246],[-76.6197277,39.3250365],[-76.6197284,39.3250403]]]}},{"type":"Feature","properties":{"layer":"Vegetation","symbol":1,"class":"Hedgerows","_tile":"6/34/40"},"geometry":{"type":"Polygon","coordinates":[[[-76.6196193,39.3250722],[-76.6196469,39.3250518],[-76.6196813,39.325079],[-76.6196462,39.3251022],[-76.6196274,39.3250864],[-76.6196192,39.3250922],[-76.6196193,39.3250722]]]}},{"type":"Feature","properties":{"layer":"Vegetation","symbol":1,"class":"Hedgerows","_tile":"6/34/40"},"geometry":{"type":"Polygon","coordinates":[[[-76.6198897,39.3251609],[-76.6198864,39.3251659],[-76.619871,39.3251751],[-76.619864,39.3251748],[-76.6198575,39.32517],[-76.6198456,39.3251583],[-76.6198458,39.3251533],[-76.6198494,39.3251487],[-76.619854,39.3251449],[-76.6198597,39.3251434],[-76.6198643,39.3251433],[-76.6198687,39.3251443],[-76.6198785,39.3251507],[-76.6198894,39.325157],[-76.6198897,39.3251609]]]}},{"type":"Feature","properties":{"layer":"Vegetation","symbol":1,"class":"Hedgerows","_tile":"6/34/40"},"geometry":{"type":"Polygon","coordinates":[[[-76.6197441,39.325373],[-76.6197582,39.3253623],[-76.6197657,39.3253683],[-76.6197355,39.3253916],[-76.6197277,39.3253857],[-76.6197431,39.325374],[-76.6197441,39.325373]]]}},{"type":"Feature","properties":{"layer":"Vegetation","symbol":1,"class":"Hedgerows","_tile":"6/34/40"},"geometry":{"type":"Polygon","coordinates":[[[-76.6198185,39.3254614],[-76.6198512,39.3254363],[-76.619861,39.3254439],[-76.6198473,39.3254545],[-76.6198285,39.3254702],[-76.6198185,39.3254614]]]}},{"type":"Feature","properties":{"layer":"Vegetation","symbol":3,"class":"Woodland","_tile":"6/34/41"},"geometry":{"type":"Polygon","coordinates":[[[-76.6198396,39.3245369],[-76.6198365,39.3245482],[-76.6197521,39.3246347],[-76.6196211,39.3247395],[-76.6196222,39.3245362],[-76.6198396,39.3245369]]]}},{"type":"Feature","properties":{"layer":"Vegetation","symbol":1,"class":"Hedgerows","_tile":"6/34/41"},"geometry":{"type":"Polygon","coordinates":[[[-76.6196919,39.3250398],[-76.6196837,39.3250333],[-76.6196828,39.3250306],[-76.6196843,39.3250273],[-76.6196954,39.3250162],[-76.6196994,39.3250154],[-76.6197025,39.3250158],[-76.6197277,39.3250365],[-76.6197284,39.3250399],[-76.6196919,39.3250398]]]}},{"type":"Feature","properties":{"layer":"Vegetation","symbol":3,"class":"Woodland","_tile":"6/34/42"},"geometry":{"type":"Polygon","coordinates":[[[-76.620025,39.3240494],[-76.6200257,39.3241764],[-76.6199787,39.3242054],[-76.6197258,39.3241266],[-76.6196617,39.3241755],[-76.6196236,39.3242709],[-76.6196248,39.3240481],[-76.620025,39.3240494]],[[-76.6196232,39.3243567],[-76.6196582,39.3243999],[-76.6198044,39.3244424],[-76.6198567,39.3244767],[-76.6198365,39.3245482],[-76.6198326,39.3245522],[-76.6196221,39.3245515],[-76.6196232,39.3243567]]]}},{"type":"Feature","properties":{"layer":"Vegetation","symbol":3,"class":"Woodland","_tile":"6/34/43"},"geometry":{"type":"Polygon","coordinates":[[[-76.6196273,39.3235902],[-76.6197441,39.3236294],[-76.6198226,39.3236961],[-76.6199009,39.3237713],[-76.619958,39.323868],[-76.6200249,39.3240396],[-76.620025,39.3240647],[-76.6196248,39.3240634],[-76.6196273,39.3235902]]]}},{"type":"Feature","properties":{"layer":"Vegetation","symbol":3,"class":"Woodland","_tile":"6/35/32"},"geometry":{"type":"Polygon","coordinates":[[[-76.618969,39.3291422],[-76.6189788,39.3291493],[-76.618982,39.3291519],[-76.6190069,39.3291714],[-76.6190204,39.3291823],[-76.6190288,39.329194],[-76.619031,39.329197],[-76.6190345,39.329202],[-76.619042,39.3292126],[-76.6190505,39.3292255],[-76.6190552,39.3292334],[-76.6190607,39.3292439],[-76.6190645,39.329253],[-76.619066,39.3292591],[-76.6190667,39.3292628],[-76.6190673,39.3292666],[-76.6190681,39.3292743],[-76.6190682,39.3292779],[-76.6190685,39.3292851],[-76.6190684,39.3292911],[-76.6190681,39.3293037],[-76.6190666,39.3293237],[-76.6190653,39.3293352],[-76.6190648,39.329339],[-76.6190634,39.3293471],[-76.6190613,39.3293558],[-76.6190588,39.329365],[-76.6190588,39.3293653],[-76.6190562,39.329374],[-76.6190557,39.3293751],[-76.6190523,39.329385],[-76.6190489,39.3293936],[-76.6190465,39.329399],[-76.6190422,39.3294083],[-76.6190378,39.3294166],[-76.6190312,39.3294282],[-76.6190296,39.3294304],[-76.6189675,39.3294302],[-76.618969,39.3291422]]]}},{"type":"Feature","properties":{"layer":"Vegetation","symbol":1,"class":"Hedgerows","_tile":"6/35/32"},"geometry":{"type":"Polygon","coordinates":[[[-76.6192277,39.3289391],[-76.6192274,39.3289411],[-76.6192268,39.3289427],[-76.619225,39.3289445],[-76.6192219,39.3289467],[-76.6192185,39.3289478],[-76.6192128,39.3289488],[-76.6192082,39.3289492],[-76.6192044,39.3289493],[-76.619199,39.3289481],[-76.619196,39.3289276],[-76.6192277,39.3289277],[-76.6192278,39.3289324],[-76.6192277,39.3289391]]]}},{"type":"Feature","properties":{"layer":"Vegetation","symbol":1,"class":"Hedgerows","_tile":"6/35/32"},"geometry":{"type":"Polygon","coordinates":[[[-76.6192322,39.3289733],[-76.6192319,39.3289958],[-76.6192306,39.3290015],[-76.6192279,39.329005],[-76.61922,39.3290118],[-76.6192099,39.3290101],[-76.6192085,39.32901],[-76.6192082,39.329005],[-76.6192059,39.328974],[-76.6192322,39.3289733]]]}},{"type":"Feature","properties":{"layer":"Vegetation","symbol":1,"class":"Hedgerows","_tile":"6/35/32"},"geometry":{"type":"Polygon","coordinates":[[[-76.6192526,39.3291721],[-76.6192446,39.3291941],[-76.619231,39.3291982],[-76.6192262,39.3291994],[-76.6192222,39.3292],[-76.6192185,39.3292002],[-76.6192135,39.3292],[-76.6191977,39.3291985],[-76.6191849,39.3291968],[-76.6191728,39.3291948],[-76.619163,39.3291927],[-76.6191538,39.3291899],[-76.6191476,39.3291871],[-76.6191451,39.3291856],[-76.6191434,39.3291843],[-76.6191419,39.3291815],[-76.6191407,39.3291776],[-76.6191401,39.3291732],[-76.6191401,39.3291691],[-76.6191409,39.3291667],[-76.6191423,39.3291636],[-76.6191445,39.3291603],[-76.6191468,39.3291573],[-76.6191489,39.3291553],[-76.6191517,39.3291534],[-76.6191556,39.3291514],[-76.61916,39.3291494],[-76.6191654,39.3291475],[-76.6191712,39.3291459],[-76.6191772,39.3291443],[-76.6191829,39.3291432],[-76.619188,39.3291426],[-76.6191947,39.3291422],[-76.6192026,39.3291421],[-76.6192101,39.3291424],[-76.6192155,39.329143],[-76.6192214,39.329144],[-76.6192273,39.3291453],[-76.6192326,39.3291468],[-76.6192372,39.3291485],[-76.6192413,39.3291503],[-76.6192444,39.3291522],[-76.6192464,39.329154],[-76.6192476,39.3291558],[-76.619249,39.3291585],[-76.6192515,39.3291653],[-76.6192526,39.3291721]]]}},{"type":"Feature","properties":{"layer":"Vegetation","symbol":1,"class":"Hedgerows","_tile":"6/35/32"},"geometry":{"type":"Polygon","coordinates":[[[-76.6192834,39.3292966],[-76.6192832,39.3292972],[-76.619281,39.3292993],[-76.6192784,39.3293012],[-76.6192718,39.3293053],[-76.6192697,39.329307],[-76.6192684,39.3293084],[-76.6192676,39.3293095],[-76.6192675,39.3293101],[-76.6192673,39.3293111],[-76.6192676,39.329315],[-76.6192716,39.3293389],[-76.6192708,39.3293457],[-76.6192668,39.3293501],[-76.6192556,39.329353],[-76.6192452,39.3293527],[-76.6192375,39.329345],[-76.6192375,39.3293442],[-76.6192294,39.3292808],[-76.6192273,39.3292173],[-76.6192326,39.3292142],[-76.619241,39.3292122],[-76.619247,39.3292138],[-76.6192519,39.3292204],[-76.6192626,39.3292847],[-76.6192655,39.3292877],[-76.6192665,39.3292887],[-76.6192687,39.3292904],[-76.6192705,39.3292912],[-76.6192717,39.3292916],[-76.6192728,39.3292917],[-76.6192779,39.3292918],[-76.6192802,39.3292924],[-76.6192822,39.3292941],[-76.6192831,39.3292954],[-76.6192834,39.3292961],[-76.6192834,39.3292966]]]}},{"type":"Feature","properties":{"layer":"Vegetation","symbol":3,"class":"Woodland","_tile":"6/35/33"},"geometry":{"type":"Polygon","coordinates":[[[-76.6192369,39.3286103],[-76.6192366,39.3286106],[-76.619234,39.3286117],[-76.6192306,39.3286122],[-76.6192255,39.3286117],[-76.6192195,39.3286106],[-76.6192093,39.3286082],[-76.6191978,39.3286052],[-76.6191843,39.328601],[-76.6191779,39.3285986],[-76.6191736,39.328592],[-76.6191639,39.3285768],[-76.6191554,39.328563],[-76.6191523,39.3285587],[-76.6191497,39.3285557],[-76.6191497,39.3285556],[-76.619143,39.3285494],[-76.6191407,39.3285467],[-76.6191398,39.3285452],[-76.6191392,39.328543],[-76.6191379,39.3285343],[-76.6191505,39.3285291],[-76.6191804,39.3285326],[-76.619188,39.3285397],[-76.6191932,39.3285443],[-76.6191979,39.3285478],[-76.6192022,39.3285501],[-76.6192217,39.3285576],[-76.6192287,39.3285569],[-76.6192323,39.3285418],[-76.6192395,39.3285239],[-76.6192438,39.328525],[-76.6192478,39.3285263],[-76.6192511,39.3285279],[-76.6192534,39.3285295],[-76.6192546,39.3285309],[-76.6192559,39.3285332],[-76.6192583,39.32854],[-76.6192589,39.3285428],[-76.6192593,39.3285464],[-76.6192595,39.3285493],[-76.6192596,39.328558],[-76.6192597,39.3285608],[-76.6192657,39.3285612],[-76.619272,39.3285618],[-76.6192761,39.3285629],[-76.6192773,39.3285636],[-76.6192782,39.3285645],[-76.6192784,39.3285659],[-76.6192781,39.3285681],[-76.6192759,39.3285745],[-76.6192745,39.3285771],[-76.6192723,39.32858],[-76.6192692,39.3285836],[-76.6192663,39.3285865],[-76.6192632,39.328589],[-76.6192518,39.3285967],[-76.61924,39.3286081],[-76.6192369,39.3286103]]]}},{"type":"Feature","properties":{"layer":"Vegetation","symbol":3,"class":"Woodland","_tile":"6/35/33"},"geometry":{"type":"Polygon","coordinates":[[[-76.6192757,39.3286398],[-76.6192771,39.3286407],[-76.6192792,39.3286425],[-76.6192812,39.3286453],[-76.6192825,39.328649],[-76.6192831,39.3286536],[-76.6192831,39.3286591],[-76.619283,39.3286592],[-76.6192822,39.3286649],[-76.6192806,39.3286709],[-76.6192784,39.3286759],[-76.6192781,39.3286762],[-76.6192759,39.3286798],[-76.6192719,39.3286837],[-76.6192698,39.3286853],[-76.6192681,39.3286863],[-76.6192667,39.3286868],[-76.6192649,39.3286868],[-76.6192629,39.3286863],[-76.6192603,39.3286853],[-76.6192557,39.3286829],[-76.6192428,39.3286753],[-76.6192355,39.3286722],[-76.6192263,39.3286689],[-76.6192146,39.3286653],[-76.6192021,39.3286618],[-76.6191799,39.3286561],[-76.6191734,39.328654],[-76.6191685,39.3286519],[-76.6191623,39.3286479],[-76.6191598,39.3286457],[-76.6191584,39.3286441],[-76.6191574,39.3286415],[-76.6191667,39.3286187],[-76.6191849,39.3286245],[-76.6191974,39.3286279],[-76.6192078,39.3286301],[-76.6192165,39.3286311],[-76.6192231,39.328631],[-76.6192431,39.3286296],[-76.619248,39.3286295],[-76.619252,39.3286299],[-76.619255,39.3286305],[-76.6192586,39.3286315],[-76.6192667,39.3286347],[-76.6192742,39.3286387],[-76.6192757,39.3286398]]]}},{"type":"Feature","properties":{"layer":"Vegetation","symbol":3,"class":"Woodland","_tile":"6/35/33"},"geometry":{"type":"Polygon","coordinates":[[[-76.6189718,39.3286236],[-76.6189787,39.3286311],[-76.6189852,39.3286444],[-76.6190094,39.3286929],[-76.6190142,39.3287099],[-76.6190096,39.3287317],[-76.619009,39.3287341],[-76.619008,39.328739],[-76.6190036,39.3287589],[-76.6190002,39.3287755],[-76.619,39.3287767],[-76.618997,39.3287889],[-76.6189955,39.3287942],[-76.6189939,39.3287982],[-76.6189922,39.3288017],[-76.6189907,39.3288042],[-76.6189903,39.3288045],[-76.6189871,39.3288084],[-76.6189815,39.3288134],[-76.6189734,39.3288193],[-76.6189708,39.328821],[-76.6189718,39.3286236]]]}},{"type":"Feature","properties":{"layer":"Vegetation","symbol":1,"class":"Hedgerows","_tile":"6/35/33"},"geometry":{"type":"Polygon","coordinates":[[[-76.6192818,39.3287311],[-76.6192813,39.3287333],[-76.6192799,39.3287363],[-76.6192781,39.3287389],[-76.6192759,39.3287407],[-76.6192745,39.3287413],[-76.6192722,39.3287415],[-76.6192639,39.3287411],[-76.6192604,39.3287409],[-76.6192583,39.328741],[-76.6192566,39.3287413],[-76.6192543,39.3287424],[-76.6192518,39.3287445],[-76.6192489,39.3287479],[-76.6192467,39.3287512],[-76.6192439,39.3287575],[-76.6192425,39.3287595],[-76.6192411,39.3287604],[-76.6192393,39.3287611],[-76.6192335,39.3287626],[-76.619227,39.3287634],[-76.6192244,39.3287634],[-76.6192226,39.328763],[-76.6192192,39.3287614],[-76.6192181,39.3287589],[-76.6192254,39.3287453],[-76.6192365,39.3287309],[-76.6192429,39.3287234],[-76.6192452,39.3287212],[-76.6192475,39.3287195],[-76.6192501,39.3287183],[-76.6192513,39.3287181],[-76.6192535,39.3287175],[-76.6192579,39.3287167],[-76.6192619,39.3287163],[-76.6192655,39.3287165],[-76.6192699,39.3287172],[-76.6192737,39.3287182],[-76.6192765,39.3287195],[-76.6192783,39.3287213],[-76.6192801,39.3287241],[-76.6192814,39.3287276],[-76.6192818,39.3287311]]]}},{"type":"Feature","properties":{"layer":"Vegetation","symbol":1,"class":"Hedgerows","_tile":"6/35/33"},"geometry":{"type":"Polygon","coordinates":[[[-76.6192277,39.3289391],[-76.6192274,39.3289411],[-76.6192268,39.3289427],[-76.6192265,39.328943],[-76.6191983,39.3289429],[-76.6191958,39.3289251],[-76.6191937,39.3288997],[-76.619192,39.3288841],[-76.6191871,39.3288542],[-76.6191855,39.328843],[-76.6191844,39.3288318],[-76.6191845,39.3288236],[-76.6191854,39.3288175],[-76.6191868,39.3288134],[-76.6191884,39.3288109],[-76.6191907,39.3288083],[-76.6191935,39.3288061],[-76.6191962,39.3288044],[-76.6191986,39.3288037],[-76.6192019,39.3288034],[-76.6192059,39.3288033],[-76.6192098,39.3288036],[-76.6192119,39.3288042],[-76.6192148,39.3288053],[-76.6192171,39.3288065],[-76.6192188,39.3288077],[-76.6192203,39.3288099],[-76.6192221,39.3288146],[-76.6192241,39.3288221],[-76.6192254,39.3288316],[-76.6192261,39.3288423],[-76.6192262,39.3288465],[-76.6192271,39.3289138],[-76.6192278,39.3289324],[-76.6192277,39.3289391]]]}},{"type":"Feature","properties":{"layer":"Vegetation","symbol":1,"class":"Hedgerows","_tile":"6/35/34"},"geometry":{"type":"Polygon","coordinates":[[[-76.6191673,39.3281884],[-76.6191662,39.3281955],[-76.619153,39.3281992],[-76.6191358,39.3282041],[-76.6191308,39.3281977],[-76.6191593,39.32818],[-76.6191643,39.3281801],[-76.6191674,39.3281841],[-76.6191673,39.3281884]]]}},{"type":"Feature","properties":{"layer":"Vegetation","symbol":1,"class":"Hedgerows","_tile":"6/35/34"},"geometry":{"type":"Polygon","coordinates":[[[-76.6191215,39.3282461],[-76.6191128,39.3282553],[-76.6191094,39.3282587],[-76.6191013,39.3282593],[-76.6190722,39.3282455],[-76.6190546,39.3282313],[-76.6190616,39.3282281],[-76.619068,39.3282231],[-76.6190885,39.3282431],[-76.6190914,39.3282457],[-76.6191029,39.3282412],[-76.6191154,39.3282339],[-76.6191215,39.3282461]]]}},{"type":"Feature","properties":{"layer":"Vegetation","symbol":1,"class":"Hedgerows","_tile":"6/35/35"},"geometry":{"type":"Polygon","coordinates":[[[-76.6196261,39.3274745],[-76.6195004,39.3274881],[-76.61948,39.3274882],[-76.6194529,39.3274886],[-76.6194525,39.3274799],[-76.6194517,39.3274678],[-76.6194528,39.3274642],[-76.6196261,39.3274648],[-76.6196261,39.3274745]]]}},{"type":"Feature","properties":{"layer":"Vegetation","symbol":1,"class":"Hedgerows","_tile":"6/35/35"},"geometry":{"type":"Polygon","coordinates":[[[-76.6194719,39.3275527],[-76.6194712,39.3275548],[-76.6194684,39.3275593],[-76.6194548,39.3275637],[-76.619446,39.3275625],[-76.6194433,39.3275619],[-76.6194414,39.327561],[-76.6194398,39.3275598],[-76.6194383,39.3275582],[-76.6194348,39.3275526],[-76.619433,39.3275478],[-76.6194277,39.3275285],[-76.6194265,39.3275231],[-76.6194264,39.3275187],[-76.6194269,39.3275143],[-76.6194278,39.3275105],[-76.6194291,39.327508],[-76.6194321,39.3275054],[-76.6194372,39.3275022],[-76.6194403,39.327501],[-76.6194441,39.3275],[-76.6194487,39.3274992],[-76.6194529,39.3274988],[-76.619459,39.3274991],[-76.6194618,39.3274996],[-76.6194635,39.3275002],[-76.6194648,39.3275013],[-76.6194661,39.3275029],[-76.6194691,39.3275091],[-76.6194708,39.3275142],[-76.6194715,39.3275207],[-76.6194716,39.3275275],[-76.6194714,39.327542],[-76.6194719,39.3275527]]]}},{"type":"Feature","properties":{"layer":"Vegetation","symbol":1,"class":"Hedgerows","_tile":"6/35/36"},"geometry":{"type":"Polygon","coordinates":[[[-76.6194467,39.3272814],[-76.6194232,39.3272813],[-76.6194011,39.3269759],[-76.6194261,39.326976],[-76.6194467,39.3272814]]]}},{"type":"Feature","properties":{"layer":"Vegetation","symbol":1,"class":"Hedgerows","_tile":"6/35/36"},"geometry":{"type":"Polygon","coordinates":[[[-76.6196261,39.3274745],[-76.619577,39.3274799],[-76.6194525,39.3274795],[-76.6194517,39.3274678],[-76.619457,39.3274508],[-76.6196262,39.3274464],[-76.6196261,39.3274745]]]}},{"type":"Feature","properties":{"layer":"Vegetation","symbol":3,"class":"Woodland","_tile":"6/35/37"},"geometry":{"type":"Polygon","coordinates":[[[-76.6195979,39.3264885],[-76.6195851,39.3264976],[-76.6195819,39.3265002],[-76.6195699,39.3265093],[-76.6195588,39.3265178],[-76.6195508,39.3265235],[-76.6195434,39.3265275],[-76.6195405,39.3265286],[-76.6195377,39.3265294],[-76.6195337,39.3265298],[-76.6195281,39.3265296],[-76.6195248,39.3265294],[-76.6195216,39.326529],[-76.6195159,39.326528],[-76.6195126,39.3265271],[-76.6195086,39.3265255],[-76.6195066,39.3265245],[-76.6195011,39.326522],[-76.6194993,39.3265207],[-76.6194976,39.3265189],[-76.6194961,39.3265168],[-76.6194947,39.3265141],[-76.6194929,39.3265093],[-76.6194879,39.326493],[-76.6194892,39.3264881],[-76.6195979,39.3264885]]]}},{"type":"Feature","properties":{"layer":"Vegetation","symbol":1,"class":"Hedgerows","_tile":"6/35/37"},"geometry":{"type":"Polygon","coordinates":[[[-76.6189923,39.3266442],[-76.6190038,39.3266384],[-76.6190077,39.3266359],[-76.61901,39.3266336],[-76.6190111,39.3266317],[-76.6190119,39.3266294],[-76.6190125,39.3266264],[-76.6190124,39.3266199],[-76.6190118,39.3266165],[-76.6190109,39.3266136],[-76.6190098,39.3266115],[-76.6190086,39.3266103],[-76.6190069,39.3266092],[-76.6190017,39.3266069],[-76.6189956,39.3266051],[-76.6189827,39.3266021],[-76.6189829,39.3265588],[-76.6189865,39.3265594],[-76.6189907,39.3265603],[-76.6189946,39.3265611],[-76.6190035,39.3265636],[-76.6190105,39.3265657],[-76.6190127,39.3265663],[-76.6190214,39.3265694],[-76.6190295,39.3265726],[-76.6190365,39.3265758],[-76.6190422,39.3265789],[-76.6190466,39.3265819],[-76.6190497,39.3265844],[-76.619053,39.3265877],[-76.6190564,39.3265915],[-76.6190588,39.3265945],[-76.6190607,39.3265977],[-76.6190622,39.3266015],[-76.6190635,39.3266057],[-76.6190643,39.3266094],[-76.6190641,39.3266128],[-76.6190629,39.3266168],[-76.6190607,39.3266209],[-76.6190573,39.3266257],[-76.6190531,39.3266304],[-76.6190476,39.326636],[-76.6190346,39.3266477],[-76.6190312,39.3266506],[-76.6190231,39.3266572],[-76.6190191,39.3266601],[-76.6190026,39.3266712],[-76.6189823,39.3266835],[-76.6189824,39.3266511],[-76.6189838,39.3266496],[-76.6189872,39.3266469],[-76.6189923,39.3266442]]]}},{"type":"Feature","properties":{"layer":"Vegetation","symbol":1,"class":"Hedgerows","_tile":"6/35/37"},"geometry":{"type":"Polygon","coordinates":[[[-76.6194021,39.3269912],[-76.6193996,39.3269571],[-76.6194271,39.3269552],[-76.6194254,39.3269651],[-76.6194271,39.3269913],[-76.6194021,39.3269912]]]}},{"type":"Feature","properties":{"layer":"Vegetation","symbol":3,"class":"Woodland","_tile":"6/35/38"},"geometry":{"type":"Polygon","coordinates":[[[-76.6196315,39.3264654],[-76.6196056,39.326483],[-76.6195851,39.3264976],[-76.6195819,39.3265002],[-76.6195773,39.3265037],[-76.6194911,39.3265034],[-76.6194879,39.326493],[-76.6194937,39.3264716],[-76.6195059,39.3264583],[-76.6195344,39.3264269],[-76.6195518,39.3264183],[-76.6195746,39.3264068],[-76.6195881,39.3263997],[-76.6195991,39.3263935],[-76.6196072,39.3263883],[-76.6196163,39.3263821],[-76.6196265,39.3263746],[-76.619632,39.3263703],[-76.6196315,39.3264654]]]}},{"type":"Feature","properties":{"layer":"Vegetation","symbol":1,"class":"Hedgerows","_tile":"6/35/38"},"geometry":{"type":"Polygon","coordinates":[[[-76.6189957,39.3260107],[-76.618999,39.326015],[-76.6190032,39.3260187],[-76.6190079,39.3260221],[-76.6190133,39.3260249],[-76.6190191,39.326027],[-76.6190251,39.3260286],[-76.6190315,39.3260294],[-76.6190378,39.3260296],[-76.6190442,39.326029],[-76.6190504,39.3260278],[-76.6190564,39.3260259],[-76.6190619,39.3260235],[-76.619067,39.3260204],[-76.6190715,39.3260168],[-76.6190752,39.3260128],[-76.6190781,39.3260084],[-76.6190803,39.3260036],[-76.6190817,39.3259989],[-76.6190817,39.3259987],[-76.6190855,39.3259988],[-76.6190855,39.3259992],[-76.6190839,39.3260045],[-76.6190816,39.3260096],[-76.6190784,39.3260143],[-76.6190744,39.3260187],[-76.6190696,39.3260227],[-76.619064,39.326026],[-76.619058,39.3260287],[-76.6190516,39.3260307],[-76.6190448,39.326032],[-76.6190379,39.3260326],[-76.619031,39.3260324],[-76.6190243,39.3260314],[-76.6190175,39.3260299],[-76.6190114,39.3260275],[-76.6190056,39.3260245],[-76.6190004,39.3260209],[-76.618996,39.3260168],[-76.6189922,39.3260122],[-76.6189894,39.3260073],[-76.6189875,39.3260021],[-76.6189867,39.3259984],[-76.6189907,39.3259984],[-76.6189913,39.3260014],[-76.618993,39.3260062],[-76.6189957,39.3260107]]]}},{"type":"Feature","properties":{"layer":"Vegetation","symbol":1,"class":"Hedgerows","_tile":"6/35/39"},"geometry":{"type":"Polygon","coordinates":[[[-76.6189883,39.3255521],[-76.6190004,39.3255429],[-76.619012,39.3255521],[-76.6190121,39.3255524],[-76.6189958,39.3255647],[-76.6189882,39.3255705],[-76.6189883,39.3255521]]]}},{"type":"Feature","properties":{"layer":"Vegetation","symbol":1,"class":"Hedgerows","_tile":"6/35/39"},"geometry":{"type":"Polygon","coordinates":[[[-76.6196349,39.3258351],[-76.6196201,39.3258235],[-76.6196193,39.3258197],[-76.6196204,39.3258179],[-76.619635,39.3258061],[-76.6196349,39.3258351]]]}},{"type":"Feature","properties":{"layer":"Vegetation","symbol":1,"class":"Hedgerows","_tile":"6/35/39"},"geometry":{"type":"Polygon","coordinates":[[[-76.6190858,39.3259939],[-76.6190855,39.3259992],[-76.6190839,39.3260045],[-76.6190816,39.3260096],[-76.6190787,39.326014],[-76.6190741,39.326014],[-76.6190752,39.3260128],[-76.6190781,39.3260084],[-76.6190803,39.3260036],[-76.6190817,39.3259989],[-76.619082,39.3259939],[-76.6190816,39.3259888],[-76.6190802,39.325984],[-76.6190779,39.3259793],[-76.6190751,39.325975],[-76.6190712,39.3259709],[-76.6190668,39.3259674],[-76.6190618,39.3259644],[-76.6190561,39.3259618],[-76.6190501,39.32596],[-76.619044,39.3259588],[-76.6190376,39.3259583],[-76.6190313,39.3259584],[-76.6190248,39.3259594],[-76.6190188,39.3259609],[-76.619013,39.3259631],[-76.6190077,39.3259659],[-76.619003,39.3259693],[-76.618999,39.3259731],[-76.6189956,39.3259773],[-76.6189929,39.3259819],[-76.6189912,39.3259867],[-76.6189903,39.3259915],[-76.6189902,39.3259965],[-76.6189913,39.3260014],[-76.618993,39.3260062],[-76.6189957,39.3260107],[-76.618998,39.3260137],[-76.6189934,39.3260137],[-76.6189922,39.3260122],[-76.6189894,39.3260073],[-76.6189875,39.3260021],[-76.6189864,39.3259968],[-76.6189864,39.3259914],[-76.6189874,39.3259859],[-76.6189893,39.3259808],[-76.618992,39.3259759],[-76.6189957,39.3259713],[-76.6189985,39.3259687],[-76.6190005,39.3259669],[-76.6190053,39.3259636],[-76.6190111,39.3259605],[-76.6190173,39.3259581],[-76.6190239,39.3259565],[-76.6190308,39.3259554],[-76.6190377,39.3259553],[-76.6190446,39.3259558],[-76.6190514,39.3259572],[-76.6190578,39.3259591],[-76.6190638,39.3259619],[-76.6190693,39.3259651],[-76.6190742,39.325969],[-76.6190783,39.3259733],[-76.6190815,39.3259781],[-76.6190839,39.3259831],[-76.6190854,39.3259885],[-76.6190858,39.3259939]]]}},{"type":"Feature","properties":{"layer":"Vegetation","symbol":3,"class":"Woodland","_tile":"6/35/40"},"geometry":{"type":"Polygon","coordinates":[[[-76.6192506,39.3250231],[-76.6192284,39.32504],[-76.619076,39.3251489],[-76.6189904,39.3251761],[-76.6189912,39.3250223],[-76.6192506,39.3250231]]]}},{"type":"Feature","properties":{"layer":"Vegetation","symbol":2,"class":"Landscape Beds","_tile":"6/35/40"},"geometry":{"type":"Polygon","coordinates":[[[-76.6195316,39.325146],[-76.6195364,39.3251496],[-76.6195364,39.3251498],[-76.6193957,39.3252607],[-76.6193907,39.325257],[-76.6193849,39.3252525],[-76.6195268,39.3251423],[-76.6195316,39.325146]]]}},{"type":"Feature","properties":{"layer":"Vegetation","symbol":1,"class":"Hedgerows","_tile":"6/35/40"},"geometry":{"type":"Polygon","coordinates":[[[-76.6195826,39.3251114],[-76.6195748,39.3251053],[-76.6196391,39.3250576],[-76.6196389,39.325096],[-76.6196274,39.3250864],[-76.6195903,39.3251129],[-76.6195858,39.3251092],[-76.6195842,39.3251102],[-76.6195829,39.3251113],[-76.6195826,39.3251114]]]}},{"type":"Feature","properties":{"layer":"Vegetation","symbol":3,"class":"Woodland","_tile":"6/35/41"},"geometry":{"type":"Polygon","coordinates":[[[-76.6196419,39.3245363],[-76.6196408,39.3247237],[-76.6195681,39.3247819],[-76.6192306,39.3250383],[-76.6189911,39.3250375],[-76.6189938,39.3245342],[-76.6196419,39.3245363]]]}},{"type":"Feature","properties":{"layer":"Vegetation","symbol":3,"class":"Woodland","_tile":"6/35/42"},"geometry":{"type":"Polygon","coordinates":[[[-76.6196445,39.3240482],[-76.6196435,39.324221],[-76.6196199,39.3242801],[-76.6196111,39.3243418],[-76.6196427,39.3243808],[-76.6196418,39.3245515],[-76.6189937,39.3245494],[-76.6189955,39.3242112],[-76.6189968,39.3242034],[-76.6189987,39.324187],[-76.6190007,39.3241609],[-76.6190009,39.3241572],[-76.6190011,39.3241564],[-76.6190014,39.3241472],[-76.6190024,39.3241276],[-76.6190036,39.3241058],[-76.6190043,39.3240963],[-76.6190045,39.3240917],[-76.6190046,39.3240914],[-76.6190048,39.3240871],[-76.6190061,39.3240734],[-76.6190064,39.324069],[-76.6190074,39.3240601],[-76.6190092,39.3240472],[-76.6190093,39.3240462],[-76.6196445,39.3240482]]]}},{"type":"Feature","properties":{"layer":"Vegetation","symbol":3,"class":"Woodland","_tile":"6/35/43"},"geometry":{"type":"Polygon","coordinates":[[[-76.619493,39.3235741],[-76.6194687,39.3235859],[-76.6194641,39.3235881],[-76.6195412,39.3235876],[-76.6196248,39.3235894],[-76.6196469,39.3235968],[-76.6196444,39.3240635],[-76.6190072,39.3240614],[-76.6190074,39.3240601],[-76.6190092,39.3240472],[-76.6190106,39.3240388],[-76.6190122,39.3240307],[-76.619015,39.324019],[-76.6190172,39.3240116],[-76.6190197,39.3240046],[-76.6190239,39.3239947],[-76.6190254,39.3239916],[-76.6190274,39.3239881],[-76.6190319,39.3239808],[-76.6190345,39.323977],[-76.6190435,39.3239651],[-76.6190501,39.3239569],[-76.6190611,39.3239442],[-76.6190806,39.3239222],[-76.6190846,39.3239178],[-76.6190884,39.3239133],[-76.6190924,39.3239089],[-76.6191,39.3238999],[-76.6191039,39.3238955],[-76.6191145,39.3238822],[-76.619121,39.3238735],[-76.6191267,39.3238649],[-76.6191294,39.3238607],[-76.6191342,39.3238524],[-76.6191362,39.3238484],[-76.6191394,39.3238405],[-76.6191415,39.3238329],[-76.6191421,39.3238294],[-76.6191424,39.323826],[-76.6191426,39.3238226],[-76.6191425,39.323819],[-76.6191423,39.3238183],[-76.6191422,39.3238151],[-76.6191418,39.3238111],[-76.6191404,39.3238028],[-76.6191374,39.3237883],[-76.6191365,39.3237849],[-76.6191322,39.3237662],[-76.619131,39.3237615],[-76.619129,39.3237522],[-76.6191281,39.3237477],[-76.6191266,39.3237389],[-76.6191258,39.3237304],[-76.6191255,39.3237225],[-76.6191257,39.3237188],[-76.6191262,39.3237153],[-76.6191268,39.3237119],[-76.6191277,39.3237088],[-76.6191293,39.3237049],[-76.6191316,39.323701],[-76.6191344,39.3236969],[-76.6191378,39.3236928],[-76.6191416,39.3236886],[-76.6191458,39.3236845],[-76.6191503,39.3236803],[-76.6191552,39.323676],[-76.6191658,39.3236674],[-76.6191748,39.3236605],[-76.6191771,39.3236588],[-76.6192057,39.3236371],[-76.6192164,39.3236286],[-76.6192215,39.3236243],[-76.6192261,39.3236201],[-76.6192304,39.323616],[-76.6192344,39.3236118],[-76.619238,39.3236078],[-76.6192409,39.3236037],[-76.6192434,39.3235998],[-76.6192452,39.323596],[-76.6192465,39.3235927],[-76.6192484,39.3235851],[-76.619249,39.3235808],[-76.6192495,39.3235762],[-76.6192498,39.3235716],[-76.61925,39.3235668],[-76.6192497,39.3235588],[-76.6195159,39.3235597],[-76.6195139,39.3235638],[-76.619493,39.3235741]]]}},{"type":"Feature","properties":{"layer":"Vegetation","symbol":3,"class":"Woodland","_tile":"6/36/32"},"geometry":{"type":"Polygon","coordinates":[[[-76.6187226,39.3289261],[-76.6187137,39.3289262],[-76.6187094,39.3289261],[-76.6187226,39.3289261]],[[-76.6183852,39.328925],[-76.6183748,39.3289356],[-76.6183574,39.3289515],[-76.6183492,39.3289583],[-76.6183415,39.3289643],[-76.6183418,39.3289249],[-76.6183852,39.328925]]]}},{"type":"Feature","properties":{"layer":"Vegetation","symbol":3,"class":"Woodland","_tile":"6/36/32"},"geometry":{"type":"Polygon","coordinates":[[[-76.6189686,39.3291419],[-76.6189788,39.3291493],[-76.618982,39.3291519],[-76.6189886,39.3291571],[-76.6189871,39.3294303],[-76.618929,39.3294301],[-76.6189293,39.3294267],[-76.6189298,39.3294209],[-76.61893,39.3294159],[-76.6189292,39.3294156],[-76.6189128,39.3294096],[-76.6189035,39.3294062],[-76.618884,39.3293987],[-76.6188677,39.3293921],[-76.6188554,39.3293869],[-76.6188475,39.3293833],[-76.6188412,39.3293803],[-76.618838,39.3293785],[-76.61883,39.3293744],[-76.618821,39.3293689],[-76.6188164,39.3293659],[-76.6188103,39.3293611],[-76.6188069,39.329358],[-76.6188004,39.3293514],[-76.6187932,39.3293429],[-76.618786,39.3293338],[-76.6187795,39.3293244],[-76.6187754,39.3293177],[-76.6187743,39.3293162],[-76.6187698,39.3293075],[-76.6187667,39.3293005],[-76.6187654,39.3292958],[-76.6187643,39.3292896],[-76.6187636,39.3292828],[-76.6187633,39.3292756],[-76.6187634,39.3292674],[-76.6187639,39.3292593],[-76.6187647,39.3292508],[-76.618766,39.3292434],[-76.6187671,39.3292387],[-76.6187686,39.3292337],[-76.6187708,39.3292284],[-76.6187738,39.3292223],[-76.6187767,39.3292167],[-76.6187806,39.3292102],[-76.6187849,39.3292037],[-76.6187898,39.3291967],[-76.6187945,39.3291908],[-76.6187996,39.3291846],[-76.6188007,39.3291835],[-76.618805,39.3291786],[-76.6188104,39.329173],[-76.6188142,39.3291692],[-76.6188212,39.3291632],[-76.6188213,39.329163],[-76.6188269,39.3291587],[-76.6188313,39.3291555],[-76.6188352,39.3291532],[-76.6188403,39.3291505],[-76.6188452,39.3291483],[-76.6188513,39.3291457],[-76.6188658,39.3291405],[-76.6188724,39.3291385],[-76.6188885,39.329134],[-76.6188973,39.329132],[-76.6189074,39.32913],[-76.6189114,39.3291293],[-76.6189189,39.3291282],[-76.6189251,39.3291275],[-76.6189305,39.3291273],[-76.6189352,39.3291273],[-76.6189378,39.3291276],[-76.6189413,39.3291282],[-76.6189441,39.3291289],[-76.6189476,39.3291301],[-76.6189513,39.3291316],[-76.618955,39.3291334],[-76.6189626,39.3291378],[-76.6189686,39.3291419]]]}},{"type":"Feature","properties":{"layer":"Vegetation","symbol":3,"class":"Woodland","_tile":"6/36/33"},"geometry":{"type":"Polygon","coordinates":[[[-76.6183444,39.3284368],[-76.6187279,39.328438],[-76.6187332,39.3284392],[-76.6187411,39.32844],[-76.6187734,39.3284407],[-76.6187826,39.3284414],[-76.6187934,39.3284425],[-76.6188042,39.3284441],[-76.6188144,39.3284458],[-76.6188236,39.3284478],[-76.6188315,39.3284498],[-76.6188383,39.3284521],[-76.6188435,39.3284543],[-76.6188475,39.3284563],[-76.6188515,39.3284589],[-76.6188605,39.3284655],[-76.61887,39.3284738],[-76.6188798,39.3284837],[-76.6188895,39.3284948],[-76.6188956,39.3285028],[-76.6188982,39.328506],[-76.6189054,39.3285168],[-76.6189107,39.3285263],[-76.6189145,39.3285349],[-76.6189185,39.3285457],[-76.6189222,39.3285573],[-76.6189287,39.3285774],[-76.6189787,39.3286311],[-76.6189852,39.3286444],[-76.6189913,39.3286566],[-76.6189905,39.3288044],[-76.6189903,39.3288045],[-76.6189871,39.3288084],[-76.6189815,39.3288134],[-76.6189748,39.3288184],[-76.6189671,39.3288233],[-76.6189586,39.3288283],[-76.6189474,39.3288344],[-76.6189208,39.3288479],[-76.6189141,39.3288513],[-76.6189135,39.3288515],[-76.6189054,39.328856],[-76.6188966,39.3288614],[-76.6188707,39.3288781],[-76.6188519,39.3288903],[-76.6188406,39.3288973],[-76.6188304,39.3289032],[-76.6188193,39.3289091],[-76.6188095,39.3289137],[-76.6188042,39.3289159],[-76.6188021,39.3289166],[-76.6188001,39.3289174],[-76.6187959,39.3289187],[-76.6187861,39.3289209],[-76.6187797,39.3289221],[-76.6187741,39.3289229],[-76.6187726,39.328923],[-76.6187652,39.328924],[-76.6187494,39.3289252],[-76.6187414,39.3289257],[-76.6187316,39.328926],[-76.6187137,39.3289262],[-76.6186965,39.3289257],[-76.618689,39.3289252],[-76.6186819,39.3289245],[-76.6186752,39.3289238],[-76.6186626,39.3289217],[-76.6186562,39.3289203],[-76.6186493,39.3289186],[-76.6186421,39.3289167],[-76.6186261,39.3289118],[-76.6186073,39.3289055],[-76.618584,39.3288968],[-76.6185693,39.328891],[-76.6185287,39.3288747],[-76.6185278,39.3288742],[-76.6185113,39.3288675],[-76.6184952,39.3288611],[-76.6184741,39.3288522],[-76.6184681,39.32885],[-76.6184623,39.3288479],[-76.6184589,39.328847],[-76.6184549,39.3288461],[-76.6184513,39.3288456],[-76.6184497,39.3288456],[-76.6184484,39.3288458],[-76.618447,39.3288462],[-76.6184453,39.3288468],[-76.6184427,39.3288482],[-76.6184405,39.3288498],[-76.6184363,39.3288536],[-76.6184314,39.3288593],[-76.6184274,39.328865],[-76.6184234,39.328871],[-76.6184096,39.3288937],[-76.6184046,39.3289012],[-76.6184011,39.3289062],[-76.618392,39.3289175],[-76.6183853,39.3289248],[-76.6183748,39.3289356],[-76.6183697,39.3289402],[-76.6183417,39.3289401],[-76.6183444,39.3284368]]]}},{"type":"Feature","properties":{"layer":"Vegetation","symbol":3,"class":"Woodland","_tile":"6/36/34"},"geometry":{"type":"Polygon","coordinates":[[[-76.6183452,39.3282794],[-76.6184415,39.3283512],[-76.6184429,39.3283536],[-76.6184455,39.3283569],[-76.618449,39.3283605],[-76.6184529,39.3283642],[-76.6184575,39.328368],[-76.6184623,39.3283717],[-76.6184671,39.328375],[-76.6184719,39.3283779],[-76.6184762,39.3283801],[-76.6184812,39.3283822],[-76.6184889,39.3283848],[-76.6184949,39.3283865],[-76.6185031,39.3283887],[-76.6185114,39.3283905],[-76.6185183,39.3283918],[-76.618526,39.3283929],[-76.6185318,39.3283935],[-76.6185421,39.3283942],[-76.6185516,39.3283944],[-76.6185603,39.3283945],[-76.6185689,39.3283943],[-76.6185763,39.3283936],[-76.6185809,39.3283929],[-76.6185849,39.3283919],[-76.6185889,39.3283904],[-76.6185909,39.3283892],[-76.6185927,39.3283878],[-76.6185944,39.3283862],[-76.6185983,39.3283818],[-76.6186003,39.3283789],[-76.618604,39.3283722],[-76.6186073,39.3283648],[-76.6186101,39.3283578],[-76.618612,39.3283523],[-76.618619,39.3283303],[-76.6186198,39.3283282],[-76.6186207,39.3283248],[-76.6186249,39.3283117],[-76.6186277,39.3283038],[-76.6186297,39.3282984],[-76.6186333,39.3282904],[-76.6186364,39.328285],[-76.6186398,39.3282801],[-76.6186415,39.3282782],[-76.6186434,39.3282765],[-76.6186452,39.3282751],[-76.6186466,39.3282743],[-76.6186494,39.328273],[-76.6186534,39.3282714],[-76.6186615,39.3282691],[-76.6186729,39.3282666],[-76.6186904,39.3282636],[-76.6187092,39.328296],[-76.6187133,39.3283043],[-76.6187159,39.3283111],[-76.6187183,39.3283206],[-76.6187207,39.328333],[-76.6187225,39.3283451],[-76.6187233,39.3283551],[-76.6187233,39.3283608],[-76.6187226,39.3283679],[-76.6187179,39.3284031],[-76.6187172,39.3284113],[-76.6187173,39.3284183],[-76.6187184,39.3284256],[-76.618719,39.3284278],[-76.6187191,39.3284287],[-76.6187203,39.3284315],[-76.6187218,39.3284338],[-76.6187237,39.3284356],[-76.6187257,39.3284371],[-76.6187279,39.328438],[-76.6187332,39.3284392],[-76.6187411,39.32844],[-76.6187734,39.3284407],[-76.6187826,39.3284414],[-76.6187934,39.3284425],[-76.6188042,39.3284441],[-76.6188144,39.3284458],[-76.6188236,39.3284478],[-76.6188315,39.3284498],[-76.6188383,39.3284521],[-76.6188422,39.3284537],[-76.6183443,39.328452],[-76.6183452,39.3282794]]]}},{"type":"Feature","properties":{"layer":"Vegetation","symbol":1,"class":"Hedgerows","_tile":"6/36/34"},"geometry":{"type":"Polygon","coordinates":[[[-76.6189036,39.3280657],[-76.618879,39.3280846],[-76.6188953,39.3280974],[-76.6188819,39.3281054],[-76.6188718,39.328099],[-76.6188618,39.328089],[-76.6188616,39.3280874],[-76.6188609,39.3280834],[-76.6188639,39.3280731],[-76.6188679,39.3280641],[-76.6188779,39.3280574],[-76.6188848,39.3280573],[-76.6188948,39.3280587],[-76.6189036,39.3280657]]]}},{"type":"Feature","properties":{"layer":"Vegetation","symbol":1,"class":"Hedgerows","_tile":"6/36/34"},"geometry":{"type":"Polygon","coordinates":[[[-76.6187548,39.3283284],[-76.6187546,39.3283302],[-76.6187537,39.3283322],[-76.6187524,39.328334],[-76.6187509,39.3283351],[-76.6187492,39.3283355],[-76.6187469,39.3283353],[-76.6187408,39.3283337],[-76.618736,39.3283316],[-76.6187313,39.3283286],[-76.6187258,39.3283241],[-76.6187217,39.3283199],[-76.6187192,39.3283169],[-76.6187165,39.3283123],[-76.6187151,39.3283075],[-76.6187138,39.3283042],[-76.6187132,39.3283021],[-76.6187135,39.3282986],[-76.6187152,39.3282911],[-76.6187165,39.3282884],[-76.6187166,39.3282877],[-76.6187187,39.328284],[-76.6187216,39.3282795],[-76.6187245,39.3282756],[-76.6187284,39.3282717],[-76.6187308,39.3282701],[-76.6187321,39.3282699],[-76.6187333,39.3282699],[-76.6187361,39.3282704],[-76.6187373,39.3282715],[-76.6187385,39.3282756],[-76.6187339,39.3282936],[-76.6187357,39.3283044],[-76.618751,39.3283224],[-76.6187536,39.3283257],[-76.6187548,39.3283284]]]}},{"type":"Feature","properties":{"layer":"Vegetation","symbol":1,"class":"Hedgerows","_tile":"6/36/36"},"geometry":{"type":"Polygon","coordinates":[[[-76.6185224,39.3269731],[-76.6185173,39.3269773],[-76.6185101,39.326984],[-76.6185055,39.3269877],[-76.6185011,39.32699],[-76.6184982,39.3269907],[-76.6184953,39.3269899],[-76.6184919,39.3269883],[-76.6184851,39.3269838],[-76.6184802,39.32698],[-76.6184773,39.3269775],[-76.6184773,39.3269774],[-76.6184753,39.3269756],[-76.6184732,39.3269729],[-76.6185224,39.3269731]]]}},{"type":"Feature","properties":{"layer":"Vegetation","symbol":1,"class":"Hedgerows","_tile":"6/36/36"},"geometry":{"type":"Polygon","coordinates":[[[-76.618374,39.3269744],[-76.618375,39.3269731],[-76.6183754,39.3269726],[-76.6184072,39.3269727],[-76.6184052,39.3269758],[-76.6184022,39.3269785],[-76.6184018,39.3269788],[-76.6183947,39.3269839],[-76.6183911,39.3269876],[-76.6183895,39.3269896],[-76.6183879,39.326992],[-76.6183914,39.3270069],[-76.6183901,39.3270127],[-76.6183899,39.3270128],[-76.6183888,39.3270158],[-76.6183876,39.3270175],[-76.6183848,39.3270202],[-76.6183816,39.3270228],[-76.6183796,39.327024],[-76.6183768,39.3270251],[-76.6183722,39.3270259],[-76.6183673,39.3270261],[-76.6183646,39.3270257],[-76.6183623,39.3270247],[-76.6183563,39.3270207],[-76.6183543,39.3270199],[-76.6183523,39.3270199],[-76.618352,39.32702],[-76.6183522,39.3269888],[-76.6183525,39.3269889],[-76.6183568,39.32699],[-76.6183581,39.3269904],[-76.6183649,39.3269924],[-76.618368,39.3269925],[-76.6183706,39.3269916],[-76.6183715,39.3269908],[-76.6183718,39.3269893],[-76.6183706,39.3269856],[-76.6183702,39.3269821],[-76.6183703,39.3269809],[-76.6183705,39.3269808],[-76.6183706,39.3269801],[-76.6183706,39.3269795],[-76.6183722,39.3269767],[-76.618374,39.3269744]]]}},{"type":"Feature","properties":{"layer":"Vegetation","symbol":1,"class":"Hedgerows","_tile":"6/36/36"},"geometry":{"type":"Polygon","coordinates":[[[-76.6184561,39.3270071],[-76.6184555,39.3270097],[-76.618455,39.3270107],[-76.6184538,39.3270122],[-76.6184482,39.3270168],[-76.6184416,39.3270229],[-76.6184402,39.3270248],[-76.6184399,39.3270255],[-76.6184399,39.3270256],[-76.6184403,39.327026],[-76.6184416,39.3270274],[-76.6184426,39.3270299],[-76.6184466,39.3270403],[-76.6184261,39.3270541],[-76.6184125,39.3270668],[-76.6184036,39.3270754],[-76.6183971,39.3270823],[-76.6183966,39.3270827],[-76.6183914,39.3270895],[-76.6183873,39.3270958],[-76.618383,39.3271047],[-76.6183793,39.3271138],[-76.6183769,39.3271222],[-76.6183761,39.3271268],[-76.618375,39.32714],[-76.618374,39.3271455],[-76.6183722,39.3271511],[-76.6183706,39.3271537],[-76.6183692,39.3271552],[-76.6183674,39.3271565],[-76.6183637,39.3271579],[-76.6183606,39.3271587],[-76.6183605,39.3271588],[-76.6183555,39.3271598],[-76.6183512,39.3271603],[-76.6183519,39.3270486],[-76.6183531,39.3270475],[-76.6183579,39.3270436],[-76.6183628,39.3270404],[-76.6183674,39.3270377],[-76.6183748,39.3270345],[-76.6183997,39.3270257],[-76.6184051,39.3270236],[-76.6184095,39.3270216],[-76.6184163,39.3270177],[-76.6184286,39.3270097],[-76.6184356,39.3270049],[-76.61844,39.3270019],[-76.6184436,39.3270001],[-76.6184459,39.3269998],[-76.6184494,39.3269998],[-76.6184506,39.3270002],[-76.6184531,39.3270017],[-76.6184552,39.3270036],[-76.6184558,39.3270045],[-76.6184558,39.3270052],[-76.6184561,39.3270071]]]}},{"type":"Feature","properties":{"layer":"Vegetation","symbol":1,"class":"Hedgerows","_tile":"6/36/37"},"geometry":{"type":"Polygon","coordinates":[[[-76.6188936,39.3264862],[-76.6188697,39.3265012],[-76.6188651,39.3264928],[-76.6188647,39.3264896],[-76.6188641,39.3264861],[-76.6188936,39.3264862]]]}},{"type":"Feature","properties":{"layer":"Vegetation","symbol":1,"class":"Hedgerows","_tile":"6/36/37"},"geometry":{"type":"Polygon","coordinates":[[[-76.6188568,39.3265092],[-76.6188359,39.3265071],[-76.6188324,39.326504],[-76.6188245,39.3264914],[-76.6188284,39.326486],[-76.6188495,39.3264861],[-76.6188484,39.3264904],[-76.6188527,39.3264987],[-76.6188563,39.3265047],[-76.6188568,39.3265092]]]}},{"type":"Feature","properties":{"layer":"Vegetation","symbol":1,"class":"Hedgerows","_tile":"6/36/37"},"geometry":{"type":"Polygon","coordinates":[[[-76.6185684,39.3265469],[-76.6185638,39.3265546],[-76.6185536,39.3265625],[-76.6185473,39.3265666],[-76.6185402,39.3265665],[-76.6185352,39.3265641],[-76.6185212,39.3265641],[-76.6185117,39.326561],[-76.6185067,39.3265591],[-76.6184993,39.3265552],[-76.618487,39.3265475],[-76.6184787,39.3265417],[-76.6184726,39.326537],[-76.6184694,39.3265342],[-76.6184676,39.3265321],[-76.6184669,39.3265308],[-76.6184665,39.3265281],[-76.6184665,39.3265253],[-76.6184668,39.3265228],[-76.6184675,39.3265212],[-76.618469,39.3265184],[-76.6184716,39.3265154],[-76.6184741,39.3265138],[-76.6184752,39.3265136],[-76.618477,39.3265139],[-76.6184779,39.3265144],[-76.6184798,39.326516],[-76.6184824,39.3265194],[-76.6184884,39.3265286],[-76.6184919,39.3265323],[-76.6184958,39.3265357],[-76.6185,39.3265381],[-76.6185069,39.3265405],[-76.6185148,39.3265422],[-76.618519,39.3265427],[-76.6185221,39.3265428],[-76.6185249,39.3265426],[-76.6185281,39.326542],[-76.6185355,39.3265402],[-76.6185419,39.3265388],[-76.6185467,39.3265384],[-76.6185499,39.3265387],[-76.6185571,39.3265402],[-76.6185591,39.3265407],[-76.6185642,39.3265415],[-76.6185671,39.3265425],[-76.6185677,39.3265437],[-76.6185684,39.3265469]]]}},{"type":"Feature","properties":{"layer":"Vegetation","symbol":1,"class":"Hedgerows","_tile":"6/36/37"},"geometry":{"type":"Polygon","coordinates":[[[-76.6184472,39.3265842],[-76.6184427,39.3265888],[-76.6184373,39.3265906],[-76.6184301,39.3265887],[-76.6183907,39.326557],[-76.6183802,39.3265512],[-76.6183794,39.3265506],[-76.6183768,39.3265481],[-76.6183808,39.3265443],[-76.6183891,39.3265424],[-76.6183968,39.32654],[-76.6184135,39.3265442],[-76.618417,39.3265553],[-76.6184301,39.3265657],[-76.6184385,39.3265721],[-76.6184454,39.32658],[-76.6184472,39.3265842]]]}},{"type":"Feature","properties":{"layer":"Vegetation","symbol":1,"class":"Hedgerows","_tile":"6/36/37"},"geometry":{"type":"Polygon","coordinates":[[[-76.6186957,39.3265692],[-76.6186867,39.3265853],[-76.6186672,39.3265905],[-76.6186621,39.3265921],[-76.6186578,39.3265937],[-76.6186509,39.3265972],[-76.618633,39.326608],[-76.6186287,39.3266102],[-76.6186247,39.3266119],[-76.6186175,39.3266139],[-76.6186109,39.3266149],[-76.6186078,39.3266147],[-76.6186031,39.3266136],[-76.6185981,39.3266122],[-76.6185942,39.3266105],[-76.6185911,39.3266086],[-76.6185877,39.3266059],[-76.6185839,39.3266021],[-76.6185821,39.3265996],[-76.618581,39.3265971],[-76.6185801,39.3265936],[-76.6185805,39.326591],[-76.618582,39.3265873],[-76.6185854,39.3265827],[-76.6185887,39.3265794],[-76.6185905,39.3265781],[-76.6185936,39.3265764],[-76.6186073,39.3265712],[-76.6186122,39.326569],[-76.6186148,39.3265669],[-76.6186174,39.3265644],[-76.618625,39.3265561],[-76.6186262,39.3265546],[-76.6186278,39.3265529],[-76.6186306,39.326549],[-76.618632,39.3265461],[-76.6186321,39.3265439],[-76.6186318,39.3265432],[-76.6186301,39.3265415],[-76.6186249,39.3265373],[-76.6186135,39.3265259],[-76.6186048,39.3265166],[-76.6186036,39.3265152],[-76.6186014,39.3265122],[-76.6186002,39.3265103],[-76.6185998,39.3265086],[-76.6185998,39.326507],[-76.6186006,39.3265042],[-76.6186021,39.3265014],[-76.6186038,39.3264992],[-76.6186069,39.3264971],[-76.6186118,39.3264948],[-76.6186163,39.3264939],[-76.6186207,39.3264936],[-76.6186243,39.3264946],[-76.6186301,39.3264975],[-76.6186412,39.3265043],[-76.6186808,39.3265376],[-76.6186936,39.3265559],[-76.6186957,39.3265692]]]}},{"type":"Feature","properties":{"layer":"Vegetation","symbol":1,"class":"Hedgerows","_tile":"6/36/37"},"geometry":{"type":"Polygon","coordinates":[[[-76.6184105,39.3266193],[-76.618402,39.3266251],[-76.6183964,39.3266324],[-76.6183955,39.3266414],[-76.6183945,39.3266426],[-76.6183904,39.3266472],[-76.6183826,39.3266426],[-76.6183806,39.3266413],[-76.6183767,39.3266268],[-76.6183763,39.326619],[-76.6183783,39.3266174],[-76.618385,39.3266128],[-76.6183918,39.3266115],[-76.618397,39.3266087],[-76.6184033,39.3266102],[-76.6184105,39.3266193]]]}},{"type":"Feature","properties":{"layer":"Vegetation","symbol":1,"class":"Hedgerows","_tile":"6/36/37"},"geometry":{"type":"Polygon","coordinates":[[[-76.6187392,39.3266545],[-76.6187383,39.3266589],[-76.6187364,39.3266618],[-76.6187337,39.3266643],[-76.618732,39.3266649],[-76.6187284,39.326665],[-76.6187246,39.3266645],[-76.6187215,39.3266638],[-76.6187191,39.3266624],[-76.6187165,39.3266593],[-76.6187144,39.3266552],[-76.6187113,39.3266476],[-76.6187082,39.3266401],[-76.6187041,39.3266291],[-76.6187021,39.3266229],[-76.6187011,39.3266185],[-76.6187009,39.3266142],[-76.6187014,39.3266118],[-76.6187016,39.3266115],[-76.618702,39.326611],[-76.6187043,39.3266092],[-76.6187099,39.3266066],[-76.6187131,39.3266055],[-76.6187177,39.3266043],[-76.6187248,39.3266032],[-76.6187277,39.3266032],[-76.6187315,39.3266109],[-76.6187298,39.3266183],[-76.6187291,39.326623],[-76.6187297,39.3266282],[-76.6187314,39.3266343],[-76.6187353,39.326642],[-76.6187379,39.3266474],[-76.6187391,39.3266509],[-76.6187392,39.3266545]]]}},{"type":"Feature","properties":{"layer":"Vegetation","symbol":1,"class":"Hedgerows","_tile":"6/36/37"},"geometry":{"type":"Polygon","coordinates":[[[-76.6187157,39.3267171],[-76.6187094,39.3267326],[-76.618707,39.3267376],[-76.6187064,39.3267386],[-76.6187044,39.3267423],[-76.6187019,39.3267457],[-76.6186994,39.3267485],[-76.6186974,39.32675],[-76.6186951,39.3267511],[-76.6186941,39.3267511],[-76.6186916,39.32675],[-76.618689,39.3267478],[-76.6186867,39.3267454],[-76.6186841,39.3267421],[-76.6186816,39.3267374],[-76.6186807,39.3267343],[-76.6186805,39.3267309],[-76.6186807,39.3267266],[-76.6186812,39.3267186],[-76.6186814,39.3267128],[-76.6186808,39.3267087],[-76.6186797,39.3267063],[-76.6186759,39.3266995],[-76.6186743,39.3266912],[-76.6186737,39.3266875],[-76.6186736,39.3266847],[-76.6186742,39.3266831],[-76.6186754,39.3266812],[-76.6186776,39.326679],[-76.6186805,39.3266781],[-76.6186911,39.3266768],[-76.618694,39.3266767],[-76.6187003,39.326678],[-76.6187216,39.326688],[-76.6187219,39.3266882],[-76.6187198,39.3267042],[-76.6187184,39.3267096],[-76.6187157,39.3267171]]]}},{"type":"Feature","properties":{"layer":"Vegetation","symbol":1,"class":"Hedgerows","_tile":"6/36/37"},"geometry":{"type":"Polygon","coordinates":[[[-76.6185796,39.3266925],[-76.6185666,39.326667],[-76.6185652,39.3266638],[-76.6185622,39.3266567],[-76.6185613,39.3266526],[-76.6185613,39.3266491],[-76.6185616,39.3266482],[-76.618563,39.326646],[-76.6185665,39.3266427],[-76.6185693,39.3266408],[-76.6185722,39.3266393],[-76.6185748,39.3266383],[-76.6185759,39.3266382],[-76.6185778,39.3266383],[-76.6185801,39.3266389],[-76.6185866,39.3266413],[-76.6185935,39.3266442],[-76.618603,39.3266492],[-76.618612,39.3266549],[-76.6186206,39.3266611],[-76.6186285,39.3266677],[-76.6186356,39.3266743],[-76.6186383,39.3266774],[-76.6186412,39.3266807],[-76.6186441,39.3266848],[-76.6186453,39.3266867],[-76.6186477,39.3266919],[-76.6186495,39.3266992],[-76.618651,39.3267073],[-76.6186535,39.3267264],[-76.618655,39.326734],[-76.6186579,39.3267428],[-76.6186618,39.3267526],[-76.6186658,39.3267605],[-76.6186679,39.3267638],[-76.6186697,39.3267661],[-76.6186702,39.3267665],[-76.6186713,39.3267673],[-76.6186736,39.3267685],[-76.6186768,39.3267697],[-76.61868,39.3267704],[-76.6186846,39.3267703],[-76.6186917,39.3267689],[-76.6187206,39.3267607],[-76.6187226,39.3267602],[-76.618723,39.3267602],[-76.6187253,39.3267596],[-76.6187583,39.3267522],[-76.6187725,39.3267487],[-76.618776,39.3267475],[-76.6187849,39.3267449],[-76.6188003,39.3267396],[-76.6188203,39.3267322],[-76.6188447,39.3267227],[-76.6188493,39.3267207],[-76.6188659,39.326714],[-76.6189002,39.3266995],[-76.6189156,39.3266961],[-76.6189256,39.3266937],[-76.6189339,39.3266912],[-76.6189399,39.3266889],[-76.6189443,39.3266866],[-76.6189502,39.3266829],[-76.6189544,39.3266799],[-76.6189564,39.3266786],[-76.6189616,39.3266745],[-76.6189668,39.3266691],[-76.6189801,39.3266533],[-76.6189838,39.3266496],[-76.6189872,39.3266469],[-76.6189923,39.3266442],[-76.6190021,39.3266392],[-76.619002,39.3266715],[-76.6189818,39.3266837],[-76.6189562,39.3266982],[-76.6189304,39.3267117],[-76.6189118,39.3267186],[-76.618884,39.3267536],[-76.6188407,39.326767],[-76.6188282,39.3267712],[-76.6188167,39.3267752],[-76.6188068,39.3267791],[-76.6187968,39.3267833],[-76.6187756,39.3267934],[-76.6187651,39.3267988],[-76.6187567,39.3268036],[-76.6187482,39.3268087],[-76.6187433,39.3268121],[-76.6187342,39.3268196],[-76.6187162,39.3268366],[-76.6187078,39.3268439],[-76.6186995,39.3268502],[-76.6186924,39.3268544],[-76.6186912,39.326855],[-76.6186881,39.3268563],[-76.6186818,39.3268584],[-76.6186735,39.3268605],[-76.61867,39.3268612],[-76.618664,39.3268621],[-76.6186594,39.3268626],[-76.6186542,39.3268626],[-76.6186507,39.3268621],[-76.6186462,39.3268605],[-76.6186406,39.3268577],[-76.6186355,39.3268542],[-76.6186325,39.3268513],[-76.6186311,39.3268488],[-76.6186308,39.326845],[-76.6186316,39.3268406],[-76.6186333,39.3268358],[-76.618637,39.3268286],[-76.6186431,39.3268185],[-76.6186465,39.326813],[-76.6186474,39.3268112],[-76.618648,39.3268097],[-76.6186487,39.3268075],[-76.6186487,39.3268057],[-76.6186481,39.3268047],[-76.6186467,39.3268038],[-76.6186431,39.3268033],[-76.6186421,39.3268032],[-76.6186335,39.3268032],[-76.6186306,39.3268031],[-76.6186246,39.3268024],[-76.6186209,39.3268016],[-76.6186149,39.3267999],[-76.6186125,39.3267989],[-76.6186107,39.326798],[-76.6186097,39.3267968],[-76.6186087,39.3267945],[-76.6186082,39.3267917],[-76.6186077,39.3267852],[-76.6186071,39.3267814],[-76.618603,39.3267599],[-76.6185996,39.3267453],[-76.6185972,39.3267364],[-76.6185939,39.326725],[-76.6185893,39.3267125],[-76.618588,39.3267093],[-76.6185839,39.3267007],[-76.6185796,39.3266925]],[[-76.6190025,39.3265633],[-76.6190023,39.3266072],[-76.6190017,39.3266069],[-76.6189956,39.3266051],[-76.6189786,39.3266011],[-76.6189658,39.3265966],[-76.6189634,39.3265956],[-76.6189522,39.3265908],[-76.6189397,39.3265846],[-76.6189303,39.3265789],[-76.6189184,39.3265703],[-76.6189141,39.3265679],[-76.6189108,39.3265668],[-76.6188996,39.3265655],[-76.6188973,39.3265649],[-76.6188961,39.3265642],[-76.6188955,39.3265624],[-76.6188958,39.3265594],[-76.6188969,39.3265565],[-76.6188984,39.3265545],[-76.6188996,39.3265539],[-76.6189013,39.3265536],[-76.618915,39.326553],[-76.6189251,39.3265531],[-76.61894,39.3265538],[-76.6189579,39.3265554],[-76.618974,39.3265574],[-76.6189865,39.3265594],[-76.6189907,39.3265603],[-76.6189946,39.3265611],[-76.6190025,39.3265633]]]}},{"type":"Feature","properties":{"layer":"Vegetation","symbol":1,"class":"Hedgerows","_tile":"6/36/37"},"geometry":{"type":"Polygon","coordinates":[[[-76.6185981,39.3269035],[-76.6185555,39.3269457],[-76.6185173,39.3269773],[-76.6185101,39.326984],[-76.6185055,39.3269877],[-76.6185044,39.3269883],[-76.6184919,39.3269883],[-76.6184851,39.3269838],[-76.6184802,39.32698],[-76.6184773,39.3269775],[-76.6184773,39.3269774],[-76.6184753,39.3269756],[-76.6184722,39.3269719],[-76.6184698,39.3269691],[-76.6184697,39.3269688],[-76.6184692,39.3269683],[-76.6184666,39.3269647],[-76.6184666,39.3269645],[-76.6184643,39.3269605],[-76.6184627,39.3269561],[-76.6184625,39.3269552],[-76.6184625,39.3269505],[-76.6184627,39.3269501],[-76.618463,39.3269467],[-76.6184638,39.3269442],[-76.6184655,39.3269405],[-76.6184664,39.3269388],[-76.6184678,39.3269367],[-76.6184706,39.326933],[-76.6184739,39.3269293],[-76.6184783,39.3269249],[-76.6184826,39.3269211],[-76.6184876,39.3269173],[-76.6184927,39.3269144],[-76.618499,39.3269114],[-76.6185249,39.3269013],[-76.6185405,39.3268944],[-76.61855,39.3268906],[-76.618558,39.3268881],[-76.6185623,39.3268872],[-76.6185652,39.3268867],[-76.6185721,39.3268868],[-76.6185804,39.3268871],[-76.6185875,39.3268879],[-76.6185981,39.3269035]]]}},{"type":"Feature","properties":{"layer":"Vegetation","symbol":1,"class":"Hedgerows","_tile":"6/36/37"},"geometry":{"type":"Polygon","coordinates":[[[-76.618374,39.3269744],[-76.618375,39.3269731],[-76.6183779,39.3269702],[-76.6183814,39.3269681],[-76.6183836,39.3269672],[-76.618386,39.3269662],[-76.6183916,39.3269647],[-76.6183925,39.3269643],[-76.618398,39.3269635],[-76.6184016,39.3269635],[-76.6184025,39.3269638],[-76.6184049,39.3269641],[-76.6184057,39.3269647],[-76.6184071,39.3269666],[-76.6184083,39.3269696],[-76.6184075,39.3269723],[-76.6184052,39.3269758],[-76.6184022,39.3269785],[-76.6184018,39.3269788],[-76.6183947,39.3269839],[-76.6183911,39.3269876],[-76.6183908,39.3269879],[-76.6183714,39.3269879],[-76.6183706,39.3269856],[-76.6183702,39.3269821],[-76.6183703,39.3269809],[-76.6183705,39.3269808],[-76.6183706,39.3269801],[-76.6183706,39.3269795],[-76.6183722,39.3269767],[-76.618374,39.3269744]]]}},{"type":"Feature","properties":{"layer":"Vegetation","symbol":3,"class":"Woodland","_tile":"6/36/38"},"geometry":{"type":"Polygon","coordinates":[[[-76.6183574,39.3260248],[-76.6183609,39.326022],[-76.618364,39.3260193],[-76.6183677,39.3260155],[-76.6183711,39.3260113],[-76.6183753,39.326006],[-76.6183797,39.3259996],[-76.6183818,39.3259965],[-76.6184611,39.3259967],[-76.6184437,39.3260082],[-76.6184415,39.3260098],[-76.6184294,39.3260178],[-76.6184184,39.3260257],[-76.6184101,39.326032],[-76.6183992,39.3260413],[-76.6183918,39.326048],[-76.6183779,39.3260608],[-76.6183608,39.3260771],[-76.6183571,39.3260806],[-76.6183574,39.3260248]]]}},{"type":"Feature","properties":{"layer":"Vegetation","symbol":1,"class":"Hedgerows","_tile":"6/36/38"},"geometry":{"type":"Polygon","coordinates":[[[-76.6188384,39.3260959],[-76.618838,39.3260976],[-76.6188364,39.3260988],[-76.6188321,39.3261027],[-76.6188283,39.3261046],[-76.618825,39.3261049],[-76.6188227,39.3261029],[-76.6188218,39.3260994],[-76.6188202,39.3260948],[-76.6188182,39.3260912],[-76.6188125,39.3260875],[-76.6188086,39.3260842],[-76.6188054,39.3260788],[-76.6188036,39.3260766],[-76.6188011,39.3260754],[-76.6188002,39.3260743],[-76.6187997,39.326074],[-76.6187985,39.3260723],[-76.6187973,39.3260696],[-76.6187984,39.3260674],[-76.6187999,39.3260663],[-76.6188024,39.3260661],[-76.6188039,39.3260661],[-76.6188065,39.3260674],[-76.61881,39.3260695],[-76.618816,39.3260733],[-76.6188224,39.3260779],[-76.6188287,39.3260828],[-76.6188339,39.3260877],[-76.6188374,39.3260922],[-76.6188383,39.3260939],[-76.6188384,39.3260959]]]}},{"type":"Feature","properties":{"layer":"Vegetation","symbol":1,"class":"Hedgerows","_tile":"6/36/38"},"geometry":{"type":"Polygon","coordinates":[[[-76.6189196,39.3261541],[-76.6189362,39.3261674],[-76.6189361,39.3261677],[-76.6189344,39.3261707],[-76.6189328,39.3261715],[-76.6189284,39.3261716],[-76.6189155,39.3261635],[-76.6189091,39.3261601],[-76.6189053,39.3261605],[-76.6188961,39.3261596],[-76.6188892,39.326158],[-76.6188871,39.3261558],[-76.6188871,39.3261536],[-76.6189015,39.3261426],[-76.6189037,39.3261427],[-76.6189064,39.3261438],[-76.6189196,39.3261541]]]}},{"type":"Feature","properties":{"layer":"Vegetation","symbol":1,"class":"Hedgerows","_tile":"6/36/38"},"geometry":{"type":"Polygon","coordinates":[[[-76.6188117,39.3263055],[-76.6188109,39.3263101],[-76.6188076,39.3263147],[-76.618803,39.3263179],[-76.6187998,39.3263193],[-76.6187961,39.3263178],[-76.6187931,39.3263168],[-76.6187894,39.326317],[-76.6187869,39.326318],[-76.6187803,39.3263182],[-76.6187757,39.3263169],[-76.6187714,39.3263149],[-76.6187672,39.3263114],[-76.6187664,39.3263079],[-76.6187652,39.3263055],[-76.6187611,39.3263034],[-76.6187597,39.3263013],[-76.6187599,39.3262979],[-76.6187629,39.3262954],[-76.6187654,39.3262948],[-76.6187694,39.3262959],[-76.6187727,39.3262992],[-76.6187758,39.3263052],[-76.6187788,39.3263058],[-76.6187844,39.3263058],[-76.6187897,39.3263045],[-76.6187927,39.3262993],[-76.6187926,39.3262948],[-76.6187901,39.3262918],[-76.6187881,39.326291],[-76.6187852,39.326292],[-76.6187806,39.3262933],[-76.6187766,39.3262912],[-76.6187763,39.3262877],[-76.6187831,39.3262826],[-76.6187877,39.3262797],[-76.6187935,39.3262827],[-76.6187977,39.3262827],[-76.6188008,39.3262837],[-76.6188018,39.3262872],[-76.6188058,39.3262885],[-76.6188087,39.3262902],[-76.6188094,39.3262929],[-76.61881,39.3262996],[-76.6188117,39.3263055]]]}},{"type":"Feature","properties":{"layer":"Vegetation","symbol":1,"class":"Hedgerows","_tile":"6/36/38"},"geometry":{"type":"Polygon","coordinates":[[[-76.6186067,39.3263914],[-76.6186053,39.3263941],[-76.6186039,39.3263955],[-76.6186021,39.326396],[-76.6185998,39.3263959],[-76.6185972,39.3263953],[-76.618594,39.3263942],[-76.6185924,39.3263931],[-76.6185909,39.3263915],[-76.6185866,39.3263849],[-76.6185842,39.3263825],[-76.6185799,39.3263791],[-76.6185686,39.3263718],[-76.6185487,39.3263606],[-76.6185446,39.3263577],[-76.6185412,39.3263551],[-76.6185299,39.3263422],[-76.6185272,39.326338],[-76.6185265,39.3263356],[-76.6185257,39.3263313],[-76.6185254,39.3263268],[-76.6185265,39.3263244],[-76.6185384,39.3263335],[-76.6185439,39.3263423],[-76.6185725,39.3263586],[-76.6185811,39.3263643],[-76.6185852,39.3263674],[-76.6185895,39.3263704],[-76.6185962,39.3263759],[-76.6186003,39.3263798],[-76.6186031,39.326383],[-76.6186057,39.3263869],[-76.6186067,39.3263897],[-76.6186067,39.3263914]]]}},{"type":"Feature","properties":{"layer":"Vegetation","symbol":1,"class":"Hedgerows","_tile":"6/36/38"},"geometry":{"type":"Polygon","coordinates":[[[-76.618935,39.3264508],[-76.6189327,39.3264601],[-76.6189203,39.3264694],[-76.6188697,39.3265012],[-76.6188651,39.3264928],[-76.6188647,39.3264896],[-76.6188631,39.3264805],[-76.6188671,39.3264709],[-76.6188827,39.3264609],[-76.6189088,39.3264448],[-76.6189122,39.3264436],[-76.6189277,39.3264462],[-76.618935,39.3264508]]]}},{"type":"Feature","properties":{"layer":"Vegetation","symbol":1,"class":"Hedgerows","_tile":"6/36/38"},"geometry":{"type":"Polygon","coordinates":[[[-76.6188307,39.3265013],[-76.6188245,39.3264914],[-76.6188321,39.326481],[-76.6188421,39.3264768],[-76.6188517,39.3264776],[-76.6188484,39.3264904],[-76.6188527,39.3264987],[-76.6188544,39.3265013],[-76.6188307,39.3265013]]]}},{"type":"Feature","properties":{"layer":"Vegetation","symbol":1,"class":"Hedgerows","_tile":"6/36/38"},"geometry":{"type":"Polygon","coordinates":[[[-76.6186027,39.3265005],[-76.6186038,39.3264992],[-76.6186069,39.3264971],[-76.6186118,39.3264948],[-76.6186163,39.3264939],[-76.6186207,39.3264936],[-76.6186243,39.3264946],[-76.6186301,39.3264975],[-76.6186351,39.3265006],[-76.6186027,39.3265005]]]}},{"type":"Feature","properties":{"layer":"Vegetation","symbol":1,"class":"Hedgerows","_tile":"6/36/38"},"geometry":{"type":"Polygon","coordinates":[[[-76.6187685,39.3263478],[-76.618767,39.3263476],[-76.6187608,39.3263508],[-76.6187591,39.3263518],[-76.6187571,39.3263521],[-76.6187536,39.3263522],[-76.6187495,39.3263499],[-76.6187481,39.326345],[-76.6187487,39.3263428],[-76.618751,39.3263403],[-76.6187633,39.3263352],[-76.6187673,39.3263344],[-76.618773,39.3263344],[-76.6187845,39.3263368],[-76.6187942,39.3263397],[-76.6187948,39.3263399],[-76.6187957,39.3263408],[-76.6187961,39.3263439],[-76.618795,39.3263478],[-76.6187903,39.3263518],[-76.6187861,39.3263534],[-76.618783,39.3263532],[-76.6187788,39.3263506],[-76.6187719,39.3263481],[-76.6187691,39.3263478],[-76.6187685,39.3263478]]]}},{"type":"Feature","properties":{"layer":"Vegetation","symbol":1,"class":"Hedgerows","_tile":"6/36/38"},"geometry":{"type":"Polygon","coordinates":[[[-76.6189957,39.3260107],[-76.618999,39.326015],[-76.6190032,39.3260187],[-76.6190055,39.3260204],[-76.6190054,39.3260244],[-76.6190004,39.3260209],[-76.618996,39.3260168],[-76.6189922,39.3260122],[-76.6189894,39.3260073],[-76.6189875,39.3260021],[-76.6189867,39.3259984],[-76.6189907,39.3259984],[-76.6189913,39.3260014],[-76.618993,39.3260062],[-76.6189957,39.3260107]]]}},{"type":"Feature","properties":{"layer":"Vegetation","symbol":3,"class":"Woodland","_tile":"6/36/39"},"geometry":{"type":"Polygon","coordinates":[[[-76.6183708,39.3260117],[-76.6183711,39.3260113],[-76.6183753,39.326006],[-76.6183797,39.3259996],[-76.6183838,39.3259931],[-76.6183869,39.3259877],[-76.6183893,39.3259824],[-76.6183912,39.3259778],[-76.6183925,39.3259735],[-76.6183939,39.325967],[-76.6183947,39.3259614],[-76.6183966,39.3259503],[-76.6183967,39.3259486],[-76.6183982,39.3259415],[-76.6183999,39.3259354],[-76.6184019,39.3259305],[-76.618405,39.3259256],[-76.6184058,39.3259248],[-76.6184099,39.3259196],[-76.618416,39.3259133],[-76.6184204,39.3259092],[-76.6184229,39.3259069],[-76.6184272,39.3259034],[-76.6184308,39.3259003],[-76.6184405,39.3258929],[-76.6184503,39.325886],[-76.6184592,39.3258802],[-76.6184694,39.325874],[-76.6184709,39.3258732],[-76.6184743,39.3258711],[-76.6184829,39.3258664],[-76.6184848,39.3258654],[-76.6184894,39.325863],[-76.6184939,39.325861],[-76.6184983,39.3258592],[-76.6185023,39.3258578],[-76.6185139,39.3258547],[-76.6185185,39.3258537],[-76.6185228,39.325853],[-76.6185274,39.3258525],[-76.6185323,39.3258527],[-76.618535,39.3258531],[-76.6185372,39.3258539],[-76.618541,39.3258554],[-76.6185459,39.3258578],[-76.6185491,39.3258601],[-76.618552,39.3258628],[-76.6185548,39.3258662],[-76.6185569,39.3258694],[-76.6185573,39.32587],[-76.6185596,39.3258743],[-76.6185622,39.3258797],[-76.618564,39.3258846],[-76.6185658,39.3258904],[-76.6185672,39.3258965],[-76.6185679,39.3259015],[-76.6185683,39.3259064],[-76.6185683,39.325911],[-76.6185682,39.3259113],[-76.6185678,39.3259156],[-76.6185669,39.3259196],[-76.6185655,39.3259233],[-76.6185636,39.3259265],[-76.6185616,39.325929],[-76.6185607,39.32593],[-76.618559,39.3259317],[-76.6185561,39.3259345],[-76.6185494,39.3259397],[-76.6185416,39.3259454],[-76.618533,39.3259511],[-76.6185293,39.3259536],[-76.6185284,39.325954],[-76.618484,39.3259821],[-76.6184799,39.3259846],[-76.6184638,39.3259949],[-76.6184437,39.3260082],[-76.6184415,39.3260098],[-76.6184383,39.3260119],[-76.6183708,39.3260117]]]}},{"type":"Feature","properties":{"layer":"Vegetation","symbol":3,"class":"Woodland","_tile":"6/36/39"},"geometry":{"type":"Polygon","coordinates":[[[-76.6183601,39.3255083],[-76.6186305,39.3255092],[-76.6186146,39.3255256],[-76.6186031,39.3255298],[-76.6185346,39.3255544],[-76.618528,39.3255568],[-76.6185087,39.3255636],[-76.6184546,39.3255831],[-76.6184526,39.3255954],[-76.6184511,39.3256043],[-76.6184507,39.3256069],[-76.6184506,39.3256072],[-76.6184487,39.3256161],[-76.6184471,39.3256231],[-76.6184464,39.325625],[-76.6184439,39.3256325],[-76.6184426,39.3256361],[-76.6184375,39.3256454],[-76.6184346,39.3256487],[-76.618431,39.3256515],[-76.6184293,39.3256531],[-76.618427,39.3256544],[-76.6184222,39.3256573],[-76.6184187,39.3256594],[-76.6184185,39.3256596],[-76.6184164,39.3256609],[-76.6184144,39.3256617],[-76.618413,39.3256624],[-76.6184129,39.3256624],[-76.618399,39.3256688],[-76.6183852,39.3256745],[-76.6183835,39.3256751],[-76.6183812,39.3256762],[-76.6183807,39.3256763],[-76.61836,39.3256847],[-76.6183592,39.3256851],[-76.6183601,39.3255083]]]}},{"type":"Feature","properties":{"layer":"Vegetation","symbol":1,"class":"Hedgerows","_tile":"6/36/39"},"geometry":{"type":"Polygon","coordinates":[[[-76.6189958,39.3255647],[-76.6189879,39.3255708],[-76.6188692,39.3256607],[-76.6188574,39.3256513],[-76.6190004,39.3255429],[-76.619008,39.325549],[-76.619008,39.3255555],[-76.6189958,39.3255647]]]}},{"type":"Feature","properties":{"layer":"Vegetation","symbol":1,"class":"Hedgerows","_tile":"6/36/39"},"geometry":{"type":"Polygon","coordinates":[[[-76.6188156,39.3256951],[-76.6188194,39.3256984],[-76.6188212,39.3256999],[-76.6187878,39.3257238],[-76.6187826,39.3257277],[-76.6188061,39.3257474],[-76.618797,39.3257539],[-76.6187625,39.3257251],[-76.6187579,39.3257212],[-76.6188056,39.3256868],[-76.6188156,39.3256951]]]}},{"type":"Feature","properties":{"layer":"Vegetation","symbol":1,"class":"Hedgerows","_tile":"6/36/39"},"geometry":{"type":"Polygon","coordinates":[[[-76.6189957,39.3260107],[-76.618998,39.3260137],[-76.6189934,39.3260137],[-76.6189922,39.3260122],[-76.6189894,39.3260073],[-76.6189875,39.3260021],[-76.6189864,39.3259968],[-76.6189864,39.3259914],[-76.6189874,39.3259859],[-76.6189893,39.3259808],[-76.618992,39.3259759],[-76.6189957,39.3259713],[-76.6190002,39.3259671],[-76.6190053,39.3259636],[-76.6190058,39.3259633],[-76.6190057,39.3259673],[-76.619003,39.3259693],[-76.618999,39.3259731],[-76.6189956,39.3259773],[-76.6189929,39.3259819],[-76.6189912,39.3259867],[-76.6189903,39.3259915],[-76.6189902,39.3259965],[-76.6189913,39.3260014],[-76.618993,39.3260062],[-76.6189957,39.3260107]]]}},{"type":"Feature","properties":{"layer":"Vegetation","symbol":3,"class":"Woodland","_tile":"6/36/40"},"geometry":{"type":"Polygon","coordinates":[[[-76.6187745,39.3253992],[-76.6187689,39.3254232],[-76.6187491,39.3254425],[-76.6186728,39.3254766],[-76.6186539,39.325485],[-76.6186505,39.3254886],[-76.618632,39.3255076],[-76.6186157,39.3255244],[-76.6183601,39.3255236],[-76.6183618,39.3251983],[-76.6183689,39.325198],[-76.6183706,39.3251979],[-76.618373,39.3251981],[-76.6183814,39.3251981],[-76.6184038,39.3251984],[-76.6184117,39.3251977],[-76.6184141,39.325197],[-76.6184175,39.3251961],[-76.6184215,39.3251932],[-76.6184226,39.3251915],[-76.6184246,39.3251886],[-76.6184266,39.3251825],[-76.6184276,39.3251744],[-76.6184274,39.3251606],[-76.6184272,39.3251597],[-76.6184272,39.3251563],[-76.6184231,39.325121],[-76.6184221,39.3251082],[-76.618422,39.3251078],[-76.6184223,39.3250976],[-76.6184228,39.3250951],[-76.6184244,39.3250894],[-76.6184281,39.3250842],[-76.6184338,39.3250784],[-76.6184498,39.3250646],[-76.6184631,39.3250534],[-76.6184881,39.3250455],[-76.6185201,39.325035],[-76.6185247,39.3250336],[-76.6185421,39.3250277],[-76.6185616,39.3250209],[-76.6190108,39.3250223],[-76.61901,39.3251699],[-76.6188629,39.3252166],[-76.6188473,39.3252224],[-76.6188299,39.325206],[-76.6188247,39.325201],[-76.6188163,39.3251932],[-76.6187987,39.3251764],[-76.6187757,39.3251548],[-76.6187648,39.3251444],[-76.6187589,39.3251389],[-76.6187416,39.3251225],[-76.6187351,39.3251164],[-76.6187247,39.3251065],[-76.6187152,39.3251055],[-76.6187083,39.3251046],[-76.6186974,39.3251035],[-76.6186804,39.3251183],[-76.6186803,39.3251185],[-76.6186751,39.3251473],[-76.6186961,39.325197],[-76.6187211,39.3252565],[-76.6187261,39.3252681],[-76.6187284,39.3252738],[-76.6187311,39.32528],[-76.6187388,39.3252986],[-76.6187455,39.3253141],[-76.6187486,39.32532],[-76.6187522,39.3253266],[-76.6187651,39.3253508],[-76.6187794,39.3253773],[-76.6187795,39.3253774],[-76.6187745,39.3253992]]]}},{"type":"Feature","properties":{"layer":"Vegetation","symbol":3,"class":"Woodland","_tile":"6/36/41"},"geometry":{"type":"Polygon","coordinates":[[[-76.6185172,39.325036],[-76.6185201,39.325035],[-76.6185247,39.3250336],[-76.6185421,39.3250277],[-76.6185642,39.3250199],[-76.6185796,39.3250141],[-76.6185891,39.3250104],[-76.6185982,39.3250066],[-76.6186065,39.3250028],[-76.6186191,39.3249966],[-76.618622,39.324995],[-76.6186277,39.324992],[-76.6186394,39.3249853],[-76.6186473,39.3249805],[-76.6186516,39.324978],[-76.6186701,39.3249663],[-76.6186882,39.3249541],[-76.6186941,39.3249499],[-76.6187052,39.324942],[-76.6187155,39.3249342],[-76.6187246,39.3249269],[-76.6187287,39.3249235],[-76.6187354,39.3249175],[-76.6187423,39.3249106],[-76.6187493,39.3249034],[-76.6187596,39.3248914],[-76.6187679,39.3248811],[-76.6187718,39.3248761],[-76.6187834,39.3248606],[-76.6187962,39.3248422],[-76.6188084,39.3248238],[-76.6188196,39.3248062],[-76.6188317,39.3247863],[-76.6188337,39.3247826],[-76.6188357,39.3247794],[-76.6188414,39.324769],[-76.6188472,39.3247579],[-76.6188549,39.3247417],[-76.6188625,39.3247247],[-76.6188689,39.3247096],[-76.6188736,39.3246978],[-76.6188821,39.3246748],[-76.6188884,39.3246566],[-76.618894,39.3246389],[-76.6188977,39.3246259],[-76.6188999,39.3246175],[-76.6189037,39.3246018],[-76.6189045,39.324598],[-76.6189064,39.3245874],[-76.6189073,39.3245806],[-76.6189083,39.3245695],[-76.6189088,39.3245618],[-76.6189088,39.3245577],[-76.6189092,39.3245494],[-76.6189093,39.3245339],[-76.6190134,39.3245343],[-76.6190107,39.3250376],[-76.6185172,39.325036]]]}},{"type":"Feature","properties":{"layer":"Vegetation","symbol":3,"class":"Woodland","_tile":"6/36/42"},"geometry":{"type":"Polygon","coordinates":[[[-76.618368,39.3240441],[-76.6186123,39.3240449],[-76.6186107,39.3240489],[-76.6186092,39.3240522],[-76.618607,39.3240563],[-76.6186044,39.3240603],[-76.6186014,39.3240645],[-76.618598,39.3240687],[-76.6185943,39.3240729],[-76.6185905,39.3240772],[-76.6185863,39.3240815],[-76.6185777,39.3240903],[-76.6185548,39.324112],[-76.6185505,39.3241163],[-76.6185386,39.3241288],[-76.6185352,39.3241328],[-76.6185321,39.3241368],[-76.6185295,39.3241406],[-76.6185272,39.3241444],[-76.6185255,39.3241481],[-76.6185241,39.3241516],[-76.618523,39.3241555],[-76.6185211,39.3241642],[-76.6185203,39.324169],[-76.6185166,39.3241973],[-76.6185154,39.3242051],[-76.6185138,39.3242114],[-76.6185111,39.3242189],[-76.6185083,39.3242257],[-76.6185046,39.3242343],[-76.6185003,39.3242439],[-76.6184958,39.3242545],[-76.6184955,39.3242554],[-76.6184877,39.3242902],[-76.6184816,39.3243143],[-76.6184754,39.3243347],[-76.6184709,39.3243462],[-76.6184692,39.3243503],[-76.6184614,39.3243649],[-76.6184569,39.3243713],[-76.6184521,39.3243782],[-76.6184446,39.3243869],[-76.6184432,39.3243883],[-76.6184384,39.3243924],[-76.6184346,39.324395],[-76.6184338,39.3243952],[-76.6184286,39.3243973],[-76.6184253,39.3243983],[-76.6184189,39.3243998],[-76.6184138,39.3244008],[-76.6183808,39.3244067],[-76.6183743,39.3244087],[-76.6183703,39.3244109],[-76.6183679,39.3244135],[-76.6183676,39.3244141],[-76.6183674,39.3244142],[-76.618366,39.3244172],[-76.618368,39.3240441]],[[-76.6183659,39.3244394],[-76.6183662,39.324442],[-76.6183686,39.3244538],[-76.618372,39.3244719],[-76.618373,39.3244815],[-76.6183724,39.3244911],[-76.6183705,39.3245026],[-76.6183698,39.3245048],[-76.6183698,39.3245052],[-76.6183676,39.3245138],[-76.6183655,39.3245204],[-76.6183659,39.3244394]],[[-76.6189092,39.3245492],[-76.6189093,39.3245275],[-76.6189092,39.3245231],[-76.6189092,39.3245139],[-76.6189091,39.3245122],[-76.618909,39.3244955],[-76.6189088,39.3244817],[-76.6189089,39.3244637],[-76.6189091,39.3244549],[-76.6189096,39.3244422],[-76.6189109,39.3244263],[-76.6189119,39.3244188],[-76.6189138,39.3244086],[-76.6189157,39.3244014],[-76.6189168,39.3243977],[-76.6189208,39.3243862],[-76.6189224,39.3243821],[-76.6189258,39.3243739],[-76.6189295,39.3243655],[-76.6189356,39.3243524],[-76.6189399,39.3243435],[-76.6189489,39.3243254],[-76.6189605,39.3243027],[-76.6189652,39.3242933],[-76.6189715,39.3242805],[-76.6189756,39.3242719],[-76.6189829,39.3242553],[-76.618986,39.3242475],[-76.6189888,39.3242398],[-76.6189919,39.3242294],[-76.6189943,39.3242188],[-76.6189968,39.3242034],[-76.6189987,39.324187],[-76.6190007,39.3241609],[-76.6190009,39.3241572],[-76.6190011,39.3241564],[-76.6190014,39.3241472],[-76.6190024,39.3241276],[-76.6190036,39.3241058],[-76.6190043,39.3240963],[-76.6190045,39.3240917],[-76.6190046,39.3240914],[-76.6190048,39.3240871],[-76.6190061,39.3240734],[-76.6190064,39.324069],[-76.6190074,39.3240601],[-76.619008,39.3240558],[-76.6190085,39.3240514],[-76.6190093,39.3240462],[-76.6190161,39.3240462],[-76.6190134,39.3245495],[-76.6189092,39.3245492]]]}},{"type":"Feature","properties":{"layer":"Vegetation","symbol":3,"class":"Woodland","_tile":"6/36/43"},"geometry":{"type":"Polygon","coordinates":[[[-76.6183706,39.323556],[-76.6187778,39.3235573],[-76.6187752,39.3235643],[-76.6187707,39.3235774],[-76.6187694,39.3235815],[-76.6187685,39.3235854],[-76.6187683,39.3235868],[-76.6187678,39.3235891],[-76.6187672,39.3235964],[-76.6187671,39.3236044],[-76.6187673,39.3236086],[-76.6187678,39.3236175],[-76.6187691,39.3236313],[-76.6187697,39.3236387],[-76.61877,39.3236407],[-76.6187709,39.3236502],[-76.6187717,39.3236641],[-76.6187719,39.3236685],[-76.6187718,39.3236771],[-76.6187712,39.3236849],[-76.6187707,39.3236887],[-76.6187699,39.3236922],[-76.6187689,39.3236955],[-76.6187674,39.3236994],[-76.6187654,39.3237037],[-76.618763,39.3237081],[-76.6187601,39.3237128],[-76.6187569,39.3237175],[-76.6187496,39.3237272],[-76.6187414,39.3237367],[-76.6187373,39.3237413],[-76.6187329,39.3237458],[-76.61872,39.3237579],[-76.618712,39.3237644],[-76.618707,39.3237678],[-76.6187038,39.3237698],[-76.618699,39.3237724],[-76.618694,39.323775],[-76.6186886,39.3237776],[-76.618683,39.3237801],[-76.6186649,39.3237878],[-76.6186338,39.3238003],[-76.6186221,39.3238055],[-76.6186115,39.3238107],[-76.6186066,39.3238133],[-76.618602,39.323816],[-76.618598,39.3238188],[-76.6185951,39.323821],[-76.6185943,39.3238215],[-76.6185907,39.3238247],[-76.6185872,39.3238284],[-76.6185833,39.3238327],[-76.6185761,39.3238419],[-76.6185727,39.3238469],[-76.6185669,39.3238568],[-76.6185648,39.3238614],[-76.6185631,39.3238657],[-76.6185621,39.3238698],[-76.6185618,39.3238736],[-76.6185621,39.323878],[-76.6185628,39.3238828],[-76.6185639,39.3238878],[-76.6185663,39.3238962],[-76.6185699,39.3239064],[-76.6185716,39.3239102],[-76.6185735,39.3239141],[-76.6185783,39.3239224],[-76.618584,39.323931],[-76.6185952,39.3239463],[-76.6185971,39.3239488],[-76.6186003,39.3239533],[-76.6186037,39.3239577],[-76.6186098,39.3239666],[-76.6186125,39.3239707],[-76.6186174,39.3239791],[-76.6186193,39.323983],[-76.618621,39.323987],[-76.6186222,39.3239907],[-76.618623,39.3239941],[-76.6186234,39.3239975],[-76.6186234,39.3240012],[-76.6186226,39.3240095],[-76.6186208,39.3240184],[-76.6186197,39.3240231],[-76.6186155,39.3240368],[-76.6186107,39.3240489],[-76.6186092,39.3240522],[-76.618607,39.3240563],[-76.6186045,39.3240601],[-76.6183679,39.3240593],[-76.6183706,39.323556]],[[-76.6190072,39.3240614],[-76.6190074,39.3240601],[-76.619008,39.3240558],[-76.6190085,39.3240514],[-76.6190106,39.3240388],[-76.6190122,39.3240307],[-76.619015,39.324019],[-76.6190162,39.3240148],[-76.619016,39.3240614],[-76.6190072,39.3240614]]]}},{"type":"Feature","properties":{"layer":"Vegetation","symbol":3,"class":"Woodland","_tile":"6/37/32"},"geometry":{"type":"Polygon","coordinates":[[[-76.6183614,39.3289249],[-76.6183613,39.3289479],[-76.6183574,39.3289515],[-76.6183492,39.3289583],[-76.6183357,39.3289688],[-76.6183288,39.3289739],[-76.6183217,39.3289789],[-76.6183078,39.3289878],[-76.6182949,39.3289954],[-76.6182875,39.3289993],[-76.6182752,39.3290051],[-76.618269,39.3290078],[-76.6182629,39.3290102],[-76.6182569,39.3290123],[-76.6182509,39.3290142],[-76.6182449,39.3290157],[-76.6182391,39.329017],[-76.6182345,39.3290178],[-76.6182288,39.3290185],[-76.6182233,39.329019],[-76.6182167,39.329019],[-76.6182136,39.3290188],[-76.6182018,39.3290175],[-76.6181897,39.3290154],[-76.6181766,39.3290126],[-76.6181636,39.3290092],[-76.6181521,39.3290056],[-76.6181425,39.329002],[-76.6181374,39.3289999],[-76.6181338,39.3289982],[-76.6181295,39.3289959],[-76.6181215,39.3289908],[-76.6181162,39.3289869],[-76.6181151,39.328986],[-76.6181107,39.3289826],[-76.6181066,39.3289792],[-76.6181062,39.328979],[-76.6181061,39.3289788],[-76.6181021,39.3289753],[-76.6180985,39.3289717],[-76.6180953,39.3289683],[-76.6180924,39.3289643],[-76.618091,39.3289619],[-76.6180893,39.3289584],[-76.6180875,39.3289537],[-76.6180862,39.3289493],[-76.6180831,39.3289383],[-76.6180812,39.3289291],[-76.61808,39.328924],[-76.6183614,39.3289249]]]}},{"type":"Feature","properties":{"layer":"Vegetation","symbol":1,"class":"Hedgerows","_tile":"6/37/32"},"geometry":{"type":"Polygon","coordinates":[[[-76.6180703,39.328924],[-76.6180652,39.3289287],[-76.6180622,39.3289322],[-76.6180594,39.328935],[-76.6180546,39.3289409],[-76.61805,39.3289475],[-76.6180438,39.3289568],[-76.6180357,39.3289702],[-76.618027,39.3289868],[-76.6180264,39.3289883],[-76.6180256,39.3289896],[-76.6180252,39.3289908],[-76.6180235,39.3289941],[-76.6180233,39.3289947],[-76.6180205,39.3290009],[-76.6180185,39.3290066],[-76.6180151,39.3290181],[-76.6180132,39.3290229],[-76.6180113,39.329027],[-76.6180085,39.3290315],[-76.618007,39.3290334],[-76.6180042,39.329036],[-76.617999,39.3290404],[-76.6179945,39.3290443],[-76.6179922,39.3290456],[-76.6179913,39.3290456],[-76.6179911,39.3290457],[-76.6179899,39.3290454],[-76.6179882,39.3290447],[-76.6179871,39.3290441],[-76.6179864,39.3290433],[-76.6179859,39.3290427],[-76.6179853,39.3290411],[-76.6179852,39.3290376],[-76.6179854,39.3290323],[-76.6179852,39.3290298],[-76.6179848,39.3290283],[-76.617984,39.3290267],[-76.6179813,39.3290221],[-76.6179845,39.3290143],[-76.6179875,39.3290034],[-76.6179891,39.3289987],[-76.6179919,39.3289914],[-76.6179961,39.3289822],[-76.6179976,39.3289793],[-76.6180001,39.3289739],[-76.6180035,39.3289677],[-76.6180097,39.328958],[-76.618016,39.3289489],[-76.618021,39.3289425],[-76.618027,39.3289356],[-76.6180319,39.3289309],[-76.6180401,39.3289239],[-76.6180703,39.328924]]]}},{"type":"Feature","properties":{"layer":"Vegetation","symbol":1,"class":"Hedgerows","_tile":"6/37/32"},"geometry":{"type":"Polygon","coordinates":[[[-76.6181461,39.3293498],[-76.618146,39.3293507],[-76.618145,39.3293525],[-76.618142,39.3293561],[-76.6181363,39.3293615],[-76.6181324,39.3293633],[-76.6181128,39.3293541],[-76.6181016,39.3293484],[-76.6180919,39.3293427],[-76.6180828,39.3293369],[-76.6180801,39.3293348],[-76.6180715,39.3293272],[-76.6180651,39.3293213],[-76.6180555,39.3293116],[-76.6180503,39.3293068],[-76.6180434,39.329302],[-76.6180358,39.3292971],[-76.6180291,39.3292922],[-76.6180251,39.3292888],[-76.618024,39.3292874],[-76.6180234,39.3292868],[-76.6180213,39.3292835],[-76.6180146,39.3292702],[-76.6180111,39.3292647],[-76.6179998,39.3292486],[-76.6179933,39.3292377],[-76.6179884,39.3292283],[-76.6179863,39.329223],[-76.6179842,39.3292168],[-76.617982,39.3292096],[-76.6179798,39.3292015],[-76.6179795,39.3292007],[-76.6179789,39.3291981],[-76.6179787,39.3291951],[-76.6179787,39.3291924],[-76.6179791,39.329191],[-76.6179807,39.3291891],[-76.6179818,39.329188],[-76.6179839,39.3291863],[-76.6179867,39.3291854],[-76.6179902,39.3291848],[-76.6179951,39.3291847],[-76.6179993,39.3291851],[-76.6180026,39.329186],[-76.6180071,39.329188],[-76.6180092,39.3291894],[-76.6180112,39.3291913],[-76.6180129,39.3291937],[-76.6180144,39.3291962],[-76.6180156,39.3291991],[-76.6180171,39.329203],[-76.6180203,39.3292143],[-76.6180213,39.3292174],[-76.618026,39.3292287],[-76.6180303,39.329238],[-76.6180332,39.3292429],[-76.6180333,39.3292433],[-76.6180339,39.3292444],[-76.6180393,39.3292524],[-76.6180472,39.329263],[-76.6180539,39.3292715],[-76.6180578,39.3292762],[-76.6180626,39.3292813],[-76.6180743,39.3292932],[-76.6180812,39.3292995],[-76.6180868,39.3293045],[-76.6180922,39.3293091],[-76.6180972,39.3293129],[-76.6181008,39.3293154],[-76.6181104,39.3293215],[-76.6181127,39.3293228],[-76.6181139,39.3293237],[-76.618131,39.3293341],[-76.6181384,39.3293389],[-76.6181414,39.3293412],[-76.6181436,39.3293431],[-76.6181452,39.3293449],[-76.6181455,39.3293456],[-76.6181457,39.3293457],[-76.6181461,39.3293476],[-76.6181461,39.3293498]]]}},{"type":"Feature","properties":{"layer":"Vegetation","symbol":3,"class":"Woodland","_tile":"6/37/33"},"geometry":{"type":"Polygon","coordinates":[[[-76.6180783,39.3289169],[-76.6180773,39.3289127],[-76.6180759,39.3289084],[-76.6180744,39.3289041],[-76.6180744,39.3289039],[-76.6180732,39.3289008],[-76.6180729,39.3289003],[-76.6180729,39.3289],[-76.6180723,39.3288985],[-76.6180719,39.3288975],[-76.6180717,39.3288969],[-76.6180658,39.3288839],[-76.6180612,39.3288747],[-76.618058,39.3288689],[-76.6180536,39.3288612],[-76.6180512,39.3288574],[-76.6180459,39.3288495],[-76.6180421,39.3288445],[-76.6180357,39.328837],[-76.6180323,39.3288337],[-76.6180289,39.3288307],[-76.6180256,39.3288281],[-76.6180219,39.3288258],[-76.6180167,39.3288229],[-76.6180098,39.3288198],[-76.6180043,39.3288175],[-76.6179861,39.328811],[-76.6179795,39.3288089],[-76.6179738,39.328807],[-76.6179714,39.3288063],[-76.6179604,39.3288027],[-76.6179503,39.3287992],[-76.6179408,39.3287957],[-76.617933,39.3287926],[-76.6179258,39.3287893],[-76.6179215,39.3287869],[-76.6179193,39.3287859],[-76.617914,39.3287821],[-76.6179102,39.3287788],[-76.6179082,39.3287766],[-76.6179062,39.3287741],[-76.6179024,39.3287685],[-76.6178997,39.3287634],[-76.6178978,39.3287598],[-76.617895,39.3287534],[-76.6178928,39.3287482],[-76.6178904,39.3287419],[-76.6178904,39.3287416],[-76.6178903,39.3287414],[-76.6178878,39.3287346],[-76.6178845,39.3287244],[-76.6178765,39.3286985],[-76.6178703,39.3286796],[-76.6178626,39.3286576],[-76.6178623,39.3286563],[-76.6178587,39.3286461],[-76.6178551,39.3286353],[-76.6178474,39.3286131],[-76.6178445,39.3286057],[-76.6178435,39.3286026],[-76.6178375,39.3285875],[-76.617836,39.3285834],[-76.6178333,39.3285751],[-76.6178315,39.3285686],[-76.61783,39.3285609],[-76.6178297,39.3285576],[-76.6178296,39.3285544],[-76.6178298,39.3285513],[-76.6178301,39.328549],[-76.6178307,39.3285463],[-76.6178315,39.3285443],[-76.6178332,39.3285405],[-76.6178388,39.3285317],[-76.6178459,39.3285224],[-76.6178504,39.3285173],[-76.6178558,39.3285119],[-76.6178605,39.3285081],[-76.6178648,39.3285052],[-76.6178687,39.3285029],[-76.6178762,39.328499],[-76.617879,39.3284977],[-76.6178845,39.3284949],[-76.6178925,39.3284913],[-76.6179139,39.3284814],[-76.6179204,39.3284782],[-76.6179205,39.3284782],[-76.6179261,39.3284752],[-76.6179287,39.3284736],[-76.6179313,39.3284721],[-76.6179361,39.3284689],[-76.6179372,39.3284681],[-76.6180598,39.3284602],[-76.6180585,39.3284359],[-76.618364,39.3284368],[-76.6183613,39.3289402],[-76.6180834,39.3289393],[-76.6180831,39.3289383],[-76.6180812,39.3289291],[-76.6180783,39.3289169]]]}},{"type":"Feature","properties":{"layer":"Vegetation","symbol":1,"class":"Hedgerows","_tile":"6/37/33"},"geometry":{"type":"Polygon","coordinates":[[[-76.6180723,39.3288985],[-76.6180729,39.3289],[-76.6180729,39.3289003],[-76.6180732,39.3289008],[-76.6180744,39.3289039],[-76.6180744,39.3289041],[-76.6180759,39.3289084],[-76.6180773,39.3289127],[-76.6180783,39.3289169],[-76.618072,39.3289223],[-76.6180652,39.3289287],[-76.6180622,39.3289322],[-76.6180594,39.328935],[-76.618056,39.3289392],[-76.6180239,39.3289391],[-76.618027,39.3289356],[-76.6180319,39.3289309],[-76.6180455,39.3289193],[-76.6180518,39.328914],[-76.6180665,39.3289028],[-76.6180723,39.3288985]]]}},{"type":"Feature","properties":{"layer":"Vegetation","symbol":3,"class":"Woodland","_tile":"6/37/34"},"geometry":{"type":"Polygon","coordinates":[[[-76.6180594,39.3284511],[-76.6180558,39.3283814],[-76.6180488,39.3282557],[-76.6180804,39.3282555],[-76.6180784,39.3282571],[-76.6180758,39.3282593],[-76.6180728,39.328262],[-76.6180702,39.3282648],[-76.6180679,39.3282676],[-76.6180662,39.3282704],[-76.6180649,39.328273],[-76.6180643,39.3282752],[-76.6180637,39.3282788],[-76.6180634,39.3282827],[-76.6180633,39.3282863],[-76.6180635,39.3282886],[-76.6180639,39.3282911],[-76.6180647,39.3282931],[-76.6180653,39.3282941],[-76.618067,39.3282955],[-76.6180693,39.3282967],[-76.618072,39.3282977],[-76.6180754,39.3282984],[-76.6180803,39.328299],[-76.6180854,39.3282995],[-76.6181002,39.3283],[-76.6181209,39.3283014],[-76.6181292,39.3283017],[-76.6181369,39.3283016],[-76.6181407,39.3283012],[-76.6181432,39.3283009],[-76.6181483,39.3282995],[-76.618154,39.3282972],[-76.6181598,39.3282945],[-76.618167,39.3282906],[-76.6181743,39.3282863],[-76.6181821,39.3282811],[-76.6181883,39.3282767],[-76.618194,39.328272],[-76.6182001,39.3282664],[-76.6182012,39.3282652],[-76.6182012,39.3282651],[-76.6182063,39.3282599],[-76.6182099,39.3282559],[-76.6183128,39.3282552],[-76.6183648,39.328294],[-76.6183639,39.3284521],[-76.6180594,39.3284511]]]}},{"type":"Feature","properties":{"layer":"Vegetation","symbol":3,"class":"Woodland","_tile":"6/37/36"},"geometry":{"type":"Polygon","coordinates":[[[-76.6181867,39.326972],[-76.6182029,39.3269886],[-76.6182311,39.3269934],[-76.6182347,39.3269995],[-76.6182446,39.3270153],[-76.6182415,39.3270199],[-76.618236,39.3270301],[-76.6182253,39.3270525],[-76.6182217,39.3270596],[-76.618219,39.3270645],[-76.6182138,39.3270734],[-76.6182095,39.3270792],[-76.6182079,39.3270809],[-76.6182039,39.3270848],[-76.6181962,39.3270912],[-76.6181877,39.3270974],[-76.618187,39.3270977],[-76.6181796,39.3271024],[-76.6181753,39.3271046],[-76.6181696,39.327107],[-76.6181639,39.3271089],[-76.6181567,39.3271111],[-76.6181427,39.3271147],[-76.6181067,39.327123],[-76.6181066,39.3271231],[-76.6180981,39.3271252],[-76.6180904,39.3271276],[-76.6180835,39.32713],[-76.618078,39.3271329],[-76.6180737,39.3271358],[-76.6180712,39.3271386],[-76.6180706,39.3271401],[-76.61807,39.3271425],[-76.6180698,39.3271453],[-76.6180699,39.327148],[-76.6180714,39.3271546],[-76.6180723,39.3271573],[-76.6180423,39.327157],[-76.6180423,39.3271571],[-76.6180421,39.3271583],[-76.6180413,39.3271605],[-76.6180396,39.3271624],[-76.6180375,39.327164],[-76.6180361,39.3271646],[-76.6180332,39.3271653],[-76.6180164,39.3271669],[-76.6179994,39.3271679],[-76.6179824,39.3271682],[-76.6179655,39.3271678],[-76.6179485,39.3271667],[-76.6179316,39.3271648],[-76.6179262,39.3271623],[-76.6179204,39.3271591],[-76.6179187,39.3271582],[-76.6179157,39.3271564],[-76.6179048,39.3271495],[-76.6178978,39.3271442],[-76.6178938,39.327141],[-76.6178902,39.3271376],[-76.6178836,39.3271309],[-76.6178743,39.3271196],[-76.6178678,39.3271105],[-76.6178655,39.3271069],[-76.6178635,39.3271035],[-76.617862,39.3271001],[-76.6178609,39.327097],[-76.6178596,39.3270901],[-76.617859,39.3270856],[-76.617859,39.3270836],[-76.6178589,39.3270819],[-76.6178589,39.3270771],[-76.6178592,39.3270747],[-76.6178597,39.3270714],[-76.6178603,39.3270691],[-76.6178622,39.3270644],[-76.6178625,39.3270633],[-76.6178656,39.3270571],[-76.6178668,39.3270555],[-76.6178684,39.327054],[-76.6178694,39.3270534],[-76.6178701,39.3270533],[-76.617871,39.3270533],[-76.617873,39.3270536],[-76.617878,39.3270551],[-76.6178786,39.3270555],[-76.6178811,39.3270566],[-76.6178831,39.3270577],[-76.6178852,39.327059],[-76.6178867,39.3270603],[-76.6178884,39.3270621],[-76.6178892,39.327064],[-76.6178899,39.3270653],[-76.6178902,39.3270669],[-76.6178904,39.327067],[-76.617891,39.327069],[-76.6178928,39.3270779],[-76.6178935,39.3270807],[-76.6178947,39.327084],[-76.6178955,39.3270853],[-76.6178966,39.3270865],[-76.6179005,39.3270895],[-76.6179053,39.327092],[-76.6179087,39.3270936],[-76.6179136,39.3270953],[-76.6179172,39.3270964],[-76.6179206,39.3270969],[-76.6179234,39.3270969],[-76.6179257,39.3270964],[-76.6179281,39.3270956],[-76.6179307,39.3270945],[-76.6179346,39.3270925],[-76.6179371,39.3270911],[-76.6179391,39.3270895],[-76.6179406,39.327088],[-76.6179415,39.3270867],[-76.617942,39.3270853],[-76.6179422,39.3270812],[-76.6179419,39.3270802],[-76.6179417,39.3270787],[-76.6179416,39.3270785],[-76.6179408,39.3270756],[-76.6179398,39.3270727],[-76.6179373,39.3270675],[-76.6179346,39.3270628],[-76.6179325,39.3270595],[-76.6179227,39.3270463],[-76.6179226,39.327046],[-76.6179217,39.327045],[-76.6179168,39.3270388],[-76.6179104,39.3270309],[-76.6179092,39.3270296],[-76.6178942,39.3270118],[-76.617872,39.3269835],[-76.6178665,39.3269769],[-76.6178611,39.326971],[-76.6181867,39.326972]]]}},{"type":"Feature","properties":{"layer":"Vegetation","symbol":1,"class":"Hedgerows","_tile":"6/37/36"},"geometry":{"type":"Polygon","coordinates":[[[-76.6182765,39.3269885],[-76.6182753,39.3269988],[-76.6182752,39.3269998],[-76.6182738,39.3270055],[-76.6182717,39.3270108],[-76.6182695,39.3270141],[-76.6182681,39.3270153],[-76.6182667,39.327016],[-76.6182637,39.3270161],[-76.6182577,39.3270153],[-76.6182552,39.3270145],[-76.6182512,39.3270129],[-76.6182477,39.3270108],[-76.6182448,39.3270085],[-76.6182434,39.3270065],[-76.6182413,39.3270021],[-76.6182394,39.3269929],[-76.6182383,39.3269905],[-76.6182376,39.3269896],[-76.6182354,39.3269886],[-76.6182322,39.3269882],[-76.6182202,39.3269884],[-76.618211,39.3269879],[-76.6182078,39.3269873],[-76.6182061,39.3269869],[-76.6182047,39.326986],[-76.6182047,39.3269859],[-76.6182037,39.3269847],[-76.6182017,39.3269814],[-76.6182002,39.3269765],[-76.6181994,39.3269721],[-76.6182579,39.3269722],[-76.6182628,39.3269768],[-76.6182661,39.3269793],[-76.6182707,39.3269812],[-76.6182765,39.3269885]]]}},{"type":"Feature","properties":{"layer":"Vegetation","symbol":1,"class":"Hedgerows","_tile":"6/37/36"},"geometry":{"type":"Polygon","coordinates":[[[-76.6183716,39.3270259],[-76.6183673,39.3270261],[-76.6183646,39.3270257],[-76.6183623,39.3270247],[-76.6183563,39.3270207],[-76.6183543,39.3270199],[-76.6183523,39.3270199],[-76.6183502,39.3270204],[-76.6183429,39.3270233],[-76.6183397,39.3270242],[-76.6183351,39.3270247],[-76.6183307,39.3270243],[-76.6183281,39.3270235],[-76.6183255,39.3270219],[-76.618323,39.32702],[-76.6183201,39.3270172],[-76.6183184,39.3270143],[-76.6183163,39.3270081],[-76.618315,39.3270035],[-76.6183144,39.3269998],[-76.6183147,39.3269961],[-76.6183155,39.3269935],[-76.6183156,39.3269935],[-76.6183159,39.3269926],[-76.6183178,39.3269905],[-76.6183203,39.3269888],[-76.6183226,39.3269876],[-76.6183264,39.3269865],[-76.6183296,39.3269862],[-76.6183344,39.3269862],[-76.6183385,39.3269864],[-76.6183456,39.3269874],[-76.6183525,39.3269889],[-76.6183568,39.32699],[-76.6183581,39.3269904],[-76.6183649,39.3269924],[-76.618368,39.3269925],[-76.6183706,39.3269916],[-76.6183715,39.3269908],[-76.6183718,39.3269893],[-76.6183706,39.3269856],[-76.6183702,39.3269821],[-76.6183703,39.3269809],[-76.6183705,39.3269808],[-76.6183706,39.3269801],[-76.6183706,39.3269795],[-76.6183719,39.3269773],[-76.6183716,39.3270259]]]}},{"type":"Feature","properties":{"layer":"Vegetation","symbol":1,"class":"Hedgerows","_tile":"6/37/36"},"geometry":{"type":"Polygon","coordinates":[[[-76.6182433,39.3270645],[-76.6182462,39.3270652],[-76.6182494,39.3270664],[-76.618261,39.3270716],[-76.6182619,39.3270818],[-76.6182606,39.3270951],[-76.6182584,39.327103],[-76.6182573,39.3271052],[-76.6182564,39.3271064],[-76.6182543,39.3271081],[-76.6182501,39.3271101],[-76.6182456,39.3271113],[-76.6182423,39.3271117],[-76.6182397,39.327112],[-76.6182375,39.327112],[-76.6182337,39.3271113],[-76.6182335,39.3271112],[-76.618228,39.3271097],[-76.6182254,39.3271081],[-76.6182248,39.3271075],[-76.6182244,39.3271057],[-76.6182242,39.3271008],[-76.6182245,39.3270976],[-76.6182267,39.3270877],[-76.6182271,39.3270838],[-76.6182268,39.3270802],[-76.618226,39.3270768],[-76.6182248,39.3270739],[-76.6182247,39.327071],[-76.6182248,39.3270709],[-76.6182255,39.3270683],[-76.6182266,39.3270665],[-76.6182283,39.327065],[-76.6182301,39.3270643],[-76.6182347,39.3270638],[-76.6182379,39.3270638],[-76.6182433,39.3270645]]]}},{"type":"Feature","properties":{"layer":"Vegetation","symbol":1,"class":"Hedgerows","_tile":"6/37/36"},"geometry":{"type":"Polygon","coordinates":[[[-76.6183709,39.3271533],[-76.6183706,39.3271537],[-76.6183692,39.3271552],[-76.6183674,39.3271565],[-76.6183637,39.3271579],[-76.6183606,39.3271587],[-76.6183605,39.3271588],[-76.6183555,39.3271598],[-76.6183503,39.3271605],[-76.6183453,39.3271608],[-76.6183407,39.3271608],[-76.6183367,39.3271604],[-76.6183345,39.3271599],[-76.618331,39.3271586],[-76.6183261,39.3271562],[-76.6183237,39.3271547],[-76.6183186,39.3271509],[-76.6183169,39.3271499],[-76.618314,39.3271471],[-76.6183124,39.3271452],[-76.6183111,39.3271434],[-76.6183099,39.3271405],[-76.6183095,39.3271376],[-76.6182984,39.3271381],[-76.6182753,39.3271396],[-76.6182573,39.3271406],[-76.6182524,39.3271387],[-76.618252,39.3271374],[-76.6182514,39.3271344],[-76.6182544,39.32713],[-76.6182608,39.327123],[-76.6182615,39.3271226],[-76.6182631,39.3271222],[-76.6182781,39.3271167],[-76.6183104,39.3271102],[-76.618311,39.3271075],[-76.6183129,39.3271021],[-76.6183152,39.3270964],[-76.6183182,39.3270906],[-76.6183214,39.3270848],[-76.6183292,39.3270733],[-76.6183335,39.3270677],[-76.6183387,39.3270615],[-76.6183468,39.3270533],[-76.6183482,39.3270518],[-76.6183531,39.3270475],[-76.6183579,39.3270436],[-76.6183628,39.3270404],[-76.6183674,39.3270377],[-76.6183716,39.3270359],[-76.6183709,39.3271533]]]}},{"type":"Feature","properties":{"layer":"Vegetation","symbol":3,"class":"Woodland","_tile":"6/37/37"},"geometry":{"type":"Polygon","coordinates":[[[-76.6178173,39.3269396],[-76.6178102,39.3269355],[-76.6178067,39.3269331],[-76.6177977,39.3269262],[-76.617793,39.3269221],[-76.6177852,39.3269147],[-76.6177768,39.3269056],[-76.6177733,39.3269013],[-76.6177687,39.3268952],[-76.6177663,39.3268915],[-76.617764,39.3268878],[-76.6177622,39.3268842],[-76.6177608,39.3268807],[-76.617759,39.3268743],[-76.6177587,39.3268727],[-76.6177586,39.3268725],[-76.6177577,39.3268681],[-76.6177566,39.3268597],[-76.6177567,39.3268562],[-76.617757,39.3268538],[-76.6177578,39.326851],[-76.6177587,39.3268492],[-76.6177604,39.3268473],[-76.617763,39.326845],[-76.6177656,39.3268434],[-76.6177695,39.3268411],[-76.6177764,39.3268376],[-76.6177941,39.3268294],[-76.6178049,39.3268238],[-76.6178062,39.326823],[-76.6178124,39.3268193],[-76.6178156,39.3268172],[-76.6178176,39.3268157],[-76.6178198,39.3268135],[-76.6178209,39.3268121],[-76.6178221,39.3268095],[-76.6178226,39.3268066],[-76.6178225,39.3268028],[-76.6178219,39.3267982],[-76.6178208,39.3267939],[-76.6178192,39.3267885],[-76.6178125,39.3267696],[-76.61781,39.3267613],[-76.6178086,39.3267552],[-76.6178083,39.3267544],[-76.6178079,39.3267482],[-76.6178082,39.3267443],[-76.6178087,39.3267398],[-76.6178104,39.3267315],[-76.6178115,39.3267279],[-76.617814,39.3267216],[-76.6178151,39.3267196],[-76.6178168,39.3267174],[-76.6178173,39.326717],[-76.6178197,39.326714],[-76.6178231,39.3267109],[-76.6178247,39.3267093],[-76.6178294,39.3267049],[-76.6178305,39.3267037],[-76.617831,39.3267033],[-76.6178351,39.3266989],[-76.6178382,39.3266951],[-76.6178389,39.3266942],[-76.6178395,39.3266928],[-76.6178403,39.3266895],[-76.6178403,39.3266853],[-76.6178394,39.3266804],[-76.6178376,39.3266743],[-76.6178339,39.3266649],[-76.6178323,39.3266612],[-76.6178283,39.3266532],[-76.6178212,39.3266392],[-76.6178142,39.3266239],[-76.6178085,39.3266104],[-76.6178076,39.3266077],[-76.6178059,39.3266035],[-76.6178032,39.3265946],[-76.6178024,39.3265911],[-76.6178017,39.3265863],[-76.6178011,39.3265812],[-76.6178004,39.3265695],[-76.6178005,39.326557],[-76.6178013,39.3265449],[-76.6178027,39.326534],[-76.6178037,39.3265287],[-76.6178048,39.3265237],[-76.6178062,39.3265188],[-76.6178074,39.326515],[-76.6178092,39.3265108],[-76.6178109,39.3265076],[-76.617814,39.3265024],[-76.6178186,39.326496],[-76.6178285,39.3264838],[-76.6178294,39.3264828],[-76.6181943,39.3264839],[-76.6181801,39.3264998],[-76.6181705,39.3265102],[-76.618158,39.3265246],[-76.6181363,39.3265332],[-76.6181209,39.3265386],[-76.6181137,39.3265409],[-76.6181077,39.3265424],[-76.6181019,39.3265436],[-76.6180974,39.3265442],[-76.6180907,39.3265445],[-76.6180871,39.3265445],[-76.6180821,39.3265442],[-76.6180786,39.326544],[-76.6180453,39.3265408],[-76.6180315,39.32654],[-76.618025,39.3265401],[-76.6180192,39.3265406],[-76.618014,39.3265416],[-76.6180103,39.3265429],[-76.6180049,39.3265459],[-76.617999,39.3265502],[-76.617994,39.326555],[-76.6179915,39.3265578],[-76.6179904,39.3265595],[-76.6179896,39.3265616],[-76.6179891,39.3265641],[-76.6179894,39.3265706],[-76.6179909,39.3265784],[-76.6179917,39.3265802],[-76.6179926,39.3265829],[-76.6179932,39.3265842],[-76.6179955,39.3265871],[-76.617999,39.3265901],[-76.6180152,39.3266005],[-76.6180165,39.326645],[-76.6180166,39.326646],[-76.6180029,39.3266598],[-76.6179957,39.3266669],[-76.6179808,39.3266819],[-76.617978,39.3266945],[-76.6179722,39.3267205],[-76.6179719,39.3267214],[-76.6179749,39.3267282],[-76.617979,39.326738],[-76.6179831,39.3267472],[-76.618016,39.3268001],[-76.6180207,39.3268042],[-76.6180474,39.3268278],[-76.6180483,39.326837],[-76.6180496,39.3268457],[-76.6180517,39.3268524],[-76.6180543,39.3268573],[-76.618058,39.3268622],[-76.6180627,39.3268673],[-76.6180691,39.3268734],[-76.6180755,39.3268785],[-76.6180836,39.3268843],[-76.6180848,39.326885],[-76.6180923,39.3268897],[-76.6180997,39.3268938],[-76.6181095,39.3268986],[-76.6181173,39.326902],[-76.6181519,39.3269366],[-76.6181641,39.3269488],[-76.6182017,39.3269873],[-76.6178741,39.3269862],[-76.617872,39.3269835],[-76.6178665,39.3269769],[-76.6178592,39.3269687],[-76.6178552,39.3269645],[-76.6178491,39.3269588],[-76.6178444,39.3269549],[-76.6178393,39.3269513],[-76.6178323,39.3269474],[-76.6178173,39.3269396]]]}},{"type":"Feature","properties":{"layer":"Vegetation","symbol":1,"class":"Hedgerows","_tile":"6/37/37"},"geometry":{"type":"Polygon","coordinates":[[[-76.6180391,39.3266534],[-76.6180404,39.3266549],[-76.6180405,39.3266558],[-76.6180402,39.3266566],[-76.6180388,39.3266586],[-76.6180367,39.3266605],[-76.6180334,39.3266629],[-76.6180313,39.3266641],[-76.6180285,39.326665],[-76.618026,39.3266655],[-76.618025,39.3266655],[-76.6180239,39.326665],[-76.6180231,39.3266642],[-76.6180228,39.326664],[-76.6180205,39.3266606],[-76.6180201,39.3266589],[-76.6180198,39.3266555],[-76.6180196,39.3266435],[-76.6180197,39.3266432],[-76.6180202,39.3266377],[-76.6180213,39.3266319],[-76.6180224,39.3266297],[-76.6180241,39.3266258],[-76.6180283,39.3266191],[-76.6180297,39.3266174],[-76.6180312,39.3266157],[-76.6180349,39.3266121],[-76.6180403,39.3266076],[-76.6180463,39.3266031],[-76.6180542,39.3265981],[-76.6180769,39.3265857],[-76.6180797,39.326584],[-76.618082,39.3265825],[-76.6180862,39.3265794],[-76.618089,39.3265768],[-76.6180925,39.3265726],[-76.6181047,39.3265565],[-76.6181084,39.3265521],[-76.6181127,39.3265476],[-76.6181172,39.3265436],[-76.6181218,39.3265402],[-76.6181251,39.3265384],[-76.618128,39.3265374],[-76.6181315,39.3265364],[-76.6181372,39.3265356],[-76.6181407,39.326536],[-76.6181446,39.3265371],[-76.6181482,39.3265385],[-76.6181508,39.3265398],[-76.6181525,39.3265418],[-76.6181551,39.3265464],[-76.6181558,39.3265619],[-76.6181499,39.3265683],[-76.6181464,39.3265726],[-76.6181448,39.3265752],[-76.6181437,39.3265767],[-76.6181426,39.3265798],[-76.6181423,39.3265894],[-76.6181417,39.3265923],[-76.6181409,39.3265938],[-76.6181393,39.3265949],[-76.6181375,39.3265961],[-76.6181341,39.3265978],[-76.6181275,39.3266002],[-76.6181163,39.3266031],[-76.6180946,39.3266071],[-76.6180879,39.3266088],[-76.6180846,39.3266103],[-76.61808,39.3266127],[-76.6180676,39.3266208],[-76.6180548,39.3266293],[-76.6180512,39.3266318],[-76.6180463,39.3266354],[-76.6180415,39.3266394],[-76.6180386,39.3266423],[-76.6180366,39.3266451],[-76.6180361,39.3266468],[-76.6180363,39.3266488],[-76.618037,39.3266509],[-76.6180391,39.3266534]]]}},{"type":"Feature","properties":{"layer":"Vegetation","symbol":1,"class":"Hedgerows","_tile":"6/37/37"},"geometry":{"type":"Polygon","coordinates":[[[-76.6180297,39.3266997],[-76.6180318,39.3266976],[-76.6180335,39.3266962],[-76.6180358,39.3266954],[-76.6180363,39.3266953],[-76.6180429,39.3266962],[-76.6180441,39.3266959],[-76.6180466,39.3266949],[-76.6180492,39.3266933],[-76.6180535,39.32669],[-76.6180643,39.3266804],[-76.6180674,39.3266782],[-76.6180712,39.326676],[-76.6180737,39.3266748],[-76.6180757,39.3266742],[-76.6180809,39.3266744],[-76.618089,39.3266792],[-76.6180982,39.3266803],[-76.6181054,39.3266867],[-76.6181118,39.3266872],[-76.6181166,39.3266842],[-76.6181217,39.326685],[-76.6181243,39.3266867],[-76.6181219,39.3266913],[-76.6181209,39.3266933],[-76.6181101,39.3267021],[-76.6180928,39.3267168],[-76.6180942,39.3267183],[-76.6180977,39.3267221],[-76.6180986,39.3267249],[-76.6180961,39.3267322],[-76.618095,39.3267354],[-76.6180945,39.3267366],[-76.6180936,39.3267392],[-76.6180837,39.3267521],[-76.6180794,39.3267586],[-76.6180754,39.3267606],[-76.6180673,39.3267568],[-76.6180598,39.3267517],[-76.6180538,39.3267461],[-76.6180525,39.326744],[-76.6180516,39.3267423],[-76.6180496,39.3267369],[-76.6180516,39.3267278],[-76.6180626,39.3267182],[-76.6180669,39.3267128],[-76.6180611,39.3267059],[-76.6180545,39.3267092],[-76.6180493,39.3267132],[-76.6180446,39.326718],[-76.6180421,39.3267223],[-76.6180403,39.3267275],[-76.618039,39.3267339],[-76.6180388,39.3267395],[-76.6180394,39.3267425],[-76.6180412,39.3267468],[-76.6180438,39.3267513],[-76.618051,39.3267628],[-76.6180531,39.3267672],[-76.6180552,39.3267746],[-76.6180566,39.3267802],[-76.6180578,39.3267842],[-76.6180587,39.3267889],[-76.6180585,39.3267903],[-76.6180574,39.326793],[-76.6180571,39.3267933],[-76.6180554,39.3267957],[-76.618054,39.3267969],[-76.6180506,39.3267989],[-76.6180468,39.3268002],[-76.6180445,39.3268006],[-76.6180411,39.3268001],[-76.618041,39.3267999],[-76.6180387,39.3267992],[-76.6180368,39.3267983],[-76.6180352,39.3267961],[-76.6180327,39.3267906],[-76.6180308,39.3267843],[-76.6180258,39.3267645],[-76.6180237,39.3267588],[-76.6180214,39.3267545],[-76.6180197,39.3267526],[-76.6180185,39.3267515],[-76.6180121,39.3267479],[-76.6180107,39.3267465],[-76.6180087,39.3267437],[-76.6180081,39.3267414],[-76.6180083,39.3267409],[-76.6180085,39.3267387],[-76.6180096,39.3267349],[-76.6180116,39.3267298],[-76.6180148,39.3267234],[-76.618023,39.3267097],[-76.6180269,39.3267036],[-76.6180297,39.3266997]]]}},{"type":"Feature","properties":{"layer":"Vegetation","symbol":1,"class":"Hedgerows","_tile":"6/37/37"},"geometry":{"type":"Polygon","coordinates":[[[-76.6181363,39.326809],[-76.6181319,39.3268108],[-76.6181171,39.3268176],[-76.6180971,39.326796],[-76.6180674,39.326819],[-76.6180615,39.3268104],[-76.6180615,39.3268101],[-76.6180699,39.3268043],[-76.6180766,39.3267999],[-76.6181052,39.3267805],[-76.6181089,39.3267837],[-76.6181363,39.326809]]]}},{"type":"Feature","properties":{"layer":"Vegetation","symbol":1,"class":"Hedgerows","_tile":"6/37/37"},"geometry":{"type":"Polygon","coordinates":[[[-76.6182078,39.3269873],[-76.6182061,39.3269869],[-76.6182047,39.326986],[-76.6182047,39.3269859],[-76.6182037,39.3269847],[-76.6182017,39.3269814],[-76.6182002,39.3269765],[-76.6181992,39.3269703],[-76.618199,39.3269674],[-76.6181995,39.3269645],[-76.618201,39.3269616],[-76.6182034,39.326959],[-76.6182058,39.3269578],[-76.618209,39.326957],[-76.6182141,39.3269566],[-76.6182212,39.3269566],[-76.6182275,39.3269572],[-76.6182347,39.3269588],[-76.6182426,39.3269613],[-76.6182481,39.3269639],[-76.6182523,39.3269669],[-76.6182628,39.3269768],[-76.6182661,39.3269793],[-76.6182707,39.3269812],[-76.6182758,39.3269876],[-76.6182078,39.3269873]]]}},{"type":"Feature","properties":{"layer":"Vegetation","symbol":1,"class":"Hedgerows","_tile":"6/37/37"},"geometry":{"type":"Polygon","coordinates":[[[-76.6183223,39.3269877],[-76.6183226,39.3269876],[-76.6183264,39.3269865],[-76.6183296,39.3269862],[-76.6183344,39.3269862],[-76.6183385,39.3269864],[-76.6183456,39.3269874],[-76.6183473,39.3269878],[-76.6183223,39.3269877]],[[-76.6183719,39.3269773],[-76.6183718,39.3269879],[-76.6183714,39.3269879],[-76.6183706,39.3269856],[-76.6183702,39.3269821],[-76.6183703,39.3269809],[-76.6183705,39.3269808],[-76.6183706,39.3269801],[-76.6183706,39.3269795],[-76.6183719,39.3269773]]]}},{"type":"Feature","properties":{"layer":"Vegetation","symbol":1,"class":"Hedgerows","_tile":"6/37/37"},"geometry":{"type":"Polygon","coordinates":[[[-76.6183207,39.3265081],[-76.6183194,39.3265139],[-76.6183182,39.3265147],[-76.6183142,39.3265148],[-76.6183083,39.3265108],[-76.6183018,39.3265072],[-76.6182905,39.3265055],[-76.6182817,39.3265054],[-76.6182719,39.3265014],[-76.61826,39.3264932],[-76.618258,39.3264906],[-76.6182577,39.3264883],[-76.6182581,39.3264868],[-76.6182587,39.3264853],[-76.6182598,39.3264842],[-76.6183124,39.3264843],[-76.6183139,39.326487],[-76.6183191,39.3264941],[-76.6183206,39.3265029],[-76.6183207,39.3265081]]]}},{"type":"Feature","properties":{"layer":"Vegetation","symbol":1,"class":"Hedgerows","_tile":"6/37/37"},"geometry":{"type":"Polygon","coordinates":[[[-76.6181754,39.3266434],[-76.6181742,39.3266431],[-76.6181739,39.3266424],[-76.6181719,39.3266376],[-76.6181719,39.3266366],[-76.6181723,39.326634],[-76.6181723,39.3266331],[-76.6181749,39.3266296],[-76.6181775,39.326628],[-76.6181811,39.3266254],[-76.6181841,39.326622],[-76.6181845,39.3266206],[-76.6181848,39.32662],[-76.618184,39.326618],[-76.6181839,39.3266167],[-76.6181904,39.3266087],[-76.6181942,39.3266042],[-76.6181942,39.3266041],[-76.6181944,39.3266041],[-76.6181944,39.3266038],[-76.6181959,39.326602],[-76.6181987,39.3266017],[-76.6182011,39.3266013],[-76.6182074,39.3266011],[-76.6182129,39.3266038],[-76.6182155,39.3266062],[-76.6182158,39.3266078],[-76.6182172,39.3266127],[-76.6182152,39.3266166],[-76.6182147,39.3266178],[-76.6182102,39.3266223],[-76.618203,39.3266278],[-76.618199,39.326631],[-76.6181919,39.3266363],[-76.6181868,39.3266404],[-76.6181822,39.3266437],[-76.6181784,39.3266445],[-76.6181771,39.3266442],[-76.6181754,39.3266434]]]}},{"type":"Feature","properties":{"layer":"Vegetation","symbol":3,"class":"Woodland","_tile":"6/37/38"},"geometry":{"type":"Polygon","coordinates":[[[-76.6178172,39.326498],[-76.6178186,39.326496],[-76.6178285,39.3264838],[-76.6178441,39.3264654],[-76.617849,39.3264589],[-76.6178532,39.3264527],[-76.6178591,39.3264426],[-76.6178603,39.3264406],[-76.617863,39.3264356],[-76.6178651,39.3264308],[-76.6178665,39.3264272],[-76.6178668,39.326426],[-76.6178675,39.326424],[-76.6178676,39.3264214],[-76.6178673,39.3264198],[-76.6178669,39.326419],[-76.6178658,39.3264179],[-76.6178649,39.3264172],[-76.6178632,39.3264163],[-76.6178612,39.3264154],[-76.6178588,39.3264147],[-76.6178533,39.3264135],[-76.6178477,39.3264126],[-76.6178405,39.3264119],[-76.6178356,39.3264116],[-76.6178085,39.3264098],[-76.6177993,39.3264089],[-76.6177933,39.326408],[-76.6177888,39.3264073],[-76.6177849,39.3264064],[-76.6177815,39.3264053],[-76.6177769,39.3264033],[-76.6177723,39.3264008],[-76.6177679,39.3263978],[-76.6177633,39.3263945],[-76.617759,39.3263907],[-76.617754,39.3263856],[-76.61775,39.3263812],[-76.6177442,39.3263739],[-76.6177387,39.3263657],[-76.6177346,39.3263584],[-76.6177325,39.3263539],[-76.6177304,39.3263487],[-76.6177287,39.3263433],[-76.6177275,39.3263378],[-76.6177273,39.3263349],[-76.6177273,39.3263192],[-76.6177283,39.3263139],[-76.6177291,39.3263118],[-76.6177297,39.3263105],[-76.6177315,39.3263081],[-76.6177351,39.3263044],[-76.6177369,39.3263028],[-76.6177416,39.3262992],[-76.6177465,39.3262958],[-76.6177516,39.3262928],[-76.6177563,39.3262903],[-76.6177574,39.3262898],[-76.6177596,39.326289],[-76.6177643,39.3262876],[-76.6177697,39.3262868],[-76.6177757,39.3262863],[-76.6177831,39.3262862],[-76.6177969,39.3262869],[-76.6178094,39.3262879],[-76.6178148,39.3262882],[-76.6178197,39.3262887],[-76.6178363,39.3262897],[-76.6178455,39.3262898],[-76.6178492,39.3262897],[-76.6178576,39.3262887],[-76.617863,39.3262877],[-76.6178668,39.3262863],[-76.617871,39.3262844],[-76.6178767,39.3262812],[-76.6178801,39.326279],[-76.6178953,39.3262691],[-76.6179024,39.3262648],[-76.6179132,39.3262592],[-76.6179244,39.3262538],[-76.6179281,39.3262523],[-76.6179352,39.3262491],[-76.617947,39.3262442],[-76.617951,39.3262427],[-76.6179578,39.3262403],[-76.6179685,39.3262373],[-76.6180005,39.3262291],[-76.6180088,39.3262267],[-76.6180151,39.3262244],[-76.618024,39.3262208],[-76.6180331,39.3262165],[-76.6180438,39.3262111],[-76.6180534,39.3262057],[-76.6180623,39.3262005],[-76.6180654,39.3261984],[-76.6180701,39.3261953],[-76.6180768,39.3261905],[-76.6180814,39.3261866],[-76.6180848,39.3261832],[-76.618089,39.3261784],[-76.618103,39.32616],[-76.618111,39.3261504],[-76.6181143,39.3261471],[-76.6181149,39.3261463],[-76.6181181,39.3261434],[-76.6181215,39.3261409],[-76.6181249,39.3261387],[-76.6181257,39.3261384],[-76.6181285,39.3261371],[-76.6181335,39.3261351],[-76.6181529,39.3261284],[-76.6181597,39.3261256],[-76.6181635,39.3261235],[-76.6181709,39.3261184],[-76.6181754,39.3261151],[-76.6181879,39.3261052],[-76.6181923,39.326102],[-76.6181957,39.3260998],[-76.6181959,39.3260998],[-76.6182003,39.3260972],[-76.6182037,39.3260955],[-76.6182071,39.3260943],[-76.6182105,39.3260934],[-76.6182145,39.3260928],[-76.6182206,39.3260923],[-76.6182292,39.3260914],[-76.6182321,39.3260907],[-76.6182358,39.3260898],[-76.6182433,39.3260874],[-76.618249,39.3260852],[-76.6182492,39.3260849],[-76.6182524,39.3260832],[-76.6182536,39.3260821],[-76.6182563,39.3260786],[-76.6182574,39.3260767],[-76.6182597,39.3260719],[-76.6182609,39.3260688],[-76.6182637,39.326062],[-76.6182643,39.3260602],[-76.6182657,39.3260572],[-76.6182662,39.3260566],[-76.6182673,39.3260545],[-76.618269,39.3260522],[-76.6182707,39.3260503],[-76.6182728,39.3260489],[-76.6182742,39.3260483],[-76.6182767,39.326048],[-76.6182808,39.3260479],[-76.6182879,39.3260482],[-76.618294,39.3260486],[-76.6183,39.3260486],[-76.6183029,39.3260483],[-76.6183063,39.3260477],[-76.6183134,39.3260461],[-76.6183204,39.3260441],[-76.6183272,39.3260416],[-76.61833,39.3260404],[-76.6183324,39.3260392],[-76.618337,39.326037],[-76.6183392,39.3260358],[-76.6183429,39.3260339],[-76.618343,39.3260336],[-76.6183467,39.3260316],[-76.6183503,39.3260294],[-76.6183527,39.326028],[-76.6183571,39.326025],[-76.6183609,39.326022],[-76.618364,39.3260193],[-76.6183677,39.3260155],[-76.6183711,39.3260113],[-76.6183753,39.326006],[-76.6183771,39.3260034],[-76.6183768,39.3260619],[-76.6183608,39.3260771],[-76.6183458,39.3260914],[-76.6183435,39.3260938],[-76.6183404,39.3260967],[-76.6183386,39.3260986],[-76.6183147,39.3261209],[-76.6182926,39.3261399],[-76.6182871,39.3261451],[-76.6182826,39.3261497],[-76.6182796,39.3261537],[-76.6182705,39.3261666],[-76.6182671,39.3261707],[-76.6182644,39.326173],[-76.6182622,39.3261743],[-76.6182588,39.3261759],[-76.6182559,39.3261771],[-76.6182431,39.3261806],[-76.6182376,39.3261818],[-76.6182293,39.3261838],[-76.6182255,39.3261846],[-76.618219,39.3261864],[-76.6182172,39.326187],[-76.6182132,39.3261885],[-76.6182099,39.3261899],[-76.6182024,39.3261938],[-76.6181955,39.3261977],[-76.6181841,39.326205],[-76.6181776,39.3262092],[-76.6181767,39.3262099],[-76.6181702,39.3262141],[-76.6181591,39.3262216],[-76.6181533,39.3262252],[-76.6181491,39.3262274],[-76.6181478,39.3262282],[-76.6181282,39.3262379],[-76.6181279,39.3262381],[-76.6181187,39.326243],[-76.6181124,39.3262466],[-76.6181065,39.3262503],[-76.6181033,39.3262526],[-76.6181002,39.326255],[-76.618096,39.326259],[-76.6180928,39.3262632],[-76.6180916,39.3262657],[-76.6180905,39.3262703],[-76.6180901,39.3262734],[-76.6180899,39.3262873],[-76.6180897,39.3262893],[-76.6180893,39.3262941],[-76.6180889,39.326296],[-76.6180853,39.3263151],[-76.6180834,39.3263263],[-76.6180828,39.3263326],[-76.6180826,39.3263402],[-76.6180827,39.3263408],[-76.6180829,39.3263436],[-76.6180835,39.3263463],[-76.6180845,39.3263493],[-76.6180856,39.3263511],[-76.6180873,39.3263529],[-76.6180888,39.326354],[-76.6180906,39.3263546],[-76.6180928,39.3263549],[-76.6180964,39.3263551],[-76.6180997,39.3263548],[-76.6181049,39.3263544],[-76.6181084,39.3263539],[-76.6181146,39.3263528],[-76.6181184,39.3263518],[-76.6181233,39.32635],[-76.6181286,39.3263475],[-76.6181338,39.3263448],[-76.6181436,39.3263389],[-76.6181509,39.3263344],[-76.6181543,39.3263321],[-76.6181684,39.3263231],[-76.6181752,39.3263192],[-76.6181817,39.3263158],[-76.6181866,39.3263135],[-76.6181933,39.326311],[-76.6181983,39.3263099],[-76.6182012,39.3263095],[-76.618203,39.3263094],[-76.6182067,39.3263094],[-76.6182107,39.3263097],[-76.6182162,39.3263103],[-76.618221,39.326311],[-76.6182308,39.3263131],[-76.6182407,39.3263158],[-76.6182502,39.3263192],[-76.6182577,39.3263226],[-76.6182611,39.3263244],[-76.6182615,39.3263247],[-76.6182615,39.3263364],[-76.6182616,39.326368],[-76.6182605,39.3263775],[-76.6182594,39.3263857],[-76.6182586,39.3263905],[-76.6182573,39.3263979],[-76.6182557,39.3264047],[-76.6182543,39.3264094],[-76.6182522,39.3264154],[-76.6182481,39.3264222],[-76.618246,39.3264251],[-76.6182418,39.3264306],[-76.6182319,39.3264422],[-76.6182257,39.3264489],[-76.6181805,39.3264992],[-76.6178172,39.326498]]]}},{"type":"Feature","properties":{"layer":"Vegetation","symbol":3,"class":"Woodland","_tile":"6/37/38"},"geometry":{"type":"Polygon","coordinates":[[[-76.6180519,39.3259954],[-76.6180568,39.3259992],[-76.6180728,39.3260094],[-76.6180788,39.3260137],[-76.6180848,39.3260197],[-76.6180867,39.3260218],[-76.6180936,39.326031],[-76.618098,39.3260393],[-76.6180992,39.3260433],[-76.6180992,39.3260461],[-76.6180986,39.3260485],[-76.618097,39.326051],[-76.6180919,39.3260564],[-76.6180841,39.3260627],[-76.6180713,39.3260717],[-76.6180657,39.3260753],[-76.6180597,39.326079],[-76.6180485,39.326085],[-76.6180393,39.3260881],[-76.6180281,39.3260902],[-76.6180146,39.3260913],[-76.6180003,39.3260915],[-76.6179845,39.3260905],[-76.6179731,39.3260892],[-76.6179681,39.3260884],[-76.6179589,39.3260866],[-76.6179535,39.3260855],[-76.617943,39.3260823],[-76.6179422,39.326082],[-76.6179365,39.3260796],[-76.6179303,39.3260762],[-76.6179176,39.3260674],[-76.6179078,39.3260589],[-76.6179064,39.3260577],[-76.6179023,39.3260531],[-76.6179017,39.3260522],[-76.6179005,39.3260502],[-76.6178999,39.3260495],[-76.6178999,39.3260492],[-76.6178994,39.3260488],[-76.617899,39.3260471],[-76.6178979,39.3260441],[-76.6178973,39.3260377],[-76.6178978,39.326025],[-76.6178984,39.3260161],[-76.6178986,39.3260081],[-76.6178977,39.3260013],[-76.6178975,39.3259992],[-76.6178974,39.3259992],[-76.6178971,39.3259966],[-76.6178966,39.3259949],[-76.6180519,39.3259954]]]}},{"type":"Feature","properties":{"layer":"Vegetation","symbol":1,"class":"Hedgerows","_tile":"6/37/38"},"geometry":{"type":"Polygon","coordinates":[[[-76.6182692,39.3264994],[-76.61826,39.3264932],[-76.618258,39.3264906],[-76.6182577,39.3264883],[-76.6182581,39.3264868],[-76.6182587,39.3264853],[-76.6182618,39.3264818],[-76.6182676,39.3264755],[-76.6182684,39.326475],[-76.6182715,39.326474],[-76.6182715,39.3264738],[-76.6182749,39.3264724],[-76.618281,39.3264714],[-76.6182847,39.3264713],[-76.6182991,39.3264713],[-76.6183042,39.3264725],[-76.6183069,39.326475],[-76.6183139,39.326487],[-76.6183191,39.3264941],[-76.61832,39.3264996],[-76.6182692,39.3264994]]]}},{"type":"Feature","properties":{"layer":"Vegetation","symbol":3,"class":"Woodland","_tile":"6/37/39"},"geometry":{"type":"Polygon","coordinates":[[[-76.6183708,39.3260117],[-76.6183711,39.3260113],[-76.6183753,39.326006],[-76.6183771,39.3260034],[-76.6183771,39.3260117],[-76.6183708,39.3260117]]]}},{"type":"Feature","properties":{"layer":"Vegetation","symbol":3,"class":"Woodland","_tile":"6/37/39"},"geometry":{"type":"Polygon","coordinates":[[[-76.6178579,39.3259699],[-76.617854,39.3259701],[-76.617852,39.3259701],[-76.6178435,39.325971],[-76.6178274,39.3259725],[-76.6178091,39.3259748],[-76.6178045,39.3259753],[-76.6178025,39.3259756],[-76.6177964,39.3259763],[-76.6177886,39.3259774],[-76.617787,39.3259775],[-76.6177856,39.3259777],[-76.6177786,39.3259785],[-76.6177691,39.3259798],[-76.6177681,39.3259798],[-76.617768,39.3259799],[-76.6177637,39.3259804],[-76.6177592,39.325981],[-76.6177459,39.3259818],[-76.6177316,39.325982],[-76.6177292,39.3259818],[-76.6177317,39.3255063],[-76.617844,39.3255066],[-76.617844,39.3255069],[-76.6178445,39.3255095],[-76.6178452,39.3255153],[-76.6178476,39.3255245],[-76.6178482,39.325526],[-76.6178514,39.325535],[-76.6178558,39.3255442],[-76.6178608,39.3255524],[-76.6178806,39.3255741],[-76.6178843,39.3255793],[-76.6178855,39.3255818],[-76.6178866,39.3255847],[-76.6178867,39.3255891],[-76.6178853,39.325596],[-76.6178758,39.3256193],[-76.6178736,39.3256258],[-76.617873,39.3256307],[-76.617874,39.3256344],[-76.6178759,39.3256359],[-76.6178786,39.3256373],[-76.6178827,39.3256386],[-76.6178873,39.3256399],[-76.6178999,39.3256419],[-76.6179065,39.3256428],[-76.6179235,39.3256448],[-76.6179455,39.3256472],[-76.617951,39.3256478],[-76.617955,39.3256482],[-76.6179683,39.325649],[-76.6179795,39.325649],[-76.6179829,39.3256488],[-76.6179841,39.3256488],[-76.6179884,39.3256484],[-76.6179956,39.3256473],[-76.6180004,39.3256455],[-76.6180032,39.325643],[-76.6180039,39.325641],[-76.618004,39.3256382],[-76.6180023,39.3256304],[-76.6179987,39.3256205],[-76.6179937,39.3256106],[-76.6179896,39.3256053],[-76.6179862,39.3256022],[-76.6179841,39.3256],[-76.6179831,39.3255993],[-76.6179633,39.325585],[-76.6179614,39.3255835],[-76.6179595,39.3255822],[-76.6179558,39.3255794],[-76.6179555,39.3255793],[-76.6179536,39.325578],[-76.6179498,39.3255753],[-76.6179433,39.3255695],[-76.617939,39.3255646],[-76.6179353,39.3255584],[-76.6179322,39.3255501],[-76.6179302,39.3255421],[-76.6179299,39.3255406],[-76.6179286,39.3255307],[-76.6179283,39.3255212],[-76.6179293,39.3255124],[-76.6179309,39.3255069],[-76.6183798,39.3255084],[-76.6183789,39.325677],[-76.61836,39.3256847],[-76.6183589,39.3256853],[-76.618347,39.3256903],[-76.6183333,39.3256976],[-76.6183329,39.3256977],[-76.6183267,39.325702],[-76.6183226,39.3257049],[-76.6183149,39.3257123],[-76.6182932,39.3257363],[-76.6182835,39.3257459],[-76.6182815,39.3257476],[-76.6182811,39.3257478],[-76.6182792,39.3257495],[-76.6182778,39.3257505],[-76.6182775,39.3257507],[-76.6182732,39.3257535],[-76.6182721,39.3257539],[-76.6182686,39.3257554],[-76.6182651,39.325756],[-76.6182606,39.3257555],[-76.6182582,39.3257551],[-76.6182545,39.3257539],[-76.6182496,39.3257522],[-76.6182482,39.3257516],[-76.6182471,39.325751],[-76.6182384,39.3257472],[-76.6182331,39.3257444],[-76.6182271,39.3257416],[-76.6182263,39.3257411],[-76.6182176,39.3257368],[-76.6182098,39.3257334],[-76.6182064,39.3257321],[-76.6182031,39.3257311],[-76.6182006,39.3257311],[-76.6181984,39.3257329],[-76.6181969,39.3257365],[-76.6181958,39.3257418],[-76.6181955,39.3257471],[-76.6181958,39.3257485],[-76.6181961,39.3257497],[-76.6181985,39.3257549],[-76.6182078,39.325769],[-76.6182108,39.3257758],[-76.6182135,39.3257837],[-76.6182137,39.3257848],[-76.6182142,39.3257906],[-76.618213,39.3257998],[-76.6182111,39.325806],[-76.61821,39.3258097],[-76.6182094,39.325811],[-76.618208,39.325815],[-76.6182067,39.325818],[-76.618206,39.3258201],[-76.6182058,39.325821],[-76.6182056,39.325821],[-76.618205,39.3258226],[-76.6182049,39.3258235],[-76.6182044,39.3258243],[-76.6182039,39.325826],[-76.6182025,39.3258294],[-76.6182018,39.3258317],[-76.6182002,39.3258381],[-76.6181999,39.3258399],[-76.6181997,39.3258404],[-76.6181995,39.3258456],[-76.6181994,39.3258469],[-76.6182001,39.3258553],[-76.6182013,39.3258622],[-76.6182022,39.3258664],[-76.618204,39.3258735],[-76.618207,39.3258827],[-76.6182076,39.3258841],[-76.6182112,39.3258926],[-76.6182146,39.3258989],[-76.6182184,39.3259047],[-76.6182355,39.3259231],[-76.6182385,39.3259275],[-76.6182403,39.3259315],[-76.6182408,39.3259345],[-76.6182401,39.3259391],[-76.6182387,39.3259441],[-76.6182364,39.325949],[-76.6182302,39.3259583],[-76.6182265,39.325962],[-76.6182228,39.3259644],[-76.6182184,39.3259658],[-76.6182125,39.3259666],[-76.6182052,39.3259669],[-76.618199,39.3259666],[-76.618196,39.3259657],[-76.6181915,39.3259638],[-76.6181853,39.3259602],[-76.6181799,39.325957],[-76.618168,39.3259479],[-76.6181521,39.3259327],[-76.6181484,39.3259295],[-76.6181416,39.3259229],[-76.6181323,39.3259149],[-76.6181306,39.3259136],[-76.6181255,39.32591],[-76.6181206,39.3259074],[-76.6181162,39.3259061],[-76.6181131,39.3259061],[-76.6181081,39.3259081],[-76.6181024,39.3259123],[-76.6180923,39.325922],[-76.6180919,39.3259224],[-76.6180855,39.3259287],[-76.6180814,39.3259326],[-76.6180732,39.3259393],[-76.6180589,39.3259475],[-76.6180491,39.3259532],[-76.6180417,39.3259578],[-76.618039,39.32596],[-76.6180377,39.3259612],[-76.6180375,39.3259614],[-76.6180361,39.3259625],[-76.6180344,39.3259647],[-76.6180335,39.3259667],[-76.6180335,39.3259682],[-76.6180339,39.3259713],[-76.6180368,39.3259775],[-76.6180414,39.3259839],[-76.6180429,39.3259861],[-76.6180498,39.3259938],[-76.6180505,39.3259943],[-76.6180568,39.3259992],[-76.6180728,39.3260094],[-76.6180747,39.3260107],[-76.6178985,39.3260102],[-76.6178986,39.3260081],[-76.6178977,39.3260013],[-76.6178975,39.3259992],[-76.6178974,39.3259992],[-76.6178971,39.3259966],[-76.6178957,39.325991],[-76.6178947,39.3259868],[-76.6178915,39.3259791],[-76.61789,39.325977],[-76.6178888,39.3259753],[-76.6178885,39.3259747],[-76.6178875,39.3259738],[-76.6178863,39.3259729],[-76.6178846,39.325972],[-76.6178808,39.3259707],[-76.6178796,39.3259705],[-76.617875,39.3259698],[-76.6178682,39.3259694],[-76.6178579,39.3259699]]]}},{"type":"Feature","properties":{"layer":"Vegetation","symbol":3,"class":"Woodland","_tile":"6/37/40"},"geometry":{"type":"Polygon","coordinates":[[[-76.6181242,39.3250195],[-76.6181275,39.3250241],[-76.6181283,39.3250253],[-76.6181324,39.3250344],[-76.6181359,39.3250468],[-76.6181373,39.3250589],[-76.6181371,39.3250716],[-76.6181352,39.3250816],[-76.6181337,39.3250859],[-76.6181316,39.3250893],[-76.6181262,39.3250944],[-76.618117,39.3251003],[-76.6181033,39.3251071],[-76.6181015,39.3251078],[-76.6180939,39.3251111],[-76.6180847,39.325115],[-76.6180703,39.3251201],[-76.6180511,39.3251253],[-76.61803,39.3251299],[-76.6180217,39.3251313],[-76.6180125,39.3251327],[-76.6179998,39.3251337],[-76.6179864,39.3251338],[-76.6179765,39.3251329],[-76.6179696,39.3251312],[-76.6179647,39.3251282],[-76.6179625,39.3251258],[-76.6179601,39.3251234],[-76.6179599,39.3251231],[-76.6179438,39.3251003],[-76.6179385,39.3250951],[-76.6179192,39.3250763],[-76.6179156,39.3250728],[-76.6179087,39.3250646],[-76.6178897,39.3250398],[-76.6178886,39.3250386],[-76.6178788,39.3250281],[-76.6178686,39.3250201],[-76.6178666,39.3250186],[-76.6181242,39.3250195]],[[-76.6178264,39.3250185],[-76.6178256,39.3250228],[-76.617825,39.3250292],[-76.6178245,39.3250333],[-76.6178243,39.3250335],[-76.6178235,39.3250406],[-76.617823,39.3250478],[-76.6178227,39.3250508],[-76.6178226,39.3250613],[-76.6178245,39.3250859],[-76.6178261,39.3250962],[-76.6178287,39.3251114],[-76.6178402,39.3251698],[-76.6178414,39.3251767],[-76.6178428,39.3251868],[-76.6178438,39.3251996],[-76.6178441,39.3252175],[-76.6178433,39.3252411],[-76.6178433,39.3252476],[-76.6178427,39.3252659],[-76.6178432,39.3252887],[-76.6178442,39.3253014],[-76.6178458,39.3253118],[-76.6178481,39.3253211],[-76.617851,39.3253286],[-76.6178571,39.3253391],[-76.6178575,39.3253396],[-76.6178723,39.3253599],[-76.6178729,39.3253605],[-76.6178802,39.3253707],[-76.6178887,39.3253844],[-76.6178921,39.3253924],[-76.6178951,39.3254025],[-76.617897,39.3254128],[-76.6178982,39.3254233],[-76.6178983,39.3254313],[-76.6178984,39.3254325],[-76.6178975,39.325441],[-76.6178957,39.3254477],[-76.6178956,39.3254478],[-76.6178939,39.3254513],[-76.6178928,39.3254532],[-76.6178902,39.3254563],[-76.6178854,39.3254602],[-76.6178772,39.3254656],[-76.6178765,39.325466],[-76.6178669,39.3254723],[-76.6178649,39.3254737],[-76.6178632,39.3254746],[-76.6178577,39.3254784],[-76.6178514,39.3254833],[-76.6178478,39.3254872],[-76.6178453,39.3254922],[-76.6178441,39.3254991],[-76.617844,39.3255069],[-76.6178445,39.3255095],[-76.6178452,39.3255153],[-76.6178469,39.3255219],[-76.6177316,39.3255215],[-76.6177344,39.3250182],[-76.6178264,39.3250185]],[[-76.6179283,39.3255222],[-76.6179283,39.3255212],[-76.6179293,39.3255124],[-76.6179312,39.3255057],[-76.6179341,39.3255007],[-76.6179366,39.3254984],[-76.6179403,39.3254962],[-76.6179466,39.325494],[-76.6179523,39.325492],[-76.6179659,39.3254887],[-76.6180008,39.3254818],[-76.6180174,39.3254771],[-76.6180248,39.3254749],[-76.6180437,39.3254682],[-76.6180514,39.3254648],[-76.6180563,39.3254619],[-76.6180575,39.3254612],[-76.6180614,39.3254585],[-76.6180639,39.3254559],[-76.6180646,39.3254541],[-76.6180656,39.3254517],[-76.6180659,39.3254461],[-76.618065,39.3254386],[-76.618064,39.325433],[-76.6180602,39.3254138],[-76.6180601,39.3254071],[-76.6180618,39.3254015],[-76.6180645,39.3253978],[-76.6180686,39.3253939],[-76.6180739,39.32539],[-76.6180803,39.3253859],[-76.6180886,39.3253814],[-76.6180965,39.3253779],[-76.6181037,39.3253754],[-76.6181089,39.3253743],[-76.6181125,39.3253742],[-76.6181175,39.3253747],[-76.6181273,39.3253773],[-76.6181298,39.325378],[-76.6181439,39.3253839],[-76.6181523,39.3253881],[-76.618165,39.3253945],[-76.6181657,39.325395],[-76.6181697,39.325397],[-76.6181803,39.3254029],[-76.6181833,39.3254044],[-76.6181904,39.3254083],[-76.6181904,39.3254084],[-76.6181939,39.3254103],[-76.618194,39.3254103],[-76.6182032,39.3254147],[-76.6182051,39.3254153],[-76.6182103,39.3254174],[-76.6182161,39.3254189],[-76.6182212,39.3254196],[-76.6182251,39.325419],[-76.6182296,39.3254173],[-76.6182347,39.3254146],[-76.6182395,39.3254119],[-76.6182513,39.3254027],[-76.61826,39.3253939],[-76.6182629,39.3253897],[-76.6182641,39.3253865],[-76.6182652,39.3253841],[-76.618267,39.3253766],[-76.6182676,39.325371],[-76.6182678,39.3253693],[-76.6182677,39.3253513],[-76.6182662,39.3253367],[-76.6182658,39.3253305],[-76.6182657,39.3253302],[-76.6182648,39.3253195],[-76.6182647,39.3253189],[-76.6182636,39.3253083],[-76.6182635,39.3253079],[-76.6182633,39.3253053],[-76.6182626,39.3253028],[-76.6182623,39.3253012],[-76.6182618,39.3253002],[-76.6182603,39.3252944],[-76.6182582,39.3252903],[-76.6182555,39.3252865],[-76.618252,39.3252833],[-76.6182487,39.3252814],[-76.6182487,39.3252813],[-76.6182403,39.3252785],[-76.6182149,39.3252731],[-76.6182085,39.3252713],[-76.6182049,39.3252704],[-76.6181976,39.3252672],[-76.6181953,39.3252654],[-76.6181944,39.3252638],[-76.6181947,39.3252597],[-76.6181978,39.3252531],[-76.6182032,39.3252455],[-76.6182083,39.3252407],[-76.6182142,39.3252377],[-76.6182234,39.3252355],[-76.6182346,39.3252343],[-76.6182441,39.3252346],[-76.6182475,39.3252353],[-76.6182516,39.3252371],[-76.6182557,39.3252397],[-76.6182598,39.3252431],[-76.6182659,39.3252497],[-76.6182696,39.3252538],[-76.6182754,39.3252618],[-76.6182891,39.3252806],[-76.6182896,39.3252811],[-76.6182928,39.325285],[-76.6182938,39.3252861],[-76.6182947,39.3252874],[-76.6182949,39.3252874],[-76.6182958,39.3252884],[-76.6182975,39.3252898],[-76.6182983,39.3252906],[-76.6183016,39.3252929],[-76.6183044,39.3252939],[-76.6183064,39.3252939],[-76.6183074,39.3252938],[-76.6183102,39.3252926],[-76.6183142,39.3252895],[-76.6183202,39.3252831],[-76.6183213,39.3252821],[-76.6183219,39.3252814],[-76.6183236,39.3252787],[-76.6183264,39.3252749],[-76.6183284,39.3252718],[-76.6183309,39.3252669],[-76.6183314,39.3252654],[-76.6183314,39.325265],[-76.6183318,39.3252637],[-76.6183319,39.32526],[-76.6183317,39.3252586],[-76.6183316,39.3252585],[-76.6183311,39.325256],[-76.6183298,39.3252524],[-76.6183236,39.3252364],[-76.6183224,39.3252315],[-76.6183222,39.3252288],[-76.6183222,39.325228],[-76.6183242,39.3252222],[-76.6183284,39.3252157],[-76.6183344,39.3252087],[-76.6183406,39.3252033],[-76.6183434,39.3252018],[-76.6183478,39.3252001],[-76.6183572,39.3251985],[-76.6183689,39.325198],[-76.6183706,39.3251979],[-76.618373,39.3251981],[-76.6183814,39.3251981],[-76.6183797,39.3255236],[-76.6179283,39.3255222]]]}},{"type":"Feature","properties":{"layer":"Vegetation","symbol":3,"class":"Woodland","_tile":"6/37/41"},"geometry":{"type":"Polygon","coordinates":[[[-76.617737,39.3245301],[-76.6178998,39.3245306],[-76.6179002,39.3245311],[-76.6179043,39.3245354],[-76.6179245,39.3245522],[-76.6179311,39.3245587],[-76.6179329,39.3245616],[-76.6179335,39.3245623],[-76.6179356,39.3245672],[-76.6179386,39.3245791],[-76.6179398,39.3245956],[-76.6179398,39.3246154],[-76.6179402,39.3246259],[-76.6179402,39.324628],[-76.6179414,39.324636],[-76.6179417,39.3246393],[-76.6179444,39.3246473],[-76.6179479,39.3246531],[-76.617952,39.3246581],[-76.6179532,39.3246597],[-76.6179662,39.3246734],[-76.6179775,39.324685],[-76.6179859,39.3246945],[-76.6179918,39.3247029],[-76.6179948,39.3247099],[-76.6179957,39.324716],[-76.6179957,39.3247248],[-76.6179947,39.324733],[-76.6179928,39.3247398],[-76.6179876,39.3247477],[-76.6179788,39.3247567],[-76.6179705,39.3247618],[-76.6179453,39.3247727],[-76.6179371,39.3247774],[-76.6179331,39.3247816],[-76.6179295,39.3247869],[-76.617926,39.324794],[-76.6179157,39.3248176],[-76.6179118,39.3248241],[-76.6179078,39.3248286],[-76.6179007,39.3248337],[-76.6178833,39.3248437],[-76.6178758,39.3248486],[-76.6178733,39.3248507],[-76.6178701,39.3248535],[-76.6178682,39.324856],[-76.6178672,39.3248584],[-76.6178676,39.324864],[-76.61787,39.3248709],[-76.6178744,39.3248783],[-76.6178772,39.3248811],[-76.6178784,39.3248826],[-76.6178795,39.3248831],[-76.617881,39.3248838],[-76.6178842,39.3248843],[-76.6178922,39.3248833],[-76.6179029,39.3248804],[-76.6179082,39.3248787],[-76.6179321,39.3248706],[-76.6179395,39.3248691],[-76.6179453,39.3248692],[-76.6179483,39.3248702],[-76.6179518,39.3248726],[-76.617955,39.324876],[-76.6179588,39.3248811],[-76.6179649,39.324892],[-76.6179749,39.324914],[-76.6179813,39.3249258],[-76.6179829,39.3249283],[-76.6179843,39.3249301],[-76.6179869,39.3249326],[-76.61799,39.3249343],[-76.6179939,39.3249356],[-76.6180146,39.3249397],[-76.6180211,39.3249419],[-76.6180256,39.3249454],[-76.6180304,39.3249512],[-76.6180316,39.3249535],[-76.6180348,39.3249589],[-76.6180378,39.3249667],[-76.6180385,39.3249721],[-76.6180388,39.3249876],[-76.6180401,39.3249932],[-76.6180416,39.3249952],[-76.6180445,39.3249975],[-76.6180487,39.3249993],[-76.6180536,39.3250009],[-76.6180637,39.3250028],[-76.6180735,39.3250042],[-76.6181022,39.3250078],[-76.6181075,39.3250092],[-76.6181107,39.3250099],[-76.6181166,39.3250123],[-76.6181227,39.3250174],[-76.6181275,39.3250241],[-76.6181283,39.3250253],[-76.6181324,39.3250344],[-76.6181326,39.3250347],[-76.6178843,39.3250339],[-76.6178788,39.3250281],[-76.6178686,39.3250201],[-76.6178665,39.3250185],[-76.6178513,39.3250089],[-76.6178409,39.3250041],[-76.6178363,39.3250029],[-76.6178335,39.3250029],[-76.6178317,39.325004],[-76.6178303,39.3250058],[-76.6178277,39.3250127],[-76.6178272,39.3250144],[-76.6178256,39.3250228],[-76.617825,39.3250292],[-76.6178245,39.3250333],[-76.6178243,39.3250335],[-76.6178243,39.3250337],[-76.6177343,39.3250334],[-76.617737,39.3245301]],[[-76.6183611,39.3245321],[-76.6183599,39.324535],[-76.6183552,39.3245442],[-76.6183501,39.324552],[-76.618345,39.3245579],[-76.6183376,39.3245636],[-76.6183265,39.3245703],[-76.6183144,39.3245761],[-76.6183067,39.3245789],[-76.6183044,39.3245796],[-76.6182955,39.3245814],[-76.61828,39.3245834],[-76.6182771,39.3245838],[-76.6182703,39.3245846],[-76.6182642,39.3245859],[-76.6182603,39.3245873],[-76.6182566,39.3245897],[-76.6182534,39.3245936],[-76.6182507,39.3245988],[-76.618249,39.3246046],[-76.6182485,39.3246072],[-76.6182466,39.324619],[-76.6182445,39.3246503],[-76.6182412,39.3246688],[-76.6182374,39.3246844],[-76.618233,39.3246972],[-76.6182285,39.3247062],[-76.6182231,39.3247129],[-76.6182143,39.3247213],[-76.6182032,39.32473],[-76.6181917,39.3247376],[-76.6181814,39.3247428],[-76.6181728,39.324746],[-76.6181674,39.3247481],[-76.6181543,39.3247518],[-76.6181533,39.324752],[-76.6181442,39.3247533],[-76.6181382,39.3247531],[-76.6181318,39.3247515],[-76.618124,39.3247486],[-76.618116,39.3247446],[-76.6180986,39.3247339],[-76.6180877,39.324726],[-76.6180873,39.3247257],[-76.6180665,39.3247108],[-76.6180653,39.3247097],[-76.6180477,39.3246965],[-76.6180475,39.3246965],[-76.6180471,39.3246962],[-76.6180248,39.3246768],[-76.6180162,39.3246679],[-76.6180117,39.3246634],[-76.6180072,39.3246587],[-76.618001,39.324651],[-76.6179999,39.3246495],[-76.6179961,39.3246438],[-76.6179925,39.3246364],[-76.6179895,39.3246279],[-76.6179886,39.324624],[-76.6179867,39.3246174],[-76.6179847,39.3246055],[-76.6179833,39.3245934],[-76.6179828,39.3245816],[-76.617983,39.3245699],[-76.6179841,39.3245608],[-76.6179892,39.3245405],[-76.6179904,39.3245333],[-76.6179904,39.3245309],[-76.6183611,39.3245321]]]}},{"type":"Feature","properties":{"layer":"Vegetation","symbol":3,"class":"Woodland","_tile":"6/37/42"},"geometry":{"type":"Polygon","coordinates":[[[-76.6177391,39.3241296],[-76.6177407,39.3241306],[-76.6177667,39.3241491],[-76.6178029,39.3241747],[-76.617803,39.3241747],[-76.6178389,39.3242002],[-76.6178481,39.3242062],[-76.6178552,39.3242102],[-76.6178605,39.3242125],[-76.6178616,39.3242128],[-76.6178657,39.3242134],[-76.6178685,39.3242127],[-76.6178733,39.3242102],[-76.6178791,39.3242056],[-76.6178851,39.3242002],[-76.6178891,39.3241958],[-76.6178929,39.3241905],[-76.6179063,39.3241673],[-76.6179116,39.3241597],[-76.6179119,39.3241591],[-76.6179179,39.3241528],[-76.6179208,39.3241509],[-76.6179239,39.3241495],[-76.6179308,39.3241485],[-76.6179362,39.3241485],[-76.6179402,39.3241486],[-76.6179512,39.3241496],[-76.6179613,39.3241515],[-76.6179696,39.3241547],[-76.6179756,39.3241576],[-76.6179768,39.3241583],[-76.6179927,39.324166],[-76.6179998,39.3241681],[-76.6180093,39.3241701],[-76.6180195,39.3241714],[-76.6180304,39.324172],[-76.6180412,39.3241721],[-76.6180513,39.3241715],[-76.6180593,39.3241703],[-76.6180659,39.3241687],[-76.6180723,39.3241659],[-76.6180796,39.3241617],[-76.6180863,39.3241568],[-76.6180927,39.3241516],[-76.6180965,39.3241464],[-76.6180982,39.3241421],[-76.618099,39.3241398],[-76.6181001,39.3241317],[-76.6181,39.3241228],[-76.6180986,39.3241124],[-76.6180968,39.3241048],[-76.6180964,39.324104],[-76.6180949,39.324098],[-76.6180915,39.3240877],[-76.6180863,39.324075],[-76.6180847,39.3240719],[-76.6180825,39.3240675],[-76.6180812,39.3240657],[-76.6180789,39.3240621],[-76.6180777,39.3240614],[-76.6180761,39.3240615],[-76.6180732,39.3240648],[-76.6180699,39.3240719],[-76.6180674,39.3240779],[-76.6180587,39.3240973],[-76.6180544,39.3241042],[-76.6180519,39.3241068],[-76.6180504,39.3241082],[-76.6180432,39.3241115],[-76.6180418,39.324112],[-76.6180338,39.324114],[-76.6180227,39.3241153],[-76.6180148,39.3241149],[-76.618009,39.3241129],[-76.6180027,39.3241091],[-76.6179995,39.3241064],[-76.617997,39.3241045],[-76.6179944,39.3241017],[-76.6179921,39.3240992],[-76.6179903,39.3240958],[-76.6179893,39.3240909],[-76.6179893,39.3240854],[-76.6179901,39.3240803],[-76.6179901,39.3240794],[-76.6179903,39.3240792],[-76.617992,39.3240726],[-76.6179946,39.3240662],[-76.6179949,39.324066],[-76.6179979,39.324061],[-76.6180008,39.3240575],[-76.6180044,39.3240553],[-76.6180105,39.3240529],[-76.6180372,39.3240454],[-76.6180425,39.324043],[-76.6183877,39.3240441],[-76.6183857,39.3244058],[-76.6183808,39.3244067],[-76.6183743,39.3244087],[-76.6183703,39.3244109],[-76.6183679,39.3244135],[-76.6183676,39.3244141],[-76.6183674,39.3244142],[-76.6183659,39.3244175],[-76.6183652,39.3244206],[-76.6183649,39.3244224],[-76.6183647,39.3244293],[-76.6183662,39.324442],[-76.6183686,39.3244538],[-76.618372,39.3244719],[-76.618373,39.3244815],[-76.6183724,39.3244911],[-76.6183705,39.3245026],[-76.6183698,39.3245048],[-76.6183698,39.3245052],[-76.6183676,39.3245138],[-76.6183639,39.3245251],[-76.6183599,39.324535],[-76.6183552,39.3245442],[-76.618353,39.3245474],[-76.6179877,39.3245462],[-76.6179892,39.3245405],[-76.6179904,39.3245333],[-76.6179903,39.3245269],[-76.6179893,39.32452],[-76.6179803,39.3244843],[-76.6179795,39.3244772],[-76.61798,39.3244714],[-76.6179822,39.3244654],[-76.6179859,39.3244586],[-76.617991,39.3244515],[-76.6180003,39.3244328],[-76.6180022,39.3244293],[-76.618007,39.3244197],[-76.6180103,39.3244123],[-76.618012,39.3244083],[-76.6180155,39.324398],[-76.6180221,39.3243752],[-76.6180262,39.324364],[-76.6180286,39.3243591],[-76.618031,39.324356],[-76.6180336,39.324354],[-76.6180357,39.3243534],[-76.6180383,39.3243537],[-76.6180416,39.3243549],[-76.618049,39.3243592],[-76.618051,39.3243606],[-76.6180578,39.3243658],[-76.6180639,39.324372],[-76.6180649,39.3243739],[-76.6180666,39.3243775],[-76.6180707,39.3243892],[-76.6180737,39.3243943],[-76.6180749,39.3243951],[-76.6180775,39.3243973],[-76.6180826,39.3244003],[-76.6180876,39.3244024],[-76.6180905,39.324403],[-76.6180942,39.3244021],[-76.6181029,39.3243969],[-76.6181041,39.3243952],[-76.6181058,39.3243926],[-76.618112,39.3243814],[-76.6181176,39.3243694],[-76.6181177,39.3243693],[-76.6181222,39.3243582],[-76.6181233,39.3243555],[-76.618126,39.3243462],[-76.6181272,39.3243423],[-76.6181291,39.3243308],[-76.6181293,39.3243291],[-76.6181301,39.324325],[-76.6181314,39.3243093],[-76.6181317,39.3243043],[-76.618132,39.3242828],[-76.6181309,39.3242683],[-76.6181306,39.3242651],[-76.6181268,39.324249],[-76.6181245,39.3242426],[-76.6181218,39.3242372],[-76.6181185,39.3242324],[-76.6181177,39.3242318],[-76.6181151,39.3242291],[-76.6181105,39.3242262],[-76.6181093,39.3242256],[-76.6181038,39.3242229],[-76.6180984,39.3242209],[-76.6180966,39.3242204],[-76.6180932,39.3242197],[-76.6180906,39.3242199],[-76.6180878,39.3242208],[-76.6180845,39.3242236],[-76.6180831,39.3242245],[-76.6180801,39.3242277],[-76.6180777,39.3242307],[-76.6180693,39.3242419],[-76.618069,39.3242425],[-76.6180656,39.3242471],[-76.618061,39.324252],[-76.618055,39.3242561],[-76.6180393,39.3242658],[-76.6180337,39.3242702],[-76.6180328,39.3242709],[-76.6180306,39.3242738],[-76.6180291,39.3242772],[-76.6180286,39.3242789],[-76.6180269,39.3242861],[-76.6180269,39.3242886],[-76.6180264,39.3242962],[-76.6180266,39.3243068],[-76.6180267,39.3243193],[-76.6180261,39.3243276],[-76.6180246,39.3243323],[-76.6180229,39.3243386],[-76.6180172,39.3243519],[-76.61801,39.3243652],[-76.6180082,39.3243679],[-76.6180051,39.3243729],[-76.618002,39.3243775],[-76.617996,39.3243847],[-76.617988,39.3243927],[-76.6179845,39.3244084],[-76.6179822,39.324415],[-76.6179786,39.3244214],[-76.6179769,39.3244248],[-76.6179718,39.324432],[-76.6179681,39.3244358],[-76.6179669,39.324437],[-76.6179624,39.3244396],[-76.6179573,39.3244407],[-76.6179512,39.3244416],[-76.6179452,39.3244418],[-76.6179417,39.3244414],[-76.6179388,39.3244403],[-76.6179354,39.3244382],[-76.6179325,39.3244351],[-76.6179298,39.3244311],[-76.6179248,39.3244206],[-76.6179241,39.3244186],[-76.6179235,39.3244172],[-76.6179234,39.3244164],[-76.6179193,39.3244049],[-76.6179134,39.3244004],[-76.6179118,39.3243986],[-76.617906,39.3243926],[-76.617906,39.3243923],[-76.6179036,39.3243873],[-76.6179021,39.324381],[-76.6179007,39.3243654],[-76.6178999,39.3243556],[-76.6178985,39.3243468],[-76.617896,39.3243408],[-76.6178937,39.3243388],[-76.6178916,39.3243379],[-76.6178881,39.3243378],[-76.6178875,39.3243378],[-76.6178818,39.3243385],[-76.6178802,39.3243388],[-76.6178798,39.3243391],[-76.6178656,39.3243424],[-76.617847,39.3243499],[-76.617841,39.3243517],[-76.6178355,39.3243523],[-76.6178297,39.324352],[-76.6178122,39.3243495],[-76.6178024,39.324348],[-76.6177937,39.3243475],[-76.6177841,39.3243489],[-76.6177734,39.3243518],[-76.6177617,39.3243561],[-76.6177528,39.3243606],[-76.6177486,39.3243639],[-76.6177448,39.3243688],[-76.617744,39.3243703],[-76.6177418,39.3243747],[-76.6177396,39.3243815],[-76.6177377,39.3243909],[-76.6177391,39.3241296]],[[-76.6177372,39.3244931],[-76.6177383,39.3244939],[-76.6177453,39.3244982],[-76.6177514,39.3245011],[-76.6177566,39.3245026],[-76.6177601,39.3245027],[-76.6177646,39.3245011],[-76.6177651,39.3245008],[-76.6177689,39.324498],[-76.6177734,39.3244939],[-76.6177783,39.3244877],[-76.617783,39.3244809],[-76.6177859,39.3244753],[-76.6177867,39.3244741],[-76.6177934,39.324462],[-76.6177968,39.324452],[-76.6177988,39.3244434],[-76.6177999,39.3244394],[-76.6178031,39.3244261],[-76.6178066,39.3244167],[-76.617811,39.3244101],[-76.6178179,39.3244018],[-76.6178249,39.3243949],[-76.6178347,39.3243864],[-76.6178452,39.3243796],[-76.6178513,39.3243772],[-76.617853,39.3243772],[-76.6178555,39.3243781],[-76.6178602,39.3243823],[-76.6178613,39.3243837],[-76.6178654,39.3243898],[-76.6178716,39.3244011],[-76.6178718,39.3244013],[-76.617873,39.3244039],[-76.6178766,39.3244132],[-76.6178789,39.3244231],[-76.6178796,39.324426],[-76.6178814,39.3244404],[-76.6178827,39.3244577],[-76.617883,39.32446],[-76.6178837,39.3244691],[-76.6178854,39.3244835],[-76.6178865,39.3244909],[-76.6178898,39.3245078],[-76.617894,39.3245206],[-76.6178964,39.3245256],[-76.6178992,39.3245299],[-76.6179002,39.3245311],[-76.6179043,39.3245354],[-76.617917,39.324546],[-76.6177369,39.3245454],[-76.6177372,39.3244931]]]}},{"type":"Feature","properties":{"layer":"Vegetation","symbol":3,"class":"Woodland","_tile":"6/37/43"},"geometry":{"type":"Polygon","coordinates":[[[-76.6180478,39.3238818],[-76.6180476,39.3238863],[-76.618046,39.3238937],[-76.6180432,39.3239021],[-76.61804,39.3239091],[-76.6180366,39.3239147],[-76.6180327,39.3239188],[-76.6180316,39.3239198],[-76.6180267,39.3239239],[-76.6180201,39.3239289],[-76.6180102,39.3239351],[-76.6180013,39.3239399],[-76.6179984,39.3239413],[-76.6179902,39.3239457],[-76.6179793,39.3239505],[-76.6179708,39.3239537],[-76.6179476,39.3239597],[-76.6179103,39.3239672],[-76.6178934,39.323971],[-76.6178779,39.3239676],[-76.6178712,39.3239673],[-76.6178641,39.323969],[-76.617848,39.3239748],[-76.6178311,39.3239799],[-76.6178182,39.3239826],[-76.6178094,39.3239832],[-76.6178062,39.3239825],[-76.6178038,39.3239813],[-76.6178016,39.3239784],[-76.6178,39.3239742],[-76.617797,39.3239605],[-76.6177954,39.3239432],[-76.617794,39.323936],[-76.6177901,39.3239242],[-76.6177877,39.3239199],[-76.6177856,39.3239171],[-76.6177825,39.3239148],[-76.61777,39.3239074],[-76.6177672,39.3239048],[-76.6177666,39.3239034],[-76.6177674,39.3239002],[-76.6177696,39.3238963],[-76.6177736,39.3238916],[-76.6177768,39.323889],[-76.617781,39.3238876],[-76.6177863,39.3238869],[-76.6178124,39.3238864],[-76.6178172,39.3238853],[-76.6178199,39.3238839],[-76.6178223,39.3238812],[-76.6178277,39.3238714],[-76.6178302,39.3238684],[-76.6178372,39.3238637],[-76.617844,39.3238609],[-76.6178485,39.3238604],[-76.6178495,39.3238602],[-76.6178564,39.3238602],[-76.6178649,39.323861],[-76.6178744,39.3238623],[-76.6179016,39.3238692],[-76.617909,39.3238697],[-76.6179138,39.3238685],[-76.6179165,39.3238667],[-76.6179202,39.3238632],[-76.6179236,39.3238591],[-76.617926,39.3238554],[-76.6179291,39.3238462],[-76.6179297,39.3238378],[-76.6179272,39.3238304],[-76.6179269,39.3238301],[-76.6179193,39.3238157],[-76.6179146,39.3238063],[-76.6179123,39.3238005],[-76.617912,39.3237997],[-76.6179118,39.3237996],[-76.6179117,39.3237981],[-76.6179105,39.3237909],[-76.6179094,39.3237726],[-76.617905,39.3237492],[-76.6179052,39.3237435],[-76.6179068,39.3237398],[-76.6179091,39.3237375],[-76.6179136,39.3237347],[-76.6179253,39.3237292],[-76.6179293,39.3237282],[-76.6179369,39.3237259],[-76.6179428,39.3237251],[-76.6179469,39.3237251],[-76.617951,39.323726],[-76.6179556,39.3237274],[-76.6179662,39.3237328],[-76.6179789,39.3237416],[-76.6179894,39.3237509],[-76.6180018,39.3237645],[-76.6180105,39.3237762],[-76.6180152,39.3237847],[-76.6180158,39.323786],[-76.6180171,39.3237902],[-76.6180177,39.3237941],[-76.6180169,39.3237994],[-76.6180121,39.3238165],[-76.6180118,39.32382],[-76.6180117,39.3238213],[-76.6180125,39.3238246],[-76.6180166,39.3238296],[-76.6180265,39.3238384],[-76.6180304,39.3238416],[-76.618034,39.323846],[-76.6180375,39.3238514],[-76.618041,39.3238588],[-76.6180436,39.3238639],[-76.6180472,39.3238768],[-76.6180478,39.3238818]]]}},{"type":"Feature","properties":{"layer":"Vegetation","symbol":3,"class":"Woodland","_tile":"6/37/43"},"geometry":{"type":"Polygon","coordinates":[[[-76.6180003,39.3240581],[-76.6180008,39.3240575],[-76.6180044,39.3240553],[-76.6180105,39.3240529],[-76.6180372,39.3240454],[-76.6180494,39.3240398],[-76.6180579,39.3240347],[-76.6180608,39.3240331],[-76.6180694,39.3240264],[-76.6180726,39.3240232],[-76.618075,39.32402],[-76.6180762,39.3240168],[-76.6180768,39.3240127],[-76.618077,39.3240042],[-76.6180772,39.3240036],[-76.6180774,39.3239896],[-76.6180796,39.3239814],[-76.6180834,39.3239724],[-76.6180886,39.3239627],[-76.6180936,39.3239554],[-76.6180984,39.32395],[-76.6181047,39.3239443],[-76.6181116,39.3239392],[-76.6181155,39.3239373],[-76.6181171,39.3239364],[-76.6181253,39.3239346],[-76.6181285,39.3239344],[-76.618138,39.3239337],[-76.6181402,39.3239337],[-76.6181506,39.3239343],[-76.6181632,39.3239368],[-76.6181727,39.3239399],[-76.6181733,39.32394],[-76.6181794,39.3239436],[-76.6181835,39.3239487],[-76.6181852,39.323951],[-76.6181876,39.3239564],[-76.6181893,39.3239637],[-76.6181895,39.3239715],[-76.6181889,39.3239764],[-76.6181872,39.3239805],[-76.6181841,39.3239847],[-76.618166,39.3240053],[-76.6181635,39.3240099],[-76.6181634,39.324014],[-76.6181658,39.3240176],[-76.6181704,39.3240214],[-76.6181773,39.3240258],[-76.6181785,39.3240264],[-76.618182,39.324028],[-76.6181857,39.3240286],[-76.6181872,39.3240288],[-76.6181955,39.324029],[-76.6182024,39.3240283],[-76.6182107,39.324026],[-76.6182195,39.3240225],[-76.6182296,39.3240172],[-76.6182393,39.3240114],[-76.6182513,39.3240033],[-76.6182828,39.3239796],[-76.6182919,39.3239724],[-76.618296,39.3239689],[-76.618302,39.3239634],[-76.6183073,39.3239574],[-76.6183084,39.3239555],[-76.6183085,39.3239539],[-76.6183067,39.3239524],[-76.6183027,39.3239513],[-76.6182861,39.3239497],[-76.6182832,39.3239493],[-76.6182736,39.3239484],[-76.6182676,39.3239473],[-76.618263,39.3239458],[-76.6182575,39.323942],[-76.6182517,39.3239361],[-76.6182517,39.323936],[-76.618249,39.3239302],[-76.6182479,39.3239219],[-76.6182488,39.3239127],[-76.6182497,39.3239105],[-76.6182511,39.3239064],[-76.6182549,39.323903],[-76.6182623,39.3239],[-76.6182688,39.3238986],[-76.6182709,39.323898],[-76.6182714,39.323898],[-76.6182731,39.3238976],[-76.6182761,39.3238971],[-76.6182765,39.323897],[-76.6183016,39.3238928],[-76.6183079,39.323891],[-76.6183129,39.3238889],[-76.6183173,39.3238851],[-76.6183207,39.3238798],[-76.6183237,39.3238726],[-76.6183253,39.3238652],[-76.6183256,39.3238644],[-76.6183267,39.3238536],[-76.6183268,39.3238429],[-76.6183259,39.3238318],[-76.6183241,39.3238212],[-76.6183158,39.3237957],[-76.6183157,39.3237955],[-76.6183148,39.3237896],[-76.6183147,39.3237834],[-76.6183164,39.3237671],[-76.6183204,39.3237499],[-76.618328,39.3237234],[-76.6183307,39.3237141],[-76.6183351,39.323697],[-76.6183359,39.3236934],[-76.6183404,39.3236749],[-76.6183465,39.3236505],[-76.6183487,39.3236387],[-76.6183492,39.3236362],[-76.6183494,39.3236292],[-76.6183482,39.3236218],[-76.6183455,39.3236131],[-76.6183416,39.3236036],[-76.61834,39.3236011],[-76.6183298,39.3235828],[-76.618327,39.3235786],[-76.6183265,39.3235777],[-76.6183119,39.3235559],[-76.6183117,39.3235558],[-76.6183903,39.3235561],[-76.6183876,39.3240594],[-76.6180003,39.3240581]]]}}]}