{"type":"FeatureCollection","features":[{"geometry":{"type":"Point","coordinates":[-76.620759,39.330118],"crs":null},"id":1,"type":"Feature","properties":{"magnetic_swipe":"Y","created_user":"indoors_owner","image_url":"https://map.jhu.edu/Docs/Photos/EntrancePhotos/HomewoodCampus/Entrances-DOOR-0000001.jpg","geo_level":1,"globalid":"{C002397B-F299-4A11-9533-E2160B173F6E}","edit_comment":null,"change_type":null,"asset_id":"DOOR-001980","entrance_name":"Macaulay Side Entrance ","last_edited_user":null,"use_type":null,"accessible_entrance":"N","project_number":null,"automatic_door":"N","facility_id":null,"last_edited_date":null,"validationstatus":0,"isa_sign":null,"created_date":1782760169000,"objectid":1}},{"geometry":{"type":"Point","coordinates":[-76.62498,39.330856],"crs":null},"id":2,"type":"Feature","properties":{"magnetic_swipe":"N","created_user":"indoors_owner","image_url":"https://map.jhu.edu/Docs/Photos/EntrancePhotos/HomewoodCampus/Entrances-DOOR-0000002.jpg","geo_level":2,"globalid":"{0AFEA3AA-326A-452B-BEF0-687C5F41AD9F}","edit_comment":null,"change_type":null,"asset_id":"DOOR-000030","entrance_name":"Maxine F. Singer Building ","last_edited_user":null,"use_type":null,"accessible_entrance":"N","project_number":null,"automatic_door":"N","facility_id":null,"last_edited_date":null,"validationstatus":0,"isa_sign":null,"created_date":1782760169000,"objectid":2}},{"geometry":{"type":"Point","coordinates":[-76.619753,39.328627],"crs":null},"id":3,"type":"Feature","properties":{"magnetic_swipe":"Y","created_user":"indoors_owner","image_url":"https://map.jhu.edu/Docs/Photos/EntrancePhotos/HomewoodCampus/Entrances-DOOR-0000003.jpg","geo_level":3,"globalid":"{5A3F8764-2256-49F4-8CEB-C6F6F14149E6}","edit_comment":null,"change_type":null,"asset_id":"DOOR-002680","entrance_name":"Krieger Hall Side Entrance","last_edited_user":null,"use_type":null,"accessible_entrance":"N","project_number":null,"automatic_door":"N","facility_id":null,"last_edited_date":null,"validationstatus":0,"isa_sign":null,"created_date":1782760169000,"objectid":3}},{"geometry":{"type":"Point","coordinates":[-76.620691,39.327323],"crs":null},"id":4,"type":"Feature","properties":{"magnetic_swipe":"Y","created_user":"indoors_owner","image_url":"https://map.jhu.edu/Docs/Photos/EntrancePhotos/HomewoodCampus/Entrances-DOOR-0000004.jpg","geo_level":1,"globalid":"{0ECBF287-2094-4EB2-93BA-009E5CA3275C}","edit_comment":null,"change_type":null,"asset_id":"DOOR-002060","entrance_name":"Barton Hall Side ","last_edited_user":null,"use_type":null,"accessible_entrance":"Y","project_number":null,"automatic_door":"Y","facility_id":null,"last_edited_date":null,"validationstatus":0,"isa_sign":"Y","created_date":1782760169000,"objectid":4}},{"geometry":{"type":"Point","coordinates":[-76.618686,39.331196],"crs":null},"id":5,"type":"Feature","properties":{"magnetic_swipe":"N","created_user":"indoors_owner","image_url":"https://map.jhu.edu/Docs/Photos/EntrancePhotos/HomewoodCampus/Entrances-DOOR-0000005.jpg","geo_level":1,"globalid":"{74105685-EF9A-4098-9782-6C8E0260EF97}","edit_comment":null,"change_type":null,"asset_id":"DOOR-003300","entrance_name":"Lazear Back Entrance ","last_edited_user":null,"use_type":null,"accessible_entrance":"N","project_number":null,"automatic_door":"N","facility_id":null,"last_edited_date":null,"validationstatus":0,"isa_sign":null,"created_date":1782760169000,"objectid":5}},{"geometry":{"type":"Point","coordinates":[-76.61987,39.328296],"crs":null},"id":6,"type":"Feature","properties":{"magnetic_swipe":"N","created_user":"indoors_owner","image_url":"https://map.jhu.edu/Docs/Photos/EntrancePhotos/HomewoodCampus/Entrances-DOOR-0000006.jpg","geo_level":0,"globalid":"{3B17A266-D0BA-455B-BDE6-FDEF2FC0B3BB}","edit_comment":null,"change_type":null,"asset_id":"DOOR-002580","entrance_name":"Krieger Hall Tunnel West","last_edited_user":null,"use_type":null,"accessible_entrance":"Y","project_number":null,"automatic_door":"Y","facility_id":null,"last_edited_date":null,"validationstatus":0,"isa_sign":"N","created_date":1782760169000,"objectid":6}},{"geometry":{"type":"Point","coordinates":[-76.619687,39.328303],"crs":null},"id":7,"type":"Feature","properties":{"magnetic_swipe":"N","created_user":"indoors_owner","image_url":"https://map.jhu.edu/Docs/Photos/EntrancePhotos/HomewoodCampus/Entrances-DOOR-0000304.jpg","geo_level":0,"globalid":"{10EA7CCF-A067-4579-BD52-E7AD30D2E173}","edit_comment":null,"change_type":null,"asset_id":"DOOR-002690","entrance_name":"Krieger Hall Tunnel East","last_edited_user":null,"use_type":null,"accessible_entrance":"Y","project_number":null,"automatic_door":"Y","facility_id":null,"last_edited_date":null,"validationstatus":0,"isa_sign":"N","created_date":1782760169000,"objectid":7}},{"geometry":{"type":"Point","coordinates":[-76.621337,39.325977],"crs":null},"id":8,"type":"Feature","properties":{"magnetic_swipe":"Y","created_user":"indoors_owner","image_url":"https://map.jhu.edu/Docs/Photos/EntrancePhotos/HomewoodCampus/Entrances-DOOR-0000007.jpg","geo_level":1,"globalid":"{209F3DFD-933F-48FF-A9DF-20A8004D19B5}","edit_comment":null,"change_type":null,"asset_id":"DOOR-001520","entrance_name":"Mason Hall Side Entrance ","last_edited_user":null,"use_type":null,"accessible_entrance":"N","project_number":null,"automatic_door":"Y","facility_id":null,"last_edited_date":null,"validationstatus":0,"isa_sign":null,"created_date":1782760169000,"objectid":8}},{"geometry":{"type":"Point","coordinates":[-76.622116,39.333321],"crs":null},"id":9,"type":"Feature","properties":{"magnetic_swipe":"N","created_user":"indoors_owner","image_url":null,"geo_level":1,"globalid":"{2DB5BE28-8E2E-47BE-AD9A-8C78354B468E}","edit_comment":null,"change_type":null,"asset_id":"DOOR-001000","entrance_name":"ROTC lower stair","last_edited_user":null,"use_type":null,"accessible_entrance":"N","project_number":null,"automatic_door":"N","facility_id":null,"last_edited_date":null,"validationstatus":0,"isa_sign":null,"created_date":1782760169000,"objectid":9}},{"geometry":{"type":"Point","coordinates":[-76.620867,39.326551],"crs":null},"id":10,"type":"Feature","properties":{"magnetic_swipe":"Y","created_user":"indoors_owner","image_url":"https://map.jhu.edu/Docs/Photos/EntrancePhotos/HomewoodCampus/Entrances-DOOR-0000008.jpg","geo_level":1,"globalid":"{D4E67769-0E35-4255-A91C-8CB188B72600}","edit_comment":null,"change_type":null,"asset_id":"DOOR-001910","entrance_name":"Hackerman Hall Side Entrance ","last_edited_user":null,"use_type":null,"accessible_entrance":"N","project_number":null,"automatic_door":"Y","facility_id":null,"last_edited_date":null,"validationstatus":0,"isa_sign":null,"created_date":1782760169000,"objectid":10}},{"geometry":{"type":"Point","coordinates":[-76.622473,39.324806],"crs":null},"id":11,"type":"Feature","properties":{"magnetic_swipe":"Y","created_user":"indoors_owner","image_url":"https://map.jhu.edu/Docs/Photos/EntrancePhotos/HomewoodCampus/Entrances-DOOR-0000009.jpg","geo_level":1,"globalid":"{24478CF6-54D5-489C-A5D3-A798B24A8FCD}","edit_comment":null,"change_type":null,"asset_id":"DOOR-000750","entrance_name":"Wyman 1 South Side ","last_edited_user":null,"use_type":null,"accessible_entrance":"Y","project_number":null,"automatic_door":"Y","facility_id":"0969","last_edited_date":null,"validationstatus":0,"isa_sign":"N","created_date":1782760169000,"objectid":11}},{"geometry":{"type":"Point","coordinates":[-76.622149,39.329148],"crs":null},"id":12,"type":"Feature","properties":{"magnetic_swipe":"N","created_user":"indoors_owner","image_url":"https://map.jhu.edu/Docs/Photos/EntrancePhotos/HomewoodCampus/Entrances-DOOR-0000010.jpg","geo_level":-1,"globalid":"{B0409629-95C9-4929-BB27-C2E5BB114B2D}","edit_comment":null,"change_type":null,"asset_id":"DOOR-000970","entrance_name":"Greenhouse Side Entrance ","last_edited_user":null,"use_type":null,"accessible_entrance":"N","project_number":null,"automatic_door":"N","facility_id":null,"last_edited_date":null,"validationstatus":0,"isa_sign":null,"created_date":1782760169000,"objectid":12}},{"geometry":{"type":"Point","coordinates":[-76.618719,39.330411],"crs":null},"id":13,"type":"Feature","properties":{"magnetic_swipe":"Y","created_user":"indoors_owner","image_url":"https://map.jhu.edu/Docs/Photos/EntrancePhotos/HomewoodCampus/Entrances-DOOR-0000011.jpg","geo_level":1,"globalid":"{6B608CAE-E278-45E3-92B4-8E45B9FB761C}","edit_comment":null,"change_type":null,"asset_id":"DOOR-003270","entrance_name":"AMR Wood Entrance ","last_edited_user":null,"use_type":null,"accessible_entrance":"N","project_number":null,"automatic_door":"N","facility_id":null,"last_edited_date":null,"validationstatus":0,"isa_sign":null,"created_date":1782760169000,"objectid":13}},{"geometry":{"type":"Point","coordinates":[-76.623085,39.324589],"crs":null},"id":14,"type":"Feature","properties":{"magnetic_swipe":"N","created_user":"indoors_owner","image_url":"https://map.jhu.edu/Docs/Photos/EntrancePhotos/HomewoodCampus/Entrances-DOOR-0000013.jpg","geo_level":1,"globalid":"{074723FE-ACF4-4739-BC6E-D202B81F4068}","edit_comment":null,"change_type":null,"asset_id":"DOOR-000430","entrance_name":"Wyman Building 2 Side Entrance","last_edited_user":null,"use_type":null,"accessible_entrance":"N","project_number":null,"automatic_door":"N","facility_id":null,"last_edited_date":null,"validationstatus":0,"isa_sign":null,"created_date":1782760169000,"objectid":14}},{"geometry":{"type":"Point","coordinates":[-76.619513,39.328],"crs":null},"id":15,"type":"Feature","properties":{"magnetic_swipe":"Y","created_user":"indoors_owner","image_url":"https://map.jhu.edu/Docs/Photos/EntrancePhotos/HomewoodCampus/Entrances-DOOR-0000305.jpg","geo_level":-1,"globalid":"{57CE9A77-79B0-4254-8264-0228CC47486D}","edit_comment":null,"change_type":null,"asset_id":"DOOR-002790","entrance_name":"Maryland Hall Side Entrance ","last_edited_user":null,"use_type":null,"accessible_entrance":"N","project_number":null,"automatic_door":"N","facility_id":null,"last_edited_date":null,"validationstatus":0,"isa_sign":null,"created_date":1782760169000,"objectid":15}},{"geometry":{"type":"Point","coordinates":[-76.621289,39.328746],"crs":null},"id":16,"type":"Feature","properties":{"magnetic_swipe":"Y","created_user":"indoors_owner","image_url":"https://map.jhu.edu/Docs/Photos/EntrancePhotos/HomewoodCampus/Entrances-DOOR-0000014.jpg","geo_level":2,"globalid":"{12ABE0CF-289A-4C5D-9146-31B38592A94E}","edit_comment":null,"change_type":null,"asset_id":"DOOR-001600","entrance_name":"Gilman Entrance","last_edited_user":null,"use_type":null,"accessible_entrance":"N","project_number":null,"automatic_door":"N","facility_id":null,"last_edited_date":null,"validationstatus":0,"isa_sign":null,"created_date":1782760169000,"objectid":16}},{"geometry":{"type":"Point","coordinates":[-76.622117,39.326821],"crs":null},"id":18,"type":"Feature","properties":{"magnetic_swipe":"Y","created_user":"indoors_owner","image_url":"https://map.jhu.edu/Docs/Photos/EntrancePhotos/HomewoodCampus/Entrances-DOOR-0000015.jpg","geo_level":1,"globalid":"{0BF25B7D-EDDA-4627-940C-28D479CE152B}","edit_comment":null,"change_type":null,"asset_id":"DOOR-001020","entrance_name":"Clark Hall Main","last_edited_user":null,"use_type":null,"accessible_entrance":"Y","project_number":null,"automatic_door":"Y","facility_id":null,"last_edited_date":null,"validationstatus":0,"isa_sign":"Y","created_date":1782760169000,"objectid":18}},{"geometry":{"type":"Point","coordinates":[-76.622154,39.329216],"crs":null},"id":19,"type":"Feature","properties":{"magnetic_swipe":"Y","created_user":"indoors_owner","image_url":"https://map.jhu.edu/Docs/Photos/EntrancePhotos/HomewoodCampus/Entrances-DOOR-0000016.jpg","geo_level":1,"globalid":"{8373F2A3-B689-4A71-ABC8-36648BAF63BE}","edit_comment":null,"change_type":null,"asset_id":"DOOR-000960","entrance_name":"Greenhouse Main Entrance ","last_edited_user":null,"use_type":null,"accessible_entrance":"N","project_number":null,"automatic_door":"N","facility_id":null,"last_edited_date":null,"validationstatus":0,"isa_sign":null,"created_date":1782760169000,"objectid":19}},{"geometry":{"type":"Point","coordinates":[-76.621165,39.329431],"crs":null},"id":20,"type":"Feature","properties":{"magnetic_swipe":"Y","created_user":"indoors_owner","image_url":"https://map.jhu.edu/Docs/Photos/EntrancePhotos/HomewoodCampus/Entrances-DOOR-0000018.jpg","geo_level":1,"globalid":"{8EED4AEA-AD7A-4DDE-B724-90730203F1C5}","edit_comment":null,"change_type":null,"asset_id":"DOOR-001630","entrance_name":"Jenkins Mergenthaler Side","last_edited_user":null,"use_type":null,"accessible_entrance":"Y","project_number":null,"automatic_door":"Y","facility_id":null,"last_edited_date":null,"validationstatus":0,"isa_sign":"Y","created_date":1782760169000,"objectid":20}},{"geometry":{"type":"Point","coordinates":[-76.62232,39.330084],"crs":null},"id":21,"type":"Feature","properties":{"magnetic_swipe":"N","created_user":"indoors_owner","image_url":"https://map.jhu.edu/Docs/Photos/EntrancePhotos/HomewoodCampus/Entrances-DOOR-0000019.jpg","geo_level":1,"globalid":"{4C5E6FAC-970A-411A-A08A-DB02471E6E3F}","edit_comment":null,"change_type":null,"asset_id":"DOOR-000870","entrance_name":"The Hopkins Club Main Entrance ","last_edited_user":null,"use_type":null,"accessible_entrance":"N","project_number":null,"automatic_door":"N","facility_id":null,"last_edited_date":null,"validationstatus":0,"isa_sign":null,"created_date":1782760169000,"objectid":21}},{"geometry":{"type":"Point","coordinates":[-76.619107,39.328183],"crs":null},"id":22,"type":"Feature","properties":{"magnetic_swipe":"N","created_user":"indoors_owner","image_url":"https://map.jhu.edu/Docs/Photos/EntrancePhotos/HomewoodCampus/Entrances-DOOR-0000317.jpg","geo_level":2,"globalid":"{DCBD4FFF-7B7B-4123-B05B-ED4867D9D4B7}","edit_comment":null,"change_type":null,"asset_id":"DOOR-002980","entrance_name":"Merrick Barn Side Entrance ","last_edited_user":null,"use_type":null,"accessible_entrance":"N","project_number":null,"automatic_door":"N","facility_id":null,"last_edited_date":null,"validationstatus":0,"isa_sign":null,"created_date":1782760169000,"objectid":22}},{"geometry":{"type":"Point","coordinates":[-76.620303,39.326314],"crs":null},"id":23,"type":"Feature","properties":{"magnetic_swipe":"N","created_user":"indoors_owner","image_url":"https://map.jhu.edu/Docs/Photos/EntrancePhotos/HomewoodCampus/Entrances-DOOR-0000338.jpg","geo_level":0,"globalid":"{F5816BF5-EF44-451E-B5F0-44AB0DCA75CB}","edit_comment":null,"change_type":null,"asset_id":"DOOR-002310","entrance_name":"Shriver Hall Side Entrance ","last_edited_user":null,"use_type":null,"accessible_entrance":"N","project_number":null,"automatic_door":"N","facility_id":null,"last_edited_date":null,"validationstatus":0,"isa_sign":null,"created_date":1782760169000,"objectid":23}},{"geometry":{"type":"Point","coordinates":[-76.618005,39.326491],"crs":null},"id":24,"type":"Feature","properties":{"magnetic_swipe":"Y","created_user":"indoors_owner","image_url":"https://map.jhu.edu/Docs/Photos/EntrancePhotos/HomewoodCampus/Entrances-DOOR-0000020.jpg","geo_level":1,"globalid":"{153B6765-0426-4576-8CAF-29FD833D8BBF}","edit_comment":null,"change_type":null,"asset_id":"DOOR-003360","entrance_name":"News Letter Office","last_edited_user":null,"use_type":null,"accessible_entrance":"N","project_number":null,"automatic_door":"N","facility_id":null,"last_edited_date":null,"validationstatus":0,"isa_sign":null,"created_date":1782760169000,"objectid":24}},{"geometry":{"type":"Point","coordinates":[-76.618972,39.328151],"crs":null},"id":25,"type":"Feature","properties":{"magnetic_swipe":"N","created_user":"indoors_owner","image_url":"https://map.jhu.edu/Docs/Photos/EntrancePhotos/HomewoodCampus/Entrances-DOOR-0000021.jpg","geo_level":2,"globalid":"{CC57078F-484C-48AB-BD72-1705CDD97978}","edit_comment":null,"change_type":null,"asset_id":"DOOR-003090","entrance_name":"Merrick Barn Rear Entrance ","last_edited_user":null,"use_type":null,"accessible_entrance":"N","project_number":null,"automatic_door":"N","facility_id":null,"last_edited_date":null,"validationstatus":0,"isa_sign":null,"created_date":1782760169000,"objectid":25}},{"geometry":{"type":"Point","coordinates":[-76.622953,39.325162],"crs":null},"id":26,"type":"Feature","properties":{"magnetic_swipe":"Y","created_user":"indoors_owner","image_url":"https://map.jhu.edu/Docs/Photos/EntrancePhotos/HomewoodCampus/Entrances-DOOR-0000022.jpg","geo_level":0,"globalid":"{EE204F17-43CB-4E89-B278-084FD114C4FF}","edit_comment":null,"change_type":null,"asset_id":"DOOR-000490","entrance_name":"Wyman Building Rear Parking Entrance ","last_edited_user":null,"use_type":null,"accessible_entrance":"N","project_number":null,"automatic_door":"Y","facility_id":null,"last_edited_date":null,"validationstatus":0,"isa_sign":null,"created_date":1782760169000,"objectid":26}},{"geometry":{"type":"Point","coordinates":[-76.620119,39.326596],"crs":null},"id":28,"type":"Feature","properties":{"magnetic_swipe":"Y","created_user":"indoors_owner","image_url":"https://map.jhu.edu/Docs/Photos/EntrancePhotos/HomewoodCampus/Entrances-DOOR-0000339.jpg","geo_level":0,"globalid":"{694AF596-8114-4CB3-87C7-0D741866BD85}","edit_comment":null,"change_type":null,"asset_id":"DOOR-002420","entrance_name":"Shriver Hall Back Entrance ","last_edited_user":null,"use_type":null,"accessible_entrance":"N","project_number":null,"automatic_door":"Y","facility_id":null,"last_edited_date":null,"validationstatus":0,"isa_sign":null,"created_date":1782760169000,"objectid":28}},{"geometry":{"type":"Point","coordinates":[-76.619054,39.328089],"crs":null},"id":29,"type":"Feature","properties":{"magnetic_swipe":"Y","created_user":"indoors_owner","image_url":"https://map.jhu.edu/Docs/Photos/EntrancePhotos/HomewoodCampus/Entrances-DOOR-0000318.jpg","geo_level":1,"globalid":"{60F038C4-0910-4D4E-B055-56999A54BF4D}","edit_comment":null,"change_type":null,"asset_id":"DOOR-003020","entrance_name":"Merrick Barn Main Entrance ","last_edited_user":null,"use_type":null,"accessible_entrance":"N","project_number":null,"automatic_door":"N","facility_id":null,"last_edited_date":null,"validationstatus":0,"isa_sign":null,"created_date":1782760169000,"objectid":29}},{"geometry":{"type":"Point","coordinates":[-76.621877,39.328113],"crs":null},"id":30,"type":"Feature","properties":{"magnetic_swipe":"N","created_user":"indoors_owner","image_url":"https://map.jhu.edu/Docs/Photos/EntrancePhotos/HomewoodCampus/Entrances-DOOR-0000287.jpg","geo_level":1,"globalid":"{CF712BB5-A769-4B2A-BC5E-13C230109BB7}","edit_comment":null,"change_type":null,"asset_id":"DOOR-001160","entrance_name":"Levering Hall Side Entrance ","last_edited_user":null,"use_type":null,"accessible_entrance":"N","project_number":null,"automatic_door":"N","facility_id":null,"last_edited_date":null,"validationstatus":0,"isa_sign":null,"created_date":1782760169000,"objectid":30}},{"geometry":{"type":"Point","coordinates":[-76.621855,39.328579],"crs":null},"id":31,"type":"Feature","properties":{"magnetic_swipe":"Y","created_user":"indoors_owner","image_url":"https://map.jhu.edu/Docs/Photos/EntrancePhotos/HomewoodCampus/Entrances-DOOR-0000288.jpg","geo_level":-1,"globalid":"{7974075E-3A8E-4DD2-A8A8-3D2918413749}","edit_comment":null,"change_type":null,"asset_id":"DOOR-001180","entrance_name":"Levering Hall Glass Pavilion Side","last_edited_user":null,"use_type":"Not on Accessible Route","accessible_entrance":"Y","project_number":null,"automatic_door":"Y","facility_id":null,"last_edited_date":null,"validationstatus":0,"isa_sign":"N","created_date":1782760169000,"objectid":31}},{"geometry":{"type":"Point","coordinates":[-76.619945,39.327483],"crs":null},"id":32,"type":"Feature","properties":{"magnetic_swipe":"Y","created_user":"indoors_owner","image_url":"https://map.jhu.edu/Docs/Photos/EntrancePhotos/HomewoodCampus/Entrances-DOOR-0000306.jpg","geo_level":1,"globalid":"{7265A40F-15A7-46CE-90D3-1319809BEECC}","edit_comment":null,"change_type":null,"asset_id":"DOOR-002510","entrance_name":"Maryland Hall Side Entrance","last_edited_user":null,"use_type":null,"accessible_entrance":"N","project_number":null,"automatic_door":"N","facility_id":null,"last_edited_date":null,"validationstatus":0,"isa_sign":"Y","created_date":1782760169000,"objectid":32}},{"geometry":{"type":"Point","coordinates":[-76.618947,39.327005],"crs":null},"id":33,"type":"Feature","properties":{"magnetic_swipe":"N","created_user":"indoors_owner","image_url":"https://map.jhu.edu/Docs/Photos/EntrancePhotos/HomewoodCampus/Entrances-DOOR-0000026.jpg","geo_level":0,"globalid":"{3BFB0645-168B-43A8-AB44-12EEB1D1BA4A}","edit_comment":null,"change_type":null,"asset_id":"DOOR-003120","entrance_name":"PowerPlant Side Entrance ","last_edited_user":null,"use_type":null,"accessible_entrance":"N","project_number":null,"automatic_door":"N","facility_id":null,"last_edited_date":null,"validationstatus":0,"isa_sign":null,"created_date":1782760169000,"objectid":33}},{"geometry":{"type":"Point","coordinates":[-76.62305,39.32552],"crs":null},"id":34,"type":"Feature","properties":{"magnetic_swipe":"Y","created_user":"indoors_owner","image_url":"https://map.jhu.edu/Docs/Photos/EntrancePhotos/HomewoodCampus/Entrances-DOOR-0000027.jpg","geo_level":0,"globalid":"{48E22756-EA10-47FA-BD86-E7CAA9A48556}","edit_comment":null,"change_type":null,"asset_id":"DOOR-000440","entrance_name":"Wyman Building Side Entrance ","last_edited_user":null,"use_type":null,"accessible_entrance":"N","project_number":null,"automatic_door":"N","facility_id":null,"last_edited_date":null,"validationstatus":0,"isa_sign":null,"created_date":1782760169000,"objectid":34}},{"geometry":{"type":"Point","coordinates":[-76.622758,39.324724],"crs":null},"id":35,"type":"Feature","properties":{"magnetic_swipe":"N","created_user":"indoors_owner","image_url":"https://map.jhu.edu/Docs/Photos/EntrancePhotos/HomewoodCampus/Entrances-DOOR-0000029.jpg","geo_level":0,"globalid":"{BA2FB883-47C8-4DC6-B375-BA772899F2EA}","edit_comment":null,"change_type":null,"asset_id":"DOOR-000580","entrance_name":"Wyman Building Back Entrance ","last_edited_user":null,"use_type":null,"accessible_entrance":"N","project_number":null,"automatic_door":"N","facility_id":null,"last_edited_date":null,"validationstatus":0,"isa_sign":null,"created_date":1782760169000,"objectid":35}},{"geometry":{"type":"Point","coordinates":[-76.620075,39.327757],"crs":null},"id":36,"type":"Feature","properties":{"magnetic_swipe":"N","created_user":"indoors_owner","image_url":"https://map.jhu.edu/Docs/Photos/EntrancePhotos/HomewoodCampus/Entrances-DOOR-0000030.jpg","geo_level":1,"globalid":"{43076BA9-60C4-40AD-B1AC-70F6C9A593F6}","edit_comment":null,"change_type":null,"asset_id":"DOOR-002450","entrance_name":"Maryland Hall Entrance ","last_edited_user":null,"use_type":null,"accessible_entrance":"N","project_number":null,"automatic_door":"N","facility_id":null,"last_edited_date":null,"validationstatus":0,"isa_sign":null,"created_date":1782760169000,"objectid":36}},{"geometry":{"type":"Point","coordinates":[-76.622935,39.325201],"crs":null},"id":37,"type":"Feature","properties":{"magnetic_swipe":"N","created_user":"indoors_owner","image_url":"https://map.jhu.edu/Docs/Photos/EntrancePhotos/HomewoodCampus/Entrances-DOOR-0000031.jpg","geo_level":0,"globalid":"{15E0E75E-8258-4142-9F0E-C839F690D4CB}","edit_comment":null,"change_type":null,"asset_id":"DOOR-000510","entrance_name":"Wyman Building Rear Parking Entrance II","last_edited_user":null,"use_type":null,"accessible_entrance":"N","project_number":null,"automatic_door":"N","facility_id":null,"last_edited_date":null,"validationstatus":0,"isa_sign":null,"created_date":1782760169000,"objectid":37}},{"geometry":{"type":"Point","coordinates":[-76.618956,39.327366],"crs":null},"id":38,"type":"Feature","properties":{"magnetic_swipe":"N","created_user":"indoors_owner","image_url":"https://map.jhu.edu/Docs/Photos/EntrancePhotos/HomewoodCampus/Entrances-DOOR-0000033.jpg","geo_level":0,"globalid":"{16316E4C-81C3-4D71-8906-C4D168D237EC}","edit_comment":null,"change_type":null,"asset_id":"DOOR-003110","entrance_name":"PowerPlant Side Entrance ","last_edited_user":null,"use_type":null,"accessible_entrance":"N","project_number":null,"automatic_door":"N","facility_id":null,"last_edited_date":null,"validationstatus":0,"isa_sign":null,"created_date":1782760169000,"objectid":38}},{"geometry":{"type":"Point","coordinates":[-76.621524,39.332776],"crs":null},"id":39,"type":"Feature","properties":{"magnetic_swipe":"Y","created_user":"indoors_owner","image_url":"https://map.jhu.edu/Docs/Photos/EntrancePhotos/HomewoodCampus/Entrances-DOOR-0000034.jpg","geo_level":2,"globalid":"{432A3C02-E5DC-4487-B1F4-5A0C162C3C30}","edit_comment":null,"change_type":null,"asset_id":"DOOR-001410","entrance_name":"Rec center side entrance ","last_edited_user":null,"use_type":null,"accessible_entrance":"N","project_number":null,"automatic_door":"N","facility_id":null,"last_edited_date":null,"validationstatus":0,"isa_sign":null,"created_date":1782760169000,"objectid":39}},{"geometry":{"type":"Point","coordinates":[-76.620825,39.330642],"crs":null},"id":40,"type":"Feature","properties":{"magnetic_swipe":"Y","created_user":"indoors_owner","image_url":"https://map.jhu.edu/Docs/Photos/EntrancePhotos/HomewoodCampus/Entrances-DOOR-0000035.jpg","geo_level":1,"globalid":"{5A48CA7B-8923-44E5-8218-9F9250AEF9C4}","edit_comment":null,"change_type":null,"asset_id":"DOOR-001950","entrance_name":"Levi Hall Main","last_edited_user":null,"use_type":null,"accessible_entrance":"Y","project_number":null,"automatic_door":"N","facility_id":null,"last_edited_date":null,"validationstatus":0,"isa_sign":"N","created_date":1782760169000,"objectid":40}},{"geometry":{"type":"Point","coordinates":[-76.621697,39.325958],"crs":null},"id":41,"type":"Feature","properties":{"magnetic_swipe":"Y","created_user":"indoors_owner","image_url":"https://map.jhu.edu/Docs/Photos/EntrancePhotos/HomewoodCampus/Entrances-DOOR-0000036.jpg","geo_level":1,"globalid":"{9572926B-D22A-4E9A-B897-31D848BEBDA4}","edit_comment":null,"change_type":null,"asset_id":"DOOR-001280","entrance_name":"Mason Hall West ","last_edited_user":null,"use_type":null,"accessible_entrance":"Y","project_number":null,"automatic_door":"Y","facility_id":null,"last_edited_date":null,"validationstatus":0,"isa_sign":"N","created_date":1782760169000,"objectid":41}},{"geometry":{"type":"Point","coordinates":[-76.618832,39.331425],"crs":null},"id":42,"type":"Feature","properties":{"magnetic_swipe":"Y","created_user":"indoors_owner","image_url":"https://map.jhu.edu/Docs/Photos/EntrancePhotos/HomewoodCampus/Entrances-DOOR-0000037.jpg","geo_level":1,"globalid":"{7A3F6BDB-0A0D-41C2-B1BF-F4014A790676}","edit_comment":null,"change_type":null,"asset_id":"DOOR-003160","entrance_name":"Hollander","last_edited_user":null,"use_type":null,"accessible_entrance":"N","project_number":null,"automatic_door":"N","facility_id":null,"last_edited_date":null,"validationstatus":0,"isa_sign":null,"created_date":1782760169000,"objectid":42}},{"geometry":{"type":"Point","coordinates":[-76.620267,39.330665],"crs":null},"id":43,"type":"Feature","properties":{"magnetic_swipe":"Y","created_user":"indoors_owner","image_url":"https://map.jhu.edu/Docs/Photos/EntrancePhotos/HomewoodCampus/Entrances-DOOR-0000038.jpg","geo_level":1,"globalid":"{CD273E95-3A65-4B4F-ACD2-1E9C6C33D5CD}","edit_comment":null,"change_type":null,"asset_id":"DOOR-002320","entrance_name":"Biology 3 Main","last_edited_user":null,"use_type":null,"accessible_entrance":"Y","project_number":null,"automatic_door":"N","facility_id":null,"last_edited_date":null,"validationstatus":0,"isa_sign":"N","created_date":1782760169000,"objectid":43}},{"geometry":{"type":"Point","coordinates":[-76.619757,39.327001],"crs":null},"id":44,"type":"Feature","properties":{"magnetic_swipe":"Y","created_user":"indoors_owner","image_url":"https://map.jhu.edu/Docs/Photos/EntrancePhotos/HomewoodCampus/Entrances-DOOR-0000325.jpg","geo_level":0,"globalid":"{EF9AA738-99E3-4307-BB6E-09908BB774FD}","edit_comment":null,"change_type":null,"asset_id":"DOOR-002650","entrance_name":"Croft Hall Side Entrance ","last_edited_user":null,"use_type":null,"accessible_entrance":"N","project_number":null,"automatic_door":"N","facility_id":null,"last_edited_date":null,"validationstatus":0,"isa_sign":null,"created_date":1782760169000,"objectid":44}},{"geometry":{"type":"Point","coordinates":[-76.619511,39.329058],"crs":null},"id":45,"type":"Feature","properties":{"magnetic_swipe":"Y","created_user":"indoors_owner","image_url":"https://map.jhu.edu/Docs/Photos/EntrancePhotos/HomewoodCampus/Entrances-DOOR-0000326.jpg","geo_level":1,"globalid":"{30451F2E-13D0-4025-88E2-FB336DA1111F}","edit_comment":null,"change_type":null,"asset_id":"DOOR-002770","entrance_name":"MSEL Keyser Quad Side","last_edited_user":null,"use_type":null,"accessible_entrance":"Y","project_number":null,"automatic_door":"Y","facility_id":null,"last_edited_date":null,"validationstatus":0,"isa_sign":"N","created_date":1782760169000,"objectid":45}},{"geometry":{"type":"Point","coordinates":[-76.62012,39.326393],"crs":null},"id":46,"type":"Feature","properties":{"magnetic_swipe":"N","created_user":"indoors_owner","image_url":"https://map.jhu.edu/Docs/Photos/EntrancePhotos/HomewoodCampus/Entrances-DOOR-0000340.jpg","geo_level":0,"globalid":"{A3954593-F266-4A2F-A9A6-59F79BA0228A}","edit_comment":null,"change_type":null,"asset_id":"DOOR-002430","entrance_name":"Shriver Hall Back Entrance ","last_edited_user":null,"use_type":null,"accessible_entrance":"N","project_number":null,"automatic_door":"N","facility_id":null,"last_edited_date":null,"validationstatus":0,"isa_sign":null,"created_date":1782760169000,"objectid":46}},{"geometry":{"type":"Point","coordinates":[-76.622098,39.333309],"crs":null},"id":47,"type":"Feature","properties":{"magnetic_swipe":"Y","created_user":"indoors_owner","image_url":"https://map.jhu.edu/Docs/Photos/EntrancePhotos/HomewoodCampus/Entrances-DOOR-0000250.jpg","geo_level":1,"globalid":"{1325B23D-1F30-4027-9686-9538D646AAB9}","edit_comment":null,"change_type":null,"asset_id":"DOOR-001010","entrance_name":"ROTC middle stair ","last_edited_user":null,"use_type":null,"accessible_entrance":"N","project_number":null,"automatic_door":"N","facility_id":null,"last_edited_date":null,"validationstatus":0,"isa_sign":null,"created_date":1782760169000,"objectid":47}},{"geometry":{"type":"Point","coordinates":[-76.620728,39.327483],"crs":null},"id":48,"type":"Feature","properties":{"magnetic_swipe":"Y","created_user":"indoors_owner","image_url":"https://map.jhu.edu/Docs/Photos/EntrancePhotos/HomewoodCampus/Entrances-DOOR-0000041.jpg","geo_level":1,"globalid":"{585801B2-B1A5-465C-B145-E00E0C6DB262}","edit_comment":"Moved to match entrance on floorplan","change_type":"Move","asset_id":"DOOR-002020","entrance_name":"Latrobe Hall Side Entrance","last_edited_user":null,"use_type":null,"accessible_entrance":"N","project_number":null,"automatic_door":"N","facility_id":null,"last_edited_date":null,"validationstatus":0,"isa_sign":null,"created_date":1782760169000,"objectid":48}},{"geometry":{"type":"Point","coordinates":[-76.620639,39.327733],"crs":null},"id":49,"type":"Feature","properties":{"magnetic_swipe":"Y","created_user":"indoors_owner","image_url":"https://map.jhu.edu/Docs/Photos/EntrancePhotos/HomewoodCampus/Entrances-DOOR-0000327.jpg","geo_level":1,"globalid":"{A760C86C-2A92-471E-A945-E3AAC6F3D11D}","edit_comment":null,"change_type":null,"asset_id":"DOOR-002100","entrance_name":"Latrobe Hall","last_edited_user":null,"use_type":null,"accessible_entrance":"N","project_number":null,"automatic_door":"N","facility_id":null,"last_edited_date":null,"validationstatus":0,"isa_sign":null,"created_date":1782760169000,"objectid":49}},{"geometry":{"type":"Point","coordinates":[-76.622824,39.331935],"crs":null},"id":50,"type":"Feature","properties":{"magnetic_swipe":"N","created_user":"indoors_owner","image_url":"https://map.jhu.edu/Docs/Photos/EntrancePhotos/HomewoodCampus/Entrances-DOOR-0000042.jpg","geo_level":1,"globalid":"{9C4C0D5D-D5EB-4009-AEE2-01EFF33A2470}","edit_comment":null,"change_type":null,"asset_id":"DOOR-000550","entrance_name":"Chiller Plant Side Entrance","last_edited_user":null,"use_type":null,"accessible_entrance":"N","project_number":null,"automatic_door":"N","facility_id":null,"last_edited_date":null,"validationstatus":0,"isa_sign":null,"created_date":1782760169000,"objectid":50}},{"geometry":{"type":"Point","coordinates":[-76.623007,39.325349],"crs":null},"id":51,"type":"Feature","properties":{"magnetic_swipe":"N","created_user":"indoors_owner","image_url":"https://map.jhu.edu/Docs/Photos/EntrancePhotos/HomewoodCampus/Entrances-DOOR-0000043.jpg","geo_level":0,"globalid":"{84381756-953C-4F29-BDB5-AF64F5D31967}","edit_comment":null,"change_type":null,"asset_id":"DOOR-000450","entrance_name":"Wyman Building Back Entrance ","last_edited_user":null,"use_type":null,"accessible_entrance":"N","project_number":null,"automatic_door":"N","facility_id":null,"last_edited_date":null,"validationstatus":0,"isa_sign":null,"created_date":1782760169000,"objectid":51}},{"geometry":{"type":"Point","coordinates":[-76.620898,39.326903],"crs":null},"id":52,"type":"Feature","properties":{"magnetic_swipe":"Y","created_user":"indoors_owner","image_url":"https://map.jhu.edu/Docs/Photos/EntrancePhotos/HomewoodCampus/Entrances-DOOR-0000044.jpg","geo_level":1,"globalid":"{90853FC1-4AF8-474C-A860-A6AA88CC3288}","edit_comment":null,"change_type":null,"asset_id":"DOOR-001850","entrance_name":"Hackerman Hall Breezeway North","last_edited_user":null,"use_type":null,"accessible_entrance":"Y","project_number":null,"automatic_door":"Y","facility_id":null,"last_edited_date":null,"validationstatus":0,"isa_sign":"N","created_date":1782760169000,"objectid":52}},{"geometry":{"type":"Point","coordinates":[-76.618795,39.330482],"crs":null},"id":53,"type":"Feature","properties":{"magnetic_swipe":"N","created_user":"indoors_owner","image_url":"https://map.jhu.edu/Docs/Photos/EntrancePhotos/HomewoodCampus/Entrances-DOOR-0000045.jpg","geo_level":1,"globalid":"{1E1F38F9-3C20-496B-86B6-3A3AAD31ECE0}","edit_comment":null,"change_type":null,"asset_id":"DOOR-003200","entrance_name":"AMR Side Entrance ","last_edited_user":null,"use_type":null,"accessible_entrance":"N","project_number":null,"automatic_door":"N","facility_id":null,"last_edited_date":null,"validationstatus":0,"isa_sign":null,"created_date":1782760169000,"objectid":53}},{"geometry":{"type":"Point","coordinates":[-76.618524,39.330879],"crs":null},"id":54,"type":"Feature","properties":{"magnetic_swipe":"Y","created_user":"indoors_owner","image_url":"https://map.jhu.edu/Docs/Photos/EntrancePhotos/HomewoodCampus/Entrances-DOOR-0000047.jpg","geo_level":1,"globalid":"{1A8115AA-0985-4C8F-A20F-958A3D28A0A4}","edit_comment":null,"change_type":null,"asset_id":"DOOR-003330","entrance_name":"Vincent Hall Entrance ","last_edited_user":null,"use_type":null,"accessible_entrance":"N","project_number":null,"automatic_door":"N","facility_id":null,"last_edited_date":null,"validationstatus":0,"isa_sign":null,"created_date":1782760169000,"objectid":54}},{"geometry":{"type":"Point","coordinates":[-76.618745,39.327325],"crs":null},"id":55,"type":"Feature","properties":{"magnetic_swipe":"N","created_user":"indoors_owner","image_url":"https://map.jhu.edu/Docs/Photos/EntrancePhotos/HomewoodCampus/Entrances-DOOR-0000049.jpg","geo_level":0,"globalid":"{58E0295D-B970-433B-BF87-79837D3B1B01}","edit_comment":null,"change_type":null,"asset_id":"DOOR-003260","entrance_name":"Powerplant Side Entrance ","last_edited_user":null,"use_type":null,"accessible_entrance":"N","project_number":null,"automatic_door":"N","facility_id":null,"last_edited_date":null,"validationstatus":0,"isa_sign":null,"created_date":1782760169000,"objectid":55}},{"geometry":{"type":"Point","coordinates":[-76.621866,39.329031],"crs":null},"id":56,"type":"Feature","properties":{"magnetic_swipe":"N","created_user":"indoors_owner","image_url":"https://map.jhu.edu/Docs/Photos/EntrancePhotos/HomewoodCampus/Entrances-DOOR-0000050.jpg","geo_level":1,"globalid":"{22D46E1E-4835-4273-B43B-0BDA58B85365}","edit_comment":null,"change_type":null,"asset_id":"DOOR-001150","entrance_name":"Gilman Hall Rear Entrance ","last_edited_user":null,"use_type":null,"accessible_entrance":"N","project_number":null,"automatic_door":"N","facility_id":null,"last_edited_date":null,"validationstatus":0,"isa_sign":null,"created_date":1782760169000,"objectid":56}},{"geometry":{"type":"Point","coordinates":[-76.620072,39.327939],"crs":null},"id":57,"type":"Feature","properties":{"magnetic_swipe":"N","created_user":"indoors_owner","image_url":"https://map.jhu.edu/Docs/Photos/EntrancePhotos/HomewoodCampus/Entrances-DOOR-0000307.jpg","geo_level":1,"globalid":"{9DB12090-A8F8-4116-985D-5C42E738D317}","edit_comment":null,"change_type":null,"asset_id":"DOOR-002460","entrance_name":"Maryland Hall Electrical Engineering Entrance ","last_edited_user":null,"use_type":null,"accessible_entrance":"N","project_number":null,"automatic_door":"N","facility_id":null,"last_edited_date":null,"validationstatus":0,"isa_sign":"Y","created_date":1782760169000,"objectid":57}},{"geometry":{"type":"Point","coordinates":[-76.621473,39.332431],"crs":null},"id":58,"type":"Feature","properties":{"magnetic_swipe":"Y","created_user":"indoors_owner","image_url":"https://map.jhu.edu/Docs/Photos/EntrancePhotos/HomewoodCampus/Entrances-DOOR-0000268.jpg","geo_level":2,"globalid":"{4512DDEB-6D24-4E45-BB1F-6DE2130CB76C}","edit_comment":null,"change_type":null,"asset_id":"DOOR-001440","entrance_name":"Rec center side entrance ","last_edited_user":null,"use_type":null,"accessible_entrance":"N","project_number":null,"automatic_door":"N","facility_id":null,"last_edited_date":null,"validationstatus":0,"isa_sign":null,"created_date":1782760169000,"objectid":58}},{"geometry":{"type":"Point","coordinates":[-76.620343,39.326729],"crs":null},"id":59,"type":"Feature","properties":{"magnetic_swipe":"Y","created_user":"indoors_owner","image_url":"https://map.jhu.edu/Docs/Photos/EntrancePhotos/HomewoodCampus/Entrances-DOOR-0000341.jpg","geo_level":1,"globalid":"{2A9373F3-6D2F-4E67-ABC4-18EE7C1D7663}","edit_comment":null,"change_type":null,"asset_id":"DOOR-002270","entrance_name":"Shriver Hall Main Right - Accessible","last_edited_user":null,"use_type":null,"accessible_entrance":"Y","project_number":null,"automatic_door":"Y","facility_id":null,"last_edited_date":null,"validationstatus":0,"isa_sign":"N","created_date":1782760169000,"objectid":59}},{"geometry":{"type":"Point","coordinates":[-76.621621,39.328332],"crs":null},"id":60,"type":"Feature","properties":{"magnetic_swipe":"N","created_user":"indoors_owner","image_url":"https://map.jhu.edu/Docs/Photos/EntrancePhotos/HomewoodCampus/Entrances-DOOR-0000289.jpg","geo_level":1,"globalid":"{4E9AC4FC-AA2C-40D3-9B4F-20E42323966A}","edit_comment":null,"change_type":null,"asset_id":"DOOR-001320","entrance_name":"Glass Pavilion/Levering Hall Entrance","last_edited_user":null,"use_type":null,"accessible_entrance":"N","project_number":null,"automatic_door":"N","facility_id":null,"last_edited_date":null,"validationstatus":0,"isa_sign":null,"created_date":1782760169000,"objectid":60}},{"geometry":{"type":"Point","coordinates":[-76.620691,39.328385],"crs":null},"id":61,"type":"Feature","properties":{"magnetic_swipe":"Y","created_user":"indoors_owner","image_url":"https://map.jhu.edu/Docs/Photos/EntrancePhotos/HomewoodCampus/Entrances-DOOR-0000053.jpg","geo_level":0,"globalid":"{DA2320FF-A490-49F9-9DD4-0E9B3EF573B8}","edit_comment":null,"change_type":null,"asset_id":"DOOR-002040","entrance_name":"Ames Hall Entrance","last_edited_user":null,"use_type":null,"accessible_entrance":"N","project_number":null,"automatic_door":"N","facility_id":null,"last_edited_date":null,"validationstatus":0,"isa_sign":null,"created_date":1782760169000,"objectid":61}},{"geometry":{"type":"Point","coordinates":[-76.619171,39.327041],"crs":null},"id":62,"type":"Feature","properties":{"magnetic_swipe":"N","created_user":"indoors_owner","image_url":"https://map.jhu.edu/Docs/Photos/EntrancePhotos/HomewoodCampus/Entrances-DOOR-0000054.jpg","geo_level":1,"globalid":"{7A2A7B4E-1765-4C15-91BB-DE6EE8DB5F89}","edit_comment":null,"change_type":null,"asset_id":"DOOR-002950","entrance_name":"PowerPlant Side Entrance ","last_edited_user":null,"use_type":null,"accessible_entrance":"N","project_number":null,"automatic_door":"N","facility_id":null,"last_edited_date":null,"validationstatus":0,"isa_sign":null,"created_date":1782760169000,"objectid":62}},{"geometry":{"type":"Point","coordinates":[-76.621502,39.328129],"crs":null},"id":63,"type":"Feature","properties":{"magnetic_swipe":"Y","created_user":"indoors_owner","image_url":"https://map.jhu.edu/Docs/Photos/EntrancePhotos/HomewoodCampus/Entrances-DOOR-0000290.jpg","geo_level":1,"globalid":"{89A38C19-D323-4434-AFE1-4497ED1D0737}","edit_comment":null,"change_type":null,"asset_id":"DOOR-001430","entrance_name":"Levering Hall","last_edited_user":null,"use_type":null,"accessible_entrance":"N","project_number":null,"automatic_door":"N","facility_id":null,"last_edited_date":null,"validationstatus":0,"isa_sign":null,"created_date":1782760169000,"objectid":63}},{"geometry":{"type":"Point","coordinates":[-76.621607,39.328456],"crs":null},"id":64,"type":"Feature","properties":{"magnetic_swipe":"N","created_user":"indoors_owner","image_url":"https://map.jhu.edu/Docs/Photos/EntrancePhotos/HomewoodCampus/Entrances-DOOR-0000291.jpg","geo_level":1,"globalid":"{6CA2CBDD-CC7D-4740-BFFB-B840E5579E96}","edit_comment":null,"change_type":null,"asset_id":"DOOR-001340","entrance_name":"Glass Pavilion Entrance","last_edited_user":null,"use_type":null,"accessible_entrance":"N","project_number":null,"automatic_door":"Y","facility_id":null,"last_edited_date":null,"validationstatus":0,"isa_sign":null,"created_date":1782760169000,"objectid":64}},{"geometry":{"type":"Point","coordinates":[-76.619095,39.328192],"crs":null},"id":65,"type":"Feature","properties":{"magnetic_swipe":"N","created_user":"indoors_owner","image_url":"https://map.jhu.edu/Docs/Photos/EntrancePhotos/HomewoodCampus/Entrances-DOOR-0000308.jpg","geo_level":2,"globalid":"{791EAA8C-632F-43AB-A773-DF0AA0C22085}","edit_comment":null,"change_type":null,"asset_id":"DOOR-003000","entrance_name":"Merrick Barn Side Entrance ","last_edited_user":null,"use_type":null,"accessible_entrance":"N","project_number":null,"automatic_door":"N","facility_id":null,"last_edited_date":null,"validationstatus":0,"isa_sign":null,"created_date":1782760169000,"objectid":65}},{"geometry":{"type":"Point","coordinates":[-76.622127,39.333335],"crs":null},"id":66,"type":"Feature","properties":{"magnetic_swipe":"N","created_user":"indoors_owner","image_url":"https://map.jhu.edu/Docs/Photos/EntrancePhotos/HomewoodCampus/Entrances-DOOR-0000251.jpg","geo_level":1,"globalid":"{82942C8D-1442-4D8B-8D7A-27AAB6507A54}","edit_comment":null,"change_type":null,"asset_id":"DOOR-000980","entrance_name":"ROTC top entrance ","last_edited_user":null,"use_type":null,"accessible_entrance":"N","project_number":null,"automatic_door":"N","facility_id":null,"last_edited_date":null,"validationstatus":0,"isa_sign":null,"created_date":1782760169000,"objectid":66}},{"geometry":{"type":"Point","coordinates":[-76.619315,39.331129],"crs":null},"id":67,"type":"Feature","properties":{"magnetic_swipe":"Y","created_user":"indoors_owner","image_url":"https://map.jhu.edu/Docs/Photos/EntrancePhotos/HomewoodCampus/Entrances-DOOR-0000055.jpg","geo_level":-1,"globalid":"{313CB9AD-AF61-4E72-817C-82B0CF2E274C}","edit_comment":null,"change_type":null,"asset_id":"DOOR-002890","entrance_name":"Adams Side Entrance ","last_edited_user":null,"use_type":null,"accessible_entrance":"N","project_number":null,"automatic_door":"N","facility_id":null,"last_edited_date":null,"validationstatus":0,"isa_sign":null,"created_date":1782760169000,"objectid":67}},{"geometry":{"type":"Point","coordinates":[-76.619936,39.327186],"crs":null},"id":68,"type":"Feature","properties":{"magnetic_swipe":"Y","created_user":"indoors_owner","image_url":"https://map.jhu.edu/Docs/Photos/EntrancePhotos/HomewoodCampus/Entrances-DOOR-0000056.jpg","geo_level":1,"globalid":"{E53A789C-1960-4E75-B21D-26E2AABED60B}","edit_comment":null,"change_type":null,"asset_id":"DOOR-002530","entrance_name":"Shaffer Hall Main ","last_edited_user":null,"use_type":null,"accessible_entrance":"Y","project_number":null,"automatic_door":"Y","facility_id":null,"last_edited_date":null,"validationstatus":0,"isa_sign":"Y","created_date":1782760169000,"objectid":68}},{"geometry":{"type":"Point","coordinates":[-76.621803,39.327865],"crs":null},"id":69,"type":"Feature","properties":{"magnetic_swipe":"N","created_user":"indoors_owner","image_url":"https://map.jhu.edu/Docs/Photos/EntrancePhotos/HomewoodCampus/Entrances-DOOR-0000292.jpg","geo_level":-1,"globalid":"{68FEAC49-BF0D-45A1-A1B2-60248B77B6CC}","edit_comment":null,"change_type":null,"asset_id":"DOOR-001220","entrance_name":"Levering Hall Side Entrance","last_edited_user":null,"use_type":null,"accessible_entrance":"N","project_number":null,"automatic_door":"N","facility_id":null,"last_edited_date":null,"validationstatus":0,"isa_sign":null,"created_date":1782760169000,"objectid":69}},{"geometry":{"type":"Point","coordinates":[-76.619413,39.331214],"crs":null},"id":70,"type":"Feature","properties":{"magnetic_swipe":"Y","created_user":"indoors_owner","image_url":"https://map.jhu.edu/Docs/Photos/EntrancePhotos/HomewoodCampus/Entrances-DOOR-0000057.jpg","geo_level":1,"globalid":"{8C6D7B0E-300D-489E-938B-50DC3079F780}","edit_comment":null,"change_type":null,"asset_id":"DOOR-002850","entrance_name":"Adams","last_edited_user":null,"use_type":null,"accessible_entrance":"N","project_number":null,"automatic_door":"N","facility_id":null,"last_edited_date":null,"validationstatus":0,"isa_sign":null,"created_date":1782760169000,"objectid":70}},{"geometry":{"type":"Point","coordinates":[-76.619669,39.328608],"crs":null},"id":71,"type":"Feature","properties":{"magnetic_swipe":"N","created_user":"indoors_owner","image_url":"https://map.jhu.edu/Docs/Photos/EntrancePhotos/HomewoodCampus/Entrances-DOOR-0000328.jpg","geo_level":-1,"globalid":"{FB40826E-8AE4-4A6C-8ED8-9BCF4DD2C672}","edit_comment":null,"change_type":null,"asset_id":"DOOR-002700","entrance_name":"MSE library loading dock","last_edited_user":null,"use_type":null,"accessible_entrance":"N","project_number":null,"automatic_door":"N","facility_id":null,"last_edited_date":null,"validationstatus":0,"isa_sign":null,"created_date":1782760169000,"objectid":71}},{"geometry":{"type":"Point","coordinates":[-76.618992,39.329789],"crs":null},"id":72,"type":"Feature","properties":{"magnetic_swipe":"N","created_user":"indoors_owner","image_url":"https://map.jhu.edu/Docs/Photos/EntrancePhotos/HomewoodCampus/Entrances-DOOR-0000060.jpg","geo_level":1,"globalid":"{1349CCF8-1ED6-4D82-A7B9-3F147B1F1E4B}","edit_comment":null,"change_type":null,"asset_id":"DOOR-003040","entrance_name":"Homewood Museum Entrance ","last_edited_user":null,"use_type":null,"accessible_entrance":"N","project_number":null,"automatic_door":"N","facility_id":null,"last_edited_date":null,"validationstatus":0,"isa_sign":null,"created_date":1782760169000,"objectid":72}},{"geometry":{"type":"Point","coordinates":[-76.619913,39.328701],"crs":null},"id":73,"type":"Feature","properties":{"magnetic_swipe":"Y","created_user":"indoors_owner","image_url":null,"geo_level":2,"globalid":"{6259AB6F-AD40-400A-8FFF-B220A96DA050}","edit_comment":null,"change_type":null,"asset_id":"DOOR-002560","entrance_name":"Krieger Hall Keyser Quad","last_edited_user":null,"use_type":null,"accessible_entrance":"Y","project_number":null,"automatic_door":"Y","facility_id":null,"last_edited_date":null,"validationstatus":0,"isa_sign":"N","created_date":1782760169000,"objectid":73}},{"geometry":{"type":"Point","coordinates":[-76.620992,39.330108],"crs":null},"id":74,"type":"Feature","properties":{"magnetic_swipe":"N","created_user":"indoors_owner","image_url":"https://map.jhu.edu/Docs/Photos/EntrancePhotos/HomewoodCampus/Entrances-DOOR-0000061.jpg","geo_level":1,"globalid":"{F48C4537-65B3-4235-B374-9BB170CC218E}","edit_comment":null,"change_type":null,"asset_id":"DOOR-001770","entrance_name":"Macaulay Side Entrance ","last_edited_user":null,"use_type":null,"accessible_entrance":"N","project_number":null,"automatic_door":"N","facility_id":null,"last_edited_date":null,"validationstatus":0,"isa_sign":null,"created_date":1782760169000,"objectid":74}},{"geometry":{"type":"Point","coordinates":[-76.620852,39.327801],"crs":null},"id":76,"type":"Feature","properties":{"magnetic_swipe":"Y","created_user":"indoors_owner","image_url":"https://map.jhu.edu/Docs/Photos/EntrancePhotos/HomewoodCampus/Entrances-DOOR-0000329.jpg","geo_level":1,"globalid":"{A5D5F174-78CC-4E2A-9A7A-1C5C7AF2C2CB}","edit_comment":null,"change_type":null,"asset_id":"DOOR-001920","entrance_name":"Latrobe Hall Patio North","last_edited_user":null,"use_type":null,"accessible_entrance":"Y","project_number":null,"automatic_door":"Y","facility_id":null,"last_edited_date":null,"validationstatus":0,"isa_sign":"Y","created_date":1782760169000,"objectid":76}},{"geometry":{"type":"Point","coordinates":[-76.622248,39.330282],"crs":null},"id":77,"type":"Feature","properties":{"magnetic_swipe":"Y","created_user":"indoors_owner","image_url":"https://map.jhu.edu/Docs/Photos/EntrancePhotos/HomewoodCampus/Entrances-DOOR-0000900.jpg","geo_level":0,"globalid":"{192CD427-5097-45FE-AED8-5A3A377EDD28}","edit_comment":null,"change_type":null,"asset_id":"DOOR-000900","entrance_name":"Hopkins Club Rear Entrance","last_edited_user":null,"use_type":null,"accessible_entrance":"Y","project_number":null,"automatic_door":"N","facility_id":null,"last_edited_date":null,"validationstatus":0,"isa_sign":null,"created_date":1782760169000,"objectid":77}},{"geometry":{"type":"Point","coordinates":[-76.622213,39.326496],"crs":null},"id":78,"type":"Feature","properties":{"magnetic_swipe":"Y","created_user":"indoors_owner","image_url":"https://map.jhu.edu/Docs/Photos/EntrancePhotos/HomewoodCampus/Entrances-DOOR-0000063.jpg","geo_level":1,"globalid":"{6DBEEE8D-95E1-460E-9E05-18FACC7CB79C}","edit_comment":null,"change_type":null,"asset_id":"DOOR-000920","entrance_name":"Clark Hall side","last_edited_user":null,"use_type":null,"accessible_entrance":"N","project_number":null,"automatic_door":"N","facility_id":null,"last_edited_date":null,"validationstatus":0,"isa_sign":null,"created_date":1782760169000,"objectid":78}},{"geometry":{"type":"Point","coordinates":[-76.618739,39.330447],"crs":null},"id":79,"type":"Feature","properties":{"magnetic_swipe":"N","created_user":"indoors_owner","image_url":"https://map.jhu.edu/Docs/Photos/EntrancePhotos/HomewoodCampus/Entrances-DOOR-0000064.jpg","geo_level":1,"globalid":"{A88C1C48-21ED-4901-8205-A67857D05ED9}","edit_comment":null,"change_type":null,"asset_id":"DOOR-003250","entrance_name":"AMR Side Entrance ","last_edited_user":null,"use_type":null,"accessible_entrance":"N","project_number":null,"automatic_door":"N","facility_id":null,"last_edited_date":null,"validationstatus":0,"isa_sign":null,"created_date":1782760169000,"objectid":79}},{"geometry":{"type":"Point","coordinates":[-76.622428,39.330165],"crs":null},"id":80,"type":"Feature","properties":{"magnetic_swipe":"N","created_user":"indoors_owner","image_url":"https://map.jhu.edu/Docs/Photos/EntrancePhotos/HomewoodCampus/Entrances-DOOR-0000264.jpg","geo_level":1,"globalid":"{11F27690-5F23-434B-B57E-79EE32F01228}","edit_comment":null,"change_type":null,"asset_id":"DOOR-000780","entrance_name":"The Hopkins Club Front Side Entrance ","last_edited_user":null,"use_type":null,"accessible_entrance":"N","project_number":null,"automatic_door":"N","facility_id":null,"last_edited_date":null,"validationstatus":0,"isa_sign":null,"created_date":1782760169000,"objectid":80}},{"geometry":{"type":"Point","coordinates":[-76.624245,39.330722],"crs":null},"id":81,"type":"Feature","properties":{"magnetic_swipe":"N","created_user":"indoors_owner","image_url":"https://map.jhu.edu/Docs/Photos/EntrancePhotos/HomewoodCampus/Entrances-DOOR-0000065.jpg","geo_level":1,"globalid":"{F26C96D8-AF29-4189-8266-AA7E7DE3E302}","edit_comment":null,"change_type":null,"asset_id":"DOOR-000090","entrance_name":"San Martin Center Main ","last_edited_user":null,"use_type":null,"accessible_entrance":"Y","project_number":null,"automatic_door":"Y","facility_id":null,"last_edited_date":null,"validationstatus":0,"isa_sign":"N","created_date":1782760169000,"objectid":81}},{"geometry":{"type":"Point","coordinates":[-76.619282,39.329039],"crs":null},"id":82,"type":"Feature","properties":{"magnetic_swipe":"Y","created_user":"indoors_owner","image_url":"https://map.jhu.edu/Docs/Photos/EntrancePhotos/HomewoodCampus/Entrances-DOOR-0000330.jpg","geo_level":0,"globalid":"{B9AEE97C-ABAD-420F-94CE-B7F2240F70B4}","edit_comment":null,"change_type":null,"asset_id":"DOOR-002900","entrance_name":"MSEL Beach Side","last_edited_user":null,"use_type":null,"accessible_entrance":"Y","project_number":null,"automatic_door":"Y","facility_id":null,"last_edited_date":null,"validationstatus":0,"isa_sign":"Y","created_date":1782760169000,"objectid":82}},{"geometry":{"type":"Point","coordinates":[-76.621281,39.328988],"crs":null},"id":83,"type":"Feature","properties":{"magnetic_swipe":"Y","created_user":"indoors_owner","image_url":"https://map.jhu.edu/Docs/Photos/EntrancePhotos/HomewoodCampus/Entrances-DOOR-0000066.jpg","geo_level":2,"globalid":"{E6DCD238-A06F-41AB-A973-481799D50B8C}","edit_comment":null,"change_type":null,"asset_id":"DOOR-001610","entrance_name":"Gilman Hall Keyser Quad Main","last_edited_user":null,"use_type":null,"accessible_entrance":"Y","project_number":null,"automatic_door":"Y","facility_id":null,"last_edited_date":null,"validationstatus":0,"isa_sign":"N","created_date":1782760169000,"objectid":83}},{"geometry":{"type":"Point","coordinates":[-76.623929,39.328039],"crs":null},"id":84,"type":"Feature","properties":{"magnetic_swipe":"N","created_user":"indoors_owner","image_url":"https://map.jhu.edu/Docs/Photos/EntrancePhotos/HomewoodCampus/Entrances-DOOR-0000067.jpg","geo_level":1,"globalid":"{8D603291-3752-4CA8-A01A-89C6C20ABCFB}","edit_comment":null,"change_type":null,"asset_id":"DOOR-000140","entrance_name":"Olin Hall Back Entrance ","last_edited_user":null,"use_type":null,"accessible_entrance":"N","project_number":null,"automatic_door":"N","facility_id":null,"last_edited_date":null,"validationstatus":0,"isa_sign":null,"created_date":1782760169000,"objectid":84}},{"geometry":{"type":"Point","coordinates":[-76.61952,39.327322],"crs":null},"id":85,"type":"Feature","properties":{"magnetic_swipe":"N","created_user":"indoors_owner","image_url":"https://map.jhu.edu/Docs/Photos/EntrancePhotos/HomewoodCampus/Entrances-DOOR-0000319.jpg","geo_level":0,"globalid":"{956E8CD5-23DD-46EE-89CA-DB22B994115B}","edit_comment":null,"change_type":null,"asset_id":"DOOR-002780","entrance_name":"Croft Hall Main Entrance ","last_edited_user":null,"use_type":null,"accessible_entrance":"N","project_number":null,"automatic_door":"N","facility_id":null,"last_edited_date":null,"validationstatus":0,"isa_sign":null,"created_date":1782760169000,"objectid":85}},{"geometry":{"type":"Point","coordinates":[-76.619134,39.331417],"crs":null},"id":86,"type":"Feature","properties":{"magnetic_swipe":"Y","created_user":"indoors_owner","image_url":"https://map.jhu.edu/Docs/Photos/EntrancePhotos/HomewoodCampus/Entrances-DOOR-0000070.jpg","geo_level":1,"globalid":"{E69734B3-C7AA-4903-A619-3FABDF44E7B5}","edit_comment":null,"change_type":null,"asset_id":"DOOR-002960","entrance_name":"AMR 2 Main","last_edited_user":null,"use_type":null,"accessible_entrance":"Y","project_number":null,"automatic_door":"Y","facility_id":null,"last_edited_date":null,"validationstatus":0,"isa_sign":"N","created_date":1782760169000,"objectid":86}},{"geometry":{"type":"Point","coordinates":[-76.623972,39.324917],"crs":null},"id":87,"type":"Feature","properties":{"magnetic_swipe":"N","created_user":"indoors_owner","image_url":"https://map.jhu.edu/Docs/Photos/EntrancePhotos/HomewoodCampus/Entrances-DOOR-0000071.jpg","geo_level":1,"globalid":"{02CA404C-61A7-454A-91EA-46AB9891A2C9}","edit_comment":null,"change_type":null,"asset_id":"DOOR-000120","entrance_name":"Wyman Building 3 Custodial Receiving Area","last_edited_user":null,"use_type":null,"accessible_entrance":"N","project_number":null,"automatic_door":"N","facility_id":null,"last_edited_date":null,"validationstatus":0,"isa_sign":null,"created_date":1782760169000,"objectid":87}},{"geometry":{"type":"Point","coordinates":[-76.621882,39.329064],"crs":null},"id":88,"type":"Feature","properties":{"magnetic_swipe":"Y","created_user":"indoors_owner","image_url":"https://map.jhu.edu/Docs/Photos/EntrancePhotos/HomewoodCampus/Entrances-DOOR-0000072.jpg","geo_level":0,"globalid":"{61939E03-6D4B-4CE0-ACF9-603C4DCC8A2B}","edit_comment":null,"change_type":null,"asset_id":"DOOR-001130","entrance_name":"Gilman Hall North Rear","last_edited_user":null,"use_type":null,"accessible_entrance":"Y","project_number":null,"automatic_door":"Y","facility_id":null,"last_edited_date":null,"validationstatus":0,"isa_sign":"N","created_date":1782760169000,"objectid":88}},{"geometry":{"type":"Point","coordinates":[-76.620939,39.331103],"crs":null},"id":89,"type":"Feature","properties":{"magnetic_swipe":"Y","created_user":"indoors_owner","image_url":"https://map.jhu.edu/Docs/Photos/EntrancePhotos/HomewoodCampus/Entrances-DOOR-0000073.jpg","geo_level":-1,"globalid":"{712D51FC-FFF9-4875-A1C4-2F70EC9E37EA}","edit_comment":null,"change_type":null,"asset_id":"DOOR-001800","entrance_name":"Teaching Labs Side Entrance ","last_edited_user":null,"use_type":null,"accessible_entrance":"Y","project_number":null,"automatic_door":"Y","facility_id":null,"last_edited_date":null,"validationstatus":0,"isa_sign":null,"created_date":1782760169000,"objectid":89}},{"geometry":{"type":"Point","coordinates":[-76.622653,39.324737],"crs":null},"id":90,"type":"Feature","properties":{"magnetic_swipe":"N","created_user":"indoors_owner","image_url":"https://map.jhu.edu/Docs/Photos/EntrancePhotos/HomewoodCampus/Entrances-DOOR-0000074.jpg","geo_level":1,"globalid":"{4E656E65-B16A-4603-8FFE-EB8C79268EA2}","edit_comment":null,"change_type":null,"asset_id":"DOOR-000660","entrance_name":"Wyman Building Side Entrance ","last_edited_user":null,"use_type":null,"accessible_entrance":"N","project_number":null,"automatic_door":"N","facility_id":null,"last_edited_date":null,"validationstatus":0,"isa_sign":null,"created_date":1782760169000,"objectid":90}},{"geometry":{"type":"Point","coordinates":[-76.618757,39.330952],"crs":null},"id":91,"type":"Feature","properties":{"magnetic_swipe":"Y","created_user":"indoors_owner","image_url":"https://map.jhu.edu/Docs/Photos/EntrancePhotos/HomewoodCampus/Entrances-DOOR-0000075.jpg","geo_level":1,"globalid":"{16721944-A312-4C35-91C8-6BAA9F367BCE}","edit_comment":null,"change_type":null,"asset_id":"DOOR-003230","entrance_name":"Royce Hall Entrance ","last_edited_user":null,"use_type":null,"accessible_entrance":"N","project_number":null,"automatic_door":"N","facility_id":null,"last_edited_date":null,"validationstatus":0,"isa_sign":null,"created_date":1782760169000,"objectid":91}},{"geometry":{"type":"Point","coordinates":[-76.621556,39.333204],"crs":null},"id":92,"type":"Feature","properties":{"magnetic_swipe":"Y","created_user":"indoors_owner","image_url":"https://map.jhu.edu/Docs/Photos/EntrancePhotos/HomewoodCampus/Entrances-DOOR-0000076.jpg","geo_level":2,"globalid":"{6B1D2D49-B9D9-412B-9C38-CE721CC486CB}","edit_comment":null,"change_type":null,"asset_id":"DOOR-001360","entrance_name":"Rec center rear door","last_edited_user":null,"use_type":null,"accessible_entrance":"N","project_number":null,"automatic_door":"N","facility_id":null,"last_edited_date":null,"validationstatus":0,"isa_sign":null,"created_date":1782760169000,"objectid":92}},{"geometry":{"type":"Point","coordinates":[-76.620699,39.32696],"crs":null},"id":93,"type":"Feature","properties":{"magnetic_swipe":"Y","created_user":"indoors_owner","image_url":"https://map.jhu.edu/Docs/Photos/EntrancePhotos/HomewoodCampus/Entrances-DOOR-0000077.jpg","geo_level":1,"globalid":"{7141A962-1346-405D-AA72-37AFBD0316B6}","edit_comment":null,"change_type":null,"asset_id":"DOOR-002050","entrance_name":"Barton Hall Side Entrance","last_edited_user":null,"use_type":null,"accessible_entrance":"N","project_number":null,"automatic_door":"N","facility_id":null,"last_edited_date":null,"validationstatus":0,"isa_sign":"Y","created_date":1782760169000,"objectid":93}},{"geometry":{"type":"Point","coordinates":[-76.620324,39.32946],"crs":null},"id":94,"type":"Feature","properties":{"magnetic_swipe":"Y","created_user":"indoors_owner","image_url":"https://map.jhu.edu/Docs/Photos/EntrancePhotos/HomewoodCampus/Entrances-DOOR-0000274.jpg","geo_level":-1,"globalid":"{CD34DD43-3E8B-44B5-BA28-8131A09C42C2}","edit_comment":null,"change_type":null,"asset_id":"DOOR-002260","entrance_name":"Remsen Hall Side ","last_edited_user":null,"use_type":null,"accessible_entrance":"Y","project_number":null,"automatic_door":"Y","facility_id":null,"last_edited_date":null,"validationstatus":0,"isa_sign":"Y","created_date":1782760169000,"objectid":94}},{"geometry":{"type":"Point","coordinates":[-76.62258,39.329193],"crs":null},"id":95,"type":"Feature","properties":{"magnetic_swipe":"Y","created_user":"indoors_owner","image_url":"https://map.jhu.edu/Docs/Photos/EntrancePhotos/HomewoodCampus/Entrances-DOOR-0000078.jpg","geo_level":-1,"globalid":"{C06720C0-3F2C-4211-A87C-BA7B4C8927E8}","edit_comment":null,"change_type":null,"asset_id":"DOOR-000700","entrance_name":"Greenhouse Side Entrance ","last_edited_user":null,"use_type":null,"accessible_entrance":"N","project_number":null,"automatic_door":"N","facility_id":null,"last_edited_date":null,"validationstatus":0,"isa_sign":null,"created_date":1782760169000,"objectid":95}},{"geometry":{"type":"Point","coordinates":[-76.619808,39.329481],"crs":null},"id":96,"type":"Feature","properties":{"magnetic_swipe":"Y","created_user":"indoors_owner","image_url":"https://map.jhu.edu/Docs/Photos/EntrancePhotos/HomewoodCampus/Entrances-DOOR-0000275.jpg","geo_level":1,"globalid":"{C9957228-25D6-4BC3-B590-635F1A6BC89B}","edit_comment":null,"change_type":null,"asset_id":"DOOR-002610","entrance_name":"Remsen Hall Side","last_edited_user":null,"use_type":null,"accessible_entrance":"N","project_number":null,"automatic_door":"N","facility_id":null,"last_edited_date":null,"validationstatus":0,"isa_sign":null,"created_date":1782760169000,"objectid":96}},{"geometry":{"type":"Point","coordinates":[-76.622507,39.329285],"crs":null},"id":97,"type":"Feature","properties":{"magnetic_swipe":"Y","created_user":"indoors_owner","image_url":"https://map.jhu.edu/Docs/Photos/EntrancePhotos/HomewoodCampus/Entrances-DOOR-0000079.jpg","geo_level":1,"globalid":"{57036DEF-C9C8-4F31-A20C-A3890C0D9C16}","edit_comment":null,"change_type":null,"asset_id":"DOOR-000720","entrance_name":"The Academy at Johns Hopkins","last_edited_user":null,"use_type":null,"accessible_entrance":"N","project_number":null,"automatic_door":"N","facility_id":null,"last_edited_date":null,"validationstatus":0,"isa_sign":null,"created_date":1782760169000,"objectid":97}},{"geometry":{"type":"Point","coordinates":[-76.622792,39.329332],"crs":null},"id":98,"type":"Feature","properties":{"magnetic_swipe":"N","created_user":"indoors_owner","image_url":"https://map.jhu.edu/Docs/Photos/EntrancePhotos/HomewoodCampus/Entrances-DOOR-0000080.jpg","geo_level":1,"globalid":"{9937DB66-4C8D-4AC0-B8F0-FAA0FA518624}","edit_comment":null,"change_type":null,"asset_id":"DOOR-000560","entrance_name":"Greenhouse West Wing Side Entrance ","last_edited_user":null,"use_type":null,"accessible_entrance":"N","project_number":null,"automatic_door":"N","facility_id":null,"last_edited_date":null,"validationstatus":0,"isa_sign":null,"created_date":1782760169000,"objectid":98}},{"geometry":{"type":"Point","coordinates":[-76.621601,39.327225],"crs":null},"id":99,"type":"Feature","properties":{"magnetic_swipe":"Y","created_user":"indoors_owner","image_url":"https://map.jhu.edu/Docs/Photos/EntrancePhotos/HomewoodCampus/Entrances-DOOR-0000081.jpg","geo_level":1,"globalid":"{DEDC3313-D352-4DAD-98BF-6E42A8CE7B4C}","edit_comment":null,"change_type":null,"asset_id":"DOOR-001350","entrance_name":"Garland Hall South","last_edited_user":null,"use_type":null,"accessible_entrance":"Y","project_number":null,"automatic_door":"Y","facility_id":null,"last_edited_date":null,"validationstatus":0,"isa_sign":"Y","created_date":1782760169000,"objectid":99}},{"geometry":{"type":"Point","coordinates":[-76.621054,39.328591],"crs":null},"id":100,"type":"Feature","properties":{"magnetic_swipe":"Y","created_user":"indoors_owner","image_url":"https://map.jhu.edu/Docs/Photos/EntrancePhotos/HomewoodCampus/Entrances-DOOR-0000301.jpg","geo_level":2,"globalid":"{843C2616-17DD-41B1-AA19-2C81A24F803A}","edit_comment":null,"change_type":null,"asset_id":"DOOR-001680","entrance_name":"Ames Hall Keyser Quad West","last_edited_user":null,"use_type":"Not on Accessible Route","accessible_entrance":"Y","project_number":null,"automatic_door":"Y","facility_id":null,"last_edited_date":null,"validationstatus":0,"isa_sign":"N","created_date":1782760169000,"objectid":100}},{"geometry":{"type":"Point","coordinates":[-76.620764,39.327982],"crs":null},"id":101,"type":"Feature","properties":{"magnetic_swipe":"Y","created_user":"indoors_owner","image_url":"https://map.jhu.edu/Docs/Photos/EntrancePhotos/HomewoodCampus/Entrances-DOOR-0000331.jpg","geo_level":1,"globalid":"{0EF62879-B740-4087-A4AC-41FE6EA84164}","edit_comment":null,"change_type":null,"asset_id":"DOOR-001990","entrance_name":"Latrobe Hall Side Entrance","last_edited_user":null,"use_type":null,"accessible_entrance":"N","project_number":null,"automatic_door":"N","facility_id":null,"last_edited_date":null,"validationstatus":0,"isa_sign":null,"created_date":1782760169000,"objectid":101}},{"geometry":{"type":"Point","coordinates":[-76.619615,39.331393],"crs":null},"id":102,"type":"Feature","properties":{"magnetic_swipe":"Y","created_user":"indoors_owner","image_url":null,"geo_level":0,"globalid":"{56BC6297-9A4B-4075-8E33-39B094B2845A}","edit_comment":null,"change_type":null,"asset_id":"DOOR-002720","entrance_name":"Dining Hall Entrance ","last_edited_user":null,"use_type":null,"accessible_entrance":"Y","project_number":null,"automatic_door":"Y","facility_id":null,"last_edited_date":null,"validationstatus":0,"isa_sign":null,"created_date":1782760169000,"objectid":102}},{"geometry":{"type":"Point","coordinates":[-76.619435,39.331404],"crs":null},"id":103,"type":"Feature","properties":{"magnetic_swipe":"Y","created_user":"indoors_owner","image_url":"https://map.jhu.edu/Docs/Photos/EntrancePhotos/HomewoodCampus/Entrances-DOOR-0000085.jpg","geo_level":1,"globalid":"{245A0F91-2E30-436A-9AA4-C2F67B3FA4C7}","edit_comment":null,"change_type":null,"asset_id":"DOOR-002830","entrance_name":"Clark","last_edited_user":null,"use_type":null,"accessible_entrance":"N","project_number":null,"automatic_door":"N","facility_id":null,"last_edited_date":null,"validationstatus":0,"isa_sign":null,"created_date":1782760169000,"objectid":103}},{"geometry":{"type":"Point","coordinates":[-76.61906,39.329737],"crs":null},"id":104,"type":"Feature","properties":{"magnetic_swipe":"N","created_user":"indoors_owner","image_url":"https://map.jhu.edu/Docs/Photos/EntrancePhotos/HomewoodCampus/Entrances-DOOR-0000086.jpg","geo_level":-1,"globalid":"{8D3C81EE-8D1E-45F9-B9AC-AFD37316CFD7}","edit_comment":null,"change_type":null,"asset_id":"DOOR-003010","entrance_name":"Homewood Museum Basement Entrance ","last_edited_user":null,"use_type":null,"accessible_entrance":"N","project_number":null,"automatic_door":"N","facility_id":null,"last_edited_date":null,"validationstatus":1,"isa_sign":null,"created_date":1782760169000,"objectid":104}},{"geometry":{"type":"Point","coordinates":[-76.621579,39.328354],"crs":null},"id":105,"type":"Feature","properties":{"magnetic_swipe":"N","created_user":"indoors_owner","image_url":"https://map.jhu.edu/Docs/Photos/EntrancePhotos/HomewoodCampus/Entrances-DOOR-0000087.jpg","geo_level":-1,"globalid":"{00A58FF3-E77F-4BE2-B076-8A89C2CDFA50}","edit_comment":null,"change_type":null,"asset_id":"DOOR-001390","entrance_name":"Levering Hall Fire Entrance/Exit","last_edited_user":null,"use_type":null,"accessible_entrance":"N","project_number":null,"automatic_door":"N","facility_id":null,"last_edited_date":null,"validationstatus":0,"isa_sign":null,"created_date":1782760169000,"objectid":105}},{"geometry":{"type":"Point","coordinates":[-76.625482,39.330815],"crs":null},"id":106,"type":"Feature","properties":{"magnetic_swipe":"N","created_user":"indoors_owner","image_url":null,"geo_level":1,"globalid":"{35D68141-9FB9-4EAC-B750-6B2236D38A84}","edit_comment":null,"change_type":null,"asset_id":"DOOR-000020","entrance_name":"Carnegie Rear Loading Dock","last_edited_user":null,"use_type":null,"accessible_entrance":"N","project_number":null,"automatic_door":"N","facility_id":null,"last_edited_date":null,"validationstatus":0,"isa_sign":null,"created_date":1782760169000,"objectid":106}},{"geometry":{"type":"Point","coordinates":[-76.621318,39.328707],"crs":null},"id":107,"type":"Feature","properties":{"magnetic_swipe":"Y","created_user":"indoors_owner","image_url":"https://map.jhu.edu/Docs/Photos/EntrancePhotos/HomewoodCampus/Entrances-DOOR-0000283.jpg","geo_level":2,"globalid":"{B2C8EDB7-1296-4C0A-8BE8-6EA089D8E09F}","edit_comment":null,"change_type":null,"asset_id":"DOOR-001540","entrance_name":"Gilman Hall Side Entrance ","last_edited_user":null,"use_type":null,"accessible_entrance":"N","project_number":null,"automatic_door":"N","facility_id":null,"last_edited_date":null,"validationstatus":0,"isa_sign":null,"created_date":1782760169000,"objectid":107}},{"geometry":{"type":"Point","coordinates":[-76.622891,39.331713],"crs":null},"id":108,"type":"Feature","properties":{"magnetic_swipe":"Y","created_user":"indoors_owner","image_url":"https://map.jhu.edu/Docs/Photos/EntrancePhotos/HomewoodCampus/Entrances-DOOR-0000257.jpg","geo_level":1,"globalid":"{DAB26115-6EAE-4AD3-8E80-71108370350C}","edit_comment":null,"change_type":null,"asset_id":"DOOR-000530","entrance_name":"Bloomberg Astronomy and Physics Side Entrance","last_edited_user":null,"use_type":null,"accessible_entrance":"N","project_number":null,"automatic_door":"N","facility_id":null,"last_edited_date":null,"validationstatus":0,"isa_sign":null,"created_date":1782760169000,"objectid":108}},{"geometry":{"type":"Point","coordinates":[-76.619919,39.331999],"crs":null},"id":109,"type":"Feature","properties":{"magnetic_swipe":"Y","created_user":"indoors_owner","image_url":"https://map.jhu.edu/Docs/Photos/EntrancePhotos/HomewoodCampus/Entrances-DOOR-0000091.jpg","geo_level":2,"globalid":"{F3BE8A96-1A16-444B-85AA-494AA0616F4F}","edit_comment":null,"change_type":null,"asset_id":"DOOR-002520","entrance_name":"AMR 3B Rear","last_edited_user":null,"use_type":null,"accessible_entrance":"Y","project_number":null,"automatic_door":"N","facility_id":null,"last_edited_date":null,"validationstatus":0,"isa_sign":"Y","created_date":1782760169000,"objectid":109}},{"geometry":{"type":"Point","coordinates":[-76.620981,39.325988],"crs":null},"id":110,"type":"Feature","properties":{"magnetic_swipe":"Y","created_user":"indoors_owner","image_url":"https://map.jhu.edu/Docs/Photos/EntrancePhotos/HomewoodCampus/Entrances-DOOR-0000092.jpg","geo_level":1,"globalid":"{9781E2AC-D2D6-4277-9118-B7824B0286F2}","edit_comment":null,"change_type":null,"asset_id":"DOOR-001820","entrance_name":"Malone Hall Entrance ","last_edited_user":null,"use_type":null,"accessible_entrance":"N","project_number":null,"automatic_door":"Y","facility_id":null,"last_edited_date":null,"validationstatus":0,"isa_sign":null,"created_date":1782760169000,"objectid":110}},{"geometry":{"type":"Point","coordinates":[-76.620408,39.32638],"crs":null},"id":111,"type":"Feature","properties":{"magnetic_swipe":"Y","created_user":"indoors_owner","image_url":"https://map.jhu.edu/Docs/Photos/EntrancePhotos/HomewoodCampus/Entrances-DOOR-0000094.jpg","geo_level":0,"globalid":"{12251E47-8DB4-4873-815F-8019EBF594FB}","edit_comment":null,"change_type":null,"asset_id":"DOOR-002210","entrance_name":"Shrivel Hall Side Entrance ","last_edited_user":null,"use_type":null,"accessible_entrance":"N","project_number":null,"automatic_door":"N","facility_id":null,"last_edited_date":null,"validationstatus":0,"isa_sign":null,"created_date":1782760169000,"objectid":111}},{"geometry":{"type":"Point","coordinates":[-76.622726,39.331627],"crs":null},"id":112,"type":"Feature","properties":{"magnetic_swipe":"N","created_user":"indoors_owner","image_url":"https://map.jhu.edu/Docs/Photos/EntrancePhotos/HomewoodCampus/Entrances-DOOR-0000258.jpg","geo_level":1,"globalid":"{75D9382A-DDFE-4DC0-B0B3-A73B5B769905}","edit_comment":null,"change_type":null,"asset_id":"DOOR-000570","entrance_name":"Bloomberg Astronomy and Physics Side Entrance","last_edited_user":null,"use_type":null,"accessible_entrance":"N","project_number":null,"automatic_door":"N","facility_id":null,"last_edited_date":null,"validationstatus":0,"isa_sign":null,"created_date":1782760169000,"objectid":112}},{"geometry":{"type":"Point","coordinates":[-76.623843,39.324755],"crs":null},"id":113,"type":"Feature","properties":{"magnetic_swipe":"N","created_user":"indoors_owner","image_url":"https://map.jhu.edu/Docs/Photos/EntrancePhotos/HomewoodCampus/Entrances-DOOR-0000095.jpg","geo_level":1,"globalid":"{2314B821-11F4-4EFB-A3F6-118F8A4CC161}","edit_comment":null,"change_type":null,"asset_id":"DOOR-000180","entrance_name":"Wyman Building 3 Recycling Program Office","last_edited_user":null,"use_type":null,"accessible_entrance":"N","project_number":null,"automatic_door":"N","facility_id":null,"last_edited_date":null,"validationstatus":0,"isa_sign":null,"created_date":1782760169000,"objectid":113}},{"geometry":{"type":"Point","coordinates":[-76.621053,39.332249],"crs":null},"id":114,"type":"Feature","properties":{"magnetic_swipe":"Y","created_user":"indoors_owner","image_url":null,"geo_level":2,"globalid":"{9505460B-0691-4998-8BCE-3D412B0F4ED8}","edit_comment":null,"change_type":null,"asset_id":"DOOR-001700","entrance_name":"Rec Center front ","last_edited_user":null,"use_type":null,"accessible_entrance":"Y","project_number":null,"automatic_door":"Y","facility_id":null,"last_edited_date":null,"validationstatus":0,"isa_sign":"N","created_date":1782760169000,"objectid":114}},{"geometry":{"type":"Point","coordinates":[-76.621909,39.333188],"crs":null},"id":115,"type":"Feature","properties":{"magnetic_swipe":"N","created_user":"indoors_owner","image_url":"https://map.jhu.edu/Docs/Photos/EntrancePhotos/HomewoodCampus/Entrances-DOOR-0000252.jpg","geo_level":2,"globalid":"{BCE0F9FB-396A-47D1-89AB-F64AD8E2151D}","edit_comment":null,"change_type":null,"asset_id":"DOOR-001100","entrance_name":"Entrance above main door ","last_edited_user":null,"use_type":null,"accessible_entrance":"N","project_number":null,"automatic_door":"N","facility_id":null,"last_edited_date":null,"validationstatus":0,"isa_sign":null,"created_date":1782760169000,"objectid":115}},{"geometry":{"type":"Point","coordinates":[-76.623097,39.329754],"crs":null},"id":116,"type":"Feature","properties":{"magnetic_swipe":"N","created_user":"indoors_owner","image_url":"https://map.jhu.edu/Docs/Photos/EntrancePhotos/HomewoodCampus/Entrances-DOOR-0000098.jpg","geo_level":1,"globalid":"{69EEAB06-F544-44B7-B719-F2E91804FE8C}","edit_comment":null,"change_type":null,"asset_id":"DOOR-000420","entrance_name":"Nichols House Front Entrance","last_edited_user":null,"use_type":null,"accessible_entrance":"N","project_number":null,"automatic_door":"N","facility_id":null,"last_edited_date":null,"validationstatus":0,"isa_sign":null,"created_date":1782760169000,"objectid":116}},{"geometry":{"type":"Point","coordinates":[-76.622618,39.332023],"crs":null},"id":117,"type":"Feature","properties":{"magnetic_swipe":"N","created_user":"indoors_owner","image_url":"https://map.jhu.edu/Docs/Photos/EntrancePhotos/HomewoodCampus/Entrances-DOOR-0000099.jpg","geo_level":1,"globalid":"{703F3F7F-CB9B-4C06-9CAB-C4A3DD36E834}","edit_comment":null,"change_type":null,"asset_id":"DOOR-000640","entrance_name":"Chiller Plant Side Entrance ","last_edited_user":null,"use_type":null,"accessible_entrance":"N","project_number":null,"automatic_door":"N","facility_id":null,"last_edited_date":null,"validationstatus":0,"isa_sign":null,"created_date":1782760169000,"objectid":117}},{"geometry":{"type":"Point","coordinates":[-76.623172,39.331703],"crs":null},"id":118,"type":"Feature","properties":{"magnetic_swipe":"N","created_user":"indoors_owner","image_url":"https://map.jhu.edu/Docs/Photos/EntrancePhotos/HomewoodCampus/Entrances-DOOR-0000100.jpg","geo_level":2,"globalid":"{97430E96-F1DD-4C9D-A91D-63618919DA03}","edit_comment":null,"change_type":null,"asset_id":"DOOR-000370","entrance_name":"Bloomberg Astronomy and Physics Main Entrance","last_edited_user":null,"use_type":null,"accessible_entrance":"N","project_number":null,"automatic_door":"N","facility_id":null,"last_edited_date":null,"validationstatus":0,"isa_sign":null,"created_date":1782760169000,"objectid":118}},{"geometry":{"type":"Point","coordinates":[-76.620842,39.327651],"crs":null},"id":119,"type":"Feature","properties":{"magnetic_swipe":"Y","created_user":"indoors_owner","image_url":"https://map.jhu.edu/Docs/Photos/EntrancePhotos/HomewoodCampus/Entrances-DOOR-0000332.jpg","geo_level":1,"globalid":"{A528CEC1-AD1A-48DF-B3B5-CB7F24623EE7}","edit_comment":null,"change_type":null,"asset_id":"DOOR-001930","entrance_name":"Latrobe Hall Entrance ","last_edited_user":null,"use_type":null,"accessible_entrance":"N","project_number":null,"automatic_door":"N","facility_id":null,"last_edited_date":null,"validationstatus":0,"isa_sign":null,"created_date":1782760169000,"objectid":119}},{"geometry":{"type":"Point","coordinates":[-76.621664,39.327924],"crs":null},"id":120,"type":"Feature","properties":{"magnetic_swipe":"Y","created_user":"indoors_owner","image_url":"https://map.jhu.edu/Docs/Photos/EntrancePhotos/HomewoodCampus/Entrances-DOOR-0000293.jpg","geo_level":-1,"globalid":"{B45864D1-00EC-4528-B3C1-B5731ED22C14}","edit_comment":null,"change_type":null,"asset_id":"DOOR-001300","entrance_name":"Levering Hall Dining Hall","last_edited_user":null,"use_type":null,"accessible_entrance":"Y","project_number":null,"automatic_door":"Y","facility_id":null,"last_edited_date":null,"validationstatus":0,"isa_sign":"Y","created_date":1782760169000,"objectid":120}},{"geometry":{"type":"Point","coordinates":[-76.622428,39.329262],"crs":null},"id":121,"type":"Feature","properties":{"magnetic_swipe":"Y","created_user":"indoors_owner","image_url":"https://map.jhu.edu/Docs/Photos/EntrancePhotos/HomewoodCampus/Entrances-DOOR-0000101.jpg","geo_level":1,"globalid":"{6B6D1DC8-B478-4282-BC17-EC40DFEF72C6}","edit_comment":null,"change_type":null,"asset_id":"DOOR-000790","entrance_name":"Greenhouse Side Entrance ","last_edited_user":null,"use_type":null,"accessible_entrance":"N","project_number":null,"automatic_door":"N","facility_id":null,"last_edited_date":null,"validationstatus":0,"isa_sign":null,"created_date":1782760169000,"objectid":121}},{"geometry":{"type":"Point","coordinates":[-76.622037,39.330091],"crs":null},"id":122,"type":"Feature","properties":{"magnetic_swipe":"N","created_user":"indoors_owner","image_url":"https://map.jhu.edu/Docs/Photos/EntrancePhotos/HomewoodCampus/Entrances-DOOR-0000102.jpg","geo_level":1,"globalid":"{E7DB9194-7395-4486-AD8F-0D0C75F12730}","edit_comment":null,"change_type":null,"asset_id":"DOOR-001030","entrance_name":"Hopkins Club Front Side Entrance ","last_edited_user":null,"use_type":null,"accessible_entrance":"N","project_number":null,"automatic_door":"N","facility_id":null,"last_edited_date":null,"validationstatus":0,"isa_sign":null,"created_date":1782760169000,"objectid":122}},{"geometry":{"type":"Point","coordinates":[-76.6219,39.328335],"crs":null},"id":123,"type":"Feature","properties":{"magnetic_swipe":"N","created_user":"indoors_owner","image_url":"https://map.jhu.edu/Docs/Photos/EntrancePhotos/HomewoodCampus/Entrances-DOOR-0000294.jpg","geo_level":-1,"globalid":"{CBDB201F-BC69-46D4-9AE0-612B8F5596F8}","edit_comment":null,"change_type":null,"asset_id":"DOOR-001110","entrance_name":"Levering Hall Back Entrance ","last_edited_user":null,"use_type":null,"accessible_entrance":"N","project_number":null,"automatic_door":"N","facility_id":null,"last_edited_date":null,"validationstatus":0,"isa_sign":null,"created_date":1782760169000,"objectid":123}},{"geometry":{"type":"Point","coordinates":[-76.619,39.328047],"crs":null},"id":124,"type":"Feature","properties":{"magnetic_swipe":"N","created_user":"indoors_owner","image_url":"https://map.jhu.edu/Docs/Photos/EntrancePhotos/HomewoodCampus/Entrances-DOOR-0000309.jpg","geo_level":1,"globalid":"{9A5D292E-40AB-4946-A72D-22B8A9B182F1}","edit_comment":null,"change_type":null,"asset_id":"DOOR-003070","entrance_name":"Merrick Barn Side Front Entrance ","last_edited_user":null,"use_type":null,"accessible_entrance":"N","project_number":null,"automatic_door":"N","facility_id":null,"last_edited_date":null,"validationstatus":0,"isa_sign":null,"created_date":1782760169000,"objectid":124}},{"geometry":{"type":"Point","coordinates":[-76.620683,39.332772],"crs":null},"id":125,"type":"Feature","properties":{"magnetic_swipe":"Y","created_user":"indoors_owner","image_url":"https://map.jhu.edu/Docs/Photos/EntrancePhotos/HomewoodCampus/Entrances-DOOR-0000103.jpg","geo_level":2,"globalid":"{4ECC58FE-82A4-4083-8302-6A0F015F40E7}","edit_comment":null,"change_type":null,"asset_id":"DOOR-002070","entrance_name":"Recreation Center Side Entrance ","last_edited_user":null,"use_type":null,"accessible_entrance":"N","project_number":null,"automatic_door":"N","facility_id":null,"last_edited_date":null,"validationstatus":0,"isa_sign":null,"created_date":1782760169000,"objectid":125}},{"geometry":{"type":"Point","coordinates":[-76.622612,39.329298],"crs":null},"id":126,"type":"Feature","properties":{"magnetic_swipe":"Y","created_user":"indoors_owner","image_url":"https://map.jhu.edu/Docs/Photos/EntrancePhotos/HomewoodCampus/Entrances-DOOR-0000104.jpg","geo_level":1,"globalid":"{D915EC31-8124-4854-B2C1-B164A0FC2710}","edit_comment":null,"change_type":null,"asset_id":"DOOR-000680","entrance_name":"Greenhouse West Wing","last_edited_user":null,"use_type":null,"accessible_entrance":"Y","project_number":null,"automatic_door":"Y","facility_id":null,"last_edited_date":null,"validationstatus":0,"isa_sign":"N","created_date":1782760169000,"objectid":126}},{"geometry":{"type":"Point","coordinates":[-76.621618,39.327475],"crs":null},"id":127,"type":"Feature","properties":{"magnetic_swipe":"Y","created_user":"indoors_owner","image_url":"https://map.jhu.edu/Docs/Photos/EntrancePhotos/HomewoodCampus/Entrances-DOOR-0000105.jpg","geo_level":1,"globalid":"{B02AE3BB-B9A9-4871-BCC4-E3FE37A4BB3D}","edit_comment":null,"change_type":null,"asset_id":"DOOR-001330","entrance_name":"Garland Hall North","last_edited_user":null,"use_type":null,"accessible_entrance":"Y","project_number":null,"automatic_door":"Y","facility_id":null,"last_edited_date":null,"validationstatus":0,"isa_sign":"Y","created_date":1782760169000,"objectid":127}},{"geometry":{"type":"Point","coordinates":[-76.620304,39.32862],"crs":null},"id":129,"type":"Feature","properties":{"magnetic_swipe":"Y","created_user":"indoors_owner","image_url":"https://map.jhu.edu/Docs/Photos/EntrancePhotos/HomewoodCampus/Entrances-DOOR-0000302.jpg","geo_level":3,"globalid":"{306D8689-3147-4C1F-B097-C02E97C6D4F2}","edit_comment":null,"change_type":null,"asset_id":"DOOR-002290","entrance_name":"Krieger Hall Entrance","last_edited_user":null,"use_type":null,"accessible_entrance":"N","project_number":null,"automatic_door":"N","facility_id":null,"last_edited_date":null,"validationstatus":0,"isa_sign":null,"created_date":1782760169000,"objectid":129}},{"geometry":{"type":"Point","coordinates":[-76.621675,39.333108],"crs":null},"id":130,"type":"Feature","properties":{"magnetic_swipe":"N","created_user":"indoors_owner","image_url":"https://map.jhu.edu/Docs/Photos/EntrancePhotos/HomewoodCampus/Entrances-DOOR-0000107.jpg","geo_level":1,"globalid":"{62B70C59-1F7E-4F3A-90E1-FEF1CD1EEB44}","edit_comment":null,"change_type":null,"asset_id":"DOOR-001270","entrance_name":"ROTC side entrance ","last_edited_user":null,"use_type":null,"accessible_entrance":"N","project_number":null,"automatic_door":"N","facility_id":null,"last_edited_date":null,"validationstatus":0,"isa_sign":null,"created_date":1782760169000,"objectid":130}},{"geometry":{"type":"Point","coordinates":[-76.622274,39.33228],"crs":null},"id":131,"type":"Feature","properties":{"magnetic_swipe":"N","created_user":"indoors_owner","image_url":"https://map.jhu.edu/Docs/Photos/EntrancePhotos/HomewoodCampus/Entrances-DOOR-0000108.jpg","geo_level":1,"globalid":"{69DBC052-4343-4A56-A517-93B2D1E522C1}","edit_comment":null,"change_type":null,"asset_id":"DOOR-000880","entrance_name":"Chiller Plant Main Entrance ","last_edited_user":null,"use_type":null,"accessible_entrance":"N","project_number":null,"automatic_door":"N","facility_id":null,"last_edited_date":null,"validationstatus":0,"isa_sign":null,"created_date":1782760169000,"objectid":131}},{"geometry":{"type":"Point","coordinates":[-76.620093,39.329841],"crs":null},"id":132,"type":"Feature","properties":{"magnetic_swipe":"Y","created_user":"indoors_owner","image_url":"https://map.jhu.edu/Docs/Photos/EntrancePhotos/HomewoodCampus/Entrances-DOOR-0000109.jpg","geo_level":-1,"globalid":"{35BEAFCF-C288-46D5-B5D6-15A75835B793}","edit_comment":null,"change_type":null,"asset_id":"DOOR-002440","entrance_name":"Remsen Hall Back Entrance","last_edited_user":null,"use_type":null,"accessible_entrance":"N","project_number":null,"automatic_door":"N","facility_id":null,"last_edited_date":null,"validationstatus":0,"isa_sign":null,"created_date":1782760169000,"objectid":132}},{"geometry":{"type":"Point","coordinates":[-76.621898,39.328445],"crs":null},"id":133,"type":"Feature","properties":{"magnetic_swipe":"N","created_user":"indoors_owner","image_url":"https://map.jhu.edu/Docs/Photos/EntrancePhotos/HomewoodCampus/Entrances-DOOR-0000295.jpg","geo_level":1,"globalid":"{88B5D425-B52A-4BC8-9A08-8FC8B00F6386}","edit_comment":null,"change_type":null,"asset_id":"DOOR-001120","entrance_name":"Levering Hall Pavillion Side Entrance ","last_edited_user":null,"use_type":null,"accessible_entrance":"N","project_number":null,"automatic_door":"N","facility_id":null,"last_edited_date":null,"validationstatus":0,"isa_sign":null,"created_date":1782760169000,"objectid":133}},{"geometry":{"type":"Point","coordinates":[-76.623569,39.328052],"crs":null},"id":134,"type":"Feature","properties":{"magnetic_swipe":"Y","created_user":"indoors_owner","image_url":"https://map.jhu.edu/Docs/Photos/EntrancePhotos/HomewoodCampus/Entrances-DOOR-0000110.jpg","geo_level":3,"globalid":"{E56078FF-FB44-48E2-B065-99D5BEC60AE7}","edit_comment":null,"change_type":null,"asset_id":"DOOR-000220","entrance_name":"Olin Hall Main ","last_edited_user":null,"use_type":null,"accessible_entrance":"Y","project_number":null,"automatic_door":"Y","facility_id":null,"last_edited_date":null,"validationstatus":0,"isa_sign":"Y","created_date":1782760169000,"objectid":134}},{"geometry":{"type":"Point","coordinates":[-76.621934,39.333205],"crs":null},"id":135,"type":"Feature","properties":{"magnetic_swipe":"N","created_user":"indoors_owner","image_url":"https://map.jhu.edu/Docs/Photos/EntrancePhotos/HomewoodCampus/Entrances-DOOR-0000253.jpg","geo_level":1,"globalid":"{1FA5AAAA-6EE2-4F01-82EE-6957D729DBF6}","edit_comment":null,"change_type":null,"asset_id":"DOOR-001080","entrance_name":"ROTC bottom door","last_edited_user":null,"use_type":null,"accessible_entrance":"N","project_number":null,"automatic_door":"Y","facility_id":null,"last_edited_date":null,"validationstatus":0,"isa_sign":null,"created_date":1782760169000,"objectid":135}},{"geometry":{"type":"Point","coordinates":[-76.618947,39.33143],"crs":null},"id":136,"type":"Feature","properties":{"magnetic_swipe":"Y","created_user":"indoors_owner","image_url":"https://map.jhu.edu/Docs/Photos/EntrancePhotos/HomewoodCampus/Entrances-DOOR-0000111.jpg","geo_level":1,"globalid":"{1DCCAF5B-C5F8-49A1-AB62-2F92466C8F5A}","edit_comment":null,"change_type":null,"asset_id":"DOOR-003100","entrance_name":"Griffin","last_edited_user":null,"use_type":null,"accessible_entrance":"N","project_number":null,"automatic_door":"N","facility_id":null,"last_edited_date":null,"validationstatus":0,"isa_sign":null,"created_date":1782760169000,"objectid":136}},{"geometry":{"type":"Point","coordinates":[-76.620323,39.329457],"crs":null},"id":137,"type":"Feature","properties":{"magnetic_swipe":"Y","created_user":"indoors_owner","image_url":"https://map.jhu.edu/Docs/Photos/EntrancePhotos/HomewoodCampus/Entrances-DOOR-0000276.jpg","geo_level":1,"globalid":"{6553AA3F-2193-4260-9F77-6803343904B8}","edit_comment":null,"change_type":null,"asset_id":"DOOR-002280","entrance_name":"Remsen Hall Entrance","last_edited_user":null,"use_type":null,"accessible_entrance":"N","project_number":null,"automatic_door":"N","facility_id":null,"last_edited_date":null,"validationstatus":0,"isa_sign":"Y","created_date":1782760169000,"objectid":137}},{"geometry":{"type":"Point","coordinates":[-76.618978,39.32803],"crs":null},"id":138,"type":"Feature","properties":{"magnetic_swipe":"N","created_user":"indoors_owner","image_url":"https://map.jhu.edu/Docs/Photos/EntrancePhotos/HomewoodCampus/Entrances-DOOR-0000310.jpg","geo_level":1,"globalid":"{5855F494-7ABE-46CC-B8F0-AF0A88CD1355}","edit_comment":null,"change_type":null,"asset_id":"DOOR-003080","entrance_name":"Merrick Barn Side Front Entrance ","last_edited_user":null,"use_type":null,"accessible_entrance":"N","project_number":null,"automatic_door":"N","facility_id":null,"last_edited_date":null,"validationstatus":0,"isa_sign":null,"created_date":1782760169000,"objectid":138}},{"geometry":{"type":"Point","coordinates":[-76.620896,39.326839],"crs":null},"id":139,"type":"Feature","properties":{"magnetic_swipe":"Y","created_user":"indoors_owner","image_url":"https://map.jhu.edu/Docs/Photos/EntrancePhotos/HomewoodCampus/Entrances-DOOR-0000113.jpg","geo_level":1,"globalid":"{5B1E7E16-FBA2-49B4-9F9D-89DF0C79C514}","edit_comment":null,"change_type":null,"asset_id":"DOOR-001870","entrance_name":"Hackerman Hall Breezeway South","last_edited_user":null,"use_type":null,"accessible_entrance":"Y","project_number":null,"automatic_door":"Y","facility_id":null,"last_edited_date":null,"validationstatus":0,"isa_sign":"N","created_date":1782760169000,"objectid":139}},{"geometry":{"type":"Point","coordinates":[-76.618863,39.327006],"crs":null},"id":140,"type":"Feature","properties":{"magnetic_swipe":"N","created_user":"indoors_owner","image_url":"https://map.jhu.edu/Docs/Photos/EntrancePhotos/HomewoodCampus/Entrances-DOOR-0000114.jpg","geo_level":0,"globalid":"{1CFD9CA2-8699-4D42-93A0-0E24A17BF79E}","edit_comment":null,"change_type":null,"asset_id":"DOOR-003150","entrance_name":"PowerPlant Side Entrance ","last_edited_user":null,"use_type":null,"accessible_entrance":"N","project_number":null,"automatic_door":"N","facility_id":null,"last_edited_date":null,"validationstatus":0,"isa_sign":null,"created_date":1782760169000,"objectid":140}},{"geometry":{"type":"Point","coordinates":[-76.620599,39.329453],"crs":null},"id":141,"type":"Feature","properties":{"magnetic_swipe":"Y","created_user":"indoors_owner","image_url":"https://map.jhu.edu/Docs/Photos/EntrancePhotos/HomewoodCampus/Entrances-DOOR-0000277.jpg","geo_level":2,"globalid":"{EED0D1DF-88EE-44A7-AD77-B8799FB3CF08}","edit_comment":null,"change_type":null,"asset_id":"DOOR-002140","entrance_name":"Mergenthaler Hall Entrance","last_edited_user":null,"use_type":null,"accessible_entrance":"N","project_number":null,"automatic_door":"N","facility_id":null,"last_edited_date":null,"validationstatus":0,"isa_sign":"Y","created_date":1782760169000,"objectid":141}},{"geometry":{"type":"Point","coordinates":[-76.623946,39.328074],"crs":null},"id":142,"type":"Feature","properties":{"magnetic_swipe":"Y","created_user":"indoors_owner","image_url":"https://map.jhu.edu/Docs/Photos/EntrancePhotos/HomewoodCampus/Entrances-DOOR-0000115.jpg","geo_level":1,"globalid":"{30CAEF43-65FB-4B27-B110-EB856EFD14EA}","edit_comment":null,"change_type":null,"asset_id":"DOOR-000130","entrance_name":"Olin Hall Back Entrance ","last_edited_user":null,"use_type":null,"accessible_entrance":"N","project_number":null,"automatic_door":"N","facility_id":null,"last_edited_date":null,"validationstatus":0,"isa_sign":null,"created_date":1782760169000,"objectid":142}},{"geometry":{"type":"Point","coordinates":[-76.619474,39.328786],"crs":null},"id":143,"type":"Feature","properties":{"magnetic_swipe":"N","created_user":"indoors_owner","image_url":"https://map.jhu.edu/Docs/Photos/EntrancePhotos/HomewoodCampus/Entrances-DOOR-0000333.jpg","geo_level":1,"globalid":"{A51798CB-FAFD-4B2C-96CD-762859068CBB}","edit_comment":null,"change_type":null,"asset_id":"DOOR-002810","entrance_name":"Eisenhower Library Side Entrance ","last_edited_user":null,"use_type":null,"accessible_entrance":"N","project_number":null,"automatic_door":"N","facility_id":null,"last_edited_date":null,"validationstatus":0,"isa_sign":null,"created_date":1782760169000,"objectid":143}},{"geometry":{"type":"Point","coordinates":[-76.618771,39.330904],"crs":null},"id":144,"type":"Feature","properties":{"magnetic_swipe":"N","created_user":"indoors_owner","image_url":"https://map.jhu.edu/Docs/Photos/EntrancePhotos/HomewoodCampus/Entrances-DOOR-0000116.jpg","geo_level":1,"globalid":"{1C429ABD-85C5-4DDB-B964-2E359CB472CE}","edit_comment":null,"change_type":null,"asset_id":"DOOR-003220","entrance_name":"Royce Side Entrance ","last_edited_user":null,"use_type":null,"accessible_entrance":"N","project_number":null,"automatic_door":"N","facility_id":null,"last_edited_date":null,"validationstatus":0,"isa_sign":null,"created_date":1782760169000,"objectid":144}},{"geometry":{"type":"Point","coordinates":[-76.618727,39.327131],"crs":null},"id":145,"type":"Feature","properties":{"magnetic_swipe":"N","created_user":"indoors_owner","image_url":null,"geo_level":0,"globalid":"{E2B09449-6BCA-4830-9525-E475B558B108}","edit_comment":null,"change_type":null,"asset_id":"DOOR-003280","entrance_name":"PowerPlant Side Entrance ","last_edited_user":null,"use_type":null,"accessible_entrance":"N","project_number":null,"automatic_door":"N","facility_id":null,"last_edited_date":null,"validationstatus":0,"isa_sign":null,"created_date":1782760169000,"objectid":145}},{"geometry":{"type":"Point","coordinates":[-76.624695,39.326178],"crs":null},"id":146,"type":"Feature","properties":{"magnetic_swipe":null,"created_user":"indoors_owner","image_url":null,"geo_level":1,"globalid":"{7A8531CD-CDE4-44BD-A18C-009DD98EDA68}","edit_comment":null,"change_type":null,"asset_id":"DOOR-000050","entrance_name":"Homewood Early Learning Center","last_edited_user":null,"use_type":null,"accessible_entrance":"N","project_number":null,"automatic_door":null,"facility_id":null,"last_edited_date":null,"validationstatus":0,"isa_sign":null,"created_date":1782760169000,"objectid":146}},{"geometry":{"type":"Point","coordinates":[-76.620204,39.333057],"crs":null},"id":148,"type":"Feature","properties":{"magnetic_swipe":"Y","created_user":"indoors_owner","image_url":"https://map.jhu.edu/Docs/Photos/EntrancePhotos/HomewoodCampus/Entrances-DOOR-0000121.jpg","geo_level":1,"globalid":"{5DF77194-C9E9-41F8-8526-AE5B769FDBDC}","edit_comment":null,"change_type":null,"asset_id":"DOOR-002360","entrance_name":"Cordish Lacrosse Center Main","last_edited_user":null,"use_type":null,"accessible_entrance":"Y","project_number":null,"automatic_door":"Y","facility_id":null,"last_edited_date":null,"validationstatus":0,"isa_sign":"N","created_date":1782760169000,"objectid":148}},{"geometry":{"type":"Point","coordinates":[-76.621365,39.330566],"crs":null},"id":149,"type":"Feature","properties":{"magnetic_swipe":"Y","created_user":"indoors_owner","image_url":"https://map.jhu.edu/Docs/Photos/EntrancePhotos/HomewoodCampus/Entrances-DOOR-0000123.jpg","geo_level":2,"globalid":"{B30275AB-1954-462D-AECA-7DFB0EB7442B}","edit_comment":null,"change_type":null,"asset_id":"DOOR-001470","entrance_name":"Chemistry Building Main ","last_edited_user":null,"use_type":null,"accessible_entrance":"Y","project_number":null,"automatic_door":"Y","facility_id":null,"last_edited_date":null,"validationstatus":0,"isa_sign":"N","created_date":1782760169000,"objectid":149}},{"geometry":{"type":"Point","coordinates":[-76.618536,39.330697],"crs":null},"id":150,"type":"Feature","properties":{"magnetic_swipe":"N","created_user":"indoors_owner","image_url":"https://map.jhu.edu/Docs/Photos/EntrancePhotos/HomewoodCampus/Entrances-DOOR-0000124.jpg","geo_level":1,"globalid":"{8D244943-1A8B-4834-90FE-85E497B44456}","edit_comment":null,"change_type":null,"asset_id":"DOOR-003320","entrance_name":"AMR 1 Main ","last_edited_user":null,"use_type":null,"accessible_entrance":"Y","project_number":null,"automatic_door":"N","facility_id":null,"last_edited_date":null,"validationstatus":0,"isa_sign":"N","created_date":1782760169000,"objectid":150}},{"geometry":{"type":"Point","coordinates":[-76.622475,39.330346],"crs":null},"id":151,"type":"Feature","properties":{"magnetic_swipe":"N","created_user":"indoors_owner","image_url":"https://map.jhu.edu/Docs/Photos/EntrancePhotos/HomewoodCampus/Entrances-DOOR-0000266.jpg","geo_level":0,"globalid":"{A1070A2A-3510-4110-99E3-43F3491C0F3D}","edit_comment":null,"change_type":null,"asset_id":"DOOR-000740","entrance_name":"The Hopkins Club Side Entrance ","last_edited_user":null,"use_type":null,"accessible_entrance":"N","project_number":null,"automatic_door":"N","facility_id":null,"last_edited_date":null,"validationstatus":0,"isa_sign":null,"created_date":1782760169000,"objectid":151}},{"geometry":{"type":"Point","coordinates":[-76.620537,39.33058],"crs":null},"id":152,"type":"Feature","properties":{"magnetic_swipe":"N","created_user":"indoors_owner","image_url":"https://map.jhu.edu/Docs/Photos/EntrancePhotos/HomewoodCampus/Entrances-DOOR-0000270.jpg","geo_level":1,"globalid":"{A7849816-E40D-4E30-8969-C7CD40F2F39D}","edit_comment":null,"change_type":null,"asset_id":"DOOR-002170","entrance_name":"Mudd Hall Main ","last_edited_user":null,"use_type":null,"accessible_entrance":"Y","project_number":null,"automatic_door":"Y","facility_id":null,"last_edited_date":null,"validationstatus":0,"isa_sign":"N","created_date":1782760169000,"objectid":152}},{"geometry":{"type":"Point","coordinates":[-76.621779,39.334448],"crs":null},"id":153,"type":"Feature","properties":{"magnetic_swipe":null,"created_user":"indoors_owner","image_url":"https://map.jhu.edu/Docs/Photos/EntrancePhotos/HomewoodCampus/Entrances-DOOR-0000248.jpg","geo_level":1,"globalid":"{D7E3FAB4-D071-426F-A045-4B0E35785913}","edit_comment":null,"change_type":null,"asset_id":"DOOR-001210","entrance_name":"113 W University Side Entrance","last_edited_user":null,"use_type":null,"accessible_entrance":"N","project_number":null,"automatic_door":null,"facility_id":null,"last_edited_date":null,"validationstatus":0,"isa_sign":null,"created_date":1782760169000,"objectid":153}},{"geometry":{"type":"Point","coordinates":[-76.619107,39.32813],"crs":null},"id":154,"type":"Feature","properties":{"magnetic_swipe":"N","created_user":"indoors_owner","image_url":"https://map.jhu.edu/Docs/Photos/EntrancePhotos/HomewoodCampus/Entrances-DOOR-0000311.jpg","geo_level":1,"globalid":"{6EAFF734-66E8-4306-A477-21A9CEC3B522}","edit_comment":null,"change_type":null,"asset_id":"DOOR-002990","entrance_name":"Merrick Barn Front Left Entrance","last_edited_user":null,"use_type":null,"accessible_entrance":"N","project_number":null,"automatic_door":"N","facility_id":null,"last_edited_date":null,"validationstatus":0,"isa_sign":null,"created_date":1782760169000,"objectid":154}},{"geometry":{"type":"Point","coordinates":[-76.61937,39.328278],"crs":null},"id":155,"type":"Feature","properties":{"magnetic_swipe":"Y","created_user":"indoors_owner","image_url":"https://map.jhu.edu/Docs/Photos/EntrancePhotos/HomewoodCampus/Entrances-DOOR-0000334.jpg","geo_level":-2,"globalid":"{A9BB7CF4-4926-413C-B6E4-665637213356}","edit_comment":null,"change_type":null,"asset_id":"DOOR-002860","entrance_name":"Brody Learning Commons Main ","last_edited_user":null,"use_type":null,"accessible_entrance":"Y","project_number":null,"automatic_door":"Y","facility_id":null,"last_edited_date":null,"validationstatus":0,"isa_sign":"N","created_date":1782760169000,"objectid":155}},{"geometry":{"type":"Point","coordinates":[-76.620754,39.327315],"crs":null},"id":156,"type":"Feature","properties":{"magnetic_swipe":"N","created_user":"indoors_owner","image_url":"https://map.jhu.edu/Docs/Photos/EntrancePhotos/HomewoodCampus/Entrances-DOOR-0000127.jpg","geo_level":1,"globalid":"{42237C4E-D8E7-4E9C-92E6-42D33E56A81B}","edit_comment":null,"change_type":null,"asset_id":"DOOR-002010","entrance_name":"Barton Hall Side Entrance ","last_edited_user":null,"use_type":null,"accessible_entrance":"N","project_number":null,"automatic_door":"Y","facility_id":null,"last_edited_date":null,"validationstatus":0,"isa_sign":null,"created_date":1782760169000,"objectid":156}},{"geometry":{"type":"Point","coordinates":[-76.620378,39.330214],"crs":null},"id":157,"type":"Feature","properties":{"magnetic_swipe":"Y","created_user":"indoors_owner","image_url":"https://map.jhu.edu/Docs/Photos/EntrancePhotos/HomewoodCampus/Entrances-DOOR-0000278.jpg","geo_level":1,"globalid":"{F50166ED-41BC-4B61-B6D4-9A057048FF97}","edit_comment":null,"change_type":null,"asset_id":"DOOR-002220","entrance_name":"Dunning Hall Main","last_edited_user":null,"use_type":null,"accessible_entrance":"Y","project_number":null,"automatic_door":"Y","facility_id":null,"last_edited_date":null,"validationstatus":0,"isa_sign":"Y","created_date":1782760169000,"objectid":157}},{"geometry":{"type":"Point","coordinates":[-76.622338,39.329121],"crs":null},"id":158,"type":"Feature","properties":{"magnetic_swipe":"Y","created_user":"indoors_owner","image_url":"https://map.jhu.edu/Docs/Photos/EntrancePhotos/HomewoodCampus/Entrances-DOOR-0000128.jpg","geo_level":1,"globalid":"{1D86C508-CD61-4E2F-ACE0-3FF2F6C7DC69}","edit_comment":null,"change_type":null,"asset_id":"DOOR-000860","entrance_name":"Greenhouse Annex","last_edited_user":null,"use_type":null,"accessible_entrance":"Y","project_number":null,"automatic_door":"N","facility_id":null,"last_edited_date":null,"validationstatus":0,"isa_sign":"N","created_date":1782760169000,"objectid":158}},{"geometry":{"type":"Point","coordinates":[-76.619734,39.328453],"crs":null},"id":159,"type":"Feature","properties":{"magnetic_swipe":"N","created_user":"indoors_owner","image_url":"https://map.jhu.edu/Docs/Photos/EntrancePhotos/HomewoodCampus/Entrances-DOOR-0000129.jpg","geo_level":1,"globalid":"{B791043D-83AE-4C6E-85C4-66FBF1267B2A}","edit_comment":null,"change_type":null,"asset_id":"DOOR-002660","entrance_name":"Krieger Hall Back Entrance","last_edited_user":null,"use_type":null,"accessible_entrance":"N","project_number":null,"automatic_door":"N","facility_id":null,"last_edited_date":null,"validationstatus":0,"isa_sign":null,"created_date":1782760169000,"objectid":159}},{"geometry":{"type":"Point","coordinates":[-76.619431,39.331341],"crs":null},"id":160,"type":"Feature","properties":{"magnetic_swipe":"Y","created_user":"indoors_owner","image_url":"https://map.jhu.edu/Docs/Photos/EntrancePhotos/HomewoodCampus/Entrances-DOOR-0000130.jpg","geo_level":1,"globalid":"{C9EA11DA-7AEE-4118-80A5-E3597BC45509}","edit_comment":null,"change_type":null,"asset_id":"DOOR-002840","entrance_name":"Baker","last_edited_user":null,"use_type":null,"accessible_entrance":"N","project_number":null,"automatic_door":"N","facility_id":null,"last_edited_date":null,"validationstatus":0,"isa_sign":null,"created_date":1782760169000,"objectid":160}},{"geometry":{"type":"Point","coordinates":[-76.618546,39.330962],"crs":null},"id":161,"type":"Feature","properties":{"magnetic_swipe":"Y","created_user":"indoors_owner","image_url":"https://map.jhu.edu/Docs/Photos/EntrancePhotos/HomewoodCampus/Entrances-DOOR-0000131.jpg","geo_level":1,"globalid":"{1CB9821F-4965-4902-89F9-2106E348E142}","edit_comment":null,"change_type":null,"asset_id":"DOOR-003310","entrance_name":"Sylvester Hall Entrance ","last_edited_user":null,"use_type":null,"accessible_entrance":"N","project_number":null,"automatic_door":"N","facility_id":null,"last_edited_date":null,"validationstatus":0,"isa_sign":null,"created_date":1782760169000,"objectid":161}},{"geometry":{"type":"Point","coordinates":[-76.622585,39.329228],"crs":null},"id":163,"type":"Feature","properties":{"magnetic_swipe":"Y","created_user":"indoors_owner","image_url":"https://map.jhu.edu/Docs/Photos/EntrancePhotos/HomewoodCampus/Entrances-DOOR-0000132.jpg","geo_level":-1,"globalid":"{4B32F7B9-7FC1-4071-A746-2A2DB435DEFD}","edit_comment":null,"change_type":null,"asset_id":"DOOR-000690","entrance_name":"Greenhouse Side Entrance ","last_edited_user":null,"use_type":null,"accessible_entrance":"N","project_number":null,"automatic_door":"N","facility_id":null,"last_edited_date":null,"validationstatus":0,"isa_sign":null,"created_date":1782760169000,"objectid":163}},{"geometry":{"type":"Point","coordinates":[-76.620758,39.332542],"crs":null},"id":164,"type":"Feature","properties":{"magnetic_swipe":"Y","created_user":"indoors_owner","image_url":"https://map.jhu.edu/Docs/Photos/EntrancePhotos/HomewoodCampus/Entrances-DOOR-0000133.jpg","geo_level":2,"globalid":"{CAC264A5-0865-40B0-B407-A9978C4FC62A}","edit_comment":null,"change_type":null,"asset_id":"DOOR-001970","entrance_name":"Athletic Center","last_edited_user":null,"use_type":null,"accessible_entrance":"N","project_number":null,"automatic_door":"N","facility_id":null,"last_edited_date":null,"validationstatus":0,"isa_sign":null,"created_date":1782760169000,"objectid":164}},{"geometry":{"type":"Point","coordinates":[-76.620216,39.331133],"crs":null},"id":165,"type":"Feature","properties":{"magnetic_swipe":"Y","created_user":"indoors_owner","image_url":null,"geo_level":0,"globalid":"{ED70C771-8C6F-409C-B999-15D296E2F152}","edit_comment":null,"change_type":null,"asset_id":"DOOR-002400","entrance_name":"UTL Freshman Quad Side","last_edited_user":null,"use_type":null,"accessible_entrance":"Y","project_number":null,"automatic_door":"Y","facility_id":null,"last_edited_date":null,"validationstatus":0,"isa_sign":"N","created_date":1782760169000,"objectid":165}},{"geometry":{"type":"Point","coordinates":[-76.621912,39.33319],"crs":null},"id":166,"type":"Feature","properties":{"magnetic_swipe":"N","created_user":"indoors_owner","image_url":"https://map.jhu.edu/Docs/Photos/EntrancePhotos/HomewoodCampus/Entrances-DOOR-0000254.jpg","geo_level":1,"globalid":"{F90A14B3-E47F-4DC7-A9DD-5FDA6FD8CA72}","edit_comment":null,"change_type":null,"asset_id":"DOOR-001090","entrance_name":"ROTC main entrance ","last_edited_user":null,"use_type":null,"accessible_entrance":"N","project_number":null,"automatic_door":"N","facility_id":null,"last_edited_date":null,"validationstatus":0,"isa_sign":null,"created_date":1782760169000,"objectid":166}},{"geometry":{"type":"Point","coordinates":[-76.620537,39.329455],"crs":null},"id":167,"type":"Feature","properties":{"magnetic_swipe":"N","created_user":"indoors_owner","image_url":"https://map.jhu.edu/Docs/Photos/EntrancePhotos/HomewoodCampus/Entrances-DOOR-0000135.jpg","geo_level":1,"globalid":"{090F97A1-463E-4EDA-997C-60625C778B01}","edit_comment":null,"change_type":null,"asset_id":"DOOR-002180","entrance_name":"Mergenthaller Side Entrance","last_edited_user":null,"use_type":null,"accessible_entrance":"N","project_number":null,"automatic_door":"N","facility_id":null,"last_edited_date":null,"validationstatus":0,"isa_sign":null,"created_date":1782760169000,"objectid":167}},{"geometry":{"type":"Point","coordinates":[-76.620875,39.329788],"crs":null},"id":168,"type":"Feature","properties":{"magnetic_swipe":"N","created_user":"indoors_owner","image_url":"https://map.jhu.edu/Docs/Photos/EntrancePhotos/HomewoodCampus/Entrances-DOOR-0000136.jpg","geo_level":1,"globalid":"{5D273D1C-806D-4D21-83C2-A3D8A92B7914}","edit_comment":null,"change_type":null,"asset_id":"DOOR-001880","entrance_name":"Jenkins Hall Side Entrance ","last_edited_user":null,"use_type":null,"accessible_entrance":"N","project_number":null,"automatic_door":"N","facility_id":null,"last_edited_date":null,"validationstatus":0,"isa_sign":null,"created_date":1782760169000,"objectid":168}},{"geometry":{"type":"Point","coordinates":[-76.622685,39.331606],"crs":null},"id":169,"type":"Feature","properties":{"magnetic_swipe":"N","created_user":"indoors_owner","image_url":"https://map.jhu.edu/Docs/Photos/EntrancePhotos/HomewoodCampus/Entrances-DOOR-0000259.jpg","geo_level":1,"globalid":"{4E9485CD-5760-4644-8AC6-02995720A247}","edit_comment":null,"change_type":null,"asset_id":"DOOR-000600","entrance_name":"Bloomberg Astronomy and Physics Side Entrance","last_edited_user":null,"use_type":null,"accessible_entrance":"N","project_number":null,"automatic_door":"N","facility_id":null,"last_edited_date":null,"validationstatus":0,"isa_sign":null,"created_date":1782760169000,"objectid":169}},{"geometry":{"type":"Point","coordinates":[-76.619187,39.327278],"crs":null},"id":170,"type":"Feature","properties":{"magnetic_swipe":"N","created_user":"indoors_owner","image_url":"https://map.jhu.edu/Docs/Photos/EntrancePhotos/HomewoodCampus/Entrances-DOOR-0000138.jpg","geo_level":1,"globalid":"{CC66553E-CED5-44B6-AA08-0C5BADAC7DF3}","edit_comment":null,"change_type":null,"asset_id":"DOOR-002910","entrance_name":"Whitehead Hall Side Entrance ","last_edited_user":null,"use_type":null,"accessible_entrance":"N","project_number":null,"automatic_door":"N","facility_id":null,"last_edited_date":null,"validationstatus":0,"isa_sign":null,"created_date":1782760169000,"objectid":170}},{"geometry":{"type":"Point","coordinates":[-76.62089,39.328377],"crs":null},"id":172,"type":"Feature","properties":{"magnetic_swipe":"Y","created_user":"indoors_owner","image_url":"https://map.jhu.edu/Docs/Photos/EntrancePhotos/HomewoodCampus/Entrances-DOOR-0000140.jpg","geo_level":0,"globalid":"{E454A917-F91C-4F99-8B45-91721AFE6085}","edit_comment":null,"change_type":null,"asset_id":"DOOR-001860","entrance_name":"Ames Hall Entrance","last_edited_user":null,"use_type":null,"accessible_entrance":"N","project_number":null,"automatic_door":"N","facility_id":null,"last_edited_date":null,"validationstatus":0,"isa_sign":null,"created_date":1782760169000,"objectid":172}},{"geometry":{"type":"Point","coordinates":[-76.621144,39.329452],"crs":null},"id":173,"type":"Feature","properties":{"magnetic_swipe":"N","created_user":"indoors_owner","image_url":"https://map.jhu.edu/Docs/Photos/EntrancePhotos/HomewoodCampus/Entrances-DOOR-0000141.jpg","geo_level":1,"globalid":"{CE79776A-DBE7-4C8E-A779-73628D9343A7}","edit_comment":null,"change_type":null,"asset_id":"DOOR-001650","entrance_name":"JM Cargo Entrance","last_edited_user":null,"use_type":null,"accessible_entrance":"N","project_number":null,"automatic_door":"N","facility_id":null,"last_edited_date":null,"validationstatus":0,"isa_sign":null,"created_date":1782760169000,"objectid":173}},{"geometry":{"type":"Point","coordinates":[-76.619171,39.329704],"crs":null},"id":174,"type":"Feature","properties":{"magnetic_swipe":"N","created_user":"indoors_owner","image_url":"https://map.jhu.edu/Docs/Photos/EntrancePhotos/HomewoodCampus/Entrances-DOOR-0000142.jpg","geo_level":1,"globalid":"{27999BFD-E99E-45EF-8626-56FA88D63BEF}","edit_comment":null,"change_type":null,"asset_id":"DOOR-002920","entrance_name":"Homewood Museum Office","last_edited_user":null,"use_type":null,"accessible_entrance":"N","project_number":null,"automatic_door":"N","facility_id":null,"last_edited_date":null,"validationstatus":0,"isa_sign":null,"created_date":1782760169000,"objectid":174}},{"geometry":{"type":"Point","coordinates":[-76.618823,39.330877],"crs":null},"id":175,"type":"Feature","properties":{"magnetic_swipe":"N","created_user":"indoors_owner","image_url":"https://map.jhu.edu/Docs/Photos/EntrancePhotos/HomewoodCampus/Entrances-DOOR-0000143.jpg","geo_level":1,"globalid":"{9B810CE9-2978-4F2A-A9DC-D25920D5BF7E}","edit_comment":null,"change_type":null,"asset_id":"DOOR-003190","entrance_name":"Royce Side Entrance ","last_edited_user":null,"use_type":null,"accessible_entrance":"N","project_number":null,"automatic_door":"N","facility_id":null,"last_edited_date":null,"validationstatus":0,"isa_sign":null,"created_date":1782760169000,"objectid":175}},{"geometry":{"type":"Point","coordinates":[-76.621104,39.330184],"crs":null},"id":176,"type":"Feature","properties":{"magnetic_swipe":"Y","created_user":"indoors_owner","image_url":"https://map.jhu.edu/Docs/Photos/EntrancePhotos/HomewoodCampus/Entrances-DOOR-0000144.jpg","geo_level":1,"globalid":"{8B493FFA-095A-4403-A4E3-173204065227}","edit_comment":null,"change_type":null,"asset_id":"DOOR-001660","entrance_name":"Macaulay Hall Side Entrance","last_edited_user":null,"use_type":null,"accessible_entrance":"N","project_number":null,"automatic_door":"N","facility_id":null,"last_edited_date":null,"validationstatus":0,"isa_sign":null,"created_date":1782760169000,"objectid":176}},{"geometry":{"type":"Point","coordinates":[-76.619028,39.327002],"crs":null},"id":177,"type":"Feature","properties":{"magnetic_swipe":"N","created_user":"indoors_owner","image_url":"https://map.jhu.edu/Docs/Photos/EntrancePhotos/HomewoodCampus/Entrances-DOOR-0000145.jpg","geo_level":0,"globalid":"{8EAB7146-5301-4E96-A66C-1C8862DABACD}","edit_comment":null,"change_type":null,"asset_id":"DOOR-003050","entrance_name":"PowerPlant Side Entrance ","last_edited_user":null,"use_type":null,"accessible_entrance":"N","project_number":null,"automatic_door":"N","facility_id":null,"last_edited_date":null,"validationstatus":0,"isa_sign":null,"created_date":1782760169000,"objectid":177}},{"geometry":{"type":"Point","coordinates":[-76.622393,39.329005],"crs":null},"id":178,"type":"Feature","properties":{"magnetic_swipe":"Y","created_user":"indoors_owner","image_url":"https://map.jhu.edu/Docs/Photos/EntrancePhotos/HomewoodCampus/Entrances-DOOR-0000146.jpg","geo_level":1,"globalid":"{36078975-E0C6-494A-ADC5-9184435FDF81}","edit_comment":null,"change_type":null,"asset_id":"DOOR-000820","entrance_name":"Greenhouse South","last_edited_user":null,"use_type":null,"accessible_entrance":"Y","project_number":null,"automatic_door":"N","facility_id":null,"last_edited_date":null,"validationstatus":0,"isa_sign":"N","created_date":1782760169000,"objectid":178}},{"geometry":{"type":"Point","coordinates":[-76.620984,39.331201],"crs":null},"id":179,"type":"Feature","properties":{"magnetic_swipe":"N","created_user":"indoors_owner","image_url":"https://map.jhu.edu/Docs/Photos/EntrancePhotos/HomewoodCampus/Entrances-DOOR-0000147.jpg","geo_level":-1,"globalid":"{ACF275B4-69F5-4785-85F3-4BBC73F3851F}","edit_comment":null,"change_type":null,"asset_id":"DOOR-001780","entrance_name":"Teaching Labs Side Entrance ","last_edited_user":null,"use_type":null,"accessible_entrance":"N","project_number":null,"automatic_door":"N","facility_id":null,"last_edited_date":null,"validationstatus":0,"isa_sign":null,"created_date":1782760169000,"objectid":179}},{"geometry":{"type":"Point","coordinates":[-76.620697,39.329802],"crs":null},"id":180,"type":"Feature","properties":{"magnetic_swipe":"Y","created_user":"indoors_owner","image_url":"https://map.jhu.edu/Docs/Photos/EntrancePhotos/HomewoodCampus/Entrances-DOOR-0000280.jpg","geo_level":1,"globalid":"{8BB5C2E4-93B7-43F2-A6B8-3451608B1922}","edit_comment":null,"change_type":null,"asset_id":"DOOR-002030","entrance_name":"Mergenthaler Hall Side Entrance","last_edited_user":null,"use_type":null,"accessible_entrance":"N","project_number":null,"automatic_door":"N","facility_id":null,"last_edited_date":null,"validationstatus":0,"isa_sign":null,"created_date":1782760169000,"objectid":180}},{"geometry":{"type":"Point","coordinates":[-76.620047,39.327573],"crs":null},"id":181,"type":"Feature","properties":{"magnetic_swipe":"N","created_user":"indoors_owner","image_url":"https://map.jhu.edu/Docs/Photos/EntrancePhotos/HomewoodCampus/Entrances-DOOR-0000312.jpg","geo_level":1,"globalid":"{78113A9D-9C79-415D-84AB-65F24026204C}","edit_comment":null,"change_type":null,"asset_id":"DOOR-002470","entrance_name":"Maryland Hall Side Entrance ","last_edited_user":null,"use_type":null,"accessible_entrance":"N","project_number":null,"automatic_door":"N","facility_id":null,"last_edited_date":null,"validationstatus":0,"isa_sign":"Y","created_date":1782760169000,"objectid":181}},{"geometry":{"type":"Point","coordinates":[-76.621516,39.325984],"crs":null},"id":182,"type":"Feature","properties":{"magnetic_swipe":"N","created_user":"indoors_owner","image_url":"https://map.jhu.edu/Docs/Photos/EntrancePhotos/HomewoodCampus/Entrances-DOOR-0000149.jpg","geo_level":1,"globalid":"{71F81133-D278-4408-A599-915AC41F50CE}","edit_comment":null,"change_type":null,"asset_id":"DOOR-001420","entrance_name":"Mason Hall Decker ","last_edited_user":null,"use_type":null,"accessible_entrance":"Y","project_number":null,"automatic_door":"N","facility_id":null,"last_edited_date":null,"validationstatus":0,"isa_sign":"N","created_date":1782760169000,"objectid":182}},{"geometry":{"type":"Point","coordinates":[-76.622882,39.331803],"crs":null},"id":183,"type":"Feature","properties":{"magnetic_swipe":"Y","created_user":"indoors_owner","image_url":"https://map.jhu.edu/Docs/Photos/EntrancePhotos/HomewoodCampus/Entrances-DOOR-0000151.jpg","geo_level":1,"globalid":"{C3CBA6AB-C587-4685-8F6D-6DFAF3A3EF24}","edit_comment":null,"change_type":null,"asset_id":"DOOR-000520","entrance_name":"Bloomberg Side at North Garage","last_edited_user":null,"use_type":null,"accessible_entrance":"Y","project_number":null,"automatic_door":"Y","facility_id":null,"last_edited_date":null,"validationstatus":0,"isa_sign":"Y","created_date":1782760169000,"objectid":183}},{"geometry":{"type":"Point","coordinates":[-76.618929,39.328045],"crs":null},"id":184,"type":"Feature","properties":{"magnetic_swipe":"N","created_user":"indoors_owner","image_url":"https://map.jhu.edu/Docs/Photos/EntrancePhotos/HomewoodCampus/Entrances-DOOR-0000152.jpg","geo_level":2,"globalid":"{B0E59A20-8E68-46A0-ADC6-1B494D9473A1}","edit_comment":null,"change_type":null,"asset_id":"DOOR-003130","entrance_name":"Merrick Barn Side Entrance ","last_edited_user":null,"use_type":null,"accessible_entrance":"N","project_number":null,"automatic_door":"N","facility_id":null,"last_edited_date":null,"validationstatus":0,"isa_sign":null,"created_date":1782760169000,"objectid":184}},{"geometry":{"type":"Point","coordinates":[-76.622562,39.329085],"crs":null},"id":185,"type":"Feature","properties":{"magnetic_swipe":"N","created_user":"indoors_owner","image_url":"https://map.jhu.edu/Docs/Photos/EntrancePhotos/HomewoodCampus/Entrances-DOOR-0000153.jpg","geo_level":1,"globalid":"{A87C1A7C-ACA2-43A1-B488-E11279DCC9BC}","edit_comment":null,"change_type":null,"asset_id":"DOOR-000710","entrance_name":"Center for Government Excellence Side Entrance ","last_edited_user":null,"use_type":null,"accessible_entrance":"N","project_number":null,"automatic_door":"N","facility_id":null,"last_edited_date":null,"validationstatus":0,"isa_sign":null,"created_date":1782760169000,"objectid":185}},{"geometry":{"type":"Point","coordinates":[-76.623895,39.324826],"crs":null},"id":186,"type":"Feature","properties":{"magnetic_swipe":"Y","created_user":"indoors_owner","image_url":"https://map.jhu.edu/Docs/Photos/EntrancePhotos/HomewoodCampus/Entrances-DOOR-0000154.jpg","geo_level":1,"globalid":"{9E8C0232-3EF2-431C-9E5B-7748DA5373F8}","edit_comment":null,"change_type":null,"asset_id":"DOOR-000170","entrance_name":"Wyman 3 Custodial Services Office","last_edited_user":null,"use_type":null,"accessible_entrance":"Y","project_number":null,"automatic_door":"N","facility_id":null,"last_edited_date":null,"validationstatus":0,"isa_sign":"N","created_date":1782760169000,"objectid":186}},{"geometry":{"type":"Point","coordinates":[-76.622359,39.32681],"crs":null},"id":187,"type":"Feature","properties":{"magnetic_swipe":"Y","created_user":"indoors_owner","image_url":"https://map.jhu.edu/Docs/Photos/EntrancePhotos/HomewoodCampus/Entrances-DOOR-0000155.jpg","geo_level":1,"globalid":"{AD0CFB3D-F44B-4EA1-B7A6-A4F3D5F0F550}","edit_comment":null,"change_type":null,"asset_id":"DOOR-000850","entrance_name":"Clark Hall rear","last_edited_user":null,"use_type":null,"accessible_entrance":"N","project_number":null,"automatic_door":"N","facility_id":null,"last_edited_date":null,"validationstatus":0,"isa_sign":null,"created_date":1782760169000,"objectid":187}},{"geometry":{"type":"Point","coordinates":[-76.621743,39.328339],"crs":null},"id":188,"type":"Feature","properties":{"magnetic_swipe":"N","created_user":"indoors_owner","image_url":"https://map.jhu.edu/Docs/Photos/EntrancePhotos/HomewoodCampus/Entrances-DOOR-0000296.jpg","geo_level":1,"globalid":"{624B9B96-B0E7-4C53-AA4A-CE8966C29C51}","edit_comment":null,"change_type":null,"asset_id":"DOOR-001250","entrance_name":"Glass Pavilion Entrance","last_edited_user":null,"use_type":null,"accessible_entrance":"N","project_number":null,"automatic_door":"N","facility_id":null,"last_edited_date":null,"validationstatus":0,"isa_sign":null,"created_date":1782760169000,"objectid":188}},{"geometry":{"type":"Point","coordinates":[-76.621051,39.329789],"crs":null},"id":189,"type":"Feature","properties":{"magnetic_swipe":"Y","created_user":"indoors_owner","image_url":"https://map.jhu.edu/Docs/Photos/EntrancePhotos/HomewoodCampus/Entrances-DOOR-0000156.jpg","geo_level":1,"globalid":"{D830B232-EEF3-4BDC-AE42-E280652CAA77}","edit_comment":null,"change_type":null,"asset_id":"DOOR-001730","entrance_name":"Jenkins Hall Entrance ","last_edited_user":null,"use_type":null,"accessible_entrance":"N","project_number":null,"automatic_door":"N","facility_id":null,"last_edited_date":null,"validationstatus":0,"isa_sign":null,"created_date":1782760169000,"objectid":189}},{"geometry":{"type":"Point","coordinates":[-76.621696,39.332982],"crs":null},"id":190,"type":"Feature","properties":{"magnetic_swipe":"Y","created_user":"indoors_owner","image_url":"https://map.jhu.edu/Docs/Photos/EntrancePhotos/HomewoodCampus/Entrances-DOOR-0000157.jpg","geo_level":2,"globalid":"{25075CBD-C363-4162-99EE-EF358876B7C0}","edit_comment":null,"change_type":null,"asset_id":"DOOR-001260","entrance_name":"Outdoor base camp entrance ","last_edited_user":null,"use_type":null,"accessible_entrance":"N","project_number":null,"automatic_door":"N","facility_id":null,"last_edited_date":null,"validationstatus":0,"isa_sign":null,"created_date":1782760169000,"objectid":190}},{"geometry":{"type":"Point","coordinates":[-76.623269,39.325375],"crs":null},"id":191,"type":"Feature","properties":{"magnetic_swipe":"N","created_user":"indoors_owner","image_url":"https://map.jhu.edu/Docs/Photos/EntrancePhotos/HomewoodCampus/Entrances-DOOR-0000158.jpg","geo_level":0,"globalid":"{A4F39DC0-2BD9-4EC0-9DB6-5A1AFBDA9124}","edit_comment":null,"change_type":null,"asset_id":"DOOR-000300","entrance_name":"Wyman Building Back Entrance ","last_edited_user":null,"use_type":null,"accessible_entrance":"N","project_number":null,"automatic_door":"N","facility_id":null,"last_edited_date":null,"validationstatus":0,"isa_sign":null,"created_date":1782760169000,"objectid":191}},{"geometry":{"type":"Point","coordinates":[-76.618828,39.331366],"crs":null},"id":192,"type":"Feature","properties":{"magnetic_swipe":"Y","created_user":"indoors_owner","image_url":null,"geo_level":1,"globalid":"{728DF08A-3525-412F-B1F7-38E07B2D81F2}","edit_comment":null,"change_type":null,"asset_id":"DOOR-003180","entrance_name":"Jennings","last_edited_user":null,"use_type":null,"accessible_entrance":"N","project_number":null,"automatic_door":"Y","facility_id":null,"last_edited_date":null,"validationstatus":0,"isa_sign":null,"created_date":1782760169000,"objectid":192}},{"geometry":{"type":"Point","coordinates":[-76.619511,39.33162],"crs":null},"id":193,"type":"Feature","properties":{"magnetic_swipe":"Y","created_user":"indoors_owner","image_url":"https://map.jhu.edu/Docs/Photos/EntrancePhotos/HomewoodCampus/Entrances-DOOR-0000160.jpg","geo_level":1,"globalid":"{C52274A4-2B9B-417E-A90A-1FF08BF4B182}","edit_comment":null,"change_type":null,"asset_id":"DOOR-002750","entrance_name":"AMR II Rear Door","last_edited_user":null,"use_type":null,"accessible_entrance":"N","project_number":null,"automatic_door":"N","facility_id":null,"last_edited_date":null,"validationstatus":0,"isa_sign":null,"created_date":1782760169000,"objectid":193}},{"geometry":{"type":"Point","coordinates":[-76.619783,39.327305],"crs":null},"id":194,"type":"Feature","properties":{"magnetic_swipe":"Y","created_user":"indoors_owner","image_url":"https://map.jhu.edu/Docs/Photos/EntrancePhotos/HomewoodCampus/Entrances-DOOR-0000322.jpg","geo_level":0,"globalid":"{23F93051-D901-4C12-9F56-58CC55E84CC2}","edit_comment":null,"change_type":null,"asset_id":"DOOR-002630","entrance_name":"Croft Hall Side ","last_edited_user":null,"use_type":"Not on Accessible Route","accessible_entrance":"Y","project_number":null,"automatic_door":"Y","facility_id":null,"last_edited_date":null,"validationstatus":0,"isa_sign":"Y","created_date":1782760169000,"objectid":194}},{"geometry":{"type":"Point","coordinates":[-76.61932,39.331415],"crs":null},"id":195,"type":"Feature","properties":{"magnetic_swipe":"Y","created_user":"indoors_owner","image_url":"https://map.jhu.edu/Docs/Photos/EntrancePhotos/HomewoodCampus/Entrances-DOOR-0000162.jpg","geo_level":1,"globalid":"{FD1EF29F-7E48-450F-A025-4D4BF005AEA1}","edit_comment":null,"change_type":null,"asset_id":"DOOR-002880","entrance_name":"Gildersleeve","last_edited_user":null,"use_type":null,"accessible_entrance":"N","project_number":null,"automatic_door":"N","facility_id":null,"last_edited_date":null,"validationstatus":0,"isa_sign":null,"created_date":1782760169000,"objectid":195}},{"geometry":{"type":"Point","coordinates":[-76.621401,39.330155],"crs":null},"id":196,"type":"Feature","properties":{"magnetic_swipe":"Y","created_user":"indoors_owner","image_url":"https://map.jhu.edu/Docs/Photos/EntrancePhotos/HomewoodCampus/Entrances-DOOR-0000163.jpg","geo_level":2,"globalid":"{73C0F725-881E-44BA-A144-51A39714B1BF}","edit_comment":null,"change_type":null,"asset_id":"DOOR-001460","entrance_name":"Chemistry Building Side Entrance ","last_edited_user":null,"use_type":null,"accessible_entrance":"N","project_number":null,"automatic_door":"N","facility_id":null,"last_edited_date":null,"validationstatus":0,"isa_sign":null,"created_date":1782760169000,"objectid":196}},{"geometry":{"type":"Point","coordinates":[-76.622935,39.331733],"crs":null},"id":198,"type":"Feature","properties":{"magnetic_swipe":"N","created_user":"indoors_owner","image_url":"https://map.jhu.edu/Docs/Photos/EntrancePhotos/HomewoodCampus/Entrances-DOOR-0000260.jpg","geo_level":1,"globalid":"{5522C3A0-8D3E-41FB-AD68-4D3366D9EC5C}","edit_comment":null,"change_type":null,"asset_id":"DOOR-000480","entrance_name":"Bloomberg Astronomy and Physics Side Entrance","last_edited_user":null,"use_type":null,"accessible_entrance":"N","project_number":null,"automatic_door":"N","facility_id":null,"last_edited_date":null,"validationstatus":0,"isa_sign":null,"created_date":1782760169000,"objectid":198}},{"geometry":{"type":"Point","coordinates":[-76.618705,39.331479],"crs":null},"id":199,"type":"Feature","properties":{"magnetic_swipe":"N","created_user":"indoors_owner","image_url":"https://map.jhu.edu/Docs/Photos/EntrancePhotos/HomewoodCampus/Entrances-DOOR-0000166.jpg","geo_level":-1,"globalid":"{C50212FC-13F4-40D8-ADFD-ABAAACF91A77}","edit_comment":null,"change_type":null,"asset_id":"DOOR-003290","entrance_name":"Hollander Back Entrance ","last_edited_user":null,"use_type":null,"accessible_entrance":"N","project_number":null,"automatic_door":"N","facility_id":null,"last_edited_date":null,"validationstatus":0,"isa_sign":null,"created_date":1782760169000,"objectid":199}},{"geometry":{"type":"Point","coordinates":[-76.621659,39.328585],"crs":null},"id":200,"type":"Feature","properties":{"magnetic_swipe":"N","created_user":"indoors_owner","image_url":"https://map.jhu.edu/Docs/Photos/EntrancePhotos/HomewoodCampus/Entrances-DOOR-0000297.jpg","geo_level":-1,"globalid":"{1710E224-638B-4015-90EB-26E9BF9F3821}","edit_comment":null,"change_type":null,"asset_id":"DOOR-001290","entrance_name":"Glass Pavilion Side Entrance","last_edited_user":null,"use_type":null,"accessible_entrance":"N","project_number":null,"automatic_door":"N","facility_id":null,"last_edited_date":null,"validationstatus":0,"isa_sign":null,"created_date":1782760169000,"objectid":200}},{"geometry":{"type":"Point","coordinates":[-76.62459,39.32642],"crs":null},"id":201,"type":"Feature","properties":{"magnetic_swipe":"N","created_user":"indoors_owner","image_url":null,"geo_level":1,"globalid":"{E0B3FABB-C231-48AA-97AF-6EA718EEF244}","edit_comment":null,"change_type":null,"asset_id":"DOOR-000060","entrance_name":"Homewood Early Learning Center","last_edited_user":null,"use_type":null,"accessible_entrance":"Y","project_number":null,"automatic_door":"N","facility_id":null,"last_edited_date":null,"validationstatus":0,"isa_sign":"N","created_date":1782760169000,"objectid":201}},{"geometry":{"type":"Point","coordinates":[-76.623457,39.331935],"crs":null},"id":202,"type":"Feature","properties":{"magnetic_swipe":"Y","created_user":"indoors_owner","image_url":"https://map.jhu.edu/Docs/Photos/EntrancePhotos/HomewoodCampus/Entrances-DOOR-0000168.jpg","geo_level":1,"globalid":"{F4C2ECB9-15CE-466A-9D57-559DB5D4FAD5}","edit_comment":null,"change_type":null,"asset_id":"DOOR-000240","entrance_name":"Bloomberg Physics & Astronomy","last_edited_user":null,"use_type":null,"accessible_entrance":"N","project_number":null,"automatic_door":"N","facility_id":null,"last_edited_date":null,"validationstatus":0,"isa_sign":null,"created_date":1782760169000,"objectid":202}},{"geometry":{"type":"Point","coordinates":[-76.61949,39.327634],"crs":null},"id":203,"type":"Feature","properties":{"magnetic_swipe":"Y","created_user":"indoors_owner","image_url":"https://map.jhu.edu/Docs/Photos/EntrancePhotos/HomewoodCampus/Entrances-DOOR-0000313.jpg","geo_level":-1,"globalid":"{2745A1D3-4CF4-43CE-AAA4-FD8E4D1F6FCE}","edit_comment":null,"change_type":null,"asset_id":"DOOR-002800","entrance_name":"Maryland Hall Side Entrance ","last_edited_user":null,"use_type":null,"accessible_entrance":"N","project_number":null,"automatic_door":"N","facility_id":null,"last_edited_date":null,"validationstatus":0,"isa_sign":null,"created_date":1782760169000,"objectid":203}},{"geometry":{"type":"Point","coordinates":[-76.62437,39.326331],"crs":null},"id":204,"type":"Feature","properties":{"magnetic_swipe":null,"created_user":"indoors_owner","image_url":null,"geo_level":1,"globalid":"{10D0322C-8C3F-40C6-B1A5-836E40F1237B}","edit_comment":null,"change_type":null,"asset_id":"DOOR-000080","entrance_name":"Homewood Early Learning Center","last_edited_user":null,"use_type":null,"accessible_entrance":"N","project_number":null,"automatic_door":null,"facility_id":null,"last_edited_date":null,"validationstatus":0,"isa_sign":null,"created_date":1782760169000,"objectid":204}},{"geometry":{"type":"Point","coordinates":[-76.619128,39.328146],"crs":null},"id":205,"type":"Feature","properties":{"magnetic_swipe":"N","created_user":"indoors_owner","image_url":"https://map.jhu.edu/Docs/Photos/EntrancePhotos/HomewoodCampus/Entrances-DOOR-0000314.jpg","geo_level":1,"globalid":"{DF316BF7-E9AC-4CD6-91A9-5AAA7FCB9B22}","edit_comment":null,"change_type":null,"asset_id":"DOOR-002970","entrance_name":"Merrick Barn Front Left Entrance (voltage room)","last_edited_user":null,"use_type":null,"accessible_entrance":"N","project_number":null,"automatic_door":"N","facility_id":null,"last_edited_date":null,"validationstatus":0,"isa_sign":null,"created_date":1782760169000,"objectid":205}},{"geometry":{"type":"Point","coordinates":[-76.619352,39.328612],"crs":null},"id":206,"type":"Feature","properties":{"magnetic_swipe":"N","created_user":"indoors_owner","image_url":"https://map.jhu.edu/Docs/Photos/EntrancePhotos/HomewoodCampus/Entrances-DOOR-0000335.jpg","geo_level":1,"globalid":"{37D95AB2-AC3C-40C8-AEDB-2A96BEB33B6A}","edit_comment":null,"change_type":null,"asset_id":"DOOR-002870","entrance_name":"Brody Learning Center Side Entrance ","last_edited_user":null,"use_type":null,"accessible_entrance":"N","project_number":null,"automatic_door":"N","facility_id":null,"last_edited_date":null,"validationstatus":0,"isa_sign":null,"created_date":1782760169000,"objectid":206}},{"geometry":{"type":"Point","coordinates":[-76.620555,39.328611],"crs":null},"id":207,"type":"Feature","properties":{"magnetic_swipe":"Y","created_user":"indoors_owner","image_url":"https://map.jhu.edu/Docs/Photos/EntrancePhotos/HomewoodCampus/Entrances-DOOR-0000303.jpg","geo_level":2,"globalid":"{179DCF9C-5329-42D9-82A7-64856FBA255C}","edit_comment":null,"change_type":null,"asset_id":"DOOR-002160","entrance_name":"Ames Hall","last_edited_user":null,"use_type":null,"accessible_entrance":"N","project_number":null,"automatic_door":"N","facility_id":null,"last_edited_date":null,"validationstatus":0,"isa_sign":null,"created_date":1782760169000,"objectid":207}},{"geometry":{"type":"Point","coordinates":[-76.621506,39.3258],"crs":null},"id":208,"type":"Feature","properties":{"magnetic_swipe":"Y","created_user":"indoors_owner","image_url":"https://map.jhu.edu/Docs/Photos/EntrancePhotos/HomewoodCampus/Entrances-DOOR-0000170.jpg","geo_level":1,"globalid":"{5CA554D6-27A6-441C-8E50-500959AE464C}","edit_comment":null,"change_type":null,"asset_id":"DOOR-001450","entrance_name":"Mason Hall South","last_edited_user":null,"use_type":null,"accessible_entrance":"Y","project_number":null,"automatic_door":"Y","facility_id":null,"last_edited_date":null,"validationstatus":0,"isa_sign":"N","created_date":1782760169000,"objectid":208}},{"geometry":{"type":"Point","coordinates":[-76.621869,39.328872],"crs":null},"id":209,"type":"Feature","properties":{"magnetic_swipe":"Y","created_user":"indoors_owner","image_url":"https://map.jhu.edu/Docs/Photos/EntrancePhotos/HomewoodCampus/Entrances-DOOR-0000171.jpg","geo_level":0,"globalid":"{70430E2C-BC2D-4B90-AB0F-D162B093F7FA}","edit_comment":null,"change_type":null,"asset_id":"DOOR-001140","entrance_name":"Gilman Hall South Rear","last_edited_user":null,"use_type":null,"accessible_entrance":"Y","project_number":null,"automatic_door":"Y","facility_id":null,"last_edited_date":null,"validationstatus":0,"isa_sign":"N","created_date":1782760169000,"objectid":209}},{"geometry":{"type":"Point","coordinates":[-76.623301,39.332674],"crs":null},"id":210,"type":"Feature","properties":{"magnetic_swipe":"N","created_user":"indoors_owner","image_url":"https://map.jhu.edu/Docs/Photos/EntrancePhotos/HomewoodCampus/Entrances-DOOR-0000172.jpg","geo_level":2,"globalid":"{407B2F17-5FE5-411B-87DD-FF36AB515A5F}","edit_comment":null,"change_type":null,"asset_id":"DOOR-000280","entrance_name":"Muller Main","last_edited_user":null,"use_type":null,"accessible_entrance":"Y","project_number":null,"automatic_door":"Y","facility_id":null,"last_edited_date":null,"validationstatus":0,"isa_sign":"N","created_date":1782760169000,"objectid":210}},{"geometry":{"type":"Point","coordinates":[-76.622136,39.330208],"crs":null},"id":211,"type":"Feature","properties":{"magnetic_swipe":"N","created_user":"indoors_owner","image_url":"https://map.jhu.edu/Docs/Photos/EntrancePhotos/HomewoodCampus/Entrances-DOOR-0000265.jpg","geo_level":0,"globalid":"{B2305689-3EF3-474F-B851-66DC0CC0DB26}","edit_comment":null,"change_type":null,"asset_id":"DOOR-000990","entrance_name":"Hopkins Club Rear at Garage","last_edited_user":null,"use_type":null,"accessible_entrance":"N","project_number":null,"automatic_door":"N","facility_id":null,"last_edited_date":null,"validationstatus":0,"isa_sign":"N","created_date":1782760169000,"objectid":211}},{"geometry":{"type":"Point","coordinates":[-76.622624,39.329246],"crs":null},"id":212,"type":"Feature","properties":{"magnetic_swipe":"Y","created_user":"indoors_owner","image_url":"https://map.jhu.edu/Docs/Photos/EntrancePhotos/HomewoodCampus/Entrances-DOOR-0000174.jpg","geo_level":1,"globalid":"{21528544-0381-4FCB-914C-03175DBC0F88}","edit_comment":null,"change_type":null,"asset_id":"DOOR-000670","entrance_name":"Greenhouse West Wing","last_edited_user":null,"use_type":null,"accessible_entrance":"N","project_number":null,"automatic_door":"N","facility_id":null,"last_edited_date":null,"validationstatus":0,"isa_sign":null,"created_date":1782760169000,"objectid":212}},{"geometry":{"type":"Point","coordinates":[-76.622845,39.331692],"crs":null},"id":213,"type":"Feature","properties":{"magnetic_swipe":"N","created_user":"indoors_owner","image_url":"https://map.jhu.edu/Docs/Photos/EntrancePhotos/HomewoodCampus/Entrances-DOOR-0000261.jpg","geo_level":1,"globalid":"{F113D009-4B27-4325-AA4D-6C0BD9690ADE}","edit_comment":null,"change_type":null,"asset_id":"DOOR-000540","entrance_name":"Bloomberg Astronomy and Physics Side Entrance","last_edited_user":null,"use_type":null,"accessible_entrance":"N","project_number":null,"automatic_door":"N","facility_id":null,"last_edited_date":null,"validationstatus":0,"isa_sign":null,"created_date":1782760169000,"objectid":213}},{"geometry":{"type":"Point","coordinates":[-76.620874,39.326436],"crs":null},"id":214,"type":"Feature","properties":{"magnetic_swipe":"Y","created_user":"indoors_owner","image_url":"https://map.jhu.edu/Docs/Photos/EntrancePhotos/HomewoodCampus/Entrances-DOOR-0000175.jpg","geo_level":1,"globalid":"{4DF8A093-D40E-4214-ABC5-247024457246}","edit_comment":null,"change_type":null,"asset_id":"DOOR-001890","entrance_name":"Malone Hall North","last_edited_user":null,"use_type":null,"accessible_entrance":"Y","project_number":null,"automatic_door":"Y","facility_id":null,"last_edited_date":null,"validationstatus":0,"isa_sign":"N","created_date":1782760169000,"objectid":214}},{"geometry":{"type":"Point","coordinates":[-76.620433,39.326583],"crs":null},"id":215,"type":"Feature","properties":{"magnetic_swipe":"Y","created_user":"indoors_owner","image_url":"https://map.jhu.edu/Docs/Photos/EntrancePhotos/HomewoodCampus/Entrances-DOOR-0000342.jpg","geo_level":0,"globalid":"{C24B728E-E985-4603-994C-D2C2C0533963}","edit_comment":null,"change_type":null,"asset_id":"DOOR-002200","entrance_name":"Shriver Hall Side ","last_edited_user":null,"use_type":null,"accessible_entrance":"Y","project_number":null,"automatic_door":"Y","facility_id":null,"last_edited_date":null,"validationstatus":0,"isa_sign":"Y","created_date":1782760169000,"objectid":215}},{"geometry":{"type":"Point","coordinates":[-76.622263,39.327136],"crs":null},"id":216,"type":"Feature","properties":{"magnetic_swipe":"Y","created_user":"indoors_owner","image_url":"https://map.jhu.edu/Docs/Photos/EntrancePhotos/HomewoodCampus/Entrances-DOOR-0000176.jpg","geo_level":1,"globalid":"{BD205AB5-4E48-4332-AC3E-70B5814C258B}","edit_comment":null,"change_type":null,"asset_id":"DOOR-000910","entrance_name":"Clark Hall Side","last_edited_user":null,"use_type":null,"accessible_entrance":"N","project_number":null,"automatic_door":"N","facility_id":null,"last_edited_date":null,"validationstatus":0,"isa_sign":null,"created_date":1782760169000,"objectid":216}},{"geometry":{"type":"Point","coordinates":[-76.618496,39.330506],"crs":null},"id":217,"type":"Feature","properties":{"magnetic_swipe":"Y","created_user":"indoors_owner","image_url":"https://map.jhu.edu/Docs/Photos/EntrancePhotos/HomewoodCampus/Entrances-DOOR-0000177.jpg","geo_level":1,"globalid":"{F26C79DD-EBE0-4FD5-98AB-F5A118935506}","edit_comment":null,"change_type":null,"asset_id":"DOOR-003350","entrance_name":"AMR I Willard Entrance ","last_edited_user":null,"use_type":null,"accessible_entrance":"N","project_number":null,"automatic_door":"N","facility_id":null,"last_edited_date":null,"validationstatus":0,"isa_sign":null,"created_date":1782760169000,"objectid":217}},{"geometry":{"type":"Point","coordinates":[-76.621979,39.334692],"crs":null},"id":218,"type":"Feature","properties":{"magnetic_swipe":"N","created_user":"indoors_owner","image_url":"https://map.jhu.edu/Docs/Photos/EntrancePhotos/HomewoodCampus/Entrances-DOOR-0000255.jpg","geo_level":1,"globalid":"{D441F061-2DDA-44C5-AEAF-EEBEFFEAE988}","edit_comment":null,"change_type":null,"asset_id":"DOOR-001060","entrance_name":"Lacrosse rear entrance","last_edited_user":null,"use_type":null,"accessible_entrance":"N","project_number":null,"automatic_door":"N","facility_id":null,"last_edited_date":null,"validationstatus":0,"isa_sign":null,"created_date":1782760169000,"objectid":218}},{"geometry":{"type":"Point","coordinates":[-76.622174,39.329152],"crs":null},"id":219,"type":"Feature","properties":{"magnetic_swipe":"N","created_user":"indoors_owner","image_url":"https://map.jhu.edu/Docs/Photos/EntrancePhotos/HomewoodCampus/Entrances-DOOR-0000178.jpg","geo_level":1,"globalid":"{3D231A30-4460-491C-880E-5FAB0471B0DC}","edit_comment":null,"change_type":null,"asset_id":"DOOR-000950","entrance_name":"Greenhouse Side Entrance ","last_edited_user":null,"use_type":null,"accessible_entrance":"N","project_number":null,"automatic_door":"N","facility_id":null,"last_edited_date":null,"validationstatus":0,"isa_sign":null,"created_date":1782760169000,"objectid":219}},{"geometry":{"type":"Point","coordinates":[-76.620658,39.330201],"crs":null},"id":220,"type":"Feature","properties":{"magnetic_swipe":"Y","created_user":"indoors_owner","image_url":"https://map.jhu.edu/Docs/Photos/EntrancePhotos/HomewoodCampus/Entrances-DOOR-0000179.jpg","geo_level":1,"globalid":"{C5C49CC5-7445-4823-BA10-A608A0C06564}","edit_comment":null,"change_type":null,"asset_id":"DOOR-002080","entrance_name":"Macaulay Hall Main","last_edited_user":null,"use_type":null,"accessible_entrance":"Y","project_number":null,"automatic_door":"Y","facility_id":null,"last_edited_date":null,"validationstatus":0,"isa_sign":"N","created_date":1782760169000,"objectid":220}},{"geometry":{"type":"Point","coordinates":[-76.620603,39.329553],"crs":null},"id":222,"type":"Feature","properties":{"magnetic_swipe":"N","created_user":"indoors_owner","image_url":"https://map.jhu.edu/Docs/Photos/EntrancePhotos/HomewoodCampus/Entrances-DOOR-0000180.jpg","geo_level":1,"globalid":"{EA2235ED-2108-4F70-A07E-CF8B3AF2609D}","edit_comment":null,"change_type":null,"asset_id":"DOOR-002110","entrance_name":"Mergenthaller Hall Side Entrance ","last_edited_user":null,"use_type":null,"accessible_entrance":"N","project_number":null,"automatic_door":"N","facility_id":null,"last_edited_date":null,"validationstatus":0,"isa_sign":null,"created_date":1782760169000,"objectid":222}},{"geometry":{"type":"Point","coordinates":[-76.62217,39.332359],"crs":null},"id":223,"type":"Feature","properties":{"magnetic_swipe":"N","created_user":"indoors_owner","image_url":"https://map.jhu.edu/Docs/Photos/EntrancePhotos/HomewoodCampus/Entrances-DOOR-0000181.jpg","geo_level":1,"globalid":"{10B44840-808C-4666-9AEF-492E95CCDA93}","edit_comment":null,"change_type":null,"asset_id":"DOOR-000940","entrance_name":"Chiller Plant Side Entrance ","last_edited_user":null,"use_type":null,"accessible_entrance":"N","project_number":null,"automatic_door":"N","facility_id":null,"last_edited_date":null,"validationstatus":0,"isa_sign":null,"created_date":1782760169000,"objectid":223}},{"geometry":{"type":"Point","coordinates":[-76.622682,39.325212],"crs":null},"id":224,"type":"Feature","properties":{"magnetic_swipe":"Y","created_user":"indoors_owner","image_url":"https://map.jhu.edu/Docs/Photos/EntrancePhotos/HomewoodCampus/Entrances-DOOR-0000182.jpg","geo_level":1,"globalid":"{1568BE5C-D852-4676-9F9F-4C1129A3E0B1}","edit_comment":null,"change_type":null,"asset_id":"DOOR-000630","entrance_name":"Wyman Main Entrance","last_edited_user":null,"use_type":null,"accessible_entrance":"N","project_number":null,"automatic_door":"Y","facility_id":null,"last_edited_date":null,"validationstatus":0,"isa_sign":null,"created_date":1782760169000,"objectid":224}},{"geometry":{"type":"Point","coordinates":[-76.622972,39.331752],"crs":null},"id":225,"type":"Feature","properties":{"magnetic_swipe":"N","created_user":"indoors_owner","image_url":"https://map.jhu.edu/Docs/Photos/EntrancePhotos/HomewoodCampus/Entrances-DOOR-0000262.jpg","geo_level":1,"globalid":"{DD399F16-ABFB-4FF7-85B6-0DF1B72F70DE}","edit_comment":null,"change_type":null,"asset_id":"DOOR-000460","entrance_name":"Bloomberg Astronomy and Physics Side Entrance","last_edited_user":null,"use_type":null,"accessible_entrance":"N","project_number":null,"automatic_door":"N","facility_id":null,"last_edited_date":null,"validationstatus":0,"isa_sign":null,"created_date":1782760169000,"objectid":225}},{"geometry":{"type":"Point","coordinates":[-76.619525,39.328615],"crs":null},"id":226,"type":"Feature","properties":{"magnetic_swipe":"Y","created_user":"indoors_owner","image_url":"https://map.jhu.edu/Docs/Photos/EntrancePhotos/HomewoodCampus/Entrances-DOOR-0000336.jpg","geo_level":1,"globalid":"{60B91E4D-3CCB-4C5C-801A-A4927A85A5A6}","edit_comment":null,"change_type":null,"asset_id":"DOOR-002760","entrance_name":"Brody Learning Commons Patio","last_edited_user":null,"use_type":null,"accessible_entrance":"Y","project_number":null,"automatic_door":"Y","facility_id":null,"last_edited_date":null,"validationstatus":0,"isa_sign":"N","created_date":1782760169000,"objectid":226}},{"geometry":{"type":"Point","coordinates":[-76.623147,39.332018],"crs":null},"id":227,"type":"Feature","properties":{"magnetic_swipe":"Y","created_user":"indoors_owner","image_url":"https://map.jhu.edu/Docs/Photos/EntrancePhotos/HomewoodCampus/Entrances-DOOR-0000185.jpg","geo_level":2,"globalid":"{B3F25F54-F945-4294-9AA4-D84B3E8CE5BA}","edit_comment":null,"change_type":null,"asset_id":"DOOR-000350","entrance_name":"Physics and Astronomy Side Entrance","last_edited_user":null,"use_type":null,"accessible_entrance":"N","project_number":null,"automatic_door":"N","facility_id":null,"last_edited_date":null,"validationstatus":0,"isa_sign":null,"created_date":1782760169000,"objectid":227}},{"geometry":{"type":"Point","coordinates":[-76.622357,39.327813],"crs":null},"id":228,"type":"Feature","properties":{"magnetic_swipe":"Y","created_user":"indoors_owner","image_url":"https://map.jhu.edu/Docs/Photos/EntrancePhotos/HomewoodCampus/Entrances-DOOR-0000285.jpg","geo_level":1,"globalid":"{AC258D96-F303-4315-B956-E264E346DC3A}","edit_comment":null,"change_type":null,"asset_id":"DOOR-000840","entrance_name":"Hodson Hall North ","last_edited_user":null,"use_type":null,"accessible_entrance":"Y","project_number":null,"automatic_door":"Y","facility_id":null,"last_edited_date":null,"validationstatus":0,"isa_sign":"N","created_date":1782760169000,"objectid":228}},{"geometry":{"type":"Point","coordinates":[-76.621858,39.328894],"crs":null},"id":229,"type":"Feature","properties":{"magnetic_swipe":"N","created_user":"indoors_owner","image_url":"https://map.jhu.edu/Docs/Photos/EntrancePhotos/HomewoodCampus/Entrances-DOOR-0000186.jpg","geo_level":1,"globalid":"{F782F0FF-A22D-4D8F-AD0D-50AA988C5EF2}","edit_comment":null,"change_type":null,"asset_id":"DOOR-001170","entrance_name":"Gilman Hall Side Entrance ","last_edited_user":null,"use_type":null,"accessible_entrance":"N","project_number":null,"automatic_door":"N","facility_id":null,"last_edited_date":null,"validationstatus":0,"isa_sign":null,"created_date":1782760169000,"objectid":229}},{"geometry":{"type":"Point","coordinates":[-76.623926,39.327972],"crs":null},"id":230,"type":"Feature","properties":{"magnetic_swipe":"Y","created_user":"indoors_owner","image_url":"https://map.jhu.edu/Docs/Photos/EntrancePhotos/HomewoodCampus/Entrances-DOOR-0000187.jpg","geo_level":1,"globalid":"{2D34D505-481D-43C4-A767-677F66F4DD20}","edit_comment":null,"change_type":null,"asset_id":"DOOR-000150","entrance_name":"Olin Hall Back Entrance ","last_edited_user":null,"use_type":null,"accessible_entrance":"N","project_number":null,"automatic_door":"N","facility_id":null,"last_edited_date":null,"validationstatus":0,"isa_sign":null,"created_date":1782760169000,"objectid":230}},{"geometry":{"type":"Point","coordinates":[-76.62158,39.328361],"crs":null},"id":231,"type":"Feature","properties":{"magnetic_swipe":"N","created_user":"indoors_owner","image_url":"https://map.jhu.edu/Docs/Photos/EntrancePhotos/HomewoodCampus/Entrances-DOOR-0000298.jpg","geo_level":-1,"globalid":"{84813FB2-0B32-43EB-9B33-D7263409FDDC}","edit_comment":null,"change_type":null,"asset_id":"DOOR-001370","entrance_name":"Glass Pavilion Entrance","last_edited_user":null,"use_type":null,"accessible_entrance":"N","project_number":null,"automatic_door":"N","facility_id":null,"last_edited_date":null,"validationstatus":0,"isa_sign":null,"created_date":1782760169000,"objectid":231}},{"geometry":{"type":"Point","coordinates":[-76.619984,39.328042],"crs":null},"id":232,"type":"Feature","properties":{"magnetic_swipe":"Y","created_user":"indoors_owner","image_url":"https://map.jhu.edu/Docs/Photos/EntrancePhotos/HomewoodCampus/Entrances-DOOR-0000316.jpg","geo_level":1,"globalid":"{B1101D2E-5087-4ECF-AFD9-564A8F964D34}","edit_comment":null,"change_type":null,"asset_id":"DOOR-002480","entrance_name":"Maryland Hall North","last_edited_user":null,"use_type":null,"accessible_entrance":"Y","project_number":null,"automatic_door":"N","facility_id":null,"last_edited_date":null,"validationstatus":0,"isa_sign":"Y","created_date":1782760169000,"objectid":232}},{"geometry":{"type":"Point","coordinates":[-76.620603,39.327142],"crs":null},"id":233,"type":"Feature","properties":{"magnetic_swipe":"Y","created_user":"indoors_owner","image_url":"https://map.jhu.edu/Docs/Photos/EntrancePhotos/HomewoodCampus/Entrances-DOOR-0000188.jpg","geo_level":1,"globalid":"{14917282-F572-46F6-AFD4-33AA76388FD8}","edit_comment":null,"change_type":null,"asset_id":"DOOR-002130","entrance_name":"Barton Hall ","last_edited_user":null,"use_type":null,"accessible_entrance":"N","project_number":null,"automatic_door":"N","facility_id":null,"last_edited_date":null,"validationstatus":0,"isa_sign":null,"created_date":1782760169000,"objectid":233}},{"geometry":{"type":"Point","coordinates":[-76.61915,39.331636],"crs":null},"id":234,"type":"Feature","properties":{"magnetic_swipe":"N","created_user":"indoors_owner","image_url":"https://map.jhu.edu/Docs/Photos/EntrancePhotos/HomewoodCampus/Entrances-DOOR-0000189.jpg","geo_level":1,"globalid":"{40F5EC25-C969-4096-9574-48D0436553B8}","edit_comment":null,"change_type":null,"asset_id":"DOOR-002930","entrance_name":"AMR II Rear Entrance","last_edited_user":null,"use_type":null,"accessible_entrance":"N","project_number":null,"automatic_door":"N","facility_id":null,"last_edited_date":null,"validationstatus":0,"isa_sign":null,"created_date":1782760169000,"objectid":234}},{"geometry":{"type":"Point","coordinates":[-76.619174,39.327113],"crs":null},"id":236,"type":"Feature","properties":{"magnetic_swipe":"N","created_user":"indoors_owner","image_url":"https://map.jhu.edu/Docs/Photos/EntrancePhotos/HomewoodCampus/Entrances-DOOR-0000191.jpg","geo_level":0,"globalid":"{8612D0F2-DA98-47A6-BE83-741F7B008725}","edit_comment":null,"change_type":null,"asset_id":"DOOR-002940","entrance_name":"PowerPlant Side Entrance ","last_edited_user":null,"use_type":null,"accessible_entrance":"N","project_number":null,"automatic_door":"N","facility_id":null,"last_edited_date":null,"validationstatus":0,"isa_sign":null,"created_date":1782760169000,"objectid":236}},{"geometry":{"type":"Point","coordinates":[-76.618787,39.331649],"crs":null},"id":237,"type":"Feature","properties":{"magnetic_swipe":"Y","created_user":"indoors_owner","image_url":null,"geo_level":1,"globalid":"{54560219-9DE0-42F7-8830-7844956D7C88}","edit_comment":null,"change_type":null,"asset_id":"DOOR-003210","entrance_name":"Back Entrance ","last_edited_user":null,"use_type":null,"accessible_entrance":"N","project_number":null,"automatic_door":"N","facility_id":null,"last_edited_date":null,"validationstatus":0,"isa_sign":null,"created_date":1782760169000,"objectid":237}},{"geometry":{"type":"Point","coordinates":[-76.622287,39.327323],"crs":null},"id":238,"type":"Feature","properties":{"magnetic_swipe":"Y","created_user":"indoors_owner","image_url":"https://map.jhu.edu/Docs/Photos/EntrancePhotos/HomewoodCampus/Entrances-DOOR-0000193.jpg","geo_level":2,"globalid":"{FB65EC6F-9915-48DA-A6DD-110E533AAE5A}","edit_comment":null,"change_type":null,"asset_id":"DOOR-000890","entrance_name":"Hodson Hall South","last_edited_user":null,"use_type":"Not on Accessible Route","accessible_entrance":"Y","project_number":null,"automatic_door":"N","facility_id":null,"last_edited_date":null,"validationstatus":0,"isa_sign":"N","created_date":1782760169000,"objectid":238}},{"geometry":{"type":"Point","coordinates":[-76.621357,39.329263],"crs":null},"id":239,"type":"Feature","properties":{"magnetic_swipe":"Y","created_user":"indoors_owner","image_url":"https://map.jhu.edu/Docs/Photos/EntrancePhotos/HomewoodCampus/Entrances-DOOR-0000284.jpg","geo_level":1,"globalid":"{2115BE26-735D-4AAE-ADCD-8BBBE7E75CE8}","edit_comment":null,"change_type":null,"asset_id":"DOOR-001490","entrance_name":"Gilman Hall Side Entrance ","last_edited_user":null,"use_type":null,"accessible_entrance":"N","project_number":null,"automatic_door":"N","facility_id":null,"last_edited_date":null,"validationstatus":0,"isa_sign":null,"created_date":1782760169000,"objectid":239}},{"geometry":{"type":"Point","coordinates":[-76.619953,39.331367],"crs":null},"id":240,"type":"Feature","properties":{"magnetic_swipe":"Y","created_user":"indoors_owner","image_url":"https://map.jhu.edu/Docs/Photos/EntrancePhotos/HomewoodCampus/Entrances-DOOR-0000194.jpg","geo_level":1,"globalid":"{756CE61A-C182-4BFE-91AF-851AB9BEC3A1}","edit_comment":null,"change_type":null,"asset_id":"DOOR-002490","entrance_name":"AMR 3A Side ","last_edited_user":null,"use_type":null,"accessible_entrance":"Y","project_number":null,"automatic_door":"Y","facility_id":null,"last_edited_date":null,"validationstatus":0,"isa_sign":"Y","created_date":1782760169000,"objectid":240}},{"geometry":{"type":"Point","coordinates":[-76.622486,39.330384],"crs":null},"id":241,"type":"Feature","properties":{"magnetic_swipe":"N","created_user":"indoors_owner","image_url":"https://map.jhu.edu/Docs/Photos/EntrancePhotos/HomewoodCampus/Entrances-DOOR-0000267.jpg","geo_level":-1,"globalid":"{9F7D4F8D-0113-42E2-B01F-BE7BC18BE4A6}","edit_comment":null,"change_type":null,"asset_id":"DOOR-000730","entrance_name":"The Hopkins Club Basement","last_edited_user":null,"use_type":null,"accessible_entrance":"N","project_number":null,"automatic_door":"N","facility_id":null,"last_edited_date":null,"validationstatus":0,"isa_sign":null,"created_date":1782760169000,"objectid":241}},{"geometry":{"type":"Point","coordinates":[-76.618504,39.330419],"crs":null},"id":242,"type":"Feature","properties":{"magnetic_swipe":"Y","created_user":"indoors_owner","image_url":"https://map.jhu.edu/Docs/Photos/EntrancePhotos/HomewoodCampus/Entrances-DOOR-0000195.jpg","geo_level":1,"globalid":"{7A5C1C53-085F-4EE7-8F0B-545B831675DC}","edit_comment":null,"change_type":null,"asset_id":"DOOR-003340","entrance_name":"AMR I Wilson Entrance ","last_edited_user":null,"use_type":null,"accessible_entrance":"N","project_number":null,"automatic_door":"N","facility_id":null,"last_edited_date":null,"validationstatus":0,"isa_sign":null,"created_date":1782760169000,"objectid":242}},{"geometry":{"type":"Point","coordinates":[-76.619543,39.327321],"crs":null},"id":243,"type":"Feature","properties":{"magnetic_swipe":"Y","created_user":"indoors_owner","image_url":null,"geo_level":0,"globalid":"{49A7A0D5-2D42-4BD8-B330-D403D0929FB2}","edit_comment":null,"change_type":null,"asset_id":"DOOR-002740","entrance_name":"Croft Hall Side Entrance","last_edited_user":null,"use_type":null,"accessible_entrance":"N","project_number":null,"automatic_door":"N","facility_id":null,"last_edited_date":null,"validationstatus":0,"isa_sign":null,"created_date":1782760169000,"objectid":243}},{"geometry":{"type":"Point","coordinates":[-76.619473,39.32731],"crs":null},"id":244,"type":"Feature","properties":{"magnetic_swipe":"N","created_user":"indoors_owner","image_url":null,"geo_level":0,"globalid":"{0119A088-84D6-48FD-ABD5-D88D11472D93}","edit_comment":null,"change_type":null,"asset_id":"DOOR-002820","entrance_name":"Croft Hall Side Entrance","last_edited_user":null,"use_type":null,"accessible_entrance":"N","project_number":null,"automatic_door":"N","facility_id":null,"last_edited_date":null,"validationstatus":0,"isa_sign":null,"created_date":1782760169000,"objectid":244}},{"geometry":{"type":"Point","coordinates":[-76.622208,39.327697],"crs":null},"id":245,"type":"Feature","properties":{"magnetic_swipe":"Y","created_user":"indoors_owner","image_url":null,"geo_level":2,"globalid":"{B37370EC-5369-4001-99A1-55984306BAE6}","edit_comment":null,"change_type":null,"asset_id":"DOOR-000930","entrance_name":"Hodson Hall Main","last_edited_user":null,"use_type":null,"accessible_entrance":"Y","project_number":null,"automatic_door":"Y","facility_id":null,"last_edited_date":null,"validationstatus":0,"isa_sign":"N","created_date":1782760169000,"objectid":245}},{"geometry":{"type":"Point","coordinates":[-76.622426,39.327315],"crs":null},"id":246,"type":"Feature","properties":{"magnetic_swipe":"N","created_user":"indoors_owner","image_url":null,"geo_level":2,"globalid":"{6366EC99-FD0E-41CC-902E-986FB47F4208}","edit_comment":null,"change_type":null,"asset_id":"DOOR-000800","entrance_name":"Hodson Hall Stair Egress","last_edited_user":null,"use_type":null,"accessible_entrance":"N","project_number":null,"automatic_door":"N","facility_id":null,"last_edited_date":null,"validationstatus":0,"isa_sign":null,"created_date":1782760169000,"objectid":246}},{"geometry":{"type":"Point","coordinates":[-76.62245,39.32766],"crs":null},"id":247,"type":"Feature","properties":{"magnetic_swipe":"N","created_user":"indoors_owner","image_url":null,"geo_level":2,"globalid":"{AC410F7E-B182-437D-B2E2-D4255A529A28}","edit_comment":null,"change_type":null,"asset_id":"DOOR-000770","entrance_name":"Hodson Hall Patio Entrance","last_edited_user":null,"use_type":null,"accessible_entrance":"N","project_number":null,"automatic_door":"N","facility_id":null,"last_edited_date":null,"validationstatus":0,"isa_sign":null,"created_date":1782760169000,"objectid":247}},{"geometry":{"type":"Point","coordinates":[-76.622454,39.327714],"crs":null},"id":248,"type":"Feature","properties":{"magnetic_swipe":"N","created_user":"indoors_owner","image_url":null,"geo_level":2,"globalid":"{B20E6289-F9AD-4816-BDE1-2BE4DC4E68CE}","edit_comment":null,"change_type":null,"asset_id":"DOOR-000760","entrance_name":"Hodson Hall Patio Entrance","last_edited_user":null,"use_type":null,"accessible_entrance":"N","project_number":null,"automatic_door":"N","facility_id":null,"last_edited_date":null,"validationstatus":0,"isa_sign":null,"created_date":1782760169000,"objectid":248}},{"geometry":{"type":"Point","coordinates":[-76.619874,39.328099],"crs":null},"id":249,"type":"Feature","properties":{"magnetic_swipe":"N","created_user":"indoors_owner","image_url":null,"geo_level":0,"globalid":"{DB8C28C7-0282-48EF-8AB0-DA7F3F0770BA}","edit_comment":null,"change_type":null,"asset_id":"DOOR-002590","entrance_name":"Krieger Hall Ground Floor","last_edited_user":null,"use_type":null,"accessible_entrance":"N","project_number":null,"automatic_door":"N","facility_id":null,"last_edited_date":null,"validationstatus":0,"isa_sign":null,"created_date":1782760169000,"objectid":249}},{"geometry":{"type":"Point","coordinates":[-76.619751,39.328591],"crs":null},"id":250,"type":"Feature","properties":{"magnetic_swipe":"N","created_user":"indoors_owner","image_url":null,"geo_level":1,"globalid":"{6A3614A5-30FB-4D61-BAF7-AD12A6013000}","edit_comment":null,"change_type":null,"asset_id":"DOOR-002640","entrance_name":"Krieger Hall Back Entrance","last_edited_user":null,"use_type":null,"accessible_entrance":"N","project_number":null,"automatic_door":"N","facility_id":null,"last_edited_date":null,"validationstatus":0,"isa_sign":null,"created_date":1782760169000,"objectid":250}},{"geometry":{"type":"Point","coordinates":[-76.620262,39.328515],"crs":null},"id":251,"type":"Feature","properties":{"magnetic_swipe":"N","created_user":"indoors_owner","image_url":null,"geo_level":2,"globalid":"{48D5136D-334B-4757-BD93-3181E7DD9AF3}","edit_comment":null,"change_type":null,"asset_id":"DOOR-002350","entrance_name":"Krieger Hall Side Entrance","last_edited_user":null,"use_type":null,"accessible_entrance":"N","project_number":null,"automatic_door":"N","facility_id":null,"last_edited_date":null,"validationstatus":0,"isa_sign":null,"created_date":1782760169000,"objectid":251}},{"geometry":{"type":"Point","coordinates":[-76.621523,39.332722],"crs":null},"id":252,"type":"Feature","properties":{"magnetic_swipe":"N","created_user":"indoors_owner","image_url":null,"geo_level":1,"globalid":"{542CC227-5317-489F-9E23-C5397C865DAD}","edit_comment":null,"change_type":null,"asset_id":"DOOR-001400","entrance_name":"Athletic Center Rear Service Door","last_edited_user":null,"use_type":null,"accessible_entrance":"N","project_number":null,"automatic_door":"N","facility_id":null,"last_edited_date":null,"validationstatus":0,"isa_sign":null,"created_date":1782760169000,"objectid":252}},{"geometry":{"type":"Point","coordinates":[-76.621198,39.33311],"crs":null},"id":253,"type":"Feature","properties":{"magnetic_swipe":"Y","created_user":"indoors_owner","image_url":null,"geo_level":2,"globalid":"{1B05E7EE-FD60-427B-958F-DA56584B2C81}","edit_comment":null,"change_type":null,"asset_id":"DOOR-001620","entrance_name":"Athletic Center Bleacher Door","last_edited_user":null,"use_type":null,"accessible_entrance":"N","project_number":null,"automatic_door":"N","facility_id":null,"last_edited_date":null,"validationstatus":0,"isa_sign":null,"created_date":1782760169000,"objectid":253}},{"geometry":{"type":"Point","coordinates":[-76.620797,39.330756],"crs":null},"id":255,"type":"Feature","properties":{"magnetic_swipe":"N","created_user":"indoors_owner","image_url":null,"geo_level":0,"globalid":"{13A395D9-82D8-477E-869F-301C0FC14848}","edit_comment":null,"change_type":null,"asset_id":"DOOR-001960","entrance_name":"Levi Hall Courtyard","last_edited_user":null,"use_type":null,"accessible_entrance":"N","project_number":null,"automatic_door":"N","facility_id":null,"last_edited_date":null,"validationstatus":0,"isa_sign":null,"created_date":1782760169000,"objectid":255}},{"geometry":{"type":"Point","coordinates":[-76.620475,39.330776],"crs":null},"id":256,"type":"Feature","properties":{"magnetic_swipe":"N","created_user":"indoors_owner","image_url":null,"geo_level":0,"globalid":"{22A26E1E-CB6A-4DD4-9533-6BAD8769EFC9}","edit_comment":null,"change_type":null,"asset_id":"DOOR-002190","entrance_name":"Mudd Hall Courtyard","last_edited_user":null,"use_type":null,"accessible_entrance":"N","project_number":null,"automatic_door":"N","facility_id":null,"last_edited_date":null,"validationstatus":0,"isa_sign":null,"created_date":1782760169000,"objectid":256}},{"geometry":{"type":"Point","coordinates":[-76.620633,39.330768],"crs":null},"id":257,"type":"Feature","properties":{"magnetic_swipe":"N","created_user":"indoors_owner","image_url":null,"geo_level":0,"globalid":"{449FB168-3A21-4607-B297-A516732FE2A0}","edit_comment":null,"change_type":null,"asset_id":"DOOR-002090","entrance_name":"Mudd Hall Courtyard","last_edited_user":null,"use_type":null,"accessible_entrance":"N","project_number":null,"automatic_door":"N","facility_id":null,"last_edited_date":null,"validationstatus":0,"isa_sign":null,"created_date":1782760169000,"objectid":257}},{"geometry":{"type":"Point","coordinates":[-76.620584,39.331017],"crs":null},"id":258,"type":"Feature","properties":{"magnetic_swipe":"N","created_user":"indoors_owner","image_url":null,"geo_level":0,"globalid":"{6D2AB209-71A9-4423-A84F-970556CD719A}","edit_comment":null,"change_type":null,"asset_id":"DOOR-002120","entrance_name":"UTL Courtyard","last_edited_user":null,"use_type":null,"accessible_entrance":"N","project_number":null,"automatic_door":"N","facility_id":null,"last_edited_date":null,"validationstatus":0,"isa_sign":null,"created_date":1782760169000,"objectid":258}},{"geometry":{"type":"Point","coordinates":[-76.620555,39.331018],"crs":null},"id":259,"type":"Feature","properties":{"magnetic_swipe":"N","created_user":"indoors_owner","image_url":null,"geo_level":0,"globalid":"{A7517E9C-D423-41F4-B0E6-159CE2E3B7DE}","edit_comment":null,"change_type":null,"asset_id":"DOOR-002150","entrance_name":"UTL Courtyard","last_edited_user":null,"use_type":null,"accessible_entrance":"N","project_number":null,"automatic_door":"N","facility_id":null,"last_edited_date":null,"validationstatus":0,"isa_sign":null,"created_date":1782760169000,"objectid":259}},{"geometry":{"type":"Point","coordinates":[-76.620738,39.330584],"crs":null},"id":262,"type":"Feature","properties":{"magnetic_swipe":"N","created_user":"indoors_owner","image_url":null,"geo_level":1,"globalid":"{B28B0A57-18B8-4EE3-BE57-C85B4108556F}","edit_comment":null,"change_type":null,"asset_id":"DOOR-002000","entrance_name":"Mudd Hall Side Entrance","last_edited_user":null,"use_type":null,"accessible_entrance":"N","project_number":null,"automatic_door":"N","facility_id":null,"last_edited_date":null,"validationstatus":1,"isa_sign":null,"created_date":1782760169000,"objectid":262}},{"geometry":{"type":"Point","coordinates":[-76.620286,39.326731],"crs":null},"id":263,"type":"Feature","properties":{"magnetic_swipe":"N","created_user":"indoors_owner","image_url":null,"geo_level":1,"globalid":"{4A44CF56-A4E0-4903-9448-3656255045BF}","edit_comment":null,"change_type":null,"asset_id":"DOOR-002330","entrance_name":"Shriver Hall Main Entrance Middle","last_edited_user":null,"use_type":null,"accessible_entrance":"N","project_number":null,"automatic_door":"N","facility_id":null,"last_edited_date":null,"validationstatus":0,"isa_sign":null,"created_date":1782760169000,"objectid":263}},{"geometry":{"type":"Point","coordinates":[-76.620235,39.326734],"crs":null},"id":264,"type":"Feature","properties":{"magnetic_swipe":"N","created_user":"indoors_owner","image_url":null,"geo_level":1,"globalid":"{ABF65400-1BFE-4E77-863E-DDFDCA73AF0A}","edit_comment":null,"change_type":null,"asset_id":"DOOR-002370","entrance_name":"Shriver Hall Main Entrance Left","last_edited_user":null,"use_type":null,"accessible_entrance":"N","project_number":null,"automatic_door":"N","facility_id":null,"last_edited_date":null,"validationstatus":0,"isa_sign":null,"created_date":1782760169000,"objectid":264}},{"geometry":{"type":"Point","coordinates":[-76.622013,39.333397],"crs":null},"id":265,"type":"Feature","properties":{"magnetic_swipe":"N","created_user":"indoors_owner","image_url":null,"geo_level":1,"globalid":"{984F0845-D46F-4D81-B802-45BDD2459F45}","edit_comment":null,"change_type":null,"asset_id":"DOOR-001040","entrance_name":"ROTC Side Entrance","last_edited_user":null,"use_type":null,"accessible_entrance":"N","project_number":null,"automatic_door":"N","facility_id":null,"last_edited_date":null,"validationstatus":0,"isa_sign":null,"created_date":1782760169000,"objectid":265}},{"geometry":{"type":"Point","coordinates":[-76.621746,39.333271],"crs":null},"id":266,"type":"Feature","properties":{"magnetic_swipe":"N","created_user":"indoors_owner","image_url":null,"geo_level":1,"globalid":"{2579A39F-0B27-43C4-A156-63DF85B263B7}","edit_comment":null,"change_type":null,"asset_id":"DOOR-001230","entrance_name":"ROTC Side Entrance","last_edited_user":null,"use_type":null,"accessible_entrance":"N","project_number":null,"automatic_door":"N","facility_id":null,"last_edited_date":null,"validationstatus":0,"isa_sign":null,"created_date":1782760169000,"objectid":266}},{"geometry":{"type":"Point","coordinates":[-76.621807,39.333357],"crs":null},"id":267,"type":"Feature","properties":{"magnetic_swipe":"N","created_user":"indoors_owner","image_url":null,"geo_level":2,"globalid":"{B749B714-3360-44CB-858D-887A6CC3043F}","edit_comment":null,"change_type":null,"asset_id":"DOOR-001190","entrance_name":"ROTC Side Entrance","last_edited_user":null,"use_type":null,"accessible_entrance":"N","project_number":null,"automatic_door":"N","facility_id":null,"last_edited_date":null,"validationstatus":0,"isa_sign":null,"created_date":1782760169000,"objectid":267}},{"geometry":{"type":"Point","coordinates":[-76.621567,39.327927],"crs":null},"id":268,"type":"Feature","properties":{"magnetic_swipe":"Y","created_user":"indoors_owner","image_url":null,"geo_level":-1,"globalid":"{2BAF2995-FDFE-4F56-9BA1-BE3A32BEED07}","edit_comment":null,"change_type":null,"asset_id":"DOOR-001380","entrance_name":"Levering Hall Basement Side Entrance","last_edited_user":null,"use_type":null,"accessible_entrance":"N","project_number":null,"automatic_door":"N","facility_id":null,"last_edited_date":null,"validationstatus":0,"isa_sign":null,"created_date":1782760169000,"objectid":268}},{"geometry":{"type":"Point","coordinates":[-76.624898,39.330908],"crs":null},"id":269,"type":"Feature","properties":{"magnetic_swipe":"N","created_user":"indoors_owner","image_url":null,"geo_level":3,"globalid":"{FF914F77-0D69-46D4-8B37-F95ED90B49D4}","edit_comment":null,"change_type":null,"asset_id":"DOOR-000040","entrance_name":"Carnegie Main","last_edited_user":null,"use_type":null,"accessible_entrance":"Y","project_number":null,"automatic_door":"N","facility_id":null,"last_edited_date":null,"validationstatus":0,"isa_sign":"N","created_date":1782760169000,"objectid":269}},{"geometry":{"type":"Point","coordinates":[-76.619919,39.330232],"crs":null},"id":270,"type":"Feature","properties":{"magnetic_swipe":"Y","created_user":"indoors_owner","image_url":null,"geo_level":1,"globalid":"{BDE1E248-0335-4B0D-BB5F-FA4A3B08FE1A}","edit_comment":null,"change_type":null,"asset_id":"DOOR-002540","entrance_name":"Dunning Side Entrance","last_edited_user":null,"use_type":null,"accessible_entrance":"N","project_number":null,"automatic_door":"Y","facility_id":null,"last_edited_date":null,"validationstatus":0,"isa_sign":null,"created_date":1782760169000,"objectid":270}},{"geometry":{"type":"Point","coordinates":[-76.62091,39.327193],"crs":null},"id":271,"type":"Feature","properties":{"magnetic_swipe":"Y","created_user":"indoors_owner","image_url":null,"geo_level":1,"globalid":"{020BEC52-2FEA-4E3B-B055-9EA821602745}","edit_comment":null,"change_type":null,"asset_id":"DOOR-001840","entrance_name":"Hackerman Hall North","last_edited_user":null,"use_type":null,"accessible_entrance":"Y","project_number":null,"automatic_door":"Y","facility_id":null,"last_edited_date":null,"validationstatus":0,"isa_sign":"N","created_date":1782760169000,"objectid":271}},{"geometry":{"type":"Point","coordinates":[-76.621789,39.332921],"crs":null},"id":272,"type":"Feature","properties":{"magnetic_swipe":"N","created_user":"indoors_owner","image_url":null,"geo_level":1,"globalid":"{4DDBD0F6-CB3F-425C-8EA5-295727AEEF22}","edit_comment":null,"change_type":null,"asset_id":"DOOR-001200","entrance_name":"Athletic Center 160B","last_edited_user":null,"use_type":null,"accessible_entrance":"N","project_number":null,"automatic_door":"N","facility_id":null,"last_edited_date":null,"validationstatus":0,"isa_sign":null,"created_date":1782760169000,"objectid":272}},{"geometry":{"type":"Point","coordinates":[-76.619825,39.329642],"crs":null},"id":273,"type":"Feature","properties":{"magnetic_swipe":"N","created_user":"indoors_owner","image_url":null,"geo_level":-2,"globalid":"{A16C05A9-71B4-4BC5-B241-41077305F666}","edit_comment":null,"change_type":null,"asset_id":"DOOR-002600","entrance_name":"Remsen East Entrance ","last_edited_user":null,"use_type":null,"accessible_entrance":"N","project_number":null,"automatic_door":"N","facility_id":null,"last_edited_date":null,"validationstatus":0,"isa_sign":null,"created_date":1782760169000,"objectid":273}},{"geometry":{"type":"Point","coordinates":[-76.621246,39.328987],"crs":null},"id":275,"type":"Feature","properties":{"magnetic_swipe":"Y","created_user":"indoors_owner","image_url":null,"geo_level":0,"globalid":"{0D81B139-6297-442D-85DC-681964FA64B7}","edit_comment":null,"change_type":null,"asset_id":"DOOR-001590","entrance_name":"Gilman Hall Tunnel","last_edited_user":null,"use_type":null,"accessible_entrance":"Y","project_number":null,"automatic_door":"Y","facility_id":null,"last_edited_date":null,"validationstatus":0,"isa_sign":"N","created_date":1782760169000,"objectid":275}},{"geometry":{"type":"Point","coordinates":[-76.621324,39.328707],"crs":null},"id":276,"type":"Feature","properties":{"magnetic_swipe":"Y","created_user":"indoors_owner","image_url":null,"geo_level":1,"globalid":"{A2E74958-894B-4BB1-8BC4-187A6CF3BCE8}","edit_comment":null,"change_type":null,"asset_id":"DOOR-001530","entrance_name":"Gilman Hall Side Entrance","last_edited_user":null,"use_type":null,"accessible_entrance":"N","project_number":null,"automatic_door":"N","facility_id":null,"last_edited_date":null,"validationstatus":0,"isa_sign":null,"created_date":1782760169000,"objectid":276}},{"geometry":{"type":"Point","coordinates":[-76.622702,39.325237],"crs":null},"id":278,"type":"Feature","properties":{"magnetic_swipe":"N","created_user":"indoors_owner","image_url":null,"geo_level":1,"globalid":"{7C5E8A66-65BA-49CA-A6E9-6131F16C901C}","edit_comment":null,"change_type":null,"asset_id":"DOOR-000610","entrance_name":"Wyman Main Entrance","last_edited_user":null,"use_type":null,"accessible_entrance":"N","project_number":null,"automatic_door":"N","facility_id":null,"last_edited_date":null,"validationstatus":0,"isa_sign":null,"created_date":1782760169000,"objectid":278}},{"geometry":{"type":"Point","coordinates":[-76.622659,39.325183],"crs":null},"id":279,"type":"Feature","properties":{"magnetic_swipe":"N","created_user":"indoors_owner","image_url":null,"geo_level":1,"globalid":"{50500614-1647-4520-86BD-CED00B456099}","edit_comment":null,"change_type":null,"asset_id":"DOOR-000650","entrance_name":"Wyman Main Entrance","last_edited_user":null,"use_type":null,"accessible_entrance":"N","project_number":null,"automatic_door":"N","facility_id":null,"last_edited_date":null,"validationstatus":0,"isa_sign":null,"created_date":1782760169000,"objectid":279}},{"geometry":{"type":"Point","coordinates":[-76.62274,39.324813],"crs":null},"id":280,"type":"Feature","properties":{"magnetic_swipe":"N","created_user":"indoors_owner","image_url":null,"geo_level":1,"globalid":"{9DC415D4-E864-4CEB-B188-F5CE2A8EDB06}","edit_comment":null,"change_type":null,"asset_id":"DOOR-000590","entrance_name":"Wyman Stairwell / Classroom","last_edited_user":null,"use_type":null,"accessible_entrance":"N","project_number":null,"automatic_door":"N","facility_id":null,"last_edited_date":null,"validationstatus":0,"isa_sign":null,"created_date":1782760169000,"objectid":280}},{"geometry":{"type":"Point","coordinates":[-76.622684,39.324936],"crs":null},"id":281,"type":"Feature","properties":{"magnetic_swipe":null,"created_user":"indoors_owner","image_url":null,"geo_level":0,"globalid":"{72BB12FF-4C8B-4138-AC42-02EEC306F6D3}","edit_comment":null,"change_type":null,"asset_id":"DOOR-000620","entrance_name":"Wyman Ground Floor Egress","last_edited_user":null,"use_type":null,"accessible_entrance":"N","project_number":null,"automatic_door":null,"facility_id":null,"last_edited_date":null,"validationstatus":0,"isa_sign":null,"created_date":1782760169000,"objectid":281}},{"geometry":{"type":"Point","coordinates":[-76.621035,39.327541],"crs":null},"id":282,"type":"Feature","properties":{"magnetic_swipe":"Y","created_user":"indoors_owner","image_url":null,"geo_level":-1,"globalid":"{EAA98D78-E081-46DD-BBEA-6E66BE530544}","edit_comment":null,"change_type":null,"asset_id":"DOOR-001940","entrance_name":"Latrobe SW Basement Exit","last_edited_user":null,"use_type":null,"accessible_entrance":"N","project_number":null,"automatic_door":"N","facility_id":null,"last_edited_date":null,"validationstatus":0,"isa_sign":null,"created_date":1782760169000,"objectid":282}},{"geometry":{"type":"Point","coordinates":[-76.621062,39.3279],"crs":null},"id":283,"type":"Feature","properties":{"magnetic_swipe":"Y","created_user":"indoors_owner","image_url":null,"geo_level":-1,"globalid":"{E0A00007-ADDB-468D-9483-F11408538216}","edit_comment":null,"change_type":null,"asset_id":"DOOR-001900","entrance_name":"Latrobe NW Basement Exit","last_edited_user":null,"use_type":null,"accessible_entrance":"N","project_number":null,"automatic_door":"N","facility_id":null,"last_edited_date":null,"validationstatus":0,"isa_sign":null,"created_date":1782760169000,"objectid":283}},{"geometry":{"type":"Point","coordinates":[-76.621059,39.328538],"crs":null},"id":285,"type":"Feature","properties":{"magnetic_swipe":"Y","created_user":"indoors_owner","image_url":null,"geo_level":0,"globalid":"{557DDA6A-4310-458C-8B99-EFF633D7E26B}","edit_comment":null,"change_type":null,"asset_id":"DOOR-001720","entrance_name":"Ames Hall Lower","last_edited_user":null,"use_type":null,"accessible_entrance":"Y","project_number":null,"automatic_door":"Y","facility_id":null,"last_edited_date":null,"validationstatus":0,"isa_sign":"Y","created_date":1782760169000,"objectid":285}},{"geometry":{"type":"Point","coordinates":[-76.623967,39.328178],"crs":null},"id":286,"type":"Feature","properties":{"magnetic_swipe":"N","created_user":"indoors_owner","image_url":null,"geo_level":1,"globalid":"{588D6271-5D7E-4143-AD4E-BEDD40BE62D1}","edit_comment":null,"change_type":null,"asset_id":"DOOR-000110","entrance_name":"Olin NW Corner Entrance","last_edited_user":null,"use_type":null,"accessible_entrance":"N","project_number":null,"automatic_door":"N","facility_id":null,"last_edited_date":null,"validationstatus":0,"isa_sign":null,"created_date":1782760169000,"objectid":286}},{"geometry":{"type":"Point","coordinates":[-76.620275,39.333009],"crs":null},"id":287,"type":"Feature","properties":{"magnetic_swipe":"Y","created_user":"indoors_owner","image_url":null,"geo_level":1,"globalid":"{33931F97-595C-49C6-B75A-DEB6F72A6692}","edit_comment":null,"change_type":null,"asset_id":"DOOR-002300","entrance_name":"Cordish Lacrosse Center","last_edited_user":null,"use_type":null,"accessible_entrance":"N","project_number":null,"automatic_door":"N","facility_id":null,"last_edited_date":null,"validationstatus":0,"isa_sign":null,"created_date":1782760169000,"objectid":287}},{"geometry":{"type":"Point","coordinates":[-76.620153,39.333118],"crs":null},"id":288,"type":"Feature","properties":{"magnetic_swipe":"Y","created_user":"indoors_owner","image_url":null,"geo_level":1,"globalid":"{48365388-209D-4B86-AA7A-4CAA918B447D}","edit_comment":null,"change_type":null,"asset_id":"DOOR-002390","entrance_name":"Cordish Lacrosse Center","last_edited_user":null,"use_type":null,"accessible_entrance":"N","project_number":null,"automatic_door":"N","facility_id":null,"last_edited_date":null,"validationstatus":0,"isa_sign":null,"created_date":1782760169000,"objectid":288}},{"geometry":{"type":"Point","coordinates":[-76.619939,39.333091],"crs":null},"id":289,"type":"Feature","properties":{"magnetic_swipe":"N","created_user":"indoors_owner","image_url":null,"geo_level":1,"globalid":"{35F6371D-0B23-426B-8421-7C249714B074}","edit_comment":null,"change_type":null,"asset_id":"DOOR-002500","entrance_name":"Cordish Lacrosse Center Back Entrance","last_edited_user":null,"use_type":null,"accessible_entrance":"N","project_number":null,"automatic_door":"N","facility_id":null,"last_edited_date":null,"validationstatus":0,"isa_sign":null,"created_date":1782760169000,"objectid":289}},{"geometry":{"type":"Point","coordinates":[-76.620209,39.332848],"crs":null},"id":290,"type":"Feature","properties":{"magnetic_swipe":"N","created_user":"indoors_owner","image_url":null,"geo_level":1,"globalid":"{CEC8C512-E022-40AD-959A-91EB4233C962}","edit_comment":null,"change_type":null,"asset_id":"DOOR-002380","entrance_name":"Cordish Lacrosse Center Back Entrance","last_edited_user":null,"use_type":null,"accessible_entrance":"N","project_number":null,"automatic_door":"N","facility_id":null,"last_edited_date":null,"validationstatus":0,"isa_sign":null,"created_date":1782760169000,"objectid":290}},{"geometry":{"type":"Point","coordinates":[-76.623754,39.327927],"crs":null},"id":291,"type":"Feature","properties":{"magnetic_swipe":"N","created_user":"indoors_owner","image_url":null,"geo_level":3,"globalid":"{45C29DA4-8218-4812-8E09-ABCA0CE6E565}","edit_comment":null,"change_type":null,"asset_id":"DOOR-000200","entrance_name":"South Patio Exit Only","last_edited_user":null,"use_type":null,"accessible_entrance":"N","project_number":null,"automatic_door":"N","facility_id":null,"last_edited_date":null,"validationstatus":0,"isa_sign":null,"created_date":1782760169000,"objectid":291}},{"geometry":{"type":"Point","coordinates":[-76.623799,39.327919],"crs":null},"id":292,"type":"Feature","properties":{"magnetic_swipe":"N","created_user":"indoors_owner","image_url":null,"geo_level":2,"globalid":"{DBF11929-A41F-46BD-B57B-912F8CB75608}","edit_comment":null,"change_type":null,"asset_id":"DOOR-000190","entrance_name":"South Lecture Hall Entrance","last_edited_user":null,"use_type":null,"accessible_entrance":"N","project_number":null,"automatic_door":"N","facility_id":null,"last_edited_date":null,"validationstatus":0,"isa_sign":null,"created_date":1782760169000,"objectid":292}},{"geometry":{"type":"Point","coordinates":[-76.623378,39.328191],"crs":null},"id":293,"type":"Feature","properties":{"magnetic_swipe":"N","created_user":"indoors_owner","image_url":null,"geo_level":1,"globalid":"{53E62F4B-CE5A-4F6C-ABEA-82940853B5DC}","edit_comment":null,"change_type":null,"asset_id":"DOOR-000250","entrance_name":"Olin NW Corner Door","last_edited_user":null,"use_type":null,"accessible_entrance":"N","project_number":null,"automatic_door":"N","facility_id":null,"last_edited_date":null,"validationstatus":0,"isa_sign":null,"created_date":1782760169000,"objectid":293}},{"geometry":{"type":"Point","coordinates":[-76.623902,39.328034],"crs":null},"id":294,"type":"Feature","properties":{"magnetic_swipe":null,"created_user":"indoors_owner","image_url":null,"geo_level":1,"globalid":"{E14D67B5-BF84-4E90-9C6E-0360A7D7DCB2}","edit_comment":null,"change_type":null,"asset_id":"DOOR-000160","entrance_name":"Back Entrance","last_edited_user":null,"use_type":null,"accessible_entrance":"N","project_number":null,"automatic_door":"N","facility_id":null,"last_edited_date":null,"validationstatus":0,"isa_sign":null,"created_date":1782760169000,"objectid":294}},{"geometry":{"type":"Point","coordinates":[-76.621019,39.326833],"crs":null},"id":295,"type":"Feature","properties":{"magnetic_swipe":"N","created_user":"indoors_owner","image_url":null,"geo_level":1,"globalid":"{835214F1-3DE7-4CD5-8794-3B78B05FCC75}","edit_comment":null,"change_type":null,"asset_id":"DOOR-001760","entrance_name":"Hackerman Hall","last_edited_user":null,"use_type":null,"accessible_entrance":"Y","project_number":null,"automatic_door":"N","facility_id":null,"last_edited_date":null,"validationstatus":0,"isa_sign":null,"created_date":1782760169000,"objectid":295}},{"geometry":{"type":"Point","coordinates":[-76.623553,39.330633],"crs":null},"id":296,"type":"Feature","properties":{"magnetic_swipe":"N","created_user":"indoors_owner","image_url":null,"geo_level":1,"globalid":"{B6DEB94C-9592-4C3A-893E-7A3670A510B8}","edit_comment":null,"change_type":null,"asset_id":"DOOR-000230","entrance_name":"San Martin Center Stair Entrance","last_edited_user":null,"use_type":null,"accessible_entrance":"N","project_number":null,"automatic_door":"N","facility_id":null,"last_edited_date":null,"validationstatus":2,"isa_sign":null,"created_date":1782760169000,"objectid":296}},{"geometry":{"type":"Point","coordinates":[-76.62238,39.327055],"crs":null},"id":297,"type":"Feature","properties":{"magnetic_swipe":"N","created_user":"indoors_owner","image_url":null,"geo_level":-1,"globalid":"{7142533F-115D-437D-803A-B6E478E3F9E1}","edit_comment":null,"change_type":null,"asset_id":"DOOR-000830","entrance_name":"Clark Hall Basement Rear Exit","last_edited_user":null,"use_type":null,"accessible_entrance":"N","project_number":null,"automatic_door":"N","facility_id":null,"last_edited_date":null,"validationstatus":0,"isa_sign":null,"created_date":1782760169000,"objectid":297}},{"geometry":{"type":"Point","coordinates":[-76.619924,39.327475],"crs":null},"id":298,"type":"Feature","properties":{"magnetic_swipe":"Y","created_user":"indoors_owner","image_url":null,"geo_level":-1,"globalid":"{89D5AB1D-AE82-4695-93A3-AED1A7E6E05C}","edit_comment":null,"change_type":null,"asset_id":"DOOR-002570","entrance_name":"Maryland Hall South Basement","last_edited_user":null,"use_type":"Not on Accessible Route","accessible_entrance":"Y","project_number":null,"automatic_door":"N","facility_id":null,"last_edited_date":null,"validationstatus":0,"isa_sign":"Y","created_date":1782760169000,"objectid":298}},{"geometry":{"type":"Point","coordinates":[-76.621105,39.329435],"crs":null},"id":299,"type":"Feature","properties":{"magnetic_swipe":"Y","created_user":"indoors_owner","image_url":null,"geo_level":2,"globalid":"{1C7A9E36-18B4-4010-B932-430836F416C7}","edit_comment":null,"change_type":null,"asset_id":"DOOR-001640","entrance_name":"Mergenthaler West Quad","last_edited_user":null,"use_type":null,"accessible_entrance":"Y","project_number":null,"automatic_door":"Y","facility_id":null,"last_edited_date":null,"validationstatus":0,"isa_sign":"Y","created_date":1782760169000,"objectid":299}},{"geometry":{"type":"Point","coordinates":[-76.621322,39.329239],"crs":null},"id":300,"type":"Feature","properties":{"magnetic_swipe":"Y","created_user":"indoors_owner","image_url":null,"geo_level":2,"globalid":"{E849912B-AB06-476D-AC97-2F9737023CF8}","edit_comment":null,"change_type":null,"asset_id":"DOOR-001510","entrance_name":"Gilman NE Corner Quad Entrance","last_edited_user":null,"use_type":null,"accessible_entrance":"N","project_number":null,"automatic_door":"N","facility_id":null,"last_edited_date":null,"validationstatus":0,"isa_sign":null,"created_date":1782760169000,"objectid":300}},{"geometry":{"type":"Point","coordinates":[-76.621348,39.329263],"crs":null},"id":301,"type":"Feature","properties":{"magnetic_swipe":"Y","created_user":"indoors_owner","image_url":null,"geo_level":2,"globalid":"{6646C2F6-0877-4A57-A92B-DC47A1FFD68E}","edit_comment":null,"change_type":null,"asset_id":"DOOR-001500","entrance_name":"Gilman Side Quad Entrance","last_edited_user":null,"use_type":null,"accessible_entrance":"N","project_number":null,"automatic_door":"N","facility_id":null,"last_edited_date":null,"validationstatus":0,"isa_sign":null,"created_date":1782760169000,"objectid":301}},{"geometry":{"type":"Point","coordinates":[-76.61889,39.329683],"crs":null},"id":305,"type":"Feature","properties":{"magnetic_swipe":"N","created_user":"indoors_owner","image_url":null,"geo_level":1,"globalid":"{E886AD88-DD64-4823-8B3B-250BAC97F984}","edit_comment":null,"change_type":null,"asset_id":"DOOR-003140","entrance_name":"Homewood Museum Back Entrance","last_edited_user":null,"use_type":null,"accessible_entrance":"N","project_number":null,"automatic_door":"N","facility_id":null,"last_edited_date":null,"validationstatus":0,"isa_sign":null,"created_date":1782760169000,"objectid":305}},{"geometry":{"type":"Point","coordinates":[-76.621645,39.328332],"crs":null},"id":306,"type":"Feature","properties":{"magnetic_swipe":"N","created_user":"indoors_owner","image_url":null,"geo_level":1,"globalid":"{26B32535-975B-4EF3-994C-0323C9E7F168}","edit_comment":null,"change_type":null,"asset_id":"DOOR-001310","entrance_name":"Levering/Glass Pavilion Entrance","last_edited_user":null,"use_type":null,"accessible_entrance":"N","project_number":null,"automatic_door":"N","facility_id":null,"last_edited_date":null,"validationstatus":0,"isa_sign":null,"created_date":1782760169000,"objectid":306}},{"geometry":{"type":"Point","coordinates":[-76.617552,39.331768],"crs":null},"id":307,"type":"Feature","properties":{"magnetic_swipe":"Y","created_user":"indoors_owner","image_url":null,"geo_level":-1,"globalid":"{DF19137F-BF28-4CE6-B8F9-3F3418BFF37D}","edit_comment":null,"change_type":null,"asset_id":"DOOR-003370","entrance_name":"Interfaith Center Side Entrance","last_edited_user":null,"use_type":null,"accessible_entrance":"N","project_number":null,"automatic_door":"N","facility_id":null,"last_edited_date":null,"validationstatus":0,"isa_sign":null,"created_date":1782760169000,"objectid":307}},{"geometry":{"type":"Point","coordinates":[-76.617294,39.331925],"crs":null},"id":309,"type":"Feature","properties":{"magnetic_swipe":"Y","created_user":"indoors_owner","image_url":null,"geo_level":1,"globalid":"{DA383E20-CBAD-4A39-A7FE-227C9736DF07}","edit_comment":null,"change_type":null,"asset_id":"DOOR-003390","entrance_name":"Interfaith Center Elevator Side ","last_edited_user":null,"use_type":null,"accessible_entrance":"Y","project_number":null,"automatic_door":"Y","facility_id":null,"last_edited_date":null,"validationstatus":0,"isa_sign":"Y","created_date":1782760169000,"objectid":309}},{"geometry":{"type":"Point","coordinates":[-76.619763,39.331386],"crs":null},"id":310,"type":"Feature","properties":{"magnetic_swipe":"N","created_user":"indoors_owner","image_url":null,"geo_level":0,"globalid":"{E726570B-4FB8-475C-9FE1-15B40E5F626A}","edit_comment":null,"change_type":null,"asset_id":"DOOR-002620","entrance_name":"Dining Hall Exit","last_edited_user":null,"use_type":null,"accessible_entrance":"N","project_number":null,"automatic_door":"Y","facility_id":null,"last_edited_date":null,"validationstatus":0,"isa_sign":null,"created_date":1782760169000,"objectid":310}},{"geometry":{"type":"Point","coordinates":[-76.61955,39.331162],"crs":null},"id":311,"type":"Feature","properties":{"magnetic_swipe":"Y","created_user":"indoors_owner","image_url":null,"geo_level":-1,"globalid":"{26779DCD-CC99-4FFE-819B-CAA610CD85F8}","edit_comment":null,"change_type":null,"asset_id":"DOOR-002730","entrance_name":"Alumni Memorial Residence Hall 2 G Lvl Office","last_edited_user":null,"use_type":null,"accessible_entrance":"N","project_number":null,"automatic_door":"Y","facility_id":null,"last_edited_date":null,"validationstatus":0,"isa_sign":null,"created_date":1782760169000,"objectid":311}},{"geometry":{"type":"Point","coordinates":[-76.621983,39.330177],"crs":null},"id":312,"type":"Feature","properties":{"magnetic_swipe":"N","created_user":"indoors_owner","image_url":null,"geo_level":0,"globalid":"{8620454D-7062-4BC9-A40B-F2089179689F}","edit_comment":null,"change_type":null,"asset_id":"DOOR-001070","entrance_name":"Johns Hopkins Club Back Exit","last_edited_user":null,"use_type":null,"accessible_entrance":"N","project_number":null,"automatic_door":"N","facility_id":null,"last_edited_date":null,"validationstatus":0,"isa_sign":null,"created_date":1782760169000,"objectid":312}},{"geometry":{"type":"Point","coordinates":[-76.625513,39.330926],"crs":null},"id":313,"type":"Feature","properties":{"magnetic_swipe":"N","created_user":"indoors_owner","image_url":null,"geo_level":1,"globalid":"{C2F37541-C610-4B59-9D28-BAE5E4E778EE}","edit_comment":null,"change_type":null,"asset_id":"DOOR-000010","entrance_name":"Fire Exit","last_edited_user":null,"use_type":null,"accessible_entrance":"N","project_number":null,"automatic_door":"N","facility_id":null,"last_edited_date":null,"validationstatus":0,"isa_sign":null,"created_date":1782760169000,"objectid":313}},{"geometry":{"type":"Point","coordinates":[-76.623618,39.332342],"crs":null},"id":314,"type":"Feature","properties":{"magnetic_swipe":"N","created_user":"indoors_owner","image_url":null,"geo_level":1,"globalid":"{9032111E-4F61-4456-909C-29371734DD78}","edit_comment":null,"change_type":null,"asset_id":"DOOR-000210","entrance_name":"Side Utility Door","last_edited_user":null,"use_type":null,"accessible_entrance":"N","project_number":null,"automatic_door":"N","facility_id":null,"last_edited_date":null,"validationstatus":0,"isa_sign":null,"created_date":1782760169000,"objectid":314}},{"geometry":{"type":"Point","coordinates":[-76.620907,39.332149],"crs":null},"id":319,"type":"Feature","properties":{"magnetic_swipe":"N","created_user":"indoors_owner","image_url":null,"geo_level":2,"globalid":"{0103436E-7F9C-4F11-A6D6-B2D17925BF92}","edit_comment":null,"change_type":null,"asset_id":"DOOR-001830","entrance_name":null,"last_edited_user":null,"use_type":null,"accessible_entrance":"N","project_number":null,"automatic_door":"N","facility_id":null,"last_edited_date":null,"validationstatus":0,"isa_sign":null,"created_date":1782760169000,"objectid":319}},{"geometry":{"type":"Point","coordinates":[-76.622398,39.327809],"crs":null},"id":320,"type":"Feature","properties":{"magnetic_swipe":null,"created_user":"indoors_owner","image_url":null,"geo_level":1,"globalid":"{D21107A2-F435-4197-B036-13780E34C077}","edit_comment":null,"change_type":null,"asset_id":"DOOR-000810","entrance_name":"Hodson Stair","last_edited_user":null,"use_type":null,"accessible_entrance":"N","project_number":null,"automatic_door":null,"facility_id":null,"last_edited_date":null,"validationstatus":0,"isa_sign":null,"created_date":1782760169000,"objectid":320}},{"geometry":{"type":"Point","coordinates":[-76.621723,39.334561],"crs":null},"id":321,"type":"Feature","properties":{"magnetic_swipe":null,"created_user":"indoors_owner","image_url":null,"geo_level":1,"globalid":"{11E6C070-1330-40A4-9DC9-37A261EC37F5}","edit_comment":null,"change_type":null,"asset_id":"DOOR-001240","entrance_name":"Imagine Center Main","last_edited_user":null,"use_type":null,"accessible_entrance":"Y","project_number":null,"automatic_door":"Y","facility_id":null,"last_edited_date":null,"validationstatus":0,"isa_sign":"N","created_date":1782760169000,"objectid":321}},{"geometry":{"type":"Point","coordinates":[-76.622001,39.334551],"crs":null},"id":322,"type":"Feature","properties":{"magnetic_swipe":null,"created_user":"indoors_owner","image_url":null,"geo_level":0,"globalid":"{D4246F41-7329-4E98-893B-80AA55018558}","edit_comment":null,"change_type":null,"asset_id":"DOOR-001050","entrance_name":"113 W University Rear","last_edited_user":null,"use_type":null,"accessible_entrance":"N","project_number":null,"automatic_door":null,"facility_id":null,"last_edited_date":null,"validationstatus":0,"isa_sign":null,"created_date":1782760169000,"objectid":322}},{"geometry":{"type":"Point","coordinates":[-76.617583,39.331201],"crs":null},"id":323,"type":"Feature","properties":{"magnetic_swipe":null,"created_user":"indoors_owner","image_url":null,"geo_level":1,"globalid":"{A687E81C-AF62-46F9-9E54-94678BE88F41}","edit_comment":null,"change_type":null,"asset_id":"DOOR-003400","entrance_name":"3505 N Charles Main","last_edited_user":null,"use_type":null,"accessible_entrance":"Y","project_number":null,"automatic_door":"N","facility_id":null,"last_edited_date":null,"validationstatus":0,"isa_sign":"N","created_date":1782760169000,"objectid":323}},{"geometry":{"type":"Point","coordinates":[-76.616825,39.329389],"crs":null},"id":324,"type":"Feature","properties":{"magnetic_swipe":null,"created_user":"indoors_owner","image_url":null,"geo_level":0,"globalid":"{874D0508-A8EF-4A01-8EC6-93DEEE20D16F}","edit_comment":null,"change_type":null,"asset_id":"DOOR-003410","entrance_name":"McCoy Hall Main on 34th adjacent to stair","last_edited_user":null,"use_type":null,"accessible_entrance":"Y","project_number":null,"automatic_door":"Y","facility_id":null,"last_edited_date":null,"validationstatus":0,"isa_sign":"N","created_date":1782760169000,"objectid":324}},{"geometry":{"type":"Point","coordinates":[-76.616774,39.329075],"crs":null},"id":325,"type":"Feature","properties":{"magnetic_swipe":null,"created_user":"indoors_owner","image_url":null,"geo_level":1,"globalid":"{B238164D-B1A5-47D8-95D6-42C9B072E29D}","edit_comment":null,"change_type":null,"asset_id":"DOOR-003420","entrance_name":"Wolman Hall Main on 34th","last_edited_user":null,"use_type":null,"accessible_entrance":"Y","project_number":null,"automatic_door":"Y","facility_id":null,"last_edited_date":null,"validationstatus":0,"isa_sign":"N","created_date":1782760169000,"objectid":325}},{"geometry":{"type":"Point","coordinates":[-76.617383,39.32835],"crs":null},"id":326,"type":"Feature","properties":{"magnetic_swipe":null,"created_user":"indoors_owner","image_url":null,"geo_level":2,"globalid":"{EBF6013A-FCE4-48F0-9659-F9345AB73D73}","edit_comment":null,"change_type":null,"asset_id":"DOOR-003430","entrance_name":"Scott Tower Main Charles St","last_edited_user":null,"use_type":null,"accessible_entrance":"Y","project_number":null,"automatic_door":"Y","facility_id":null,"last_edited_date":null,"validationstatus":0,"isa_sign":"N","created_date":1782760169000,"objectid":326}},{"geometry":{"type":"Point","coordinates":[-76.617085,39.325936],"crs":null},"id":327,"type":"Feature","properties":{"magnetic_swipe":null,"created_user":"indoors_owner","image_url":null,"geo_level":1,"globalid":"{B3C65989-724A-47A0-82F0-12814D031664}","edit_comment":null,"change_type":null,"asset_id":"DOOR-003450","entrance_name":"3101 N Charles Main","last_edited_user":null,"use_type":null,"accessible_entrance":"Y","project_number":null,"automatic_door":"N","facility_id":null,"last_edited_date":null,"validationstatus":0,"isa_sign":"N","created_date":1782760169000,"objectid":327}},{"geometry":{"type":"Point","coordinates":[-76.617173,39.326479],"crs":null},"id":328,"type":"Feature","properties":{"magnetic_swipe":null,"created_user":"indoors_owner","image_url":null,"geo_level":1,"globalid":"{E231159E-5C8A-4D3F-9854-F48BA1E55A13}","edit_comment":null,"change_type":null,"asset_id":"DOOR-003440","entrance_name":"Smokler Center Main","last_edited_user":null,"use_type":null,"accessible_entrance":"Y","project_number":null,"automatic_door":"N","facility_id":null,"last_edited_date":null,"validationstatus":0,"isa_sign":"N","created_date":1782760169000,"objectid":328}},{"geometry":{"type":"Point","coordinates":[-76.616882,39.325709],"crs":null},"id":329,"type":"Feature","properties":{"magnetic_swipe":null,"created_user":"indoors_owner","image_url":null,"geo_level":1,"globalid":"{CAEBBE5F-BB2B-4DCE-BD55-876FBF3A47D5}","edit_comment":null,"change_type":null,"asset_id":"DOOR-003460","entrance_name":"Homewood Apartments 31st Street","last_edited_user":null,"use_type":null,"accessible_entrance":"Y","project_number":null,"automatic_door":"N","facility_id":null,"last_edited_date":null,"validationstatus":0,"isa_sign":"N","created_date":1782760169000,"objectid":329}},{"geometry":{"type":"Point","coordinates":[-76.616927,39.325089],"crs":null},"id":330,"type":"Feature","properties":{"magnetic_swipe":null,"created_user":"indoors_owner","image_url":null,"geo_level":0,"globalid":"{F88764A8-F81C-4702-BE7B-5BE3D073061E}","edit_comment":null,"change_type":null,"asset_id":"DOOR-003470","entrance_name":"Homewood Apartment Terrace Center","last_edited_user":null,"use_type":null,"accessible_entrance":"Y","project_number":null,"automatic_door":"Y","facility_id":null,"last_edited_date":null,"validationstatus":0,"isa_sign":"N","created_date":1782760169000,"objectid":330}},{"geometry":{"type":"Point","coordinates":[-76.616881,39.324761],"crs":null},"id":331,"type":"Feature","properties":{"magnetic_swipe":null,"created_user":"indoors_owner","image_url":null,"geo_level":1,"globalid":"{C82F39DE-3AC3-4F22-9835-C177FF1E015F}","edit_comment":null,"change_type":null,"asset_id":"DOOR-003480","entrance_name":"Homewood Apartments Terrace South","last_edited_user":null,"use_type":null,"accessible_entrance":"Y","project_number":null,"automatic_door":"Y","facility_id":null,"last_edited_date":null,"validationstatus":0,"isa_sign":"N","created_date":1782760169000,"objectid":331}},{"geometry":{"type":"Point","coordinates":[-76.61883,39.331237],"crs":null},"id":332,"type":"Feature","properties":{"magnetic_swipe":null,"created_user":"indoors_owner","image_url":null,"geo_level":1,"globalid":"{FFFD4F30-F729-4D34-8EBF-EF759F904A0D}","edit_comment":null,"change_type":null,"asset_id":null,"entrance_name":null,"last_edited_user":null,"use_type":null,"accessible_entrance":"N","project_number":null,"automatic_door":null,"facility_id":null,"last_edited_date":null,"validationstatus":0,"isa_sign":null,"created_date":1782760169000,"objectid":332}},{"geometry":{"type":"Point","coordinates":[-76.621302,39.333166],"crs":null},"id":333,"type":"Feature","properties":{"magnetic_swipe":null,"created_user":"indoors_owner","image_url":null,"geo_level":2,"globalid":"{5BD3D627-B4C7-45E5-9C55-DB1CDE9ECC40}","edit_comment":null,"change_type":null,"asset_id":null,"entrance_name":null,"last_edited_user":null,"use_type":null,"accessible_entrance":"N","project_number":null,"automatic_door":null,"facility_id":null,"last_edited_date":null,"validationstatus":0,"isa_sign":null,"created_date":1782760169000,"objectid":333}},{"geometry":{"type":"Point","coordinates":[-76.622956,39.331888],"crs":null},"id":334,"type":"Feature","properties":{"magnetic_swipe":null,"created_user":"indoors_owner","image_url":null,"geo_level":2,"globalid":"{453DE900-6B31-4EED-AB50-46AD7F020A7A}","edit_comment":null,"change_type":null,"asset_id":null,"entrance_name":null,"last_edited_user":null,"use_type":null,"accessible_entrance":"N","project_number":null,"automatic_door":null,"facility_id":null,"last_edited_date":null,"validationstatus":0,"isa_sign":null,"created_date":1782760169000,"objectid":334}},{"geometry":{"type":"Point","coordinates":[-76.61702,39.324723],"crs":null},"id":335,"type":"Feature","properties":{"magnetic_swipe":null,"created_user":"indoors_owner","image_url":null,"geo_level":1,"globalid":"{7F60D0A6-30F7-47FF-8F05-A2F16E9B3CAD}","edit_comment":null,"change_type":null,"asset_id":"DOOR-003580","entrance_name":null,"last_edited_user":null,"use_type":null,"accessible_entrance":"N","project_number":null,"automatic_door":null,"facility_id":null,"last_edited_date":null,"validationstatus":0,"isa_sign":null,"created_date":1782760169000,"objectid":335}},{"geometry":{"type":"Point","coordinates":[-76.617134,39.324629],"crs":null},"id":336,"type":"Feature","properties":{"magnetic_swipe":null,"created_user":"indoors_owner","image_url":null,"geo_level":1,"globalid":"{C6547495-5B06-4A78-9F19-EBB56F770BD3}","edit_comment":null,"change_type":null,"asset_id":"DOOR-003570","entrance_name":null,"last_edited_user":null,"use_type":null,"accessible_entrance":"N","project_number":null,"automatic_door":null,"facility_id":null,"last_edited_date":null,"validationstatus":0,"isa_sign":null,"created_date":1782760169000,"objectid":336}},{"geometry":{"type":"Point","coordinates":[-76.617227,39.326089],"crs":null},"id":337,"type":"Feature","properties":{"magnetic_swipe":null,"created_user":"indoors_owner","image_url":null,"geo_level":1,"globalid":"{6C07E5F0-A7BF-4917-A9BD-63AE1057E7CF}","edit_comment":null,"change_type":null,"asset_id":"DOOR-003590","entrance_name":null,"last_edited_user":null,"use_type":null,"accessible_entrance":"N","project_number":null,"automatic_door":null,"facility_id":null,"last_edited_date":null,"validationstatus":0,"isa_sign":null,"created_date":1782760169000,"objectid":337}},{"geometry":{"type":"Point","coordinates":[-76.617237,39.32621],"crs":null},"id":338,"type":"Feature","properties":{"magnetic_swipe":null,"created_user":"indoors_owner","image_url":null,"geo_level":1,"globalid":"{AB6EC150-DC5D-4D41-A22F-4450533B1583}","edit_comment":null,"change_type":null,"asset_id":"DOOR-003610","entrance_name":null,"last_edited_user":null,"use_type":null,"accessible_entrance":"N","project_number":null,"automatic_door":null,"facility_id":null,"last_edited_date":null,"validationstatus":0,"isa_sign":null,"created_date":1782760169000,"objectid":338}},{"geometry":{"type":"Point","coordinates":[-76.617272,39.326714],"crs":null},"id":339,"type":"Feature","properties":{"magnetic_swipe":null,"created_user":"indoors_owner","image_url":null,"geo_level":1,"globalid":"{EA2DD61E-6B7A-4540-95A1-2C2EFC4DAE19}","edit_comment":null,"change_type":null,"asset_id":"DOOR-003600","entrance_name":null,"last_edited_user":null,"use_type":null,"accessible_entrance":"N","project_number":null,"automatic_door":null,"facility_id":null,"last_edited_date":null,"validationstatus":0,"isa_sign":null,"created_date":1782760169000,"objectid":339}},{"geometry":{"type":"Point","coordinates":[-76.617332,39.327617],"crs":null},"id":340,"type":"Feature","properties":{"magnetic_swipe":null,"created_user":"indoors_owner","image_url":null,"geo_level":1,"globalid":"{F3D8AA85-D2DA-4FD1-AAB8-C27B64498971}","edit_comment":null,"change_type":null,"asset_id":"DOOR-003620","entrance_name":null,"last_edited_user":null,"use_type":null,"accessible_entrance":"N","project_number":null,"automatic_door":null,"facility_id":null,"last_edited_date":null,"validationstatus":0,"isa_sign":null,"created_date":1782760169000,"objectid":340}},{"geometry":{"type":"Point","coordinates":[-76.617182,39.327684],"crs":null},"id":341,"type":"Feature","properties":{"magnetic_swipe":null,"created_user":"indoors_owner","image_url":null,"geo_level":1,"globalid":"{F18DC46F-956A-4F8F-91F9-6148AA3760E2}","edit_comment":null,"change_type":null,"asset_id":"DOOR-003630","entrance_name":null,"last_edited_user":null,"use_type":null,"accessible_entrance":"N","project_number":null,"automatic_door":null,"facility_id":null,"last_edited_date":null,"validationstatus":0,"isa_sign":null,"created_date":1782760169000,"objectid":341}},{"geometry":{"type":"Point","coordinates":[-76.617337,39.327857],"crs":null},"id":342,"type":"Feature","properties":{"magnetic_swipe":null,"created_user":"indoors_owner","image_url":null,"geo_level":1,"globalid":"{2FF1494A-C3C0-4760-B2AC-1CDBE8E6F344}","edit_comment":null,"change_type":null,"asset_id":"DOOR-003640","entrance_name":null,"last_edited_user":null,"use_type":null,"accessible_entrance":"N","project_number":null,"automatic_door":null,"facility_id":null,"last_edited_date":null,"validationstatus":0,"isa_sign":null,"created_date":1782760169000,"objectid":342}},{"geometry":{"type":"Point","coordinates":[-76.616734,39.32828],"crs":null},"id":343,"type":"Feature","properties":{"magnetic_swipe":null,"created_user":"indoors_owner","image_url":null,"geo_level":1,"globalid":"{FD3BBAF7-2024-440C-9D03-59D978B81DC9}","edit_comment":null,"change_type":null,"asset_id":"DOOR-003660","entrance_name":null,"last_edited_user":null,"use_type":null,"accessible_entrance":"N","project_number":null,"automatic_door":null,"facility_id":null,"last_edited_date":null,"validationstatus":0,"isa_sign":null,"created_date":1782760169000,"objectid":343}},{"geometry":{"type":"Point","coordinates":[-76.617391,39.32864],"crs":null},"id":344,"type":"Feature","properties":{"magnetic_swipe":null,"created_user":"indoors_owner","image_url":null,"geo_level":1,"globalid":"{DD22C373-F1E0-4637-8EC9-078D52ECCBB0}","edit_comment":null,"change_type":null,"asset_id":"DOOR-003680","entrance_name":null,"last_edited_user":null,"use_type":null,"accessible_entrance":"N","project_number":null,"automatic_door":null,"facility_id":null,"last_edited_date":null,"validationstatus":0,"isa_sign":null,"created_date":1782760169000,"objectid":344}},{"geometry":{"type":"Point","coordinates":[-76.616786,39.329392],"crs":null},"id":345,"type":"Feature","properties":{"magnetic_swipe":null,"created_user":"indoors_owner","image_url":null,"geo_level":1,"globalid":"{94CF17B5-A280-461C-853E-EB6765884861}","edit_comment":null,"change_type":null,"asset_id":"DOOR-003690","entrance_name":"McCoy Hall 1st Floor Stair Entrance","last_edited_user":null,"use_type":null,"accessible_entrance":"N","project_number":null,"automatic_door":null,"facility_id":null,"last_edited_date":null,"validationstatus":0,"isa_sign":null,"created_date":1782760169000,"objectid":345}},{"geometry":{"type":"Point","coordinates":[-76.616999,39.329382],"crs":null},"id":346,"type":"Feature","properties":{"magnetic_swipe":null,"created_user":"indoors_owner","image_url":null,"geo_level":0,"globalid":"{93980838-18C3-4645-9EEF-FD5DE91332B1}","edit_comment":null,"change_type":null,"asset_id":"DOOR-003700","entrance_name":null,"last_edited_user":null,"use_type":null,"accessible_entrance":"N","project_number":null,"automatic_door":null,"facility_id":null,"last_edited_date":null,"validationstatus":0,"isa_sign":null,"created_date":1782760169000,"objectid":346}},{"geometry":{"type":"Point","coordinates":[-76.619661,39.331765],"crs":null},"id":347,"type":"Feature","properties":{"magnetic_swipe":null,"created_user":"indoors_owner","image_url":null,"geo_level":2,"globalid":"{D1B5A693-D1A5-46BC-B89F-41E0D1DD3020}","edit_comment":null,"change_type":null,"asset_id":null,"entrance_name":null,"last_edited_user":null,"use_type":null,"accessible_entrance":"Y","project_number":null,"automatic_door":null,"facility_id":null,"last_edited_date":null,"validationstatus":0,"isa_sign":null,"created_date":1782760169000,"objectid":347}},{"geometry":{"type":"Point","coordinates":[-76.619837,39.331657],"crs":null},"id":348,"type":"Feature","properties":{"magnetic_swipe":null,"created_user":"indoors_owner","image_url":null,"geo_level":2,"globalid":"{E0DE4552-7248-4CDB-B4CE-4171B1316EC2}","edit_comment":null,"change_type":null,"asset_id":null,"entrance_name":null,"last_edited_user":null,"use_type":null,"accessible_entrance":"N","project_number":null,"automatic_door":null,"facility_id":null,"last_edited_date":null,"validationstatus":0,"isa_sign":null,"created_date":1782760169000,"objectid":348}},{"geometry":{"type":"Point","coordinates":[-76.619585,39.331394],"crs":null},"id":349,"type":"Feature","properties":{"magnetic_swipe":null,"created_user":"indoors_owner","image_url":null,"geo_level":0,"globalid":"{1888A281-F334-4CD0-881B-7389A9064203}","edit_comment":null,"change_type":null,"asset_id":null,"entrance_name":null,"last_edited_user":null,"use_type":null,"accessible_entrance":"N","project_number":null,"automatic_door":null,"facility_id":null,"last_edited_date":null,"validationstatus":1,"isa_sign":null,"created_date":1782760169000,"objectid":349}},{"geometry":{"type":"Point","coordinates":[-76.616734,39.32828],"crs":null},"id":350,"type":"Feature","properties":{"magnetic_swipe":null,"created_user":"indoors_owner","image_url":null,"geo_level":1,"globalid":"{DA0533F6-40BC-408C-9292-247E72AC8DC7}","edit_comment":null,"change_type":null,"asset_id":"DOOR-003670","entrance_name":null,"last_edited_user":null,"use_type":null,"accessible_entrance":"Y","project_number":null,"automatic_door":null,"facility_id":null,"last_edited_date":null,"validationstatus":0,"isa_sign":null,"created_date":1782760169000,"objectid":350}},{"geometry":{"type":"Point","coordinates":[-76.617341,39.327856],"crs":null},"id":351,"type":"Feature","properties":{"magnetic_swipe":null,"created_user":"indoors_owner","image_url":null,"geo_level":1,"globalid":"{EAD2FE7B-FE09-4F3E-BE5F-F67B311AD50E}","edit_comment":null,"change_type":null,"asset_id":"DOOR-003650","entrance_name":null,"last_edited_user":null,"use_type":null,"accessible_entrance":"Y","project_number":null,"automatic_door":null,"facility_id":null,"last_edited_date":null,"validationstatus":0,"isa_sign":null,"created_date":1782760169000,"objectid":351}},{"geometry":{"type":"Point","coordinates":[-76.618037,39.327677],"crs":null},"id":353,"type":"Feature","properties":{"magnetic_swipe":"Y","created_user":"indoors_owner","image_url":"https://map.jhu.edu/Docs/Photos/EntrancePhotos/HomewoodCampus/Entrances-DOOR-003520.jpg","geo_level":1,"globalid":"{2EDD38F9-9139-47AC-96C5-CC42D4C6877D}","edit_comment":null,"change_type":null,"asset_id":"DOOR-003520","entrance_name":"Bloomberg Student Center Charles Street Entrance","last_edited_user":null,"use_type":null,"accessible_entrance":"Y","project_number":null,"automatic_door":"Y","facility_id":null,"last_edited_date":null,"validationstatus":0,"isa_sign":"N","created_date":1782760169000,"objectid":353}},{"geometry":{"type":"Point","coordinates":[-76.618262,39.327518],"crs":null},"id":354,"type":"Feature","properties":{"magnetic_swipe":"Y","created_user":"indoors_owner","image_url":"https://map.jhu.edu/Docs/Photos/EntrancePhotos/HomewoodCampus/Entrances-DOOR-003530.jpg","geo_level":1,"globalid":"{2B5E317C-543E-4AEB-8F38-6C638FEBA22A}","edit_comment":null,"change_type":null,"asset_id":"DOOR-003530","entrance_name":"Bloomberg Student Center Charles Street Entrance","last_edited_user":null,"use_type":null,"accessible_entrance":"Y","project_number":null,"automatic_door":"Y","facility_id":null,"last_edited_date":null,"validationstatus":0,"isa_sign":"N","created_date":1782760169000,"objectid":354}},{"geometry":{"type":"Point","coordinates":[-76.618033,39.327969],"crs":null},"id":355,"type":"Feature","properties":{"magnetic_swipe":"Y","created_user":"indoors_owner","image_url":"https://map.jhu.edu/Docs/Photos/EntrancePhotos/HomewoodCampus/Entrances-DOOR-003510.jpg","geo_level":2,"globalid":"{8732BA70-309A-47A7-8D36-84D12262B46D}","edit_comment":null,"change_type":null,"asset_id":"DOOR-003510","entrance_name":"Bloomberg Student Center Charles Street Entrance","last_edited_user":null,"use_type":null,"accessible_entrance":"Y","project_number":null,"automatic_door":"Y","facility_id":null,"last_edited_date":null,"validationstatus":0,"isa_sign":"N","created_date":1782760169000,"objectid":355}},{"geometry":{"type":"Point","coordinates":[-76.618629,39.328145],"crs":null},"id":356,"type":"Feature","properties":{"magnetic_swipe":"Y","created_user":"indoors_owner","image_url":"https://map.jhu.edu/Docs/Photos/EntrancePhotos/HomewoodCampus/Entrances-DOOR-003490.jpg","geo_level":4,"globalid":"{77959BA9-636F-4F6A-AA3C-712A98820D4A}","edit_comment":null,"change_type":null,"asset_id":"DOOR-003490","entrance_name":"Bloomberg Student Center Fourth Floor Entrance","last_edited_user":null,"use_type":null,"accessible_entrance":"Y","project_number":null,"automatic_door":"Y","facility_id":null,"last_edited_date":null,"validationstatus":0,"isa_sign":"N","created_date":1782760169000,"objectid":356}},{"geometry":{"type":"Point","coordinates":[-76.618859,39.327696],"crs":null},"id":357,"type":"Feature","properties":{"magnetic_swipe":"Y","created_user":"indoors_owner","image_url":"https://map.jhu.edu/Docs/Photos/EntrancePhotos/HomewoodCampus/Entrances-DOOR-003550.jpg","geo_level":2,"globalid":"{FABB157E-248F-434F-95CE-1ECE960DDDBA}","edit_comment":null,"change_type":null,"asset_id":"DOOR-003550","entrance_name":"Bloomberg Student Center SW Second Floor Entrance","last_edited_user":null,"use_type":null,"accessible_entrance":"Y","project_number":null,"automatic_door":"Y","facility_id":null,"last_edited_date":null,"validationstatus":0,"isa_sign":"N","created_date":1782760169000,"objectid":357}},{"geometry":{"type":"Point","coordinates":[-76.618874,39.327857],"crs":null},"id":359,"type":"Feature","properties":{"magnetic_swipe":"Y","created_user":"indoors_owner","image_url":"https://map.jhu.edu/Docs/Photos/EntrancePhotos/HomewoodCampus/Entrances-DOOR-003560.jpg","geo_level":3,"globalid":"{26482C74-5475-462E-A370-BF2926706C61}","edit_comment":null,"change_type":null,"asset_id":"DOOR-003560","entrance_name":"Bloomberg Student Center SW Third Floor Entrance","last_edited_user":null,"use_type":null,"accessible_entrance":"N","project_number":null,"automatic_door":"Y","facility_id":null,"last_edited_date":null,"validationstatus":0,"isa_sign":"N","created_date":1782760169000,"objectid":359}},{"geometry":{"type":"Point","coordinates":[-76.618316,39.328149],"crs":null},"id":360,"type":"Feature","properties":{"magnetic_swipe":"Y","created_user":"indoors_owner","image_url":null,"geo_level":3,"globalid":"{8BAB4077-7D03-4BE1-B8CF-9F10FE759001}","edit_comment":null,"change_type":null,"asset_id":"DOOR-003500","entrance_name":"Bloomberg Student Center NE Third Floor Entrance","last_edited_user":null,"use_type":null,"accessible_entrance":"N","project_number":null,"automatic_door":"N","facility_id":null,"last_edited_date":null,"validationstatus":0,"isa_sign":"N","created_date":1782760169000,"objectid":360}},{"geometry":{"type":"Point","coordinates":[-76.623173,39.326039],"crs":null},"id":362,"type":"Feature","properties":{"magnetic_swipe":null,"created_user":"indoors_owner","image_url":null,"geo_level":1,"globalid":"{EF2535C8-36C0-49BF-9E61-B2357F465221}","edit_comment":null,"change_type":null,"asset_id":null,"entrance_name":null,"last_edited_user":null,"use_type":null,"accessible_entrance":"Y","project_number":null,"automatic_door":null,"facility_id":"0056","last_edited_date":null,"validationstatus":0,"isa_sign":null,"created_date":1782760169000,"objectid":362}},{"geometry":{"type":"Point","coordinates":[-76.623191,39.326062],"crs":null},"id":363,"type":"Feature","properties":{"magnetic_swipe":null,"created_user":"indoors_owner","image_url":null,"geo_level":1,"globalid":"{46263F38-D6CA-4502-B41B-19B5915102C8}","edit_comment":null,"change_type":null,"asset_id":null,"entrance_name":null,"last_edited_user":null,"use_type":null,"accessible_entrance":"Y","project_number":null,"automatic_door":null,"facility_id":"0056","last_edited_date":null,"validationstatus":0,"isa_sign":null,"created_date":1782760169000,"objectid":363}},{"geometry":{"type":"Point","coordinates":[-76.623205,39.3262],"crs":null},"id":364,"type":"Feature","properties":{"magnetic_swipe":null,"created_user":"indoors_owner","image_url":null,"geo_level":1,"globalid":"{F9111D36-5A68-4E2D-A048-7E584D606AD6}","edit_comment":null,"change_type":null,"asset_id":null,"entrance_name":null,"last_edited_user":null,"use_type":null,"accessible_entrance":"Y","project_number":null,"automatic_door":null,"facility_id":"0056","last_edited_date":null,"validationstatus":0,"isa_sign":null,"created_date":1782760169000,"objectid":364}}]}