{"type":"FeatureCollection","features":[{"geometry":{"type":"Polygon","coordinates":[[[-76.616879,39.321508],[-76.61688,39.321522],[-76.616965,39.321519],[-76.617039,39.321515],[-76.61704,39.321515],[-76.61704,39.321514],[-76.617038,39.321494],[-76.617038,39.321483],[-76.617036,39.321468],[-76.616997,39.321469],[-76.616891,39.321474],[-76.616794,39.321478],[-76.616797,39.321519],[-76.616857,39.321516],[-76.616857,39.321509],[-76.616879,39.321508]]],"crs":null},"id":127,"type":"Feature","properties":{"address":"2731 N Charles St","below_grade":"N","levels_above_ground":null,"created_user":"portaladmin","name_alias":null,"primary_use":null,"campus":"Homewood Off","image_url":null,"height_relative":null,"globalid":"{F7B9EC01-2C4B-4FDB-8F28-3F548EEC4567}","last_edited_user":"portaladmin","archibus_id":"0741","name_long":"2731 N Charles St","name":"2731 N Charles St","site_id":"Homewood Campus","facility_id":"0741","last_edited_date":1762290934000,"validationstatus":2,"created_date":1762290934000,"SHAPE__Length":177.34083197350282,"objectid":127,"SHAPE__Area":1123.7079043939318}},{"geometry":{"type":"Polygon","coordinates":[[[-76.6168,39.321568],[-76.6168,39.32157],[-76.616865,39.321568],[-76.617043,39.32156],[-76.617042,39.321547],[-76.617041,39.32153],[-76.617041,39.321528],[-76.61704,39.321517],[-76.61704,39.321515],[-76.617039,39.321515],[-76.616965,39.321519],[-76.61688,39.321522],[-76.616881,39.321536],[-76.616874,39.321536],[-76.616858,39.321537],[-76.616858,39.32153],[-76.616814,39.321532],[-76.616797,39.321532],[-76.616797,39.321533],[-76.6168,39.321568]]],"crs":null},"id":128,"type":"Feature","properties":{"address":"2733 N Charles St","below_grade":"N","levels_above_ground":null,"created_user":"portaladmin","name_alias":null,"primary_use":null,"campus":"Homewood Off","image_url":null,"height_relative":null,"globalid":"{9B9E8F66-354E-462C-9BAE-137EEA57C954}","last_edited_user":"portaladmin","archibus_id":"0742","name_long":"2733 N Charles St","name":"2733 N Charles St","site_id":"Homewood Campus","facility_id":"0742","last_edited_date":1762290934000,"validationstatus":2,"created_date":1762290934000,"SHAPE__Length":175.39957964065755,"objectid":128,"SHAPE__Area":1047.013728784326}},{"geometry":{"type":"Polygon","coordinates":[[[-76.622086,39.32187],[-76.622123,39.321917],[-76.622162,39.321966],[-76.622201,39.322015],[-76.622221,39.322041],[-76.62227,39.322018],[-76.622375,39.321968],[-76.622479,39.321919],[-76.622583,39.321869],[-76.622675,39.321826],[-76.622621,39.321757],[-76.622553,39.321671],[-76.622487,39.321587],[-76.62242,39.321502],[-76.622372,39.321441],[-76.622364,39.321444],[-76.622364,39.321444],[-76.622358,39.321447],[-76.622357,39.321448],[-76.622353,39.32145],[-76.622352,39.32145],[-76.622338,39.321457],[-76.622298,39.321476],[-76.622292,39.321479],[-76.622224,39.321511],[-76.622221,39.321512],[-76.622145,39.321548],[-76.62207,39.321584],[-76.621994,39.32162],[-76.621918,39.321656],[-76.622053,39.321827],[-76.622077,39.321859],[-76.622086,39.32187]]],"crs":null},"id":129,"type":"Feature","properties":{"address":"301 W 29th St","below_grade":"N","levels_above_ground":null,"created_user":"portaladmin","name_alias":null,"primary_use":"Mixed Use","campus":"Homewood Off","image_url":null,"height_relative":null,"globalid":"{AFEF26B7-D8D1-44A7-B729-8863C0C61E94}","last_edited_user":"portaladmin","archibus_id":"0714","name_long":"R House","name":"R House","site_id":"Homewood Campus","facility_id":"0714","last_edited_date":1762290934000,"validationstatus":2,"created_date":1762290934000,"SHAPE__Length":629.9270972490157,"objectid":129,"SHAPE__Area":24753.090319682142}},{"geometry":{"type":"Polygon","coordinates":[[[-76.622783,39.322286],[-76.622796,39.322302],[-76.62285,39.322371],[-76.622898,39.322433],[-76.622945,39.322493],[-76.623068,39.322434],[-76.623066,39.322432],[-76.623091,39.32242],[-76.623127,39.322403],[-76.623098,39.322365],[-76.62304,39.322292],[-76.622985,39.322222],[-76.622929,39.32215],[-76.622873,39.322079],[-76.622816,39.322006],[-76.622796,39.321981],[-76.622679,39.322037],[-76.622612,39.322069],[-76.622621,39.32208],[-76.62266,39.32213],[-76.622685,39.322162],[-76.622704,39.322185],[-76.622723,39.32221],[-76.622732,39.322221],[-76.622742,39.322234],[-76.622769,39.322269],[-76.622774,39.322275],[-76.622775,39.322276],[-76.622783,39.322286]]],"crs":null},"id":130,"type":"Feature","properties":{"address":"320 W 29th St","below_grade":"N","levels_above_ground":null,"created_user":"portaladmin","name_alias":null,"primary_use":"Research","campus":"Homewood Off","image_url":null,"height_relative":null,"globalid":"{F8F5493F-5216-41A2-98AF-D0FE1DBB7E23}","last_edited_user":"portaladmin","archibus_id":"0715","name_long":"Pava Marie LaPere Center for Entrepreneurship","name":"Pava Marie LaPere Center for Entrepreneurship","site_id":"Homewood Campus","facility_id":"0715","last_edited_date":1762290934000,"validationstatus":2,"created_date":1762290934000,"SHAPE__Length":483.91231005589594,"objectid":130,"SHAPE__Area":11017.869783306634}},{"geometry":{"type":"Polygon","coordinates":[[[-76.618824,39.322847],[-76.618811,39.322848],[-76.618812,39.322868],[-76.618808,39.322869],[-76.6188,39.322869],[-76.618804,39.322929],[-76.618798,39.322938],[-76.618795,39.322938],[-76.618797,39.322964],[-76.618801,39.322964],[-76.618807,39.322975],[-76.618807,39.322986],[-76.618811,39.323045],[-76.618813,39.323045],[-76.618854,39.323043],[-76.618858,39.323043],[-76.618881,39.323042],[-76.618879,39.323003],[-76.618873,39.322917],[-76.618869,39.322848],[-76.618869,39.322845],[-76.618824,39.322847]]],"crs":null},"id":132,"type":"Feature","properties":{"address":"101 W 29th St","below_grade":"N","levels_above_ground":null,"created_user":"portaladmin","name_alias":null,"primary_use":null,"campus":"Homewood Off","image_url":"https://map.jhu.edu/Docs/Photos/BuildingPhotos/HomewoodCampus/101W29thStreet.jpg","height_relative":null,"globalid":"{926175D7-E7C1-4597-9EA9-A8520E3920DF}","last_edited_user":"portaladmin","archibus_id":"0730","name_long":"101 W 29th St","name":"101 W 29th St","site_id":"Homewood Campus","facility_id":"0730","last_edited_date":1762290934000,"validationstatus":2,"created_date":1762290934000,"SHAPE__Length":186.06054196312363,"objectid":132,"SHAPE__Area":1432.6422188244144}},{"geometry":{"type":"Polygon","coordinates":[[[-76.616734,39.327135],[-76.616714,39.327136],[-76.616649,39.327139],[-76.616642,39.327139],[-76.616631,39.327139],[-76.616613,39.32714],[-76.616594,39.327141],[-76.616576,39.327142],[-76.616572,39.327142],[-76.616558,39.327142],[-76.616539,39.327143],[-76.616499,39.327145],[-76.61643,39.327147],[-76.616361,39.32715],[-76.616322,39.327152],[-76.616287,39.327153],[-76.616277,39.327153],[-76.61622,39.327156],[-76.616217,39.327156],[-76.616212,39.327156],[-76.616188,39.327157],[-76.616188,39.327158],[-76.616191,39.327207],[-76.616192,39.327226],[-76.616193,39.327227],[-76.616193,39.327238],[-76.616193,39.32724],[-76.616196,39.32728],[-76.616196,39.327287],[-76.616198,39.327315],[-76.616203,39.327382],[-76.616203,39.327388],[-76.616204,39.327403],[-76.616204,39.327408],[-76.616206,39.327428],[-76.616206,39.327432],[-76.616206,39.327437],[-76.616208,39.327457],[-76.61621,39.327488],[-76.616212,39.327521],[-76.616213,39.327543],[-76.616216,39.327581],[-76.616217,39.327598],[-76.616217,39.327604],[-76.616217,39.327605],[-76.61622,39.327648],[-76.616222,39.327673],[-76.616225,39.327728],[-76.616226,39.327744],[-76.616226,39.327746],[-76.616227,39.327756],[-76.616227,39.327759],[-76.616229,39.327789],[-76.616229,39.327791],[-76.616231,39.327823],[-76.616231,39.327823],[-76.616232,39.327824],[-76.616233,39.327843],[-76.616236,39.327887],[-76.616236,39.327888],[-76.616236,39.327889],[-76.616236,39.327891],[-76.616236,39.327892],[-76.616236,39.327893],[-76.616236,39.327894],[-76.616236,39.327899],[-76.616237,39.327901],[-76.616237,39.327901],[-76.616237,39.32791],[-76.616239,39.327943],[-76.616241,39.327968],[-76.61626,39.327967],[-76.616266,39.327967],[-76.616292,39.327966],[-76.616312,39.327965],[-76.616315,39.327965],[-76.616333,39.327964],[-76.616349,39.327964],[-76.616356,39.327963],[-76.616356,39.327963],[-76.616357,39.327963],[-76.616373,39.327963],[-76.616385,39.327962],[-76.616409,39.327961],[-76.616417,39.327961],[-76.616428,39.327961],[-76.61644,39.32796],[-76.616444,39.32796],[-76.616455,39.327959],[-76.61646,39.327959],[-76.616461,39.327959],[-76.616475,39.327959],[-76.61649,39.327958],[-76.616501,39.327958],[-76.616536,39.327956],[-76.616536,39.327956],[-76.616536,39.327956],[-76.616536,39.327956],[-76.616568,39.327955],[-76.616579,39.327955],[-76.616582,39.327954],[-76.616604,39.327954],[-76.616675,39.327951],[-76.616675,39.327951],[-76.616678,39.327951],[-76.616678,39.327951],[-76.616678,39.32795],[-76.616678,39.327948],[-76.616678,39.327942],[-76.616677,39.327936],[-76.616683,39.327936],[-76.616691,39.327936],[-76.616704,39.327935],[-76.616713,39.327935],[-76.616715,39.327935],[-76.616715,39.327935],[-76.616729,39.327934],[-76.616742,39.327934],[-76.616766,39.327933],[-76.6168,39.327931],[-76.616806,39.327931],[-76.616807,39.327931],[-76.616811,39.327931],[-76.616811,39.327931],[-76.616811,39.327931],[-76.616815,39.327931],[-76.616814,39.327928],[-76.616814,39.327924],[-76.616814,39.327923],[-76.616814,39.327918],[-76.616813,39.327913],[-76.616813,39.327912],[-76.61681,39.327862],[-76.616809,39.327849],[-76.616809,39.327848],[-76.616808,39.327835],[-76.616805,39.327783],[-76.616802,39.327732],[-76.616801,39.327727],[-76.616801,39.327723],[-76.616801,39.327722],[-76.616801,39.327721],[-76.616801,39.327718],[-76.6168,39.327702],[-76.616796,39.327642],[-76.616795,39.327629],[-76.616795,39.327627],[-76.616794,39.327619],[-76.616794,39.327611],[-76.616791,39.327571],[-76.616789,39.327542],[-76.616787,39.327512],[-76.616787,39.32751],[-76.616787,39.327509],[-76.616787,39.327505],[-76.616784,39.327462],[-76.616782,39.327438],[-76.616781,39.327421],[-76.616779,39.327387],[-76.616779,39.327382],[-76.616777,39.327348],[-76.616776,39.327333],[-76.616776,39.327332],[-76.616775,39.32733],[-76.616775,39.327324],[-76.616774,39.327311],[-76.61677,39.327251],[-76.61677,39.327241],[-76.616769,39.327231],[-76.616768,39.327218],[-76.616766,39.327182],[-76.616764,39.327155],[-76.616764,39.327155],[-76.616763,39.327145],[-76.616763,39.327134],[-76.616734,39.327135]]],"crs":null},"id":133,"type":"Feature","properties":{"address":"9 E 33rd St","below_grade":"N","levels_above_ground":null,"created_user":"portaladmin","name_alias":null,"primary_use":"Mixed Use","campus":"Homewood Off","image_url":"https://map.jhu.edu/Docs/Photos/BuildingPhotos/HomewoodCampus/NineEast33rdBuilding.jpg","height_relative":null,"globalid":"{F41C9231-E33F-4B3A-9814-0C6F2302DD89}","last_edited_user":"portaladmin","archibus_id":"0717","name_long":"9 East 33rd","name":"9 East 33rd","site_id":"Homewood Campus","facility_id":"0717","last_edited_date":1762290934000,"validationstatus":2,"created_date":1762290934000,"SHAPE__Length":917.1353186937316,"objectid":133,"SHAPE__Area":47943.048350428515}},{"geometry":{"type":"Polygon","coordinates":[[[-76.61549,39.32836],[-76.615491,39.328374],[-76.615492,39.328381],[-76.615493,39.328404],[-76.615494,39.328416],[-76.615498,39.328475],[-76.615499,39.328491],[-76.615501,39.328518],[-76.615503,39.328561],[-76.615505,39.328579],[-76.615505,39.32858],[-76.615543,39.328578],[-76.615545,39.328578],[-76.615603,39.328576],[-76.615603,39.328576],[-76.615609,39.328576],[-76.615607,39.328549],[-76.615607,39.328547],[-76.615605,39.328526],[-76.615624,39.328526],[-76.61563,39.328525],[-76.615717,39.328522],[-76.615719,39.328552],[-76.615719,39.328563],[-76.61572,39.328571],[-76.615823,39.328567],[-76.615822,39.328542],[-76.615821,39.328537],[-76.61582,39.328518],[-76.615825,39.328518],[-76.615825,39.328509],[-76.615824,39.328495],[-76.615823,39.328489],[-76.615822,39.328463],[-76.615819,39.328426],[-76.615819,39.328422],[-76.615819,39.328421],[-76.615819,39.328421],[-76.615819,39.328418],[-76.615819,39.328418],[-76.615817,39.328395],[-76.615812,39.328395],[-76.61581,39.328367],[-76.615809,39.328355],[-76.615809,39.328347],[-76.615767,39.328349],[-76.615758,39.328349],[-76.615706,39.328351],[-76.615706,39.328357],[-76.615708,39.328389],[-76.615709,39.3284],[-76.615709,39.3284],[-76.615709,39.3284],[-76.615708,39.3284],[-76.615696,39.328401],[-76.615695,39.328401],[-76.615673,39.328402],[-76.615661,39.328402],[-76.615597,39.328405],[-76.615594,39.328356],[-76.61559,39.328356],[-76.615575,39.328357],[-76.615494,39.32836],[-76.61549,39.32836]]],"crs":null},"id":134,"type":"Feature","properties":{"address":"3301 Saint Paul St","below_grade":"N","levels_above_ground":null,"created_user":"portaladmin","name_alias":null,"primary_use":"Residence Hall","campus":"Homewood Housing","image_url":"https://map.jhu.edu/Docs/Photos/BuildingPhotos/HomewoodCampus/BradfordApartments.jpg","height_relative":null,"globalid":"{50E23BCD-8EA0-4947-B1F1-CE5CB2861F7F}","last_edited_user":"portaladmin","archibus_id":"0031","name_long":"Bradford Apartments","name":"Bradford Apartments","site_id":"Homewood Campus","facility_id":"0031","last_edited_date":1762290934000,"validationstatus":2,"created_date":1762290934000,"SHAPE__Length":415.70806753643683,"objectid":134,"SHAPE__Area":6177.646168248922}},{"geometry":{"type":"Polygon","coordinates":[[[-76.616277,39.328616],[-76.616277,39.328617],[-76.616278,39.328621],[-76.616278,39.328626],[-76.61628,39.328659],[-76.616281,39.328667],[-76.616281,39.328668],[-76.616281,39.328669],[-76.616284,39.328715],[-76.616284,39.328719],[-76.616286,39.32875],[-76.616286,39.328751],[-76.616286,39.328754],[-76.616295,39.328754],[-76.616365,39.328751],[-76.616367,39.328751],[-76.616373,39.328751],[-76.616375,39.328751],[-76.616375,39.328747],[-76.616423,39.328745],[-76.616434,39.328744],[-76.616455,39.328744],[-76.616458,39.328743],[-76.616458,39.328743],[-76.61646,39.328743],[-76.61649,39.328742],[-76.616504,39.328742],[-76.616543,39.32874],[-76.616544,39.32874],[-76.616553,39.32874],[-76.616554,39.32874],[-76.616576,39.328739],[-76.616578,39.328739],[-76.616644,39.328736],[-76.616655,39.328736],[-76.616665,39.328736],[-76.616705,39.328734],[-76.616733,39.328733],[-76.61675,39.328732],[-76.616752,39.328732],[-76.616753,39.328732],[-76.616778,39.328731],[-76.616779,39.328731],[-76.61678,39.328731],[-76.61678,39.328731],[-76.6168,39.32873],[-76.616799,39.328723],[-76.616808,39.328722],[-76.61683,39.328704],[-76.616836,39.328699],[-76.616835,39.328692],[-76.616845,39.328692],[-76.616843,39.32866],[-76.616842,39.328642],[-76.61684,39.328616],[-76.61684,39.328606],[-76.61684,39.328602],[-76.61684,39.328602],[-76.616841,39.328602],[-76.616841,39.328594],[-76.61684,39.328586],[-76.61684,39.328578],[-76.616839,39.328574],[-76.616839,39.328574],[-76.616839,39.328573],[-76.616839,39.328567],[-76.616837,39.328567],[-76.616827,39.328567],[-76.616816,39.328568],[-76.616816,39.328567],[-76.616816,39.328564],[-76.616814,39.328545],[-76.616813,39.328523],[-76.616812,39.328509],[-76.616811,39.328487],[-76.61681,39.328473],[-76.616828,39.328472],[-76.616829,39.328472],[-76.616833,39.328472],[-76.616832,39.328461],[-76.616831,39.328437],[-76.616827,39.328438],[-76.616827,39.328432],[-76.616827,39.328432],[-76.616827,39.328432],[-76.61683,39.328432],[-76.616831,39.328432],[-76.616831,39.328432],[-76.616831,39.32843],[-76.616827,39.328369],[-76.616826,39.328364],[-76.616824,39.328333],[-76.616824,39.32833],[-76.616824,39.32833],[-76.616824,39.328329],[-76.616823,39.328306],[-76.616822,39.328299],[-76.616822,39.328298],[-76.616822,39.328293],[-76.616822,39.328288],[-76.616821,39.328283],[-76.616821,39.328282],[-76.616821,39.328277],[-76.616821,39.328277],[-76.61682,39.328277],[-76.616814,39.328277],[-76.616807,39.328277],[-76.616803,39.328277],[-76.616797,39.328278],[-76.616778,39.328278],[-76.616778,39.328278],[-76.616778,39.328278],[-76.616754,39.328279],[-76.616734,39.32828],[-76.616715,39.328281],[-76.616701,39.328281],[-76.616698,39.328281],[-76.616669,39.328283],[-76.616664,39.328283],[-76.616663,39.328283],[-76.616662,39.328283],[-76.616662,39.328283],[-76.616661,39.328283],[-76.616654,39.328283],[-76.616653,39.328283],[-76.616651,39.328283],[-76.61665,39.328283],[-76.616649,39.328283],[-76.616648,39.328283],[-76.616646,39.328283],[-76.616642,39.328284],[-76.616642,39.328286],[-76.616642,39.328287],[-76.616642,39.32829],[-76.616645,39.328325],[-76.616606,39.328326],[-76.616573,39.328328],[-76.616562,39.328328],[-76.616541,39.328329],[-76.616483,39.328331],[-76.616477,39.328331],[-76.616474,39.328331],[-76.616437,39.328333],[-76.616437,39.328322],[-76.616436,39.328313],[-76.616435,39.328293],[-76.616435,39.328291],[-76.616434,39.328291],[-76.61643,39.328291],[-76.616427,39.328291],[-76.616424,39.328292],[-76.616423,39.328292],[-76.616417,39.328292],[-76.616401,39.328292],[-76.616368,39.328294],[-76.616328,39.328295],[-76.616306,39.328296],[-76.616276,39.328297],[-76.616274,39.328297],[-76.616261,39.328298],[-76.616259,39.328298],[-76.616255,39.328298],[-76.616255,39.328303],[-76.616255,39.328303],[-76.616255,39.32831],[-76.616259,39.328366],[-76.616259,39.328367],[-76.616259,39.32837],[-76.616262,39.32837],[-76.616263,39.328384],[-76.616263,39.328385],[-76.616263,39.328385],[-76.616263,39.328385],[-76.616263,39.328389],[-76.616266,39.328431],[-76.616266,39.328432],[-76.616267,39.328456],[-76.616268,39.328465],[-76.616269,39.32848],[-76.616269,39.328485],[-76.616269,39.328485],[-76.616269,39.328485],[-76.616269,39.328486],[-76.61627,39.328502],[-76.616275,39.328502],[-76.616275,39.328502],[-76.616276,39.328502],[-76.616277,39.328508],[-76.616277,39.328512],[-76.616277,39.328516],[-76.616277,39.328518],[-76.616278,39.328531],[-76.616278,39.328536],[-76.61628,39.328562],[-76.616282,39.328588],[-76.616282,39.328588],[-76.616282,39.328594],[-76.616283,39.328607],[-76.616284,39.328616],[-76.616281,39.328616],[-76.616281,39.328616],[-76.616277,39.328616]]],"crs":null},"id":135,"type":"Feature","properties":{"address":"3301 North Charles Street","below_grade":"N","levels_above_ground":null,"created_user":"portaladmin","name_alias":null,"primary_use":"Residence Hall","campus":"Homewood Housing","image_url":"https://map.jhu.edu/Docs/Photos/BuildingPhotos/HomewoodCampus/CharlesCommonsStPaulStreetBuilding.jpg","height_relative":null,"globalid":"{9185B747-1BD1-40D8-8312-CE22CFAC5C5B}","last_edited_user":"portaladmin","archibus_id":"0087","name_long":"Bates Tower","name":"Bates Tower","site_id":"Homewood Campus","facility_id":"0087","last_edited_date":1762290934000,"validationstatus":2,"created_date":1762290934000,"SHAPE__Length":697.6238790592354,"objectid":135,"SHAPE__Area":25044.324852033093}},{"geometry":{"type":"Polygon","coordinates":[[[-76.616535,39.32982],[-76.616536,39.329826],[-76.616536,39.329826],[-76.616536,39.329826],[-76.616536,39.329832],[-76.616537,39.329841],[-76.616538,39.329854],[-76.616538,39.32986],[-76.616538,39.329864],[-76.616538,39.329868],[-76.616539,39.329869],[-76.616539,39.329869],[-76.616539,39.329869],[-76.616539,39.329872],[-76.616539,39.329872],[-76.616539,39.329873],[-76.616543,39.329872],[-76.616543,39.329872],[-76.616546,39.329872],[-76.616547,39.329872],[-76.61655,39.329872],[-76.616551,39.329872],[-76.616557,39.329872],[-76.616562,39.329872],[-76.616564,39.329872],[-76.616571,39.329871],[-76.616575,39.329871],[-76.616578,39.329871],[-76.616581,39.329871],[-76.616586,39.329871],[-76.616588,39.329871],[-76.616593,39.32987],[-76.616596,39.32987],[-76.616596,39.32987],[-76.6166,39.32987],[-76.61661,39.32987],[-76.616614,39.32987],[-76.616613,39.329868],[-76.616613,39.329864],[-76.616613,39.329863],[-76.616613,39.329861],[-76.616611,39.329834],[-76.616611,39.329827],[-76.61661,39.329817],[-76.61661,39.329816],[-76.61661,39.329815],[-76.616611,39.329815],[-76.616612,39.329815],[-76.61662,39.329814],[-76.616622,39.329814],[-76.616631,39.329814],[-76.616663,39.329813],[-76.616663,39.329809],[-76.616667,39.329776],[-76.616669,39.32976],[-76.61667,39.329755],[-76.616668,39.32973],[-76.616665,39.329686],[-76.616663,39.329651],[-76.616661,39.32962],[-76.61666,39.329603],[-76.616659,39.329593],[-76.616659,39.32959],[-76.616658,39.329585],[-76.616658,39.329582],[-76.616658,39.329578],[-76.616658,39.329575],[-76.616657,39.329571],[-76.616657,39.329565],[-76.616655,39.329566],[-76.616655,39.329566],[-76.616654,39.329566],[-76.616637,39.329566],[-76.616632,39.329566],[-76.616622,39.329567],[-76.616617,39.329567],[-76.616602,39.329568],[-76.616601,39.329568],[-76.616593,39.329568],[-76.616575,39.329569],[-76.616541,39.32957],[-76.616522,39.329571],[-76.616513,39.329571],[-76.61651,39.329571],[-76.616499,39.329572],[-76.616485,39.329572],[-76.616474,39.329573],[-76.616461,39.329573],[-76.616457,39.329574],[-76.616453,39.329574],[-76.61643,39.329575],[-76.616416,39.329575],[-76.616414,39.329575],[-76.616393,39.329576],[-76.616339,39.329578],[-76.616339,39.329581],[-76.616341,39.329609],[-76.616342,39.32962],[-76.616346,39.329685],[-76.616348,39.329717],[-76.61635,39.329741],[-76.61635,39.329742],[-76.616354,39.329805],[-76.616356,39.329827],[-76.616356,39.329827],[-76.616375,39.329827],[-76.616534,39.32982],[-76.616535,39.32982],[-76.616535,39.32982]]],"crs":null},"id":136,"type":"Feature","properties":{"address":"3404 Saint Paul St","below_grade":"N","levels_above_ground":null,"created_user":"portaladmin","name_alias":null,"primary_use":"Residence Hall","campus":"Homewood Off","image_url":"https://map.jhu.edu/Docs/Photos/BuildingPhotos/HomewoodCampus/HopkinsInn.jpg","height_relative":null,"globalid":"{AD1396A2-D4E7-43D9-B50B-AA5234965968}","last_edited_user":"portaladmin","archibus_id":"0788","name_long":"Hopkins Inn","name":"Hopkins Inn","site_id":"Homewood Campus","facility_id":"0788","last_edited_date":1762290934000,"validationstatus":2,"created_date":1762290934000,"SHAPE__Length":397.47506010726454,"objectid":136,"SHAPE__Area":8549.531979582394}},{"geometry":{"type":"Polygon","coordinates":[[[-76.619283,39.328752],[-76.619282,39.328752],[-76.619282,39.328757],[-76.619283,39.328761],[-76.619283,39.328773],[-76.619284,39.328787],[-76.619277,39.328787],[-76.619268,39.328787],[-76.619272,39.328859],[-76.619282,39.328995],[-76.619268,39.328996],[-76.619269,39.329023],[-76.61927,39.329031],[-76.619271,39.32904],[-76.619276,39.329113],[-76.619276,39.329115],[-76.619278,39.329146],[-76.619278,39.329146],[-76.619291,39.329146],[-76.619298,39.329252],[-76.619299,39.329274],[-76.619302,39.329312],[-76.619304,39.329336],[-76.619305,39.329353],[-76.619325,39.329352],[-76.619326,39.329362],[-76.619328,39.329387],[-76.619381,39.329384],[-76.619431,39.329382],[-76.619538,39.329378],[-76.619538,39.329374],[-76.619538,39.32937],[-76.619538,39.32937],[-76.619536,39.329344],[-76.619555,39.329343],[-76.619546,39.329195],[-76.619542,39.329135],[-76.61955,39.329134],[-76.619552,39.329134],[-76.619551,39.329132],[-76.61955,39.329105],[-76.61955,39.329104],[-76.619542,39.328985],[-76.619539,39.328985],[-76.619531,39.328986],[-76.619528,39.32894],[-76.619517,39.328783],[-76.619517,39.328778],[-76.619499,39.328778],[-76.619498,39.328763],[-76.619496,39.328746],[-76.619283,39.328752]]],"crs":null},"id":137,"type":"Feature","properties":{"address":"3400 North Charles Street","below_grade":"N","levels_above_ground":null,"created_user":"portaladmin","name_alias":"MSEL","primary_use":"Library","campus":"Homewood","image_url":"https://map.jhu.edu/Docs/Photos/BuildingPhotos/HomewoodCampus/MiltonS.EisenhowerLibrary.jpg","height_relative":null,"globalid":"{2408215A-F0FF-491B-8F93-FCEC4F7AE357}","last_edited_user":"portaladmin","archibus_id":"0011","name_long":"Milton S. Eisenhower Library","name":"Milton S. Eisenhower Library","site_id":"Homewood Campus","facility_id":"0011","last_edited_date":1762290934000,"validationstatus":2,"created_date":1762290934000,"SHAPE__Length":617.2592407365654,"objectid":137,"SHAPE__Area":16466.08784419941}},{"geometry":{"type":"Polygon","coordinates":[[[-76.619607,39.328507],[-76.619561,39.328358],[-76.619555,39.32836],[-76.619544,39.328341],[-76.61955,39.328339],[-76.619545,39.328331],[-76.619541,39.328324],[-76.619541,39.328323],[-76.61953,39.328304],[-76.61953,39.328304],[-76.619525,39.328295],[-76.619525,39.328295],[-76.619514,39.328276],[-76.619514,39.328276],[-76.619502,39.328254],[-76.619489,39.328232],[-76.619456,39.328243],[-76.619422,39.328255],[-76.619424,39.328258],[-76.619418,39.32826],[-76.619419,39.328262],[-76.619394,39.32827],[-76.619394,39.328269],[-76.619382,39.328273],[-76.619382,39.328274],[-76.61937,39.328278],[-76.619358,39.328282],[-76.619357,39.328281],[-76.619345,39.328285],[-76.619346,39.328286],[-76.619321,39.328295],[-76.619321,39.328293],[-76.619309,39.328297],[-76.61931,39.328299],[-76.619309,39.328299],[-76.619285,39.328307],[-76.619285,39.328307],[-76.619284,39.328306],[-76.619272,39.32831],[-76.619273,39.328311],[-76.619248,39.328319],[-76.619248,39.328318],[-76.619236,39.328322],[-76.619237,39.328323],[-76.619212,39.328332],[-76.619211,39.32833],[-76.619199,39.328334],[-76.6192,39.328336],[-76.6192,39.328336],[-76.619176,39.328344],[-76.619176,39.328344],[-76.619175,39.328343],[-76.619163,39.328347],[-76.619164,39.328348],[-76.619139,39.328356],[-76.619138,39.328355],[-76.619125,39.32836],[-76.619131,39.328371],[-76.619133,39.328371],[-76.619133,39.328371],[-76.619144,39.32839],[-76.619144,39.32839],[-76.619142,39.328391],[-76.619148,39.3284],[-76.619149,39.328399],[-76.619149,39.328399],[-76.61916,39.328419],[-76.61916,39.328419],[-76.619158,39.328419],[-76.619164,39.328428],[-76.619165,39.328428],[-76.619165,39.328428],[-76.619176,39.328447],[-76.619176,39.328447],[-76.619174,39.328448],[-76.619181,39.328459],[-76.619194,39.328455],[-76.619194,39.328454],[-76.619218,39.328445],[-76.619219,39.328447],[-76.619231,39.328443],[-76.61923,39.328441],[-76.619255,39.328433],[-76.619255,39.328434],[-76.619264,39.328431],[-76.619267,39.328437],[-76.619266,39.328437],[-76.619266,39.328437],[-76.619272,39.328447],[-76.619278,39.328458],[-76.619278,39.328458],[-76.619279,39.328457],[-76.619281,39.32846],[-76.619279,39.328461],[-76.61928,39.328461],[-76.619285,39.328473],[-76.61929,39.328486],[-76.61929,39.328486],[-76.619292,39.328485],[-76.619293,39.328489],[-76.619291,39.328489],[-76.619291,39.328489],[-76.619294,39.328502],[-76.619296,39.328515],[-76.619296,39.328515],[-76.619298,39.328515],[-76.619298,39.328518],[-76.619297,39.328518],[-76.619297,39.328519],[-76.619298,39.32853],[-76.619298,39.328541],[-76.619298,39.328541],[-76.6193,39.328541],[-76.6193,39.328541],[-76.6193,39.328542],[-76.6193,39.328542],[-76.6193,39.328546],[-76.619299,39.328546],[-76.619299,39.328546],[-76.6193,39.32856],[-76.619301,39.328573],[-76.619301,39.328573],[-76.619302,39.328573],[-76.619303,39.328577],[-76.619301,39.328577],[-76.619301,39.328577],[-76.619302,39.32859],[-76.619303,39.328604],[-76.619303,39.328604],[-76.619305,39.328604],[-76.619305,39.328608],[-76.619304,39.328608],[-76.619304,39.328608],[-76.619304,39.328615],[-76.619313,39.328615],[-76.619313,39.328614],[-76.619319,39.328613],[-76.619319,39.328614],[-76.619341,39.328613],[-76.619341,39.328612],[-76.619346,39.328612],[-76.619346,39.328613],[-76.619347,39.328613],[-76.619347,39.328612],[-76.619352,39.328612],[-76.619358,39.328611],[-76.619358,39.328612],[-76.61938,39.328611],[-76.61938,39.32861],[-76.619386,39.32861],[-76.619386,39.328611],[-76.61942,39.328609],[-76.61942,39.328608],[-76.619426,39.328608],[-76.619426,39.328609],[-76.61946,39.328607],[-76.61946,39.328607],[-76.619465,39.328606],[-76.619465,39.328607],[-76.619499,39.328606],[-76.619499,39.328605],[-76.619506,39.328604],[-76.619506,39.328604],[-76.619506,39.328604],[-76.619507,39.328616],[-76.619511,39.328616],[-76.619525,39.328615],[-76.619606,39.328611],[-76.619605,39.3286],[-76.619605,39.3286],[-76.619605,39.3286],[-76.619612,39.328599],[-76.619612,39.3286],[-76.619621,39.3286],[-76.61962,39.328593],[-76.619619,39.328593],[-76.619618,39.328583],[-76.619618,39.328582],[-76.61962,39.328582],[-76.619615,39.328526],[-76.619602,39.328527],[-76.619602,39.328526],[-76.619601,39.328507],[-76.619607,39.328507]]],"crs":null},"id":138,"type":"Feature","properties":{"address":"3400 North Charles Street","below_grade":"N","levels_above_ground":null,"created_user":"portaladmin","name_alias":null,"primary_use":null,"campus":"Homewood","image_url":null,"height_relative":null,"globalid":"{F0CCB99C-8189-4104-8C54-3C177751529E}","last_edited_user":"portaladmin","archibus_id":"0023","name_long":"Brody Learning Commons","name":"Brody Learning Commons","site_id":"Homewood Campus","facility_id":"0023","last_edited_date":1762290934000,"validationstatus":2,"created_date":1762290934000,"SHAPE__Length":519.3774370902702,"objectid":138,"SHAPE__Area":11863.839383886618}},{"geometry":{"type":"Polygon","coordinates":[[[-76.61684,39.325926],[-76.616841,39.325948],[-76.616844,39.325994],[-76.616951,39.32599],[-76.616957,39.325989],[-76.616959,39.325989],[-76.617076,39.325985],[-76.617076,39.325985],[-76.617077,39.325985],[-76.617078,39.325985],[-76.617096,39.325984],[-76.617095,39.325972],[-76.617093,39.325947],[-76.617091,39.325917],[-76.617091,39.325907],[-76.61709,39.3259],[-76.617082,39.3259],[-76.617058,39.325901],[-76.617,39.325904],[-76.616996,39.325904],[-76.616996,39.325899],[-76.616995,39.325886],[-76.616984,39.325886],[-76.616975,39.325887],[-76.616923,39.325889],[-76.616907,39.325889],[-76.616837,39.325892],[-76.61684,39.325926]]],"crs":null},"id":140,"type":"Feature","properties":{"address":"3101 N Charles St","below_grade":"N","levels_above_ground":null,"created_user":"portaladmin","name_alias":null,"primary_use":"Office","campus":"Homewood Off","image_url":null,"height_relative":null,"globalid":"{8DE8C815-29C3-49D8-B9BD-B893D4118FD0}","last_edited_user":"portaladmin","archibus_id":"0718","name_long":"3101 N Charles St","name":"3101 N Charles St","site_id":"Homewood Campus","facility_id":"0718","last_edited_date":1762290934000,"validationstatus":2,"created_date":1762290934000,"SHAPE__Length":216.87470524164965,"objectid":140,"SHAPE__Area":2473.4880959114826}},{"geometry":{"type":"Polygon","coordinates":[[[-76.616866,39.326735],[-76.616867,39.326755],[-76.616871,39.326805],[-76.616873,39.326805],[-76.616962,39.326802],[-76.616993,39.3268],[-76.617007,39.3268],[-76.617009,39.3268],[-76.617023,39.326799],[-76.617022,39.326779],[-76.61702,39.326763],[-76.617038,39.326762],[-76.6171,39.32676],[-76.617115,39.326759],[-76.617115,39.326764],[-76.617116,39.326779],[-76.617116,39.326787],[-76.617117,39.326795],[-76.617121,39.326795],[-76.617126,39.326795],[-76.617152,39.326794],[-76.617157,39.326793],[-76.617219,39.326791],[-76.617232,39.32679],[-76.617272,39.326789],[-76.61727,39.326755],[-76.617268,39.326726],[-76.617273,39.326726],[-76.617273,39.326722],[-76.617272,39.32672],[-76.617272,39.326714],[-76.617272,39.326708],[-76.617271,39.326699],[-76.617271,39.326696],[-76.617266,39.326697],[-76.617265,39.326685],[-76.617264,39.326673],[-76.617264,39.326662],[-76.617263,39.326654],[-76.617262,39.326636],[-76.61718,39.326639],[-76.617136,39.326641],[-76.617108,39.326642],[-76.617108,39.326644],[-76.617109,39.326652],[-76.617109,39.326654],[-76.617109,39.326663],[-76.61711,39.326675],[-76.617046,39.326678],[-76.617016,39.326679],[-76.617015,39.326666],[-76.617014,39.326658],[-76.617014,39.326654],[-76.617013,39.326646],[-76.617012,39.326646],[-76.616984,39.326647],[-76.61686,39.326652],[-76.616865,39.326722],[-76.616866,39.326735]]],"crs":null},"id":141,"type":"Feature","properties":{"address":"3111 N Charles St","below_grade":"N","levels_above_ground":null,"created_user":"portaladmin","name_alias":null,"primary_use":null,"campus":"Homewood Off","image_url":null,"height_relative":null,"globalid":"{87A7447E-EC64-4AAE-B280-46B9DBE4C3D1}","last_edited_user":"portaladmin","archibus_id":"0721","name_long":"3111 N Charles St","name":"3111 N Charles St","site_id":"Homewood Campus","facility_id":"0721","last_edited_date":1762290934000,"validationstatus":2,"created_date":1762290934000,"SHAPE__Length":392.16048652721173,"objectid":141,"SHAPE__Area":5690.453276416169}},{"geometry":{"type":"Polygon","coordinates":[[[-76.621361,39.327517],[-76.621408,39.327515],[-76.621416,39.327508],[-76.621416,39.327509],[-76.621417,39.327509],[-76.621417,39.327508],[-76.621434,39.327507],[-76.621434,39.327508],[-76.621435,39.327508],[-76.621435,39.327507],[-76.621443,39.327514],[-76.621448,39.327513],[-76.621455,39.327507],[-76.621455,39.327507],[-76.621456,39.327507],[-76.621456,39.327506],[-76.621473,39.327506],[-76.621473,39.327506],[-76.621474,39.327506],[-76.621474,39.327506],[-76.621482,39.327512],[-76.621487,39.327512],[-76.621494,39.327505],[-76.621494,39.327506],[-76.621494,39.327506],[-76.621494,39.327505],[-76.621512,39.327504],[-76.621512,39.327505],[-76.621513,39.327505],[-76.621513,39.327504],[-76.621521,39.32751],[-76.621525,39.32751],[-76.621532,39.327503],[-76.621532,39.327504],[-76.621533,39.327504],[-76.621533,39.327503],[-76.621551,39.327502],[-76.621551,39.327503],[-76.621552,39.327503],[-76.621552,39.327503],[-76.621559,39.327509],[-76.621564,39.327509],[-76.621571,39.327502],[-76.621571,39.327502],[-76.621572,39.327502],[-76.62159,39.327502],[-76.62159,39.327502],[-76.62159,39.327501],[-76.621598,39.327507],[-76.621603,39.327507],[-76.62161,39.3275],[-76.62161,39.327501],[-76.621611,39.327501],[-76.621628,39.3275],[-76.621629,39.3275],[-76.621629,39.327499],[-76.621637,39.327506],[-76.621642,39.327505],[-76.621649,39.327499],[-76.621649,39.327499],[-76.62165,39.327499],[-76.621667,39.327498],[-76.621668,39.327498],[-76.621668,39.327498],[-76.621676,39.327504],[-76.621681,39.327504],[-76.621688,39.327497],[-76.621688,39.327498],[-76.621689,39.327498],[-76.621689,39.327497],[-76.621706,39.327496],[-76.621706,39.327497],[-76.621707,39.327497],[-76.621707,39.327496],[-76.621715,39.327502],[-76.621719,39.327502],[-76.621727,39.327495],[-76.621727,39.327496],[-76.621727,39.327496],[-76.621727,39.327495],[-76.621728,39.327495],[-76.621744,39.327494],[-76.621745,39.327494],[-76.621745,39.327495],[-76.621746,39.327495],[-76.621746,39.327495],[-76.621754,39.327501],[-76.621758,39.327501],[-76.621765,39.327494],[-76.621765,39.327494],[-76.621766,39.327494],[-76.621766,39.327494],[-76.621784,39.327493],[-76.621784,39.327494],[-76.621785,39.327494],[-76.621785,39.327493],[-76.621792,39.327499],[-76.621797,39.327499],[-76.621804,39.327492],[-76.621804,39.327493],[-76.621805,39.327493],[-76.621805,39.327492],[-76.621822,39.327491],[-76.621823,39.327492],[-76.621823,39.327492],[-76.621823,39.327491],[-76.621832,39.327498],[-76.621879,39.327496],[-76.621877,39.327459],[-76.621868,39.327453],[-76.621869,39.327453],[-76.621869,39.327452],[-76.621868,39.327452],[-76.621867,39.327439],[-76.621868,39.327439],[-76.621868,39.327438],[-76.621867,39.327438],[-76.621875,39.327432],[-76.621875,39.327428],[-76.621866,39.327423],[-76.621867,39.327423],[-76.621867,39.327422],[-76.621866,39.327422],[-76.621865,39.327409],[-76.621866,39.327408],[-76.621866,39.327408],[-76.621865,39.327408],[-76.621873,39.327402],[-76.621873,39.327398],[-76.621864,39.327393],[-76.621865,39.327393],[-76.621865,39.327392],[-76.621863,39.327392],[-76.621863,39.327378],[-76.621864,39.327378],[-76.621864,39.327378],[-76.621863,39.327378],[-76.621871,39.327372],[-76.62187,39.327368],[-76.621862,39.327362],[-76.621863,39.327362],[-76.621862,39.327362],[-76.621861,39.327362],[-76.62186,39.327348],[-76.621862,39.327348],[-76.621862,39.327347],[-76.621861,39.327348],[-76.621869,39.327341],[-76.621868,39.327338],[-76.62186,39.327332],[-76.62186,39.327332],[-76.62186,39.327332],[-76.621859,39.327332],[-76.621858,39.327318],[-76.621859,39.327318],[-76.621859,39.327317],[-76.621859,39.327317],[-76.621867,39.327311],[-76.621866,39.327308],[-76.621858,39.327302],[-76.621858,39.327302],[-76.621858,39.327301],[-76.621857,39.327301],[-76.621856,39.327288],[-76.621857,39.327288],[-76.621857,39.327287],[-76.621856,39.327287],[-76.621865,39.327281],[-76.621864,39.327277],[-76.621855,39.327272],[-76.621856,39.327272],[-76.621856,39.327271],[-76.621855,39.327271],[-76.621855,39.327271],[-76.621854,39.327258],[-76.621854,39.327258],[-76.621855,39.327258],[-76.621855,39.327257],[-76.621854,39.327257],[-76.621862,39.327251],[-76.621862,39.327247],[-76.621853,39.327242],[-76.621854,39.327242],[-76.621854,39.327241],[-76.621853,39.327241],[-76.621852,39.327228],[-76.621853,39.327228],[-76.621853,39.327227],[-76.621852,39.327227],[-76.62186,39.32722],[-76.621858,39.327184],[-76.621811,39.327185],[-76.621803,39.327192],[-76.621803,39.327192],[-76.621802,39.327192],[-76.621802,39.327193],[-76.621785,39.327193],[-76.621785,39.327192],[-76.621784,39.327192],[-76.621784,39.327193],[-76.621776,39.327187],[-76.621771,39.327187],[-76.621764,39.327194],[-76.621764,39.327193],[-76.621763,39.327193],[-76.621763,39.327194],[-76.621746,39.327195],[-76.621746,39.327194],[-76.621745,39.327194],[-76.621745,39.327195],[-76.621737,39.327189],[-76.621732,39.327189],[-76.621725,39.327196],[-76.621725,39.327195],[-76.621724,39.327195],[-76.621724,39.327196],[-76.621707,39.327196],[-76.621707,39.327196],[-76.621706,39.327196],[-76.621706,39.327196],[-76.621698,39.32719],[-76.621693,39.32719],[-76.621686,39.327197],[-76.621686,39.327196],[-76.621685,39.327197],[-76.621686,39.327197],[-76.621668,39.327198],[-76.621668,39.327197],[-76.621667,39.327197],[-76.621667,39.327198],[-76.621659,39.327192],[-76.621655,39.327192],[-76.621648,39.327199],[-76.621648,39.327198],[-76.621647,39.327198],[-76.621629,39.327199],[-76.621628,39.327199],[-76.621628,39.3272],[-76.62162,39.327193],[-76.621616,39.327194],[-76.621609,39.3272],[-76.621609,39.3272],[-76.621608,39.3272],[-76.62159,39.3272],[-76.62159,39.3272],[-76.62159,39.327201],[-76.621582,39.327195],[-76.621577,39.327195],[-76.62157,39.327202],[-76.62157,39.327201],[-76.621569,39.327201],[-76.621552,39.327202],[-76.621551,39.327202],[-76.621551,39.327203],[-76.621543,39.327197],[-76.621538,39.327197],[-76.621531,39.327204],[-76.621531,39.327203],[-76.62153,39.327203],[-76.62153,39.327204],[-76.621513,39.327204],[-76.621513,39.327204],[-76.621512,39.327204],[-76.621512,39.327204],[-76.621504,39.327198],[-76.621499,39.327198],[-76.621492,39.327205],[-76.621492,39.327204],[-76.621491,39.327205],[-76.621491,39.327205],[-76.621474,39.327206],[-76.621474,39.327205],[-76.621473,39.327205],[-76.621473,39.327206],[-76.621465,39.3272],[-76.62146,39.3272],[-76.621453,39.327207],[-76.621453,39.327206],[-76.621453,39.327206],[-76.621453,39.327207],[-76.621435,39.327208],[-76.621435,39.327207],[-76.621434,39.327207],[-76.621434,39.327208],[-76.621426,39.327201],[-76.621422,39.327202],[-76.621415,39.327208],[-76.621415,39.327208],[-76.621414,39.327208],[-76.621414,39.327209],[-76.621396,39.327209],[-76.621396,39.327208],[-76.621395,39.327208],[-76.621395,39.327209],[-76.621387,39.327203],[-76.621341,39.327205],[-76.62134,39.327205],[-76.621342,39.327241],[-76.621351,39.327248],[-76.62135,39.327248],[-76.62135,39.327248],[-76.621351,39.327248],[-76.621352,39.327262],[-76.621351,39.327262],[-76.621351,39.327263],[-76.621352,39.327263],[-76.621344,39.327269],[-76.621344,39.327272],[-76.621353,39.327278],[-76.621352,39.327278],[-76.621352,39.327278],[-76.621353,39.327278],[-76.621354,39.327292],[-76.621353,39.327292],[-76.621353,39.327293],[-76.621354,39.327293],[-76.621346,39.327299],[-76.621346,39.327302],[-76.621355,39.327308],[-76.621354,39.327308],[-76.621354,39.327309],[-76.621355,39.327309],[-76.621356,39.327322],[-76.621355,39.327322],[-76.621355,39.327323],[-76.621356,39.327323],[-76.621348,39.327329],[-76.621348,39.327333],[-76.621357,39.327338],[-76.621356,39.327338],[-76.621356,39.327339],[-76.621357,39.327339],[-76.621358,39.327352],[-76.621357,39.327352],[-76.621357,39.327353],[-76.621358,39.327353],[-76.62135,39.327359],[-76.62135,39.327363],[-76.621359,39.327368],[-76.621358,39.327368],[-76.621358,39.327369],[-76.621359,39.327369],[-76.62136,39.327382],[-76.621359,39.327382],[-76.621359,39.327383],[-76.62136,39.327383],[-76.621352,39.327389],[-76.621352,39.327393],[-76.621361,39.327398],[-76.62136,39.327398],[-76.62136,39.327399],[-76.621362,39.327399],[-76.621362,39.327413],[-76.621361,39.327413],[-76.621361,39.327413],[-76.621362,39.327413],[-76.621354,39.327419],[-76.621354,39.327423],[-76.621363,39.327429],[-76.621362,39.327429],[-76.621362,39.327429],[-76.621364,39.327429],[-76.621365,39.327443],[-76.621363,39.327443],[-76.621363,39.327443],[-76.621364,39.327443],[-76.621356,39.32745],[-76.621357,39.327453],[-76.621365,39.327459],[-76.621365,39.327459],[-76.621365,39.327459],[-76.621366,39.327459],[-76.621367,39.327473],[-76.621365,39.327473],[-76.621366,39.327474],[-76.621366,39.327474],[-76.621358,39.32748],[-76.621361,39.327517]]],"crs":null},"id":144,"type":"Feature","properties":{"address":"3400 North Charles Street","below_grade":"N","levels_above_ground":null,"created_user":"portaladmin","name_alias":null,"primary_use":"Administration","campus":"Homewood","image_url":"https://map.jhu.edu/Docs/Photos/BuildingPhotos/HomewoodCampus/GarlandHall.jpg","height_relative":null,"globalid":"{3D75209D-0D01-4A9A-A0BC-36434565DFA8}","last_edited_user":"portaladmin","archibus_id":"0001","name_long":"Garland Hall","name":"Garland Hall","site_id":"Homewood Campus","facility_id":"0001","last_edited_date":1762290934000,"validationstatus":2,"created_date":1762290934000,"SHAPE__Length":641.7799774986742,"objectid":144,"SHAPE__Area":16027.695485697688}},{"geometry":{"type":"Polygon","coordinates":[[[-76.621579,39.328343],[-76.621581,39.32839],[-76.621553,39.328391],[-76.62155,39.328391],[-76.621553,39.32845],[-76.621554,39.328473],[-76.621556,39.328511],[-76.621557,39.328525],[-76.621585,39.328524],[-76.621589,39.328587],[-76.621659,39.328585],[-76.62167,39.328585],[-76.62167,39.328589],[-76.621671,39.328601],[-76.621671,39.328601],[-76.621847,39.328595],[-76.621846,39.328579],[-76.621855,39.328579],[-76.621888,39.328578],[-76.621928,39.328576],[-76.621928,39.328576],[-76.621917,39.328373],[-76.621913,39.328313],[-76.621889,39.328314],[-76.621885,39.328251],[-76.621882,39.328195],[-76.62188,39.328165],[-76.621882,39.328165],[-76.62188,39.328126],[-76.621878,39.328126],[-76.621878,39.328118],[-76.621877,39.328113],[-76.621877,39.328108],[-76.621877,39.328101],[-76.621879,39.328101],[-76.621876,39.328061],[-76.621875,39.328061],[-76.621867,39.327917],[-76.621865,39.327917],[-76.621862,39.327864],[-76.621855,39.327864],[-76.621803,39.327865],[-76.621742,39.327867],[-76.621738,39.327868],[-76.621683,39.327869],[-76.621683,39.32787],[-76.621686,39.327923],[-76.621664,39.327924],[-76.621638,39.327925],[-76.621638,39.327923],[-76.621456,39.327929],[-76.621459,39.327995],[-76.621517,39.327993],[-76.621518,39.328027],[-76.621512,39.328027],[-76.621515,39.328074],[-76.621503,39.328074],[-76.621505,39.32811],[-76.621503,39.328111],[-76.621503,39.328112],[-76.6215,39.328112],[-76.6215,39.328116],[-76.621501,39.328116],[-76.621502,39.328117],[-76.621502,39.328129],[-76.621503,39.328134],[-76.621503,39.328135],[-76.621501,39.328135],[-76.621502,39.328139],[-76.621505,39.328139],[-76.621505,39.32814],[-76.621507,39.32814],[-76.621507,39.328144],[-76.621509,39.328177],[-76.62152,39.328176],[-76.621523,39.328223],[-76.621529,39.328223],[-76.621531,39.328257],[-76.621474,39.328259],[-76.621477,39.328324],[-76.621542,39.328322],[-76.621542,39.328323],[-76.621543,39.328344],[-76.621547,39.328344],[-76.621579,39.328343]]],"crs":null},"id":145,"type":"Feature","properties":{"address":"3400 North Charles Street","below_grade":"N","levels_above_ground":null,"created_user":"portaladmin","name_alias":null,"primary_use":"Mixed Use","campus":"Homewood","image_url":"https://map.jhu.edu/Docs/Photos/BuildingPhotos/HomewoodCampus/LeveringHall.jpg","height_relative":null,"globalid":"{E10AAEB9-7EA0-4474-8578-8154916CF111}","last_edited_user":"portaladmin","archibus_id":"0003","name_long":"Levering Hall","name":"Levering Hall","site_id":"Homewood Campus","facility_id":"0003","last_edited_date":1762290934000,"validationstatus":2,"created_date":1762290934000,"SHAPE__Length":846.7331081851546,"objectid":145,"SHAPE__Area":26508.86517431291}},{"geometry":{"type":"Polygon","coordinates":[[[-76.620537,39.326652],[-76.620533,39.326591],[-76.620533,39.32659],[-76.620454,39.326593],[-76.620451,39.326593],[-76.62045,39.326593],[-76.62045,39.326584],[-76.62045,39.326582],[-76.620433,39.326583],[-76.620422,39.326583],[-76.620421,39.326584],[-76.620419,39.326546],[-76.620416,39.326504],[-76.620413,39.326454],[-76.62041,39.326411],[-76.620408,39.32638],[-76.620406,39.326346],[-76.620405,39.326342],[-76.620388,39.326343],[-76.620387,39.326343],[-76.620385,39.326314],[-76.620385,39.32631],[-76.620368,39.326311],[-76.620303,39.326314],[-76.620133,39.32632],[-76.620135,39.326353],[-76.620117,39.326354],[-76.62012,39.326404],[-76.620125,39.326473],[-76.62013,39.32655],[-76.620133,39.326595],[-76.620105,39.326596],[-76.620106,39.326607],[-76.620042,39.32661],[-76.620023,39.32661],[-76.620024,39.326639],[-76.620026,39.32666],[-76.620028,39.326696],[-76.62003,39.326724],[-76.620031,39.326744],[-76.620045,39.326743],[-76.620114,39.326741],[-76.620115,39.326752],[-76.620153,39.32675],[-76.620177,39.326749],[-76.620197,39.326748],[-76.620197,39.326762],[-76.620206,39.326762],[-76.620207,39.326766],[-76.620211,39.326766],[-76.620216,39.326766],[-76.620216,39.326766],[-76.62022,39.326766],[-76.62022,39.326767],[-76.620223,39.326766],[-76.620358,39.326761],[-76.620358,39.326761],[-76.620358,39.326761],[-76.620359,39.326761],[-76.620361,39.32676],[-76.620361,39.32676],[-76.620361,39.32676],[-76.620363,39.32676],[-76.620371,39.32676],[-76.620371,39.326759],[-76.62037,39.326755],[-76.620372,39.326755],[-76.620379,39.326755],[-76.620379,39.326754],[-76.620378,39.326741],[-76.62038,39.326741],[-76.620398,39.32674],[-76.620422,39.326739],[-76.620432,39.326739],[-76.62046,39.326738],[-76.62046,39.326738],[-76.620459,39.326727],[-76.62046,39.326727],[-76.620542,39.326723],[-76.620537,39.326652]]],"crs":null},"id":146,"type":"Feature","properties":{"address":"3400 North Charles Street","below_grade":"N","levels_above_ground":null,"created_user":"portaladmin","name_alias":null,"primary_use":"Mixed Use","campus":"Homewood","image_url":"https://map.jhu.edu/Docs/Photos/BuildingPhotos/HomewoodCampus/ShriverHall.jpg","height_relative":null,"globalid":"{25D4C4FC-BA4D-4C12-A7FD-070A6FD408AE}","last_edited_user":"portaladmin","archibus_id":"0004","name_long":"Shriver Hall","name":"Shriver Hall","site_id":"Homewood Campus","facility_id":"0004","last_edited_date":1762290934000,"validationstatus":2,"created_date":1762290934000,"SHAPE__Length":616.4160830605897,"objectid":146,"SHAPE__Area":16203.057457794223}},{"geometry":{"type":"Polygon","coordinates":[[[-76.620827,39.327317],[-76.620816,39.327141],[-76.620815,39.327124],[-76.620803,39.32695],[-76.620708,39.326953],[-76.620686,39.326954],[-76.620591,39.326958],[-76.620603,39.327134],[-76.620603,39.327142],[-76.620604,39.327151],[-76.620616,39.327326],[-76.620691,39.327323],[-76.620743,39.32732],[-76.620765,39.32732],[-76.620827,39.327317]]],"crs":null},"id":147,"type":"Feature","properties":{"address":"3400 North Charles Street","below_grade":"N","levels_above_ground":null,"created_user":"portaladmin","name_alias":null,"primary_use":"Research","campus":"Homewood","image_url":"https://map.jhu.edu/Docs/Photos/BuildingPhotos/HomewoodCampus/BartonHall.jpg","height_relative":null,"globalid":"{5D60DB74-A786-4821-BA79-E5B3136D8641}","last_edited_user":"portaladmin","archibus_id":"0005","name_long":"Barton Hall","name":"Barton Hall","site_id":"Homewood Campus","facility_id":"0005","last_edited_date":1762290934000,"validationstatus":2,"created_date":1762290934000,"SHAPE__Length":388.0000337235848,"objectid":147,"SHAPE__Area":8040.000840273447}},{"geometry":{"type":"Polygon","coordinates":[[[-76.620851,39.328009],[-76.620856,39.328009],[-76.620856,39.328008],[-76.620855,39.328003],[-76.620855,39.328001],[-76.620855,39.328001],[-76.620854,39.32799],[-76.620853,39.327984],[-76.620852,39.327968],[-76.620852,39.327956],[-76.620851,39.32795],[-76.62085,39.327933],[-76.62085,39.327927],[-76.620849,39.327916],[-76.620849,39.327916],[-76.620851,39.327916],[-76.620859,39.327916],[-76.620858,39.3279],[-76.620859,39.3279],[-76.620858,39.327884],[-76.620857,39.327884],[-76.620856,39.32787],[-76.620857,39.32787],[-76.620856,39.327854],[-76.620855,39.327854],[-76.620854,39.32784],[-76.620855,39.327839],[-76.620854,39.327824],[-76.620853,39.327824],[-76.620852,39.327809],[-76.620852,39.327801],[-76.620851,39.327794],[-76.620851,39.327785],[-76.620858,39.327785],[-76.620858,39.327785],[-76.620878,39.327785],[-76.620878,39.327784],[-76.620895,39.327783],[-76.620896,39.327784],[-76.620916,39.327783],[-76.620915,39.327783],[-76.620933,39.327782],[-76.620933,39.327783],[-76.620953,39.327782],[-76.620953,39.327781],[-76.62097,39.327781],[-76.62097,39.327781],[-76.62099,39.32778],[-76.62099,39.32778],[-76.621017,39.327779],[-76.621015,39.327758],[-76.621016,39.327758],[-76.621015,39.327742],[-76.621014,39.327742],[-76.621014,39.327737],[-76.621017,39.327737],[-76.621019,39.327736],[-76.621022,39.327735],[-76.621024,39.327735],[-76.621026,39.327733],[-76.621029,39.327732],[-76.621031,39.32773],[-76.621032,39.327728],[-76.621033,39.327726],[-76.621034,39.327723],[-76.62103,39.327723],[-76.62103,39.327723],[-76.62103,39.327718],[-76.62103,39.327718],[-76.621034,39.327718],[-76.621033,39.327715],[-76.621031,39.327713],[-76.621029,39.327711],[-76.621027,39.327709],[-76.621024,39.327708],[-76.621022,39.327707],[-76.621019,39.327706],[-76.621015,39.327706],[-76.621012,39.327706],[-76.621012,39.3277],[-76.621012,39.3277],[-76.621011,39.327685],[-76.621011,39.327685],[-76.621009,39.327664],[-76.620982,39.327665],[-76.620982,39.327664],[-76.620962,39.327665],[-76.620962,39.327665],[-76.620945,39.327666],[-76.620945,39.327666],[-76.620925,39.327666],[-76.620925,39.327667],[-76.620908,39.327667],[-76.620908,39.327667],[-76.620888,39.327668],[-76.620888,39.327668],[-76.620871,39.327669],[-76.620871,39.327668],[-76.620851,39.327669],[-76.620851,39.32767],[-76.620843,39.32767],[-76.620843,39.327661],[-76.620842,39.327651],[-76.620842,39.327646],[-76.620842,39.327641],[-76.620842,39.327641],[-76.620842,39.327636],[-76.620841,39.327636],[-76.620841,39.327631],[-76.620842,39.327631],[-76.620841,39.327617],[-76.62084,39.327617],[-76.620839,39.3276],[-76.62084,39.3276],[-76.620839,39.327586],[-76.620838,39.327586],[-76.620837,39.32757],[-76.620838,39.32757],[-76.620837,39.327555],[-76.620836,39.327555],[-76.620835,39.327539],[-76.620825,39.327539],[-76.620824,39.327529],[-76.620825,39.327529],[-76.620824,39.327523],[-76.620824,39.327523],[-76.620823,39.327506],[-76.620823,39.327506],[-76.620822,39.327488],[-76.620821,39.327488],[-76.62082,39.327472],[-76.620821,39.327472],[-76.620821,39.327466],[-76.62082,39.327466],[-76.620819,39.327452],[-76.62082,39.327452],[-76.62082,39.327447],[-76.620754,39.32745],[-76.620754,39.327451],[-76.620737,39.327451],[-76.620737,39.327453],[-76.620726,39.327453],[-76.620716,39.327454],[-76.620716,39.327452],[-76.620698,39.327453],[-76.620698,39.327452],[-76.620632,39.327454],[-76.620638,39.327546],[-76.620627,39.327546],[-76.620639,39.327733],[-76.620651,39.327925],[-76.620662,39.327925],[-76.620663,39.327948],[-76.620665,39.327948],[-76.620665,39.327954],[-76.620664,39.327954],[-76.620666,39.327976],[-76.620666,39.327976],[-76.620667,39.327982],[-76.620665,39.327982],[-76.620668,39.328015],[-76.620668,39.328016],[-76.620733,39.328013],[-76.620733,39.328012],[-76.620751,39.328012],[-76.620751,39.32801],[-76.620772,39.328009],[-76.620772,39.328011],[-76.620774,39.328011],[-76.62079,39.32801],[-76.62079,39.328011],[-76.620851,39.328009]]],"crs":null},"id":148,"type":"Feature","properties":{"address":"3400 North Charles Street","below_grade":"N","levels_above_ground":null,"created_user":"portaladmin","name_alias":null,"primary_use":"Research","campus":"Homewood","image_url":"https://map.jhu.edu/Docs/Photos/BuildingPhotos/HomewoodCampus/Latrobe Hall.jpg","height_relative":null,"globalid":"{7674E87C-1AD6-4F84-B56A-542B03863DFF}","last_edited_user":"portaladmin","archibus_id":"0006","name_long":"Latrobe Hall","name":"Latrobe Hall","site_id":"Homewood Campus","facility_id":"0006","last_edited_date":1762290934000,"validationstatus":2,"created_date":1762290934000,"SHAPE__Length":643.4716419761526,"objectid":148,"SHAPE__Area":13683.447213076875}},{"geometry":{"type":"Polygon","coordinates":[[[-76.619797,39.327317],[-76.619795,39.327317],[-76.619795,39.327317],[-76.619796,39.327323],[-76.619799,39.327366],[-76.62002,39.327357],[-76.620018,39.327318],[-76.620018,39.327318],[-76.620018,39.327304],[-76.620017,39.327304],[-76.620016,39.327289],[-76.620016,39.327289],[-76.620016,39.327275],[-76.620015,39.327275],[-76.620014,39.32726],[-76.620015,39.32726],[-76.620014,39.327246],[-76.620013,39.327246],[-76.620013,39.327242],[-76.620037,39.327241],[-76.620063,39.32724],[-76.620061,39.327213],[-76.620071,39.327212],[-76.620064,39.327111],[-76.620054,39.327111],[-76.620052,39.327084],[-76.620002,39.327086],[-76.620002,39.327082],[-76.620003,39.327082],[-76.620002,39.327068],[-76.620001,39.327068],[-76.62,39.327053],[-76.620001,39.327053],[-76.62,39.327039],[-76.619999,39.327039],[-76.619998,39.327023],[-76.619999,39.327023],[-76.619998,39.32701],[-76.619997,39.32701],[-76.619995,39.326971],[-76.619972,39.326972],[-76.619972,39.326972],[-76.619954,39.326972],[-76.619954,39.326973],[-76.619932,39.326974],[-76.619932,39.326973],[-76.619915,39.326974],[-76.619915,39.326974],[-76.619893,39.326975],[-76.619893,39.326975],[-76.619875,39.326975],[-76.619875,39.326976],[-76.619854,39.326977],[-76.619853,39.326976],[-76.619836,39.326977],[-76.619836,39.326977],[-76.619814,39.326978],[-76.619814,39.326978],[-76.619796,39.326979],[-76.619796,39.326979],[-76.619774,39.32698],[-76.619774,39.32699],[-76.619774,39.32699],[-76.619774,39.327001],[-76.619776,39.327028],[-76.619777,39.327028],[-76.619778,39.327028],[-76.619783,39.327108],[-76.619783,39.327108],[-76.619784,39.327124],[-76.619784,39.327125],[-76.619791,39.327221],[-76.619791,39.327222],[-76.619792,39.327237],[-76.619792,39.327238],[-76.619797,39.327317]]],"crs":null},"id":149,"type":"Feature","properties":{"address":"3400 North Charles Street","below_grade":"N","levels_above_ground":null,"created_user":"portaladmin","name_alias":null,"primary_use":"Instruction","campus":"Homewood","image_url":"https://map.jhu.edu/Docs/Photos/BuildingPhotos/HomewoodCampus/ShaferHall.jpg","height_relative":null,"globalid":"{36FC380B-5325-4EE1-80A1-7F2B19F4EE6A}","last_edited_user":"portaladmin","archibus_id":"0007","name_long":"Shaffer Hall","name":"Shaffer Hall","site_id":"Homewood Campus","facility_id":"0007","last_edited_date":1762290934000,"validationstatus":2,"created_date":1762290934000,"SHAPE__Length":445.6713690367861,"objectid":149,"SHAPE__Area":9704.790816166002}},{"geometry":{"type":"Polygon","coordinates":[[[-76.619965,39.328071],[-76.620005,39.328069],[-76.620004,39.328062],[-76.620003,39.328041],[-76.620079,39.328038],[-76.620072,39.327939],[-76.620063,39.327815],[-76.620079,39.327814],[-76.620075,39.327757],[-76.620071,39.327699],[-76.620071,39.327699],[-76.620055,39.3277],[-76.620055,39.327697],[-76.620047,39.327573],[-76.620041,39.327484],[-76.62004,39.327477],[-76.620035,39.327477],[-76.62002,39.327478],[-76.619964,39.32748],[-76.619963,39.327457],[-76.619962,39.327453],[-76.619923,39.327455],[-76.619923,39.327459],[-76.619924,39.327475],[-76.619925,39.327482],[-76.619851,39.327485],[-76.619849,39.327485],[-76.619849,39.327489],[-76.619849,39.327489],[-76.619667,39.327497],[-76.619662,39.327497],[-76.619662,39.3275],[-76.619662,39.327501],[-76.619632,39.327502],[-76.619631,39.327496],[-76.619622,39.327497],[-76.619617,39.327497],[-76.619617,39.327497],[-76.619617,39.327498],[-76.619595,39.327499],[-76.619595,39.327498],[-76.619586,39.327498],[-76.61958,39.327498],[-76.61958,39.327499],[-76.61958,39.327499],[-76.619577,39.327499],[-76.619571,39.327499],[-76.619571,39.3275],[-76.619571,39.3275],[-76.61954,39.327501],[-76.61954,39.327501],[-76.619531,39.327501],[-76.619531,39.3275],[-76.619523,39.327501],[-76.619517,39.327501],[-76.619517,39.327502],[-76.619517,39.327502],[-76.619494,39.327503],[-76.619494,39.327502],[-76.619487,39.327502],[-76.61948,39.327503],[-76.61948,39.327505],[-76.619477,39.327505],[-76.619477,39.327516],[-76.619478,39.327516],[-76.61948,39.327533],[-76.619479,39.327533],[-76.619479,39.327544],[-76.61948,39.327544],[-76.619481,39.327551],[-76.619482,39.327551],[-76.619483,39.327575],[-76.619482,39.327575],[-76.619483,39.327582],[-76.619482,39.327582],[-76.619483,39.327593],[-76.619484,39.327593],[-76.619485,39.32761],[-76.619484,39.32761],[-76.619485,39.327621],[-76.619488,39.32762],[-76.619488,39.327624],[-76.619489,39.327624],[-76.61949,39.327634],[-76.619491,39.327648],[-76.61949,39.327648],[-76.619491,39.32766],[-76.619492,39.32766],[-76.619493,39.327684],[-76.619493,39.327684],[-76.619493,39.327696],[-76.619494,39.327696],[-76.619496,39.32772],[-76.619495,39.32772],[-76.619496,39.327733],[-76.619497,39.327732],[-76.619498,39.327756],[-76.619498,39.327757],[-76.619498,39.327769],[-76.619499,39.327769],[-76.619501,39.327793],[-76.6195,39.327793],[-76.619501,39.327805],[-76.619502,39.327805],[-76.619503,39.327829],[-76.619503,39.327829],[-76.619503,39.327842],[-76.619504,39.327841],[-76.619506,39.327865],[-76.619505,39.327865],[-76.619506,39.327878],[-76.619507,39.327878],[-76.619508,39.327902],[-76.619508,39.327902],[-76.619508,39.327914],[-76.619509,39.327914],[-76.619511,39.327938],[-76.61951,39.327938],[-76.61951,39.327941],[-76.619507,39.327941],[-76.619507,39.327952],[-76.619508,39.327952],[-76.61951,39.327969],[-76.619509,39.327969],[-76.619509,39.32798],[-76.61951,39.32798],[-76.619511,39.327987],[-76.619512,39.327987],[-76.619513,39.328011],[-76.619512,39.328011],[-76.619513,39.328018],[-76.619512,39.328018],[-76.619513,39.32803],[-76.619514,39.32803],[-76.619515,39.328047],[-76.619514,39.328047],[-76.619515,39.328057],[-76.619518,39.328056],[-76.619518,39.328059],[-76.619532,39.328059],[-76.619532,39.328058],[-76.619553,39.328057],[-76.619553,39.328058],[-76.619569,39.328057],[-76.619569,39.328056],[-76.619577,39.328056],[-76.619577,39.328055],[-76.619608,39.328054],[-76.619608,39.328055],[-76.619619,39.328054],[-76.619619,39.328055],[-76.619634,39.328054],[-76.619634,39.328054],[-76.619649,39.328053],[-76.619655,39.328053],[-76.619655,39.328053],[-76.619668,39.328053],[-76.619667,39.328047],[-76.619693,39.328046],[-76.6197,39.328046],[-76.6197,39.328048],[-76.6197,39.32805],[-76.61987,39.328043],[-76.619887,39.328042],[-76.619887,39.328046],[-76.619963,39.328043],[-76.619965,39.328071]]],"crs":null},"id":150,"type":"Feature","properties":{"address":"3400 North Charles Street","below_grade":"N","levels_above_ground":null,"created_user":"portaladmin","name_alias":null,"primary_use":"Research","campus":"Homewood","image_url":"https://map.jhu.edu/Docs/Photos/BuildingPhotos/HomewoodCampus/MarylandHall.jpg","height_relative":null,"globalid":"{65F66DAA-7D1C-456A-8F37-6530EF16815B}","last_edited_user":"portaladmin","archibus_id":"0008","name_long":"Maryland Hall","name":"Maryland Hall","site_id":"Homewood Campus","facility_id":"0008","last_edited_date":1762290934000,"validationstatus":2,"created_date":1762290934000,"SHAPE__Length":799.9728298363822,"objectid":150,"SHAPE__Area":32633.337241533507}},{"geometry":{"type":"Polygon","coordinates":[[[-76.621072,39.328647],[-76.621072,39.32864],[-76.621125,39.328637],[-76.621118,39.328542],[-76.621068,39.328544],[-76.621068,39.328546],[-76.621068,39.328546],[-76.621068,39.328546],[-76.621065,39.328546],[-76.621064,39.328541],[-76.62106,39.328481],[-76.621055,39.328481],[-76.62104,39.32828],[-76.621026,39.328281],[-76.621026,39.328278],[-76.620896,39.328284],[-76.620897,39.328287],[-76.620883,39.328287],[-76.620891,39.328387],[-76.620696,39.328395],[-76.620692,39.328396],[-76.620685,39.328302],[-76.620685,39.328296],[-76.620671,39.328297],[-76.620671,39.328294],[-76.620541,39.3283],[-76.620542,39.328303],[-76.620528,39.328303],[-76.620544,39.328504],[-76.620539,39.328505],[-76.620539,39.328515],[-76.620541,39.328515],[-76.620545,39.328568],[-76.620488,39.328571],[-76.620494,39.328652],[-76.620495,39.328659],[-76.62055,39.328657],[-76.62055,39.328658],[-76.620551,39.328671],[-76.620558,39.328671],[-76.621072,39.328647]]],"crs":null},"id":151,"type":"Feature","properties":{"address":"3400 North Charles Street","below_grade":"N","levels_above_ground":null,"created_user":"portaladmin","name_alias":null,"primary_use":"Research","campus":"Homewood","image_url":"https://map.jhu.edu/Docs/Photos/BuildingPhotos/HomewoodCampus/AmesHall.jpg","height_relative":null,"globalid":"{84F25328-C2F1-4BC3-A77F-ABAA05592628}","last_edited_user":"portaladmin","archibus_id":"0013","name_long":"Ames Hall","name":"Ames Hall","site_id":"Homewood Campus","facility_id":"0013","last_edited_date":1762290934000,"validationstatus":2,"created_date":1762290934000,"SHAPE__Length":704.0203711109358,"objectid":151,"SHAPE__Area":18649.202237073}},{"geometry":{"type":"Polygon","coordinates":[[[-76.621343,39.328707],[-76.621342,39.328706],[-76.621342,39.328706],[-76.621337,39.328706],[-76.621336,39.328706],[-76.621332,39.328706],[-76.621333,39.328707],[-76.621327,39.328707],[-76.621317,39.328707],[-76.621313,39.328707],[-76.621312,39.328707],[-76.621307,39.328707],[-76.621302,39.328707],[-76.621303,39.328708],[-76.621287,39.328709],[-76.621289,39.328746],[-76.62129,39.328762],[-76.621284,39.328762],[-76.621294,39.32894],[-76.621259,39.328942],[-76.621259,39.328941],[-76.621258,39.328936],[-76.621253,39.328936],[-76.621254,39.328941],[-76.621254,39.328951],[-76.621278,39.328951],[-76.621279,39.328963],[-76.621282,39.329012],[-76.621283,39.329025],[-76.621258,39.329026],[-76.621259,39.32904],[-76.621259,39.329041],[-76.621264,39.329041],[-76.621264,39.32904],[-76.621264,39.329035],[-76.621299,39.329034],[-76.62131,39.329212],[-76.621315,39.329212],[-76.621316,39.329218],[-76.621319,39.329266],[-76.621322,39.329266],[-76.621345,39.329265],[-76.621345,39.329265],[-76.621365,39.329264],[-76.621374,39.329263],[-76.621767,39.32925],[-76.621764,39.329195],[-76.621877,39.329191],[-76.621869,39.329052],[-76.62187,39.329052],[-76.62187,39.329049],[-76.621888,39.329047],[-76.621888,39.32905],[-76.621888,39.329051],[-76.621907,39.329048],[-76.621924,39.329042],[-76.62194,39.329034],[-76.621954,39.329024],[-76.621965,39.329012],[-76.621974,39.328999],[-76.62198,39.328985],[-76.621982,39.328971],[-76.621981,39.328956],[-76.621977,39.328942],[-76.62197,39.328928],[-76.62196,39.328916],[-76.621947,39.328905],[-76.621932,39.328896],[-76.621915,39.328889],[-76.621897,39.328885],[-76.621879,39.328883],[-76.621879,39.328884],[-76.621879,39.328887],[-76.621878,39.328887],[-76.621878,39.328887],[-76.621868,39.328886],[-76.62186,39.328886],[-76.62186,39.328883],[-76.621859,39.328883],[-76.621858,39.328859],[-76.621851,39.328744],[-76.621738,39.328748],[-76.621735,39.328693],[-76.621343,39.328707]]],"crs":null},"id":152,"type":"Feature","properties":{"address":"3400 North Charles Street","below_grade":"N","levels_above_ground":null,"created_user":"portaladmin","name_alias":null,"primary_use":"Instruction","campus":"Homewood","image_url":"https://map.jhu.edu/Docs/Photos/BuildingPhotos/HomewoodCampus/GilmanHall.jpg","height_relative":null,"globalid":"{317C58DA-61AE-4AEB-AE0A-FDCF96FE24A8}","last_edited_user":"portaladmin","archibus_id":"0014","name_long":"Gilman Hall","name":"Gilman Hall","site_id":"Homewood Campus","facility_id":"0014","last_edited_date":1762290934000,"validationstatus":2,"created_date":1762290934000,"SHAPE__Length":819.8285681985345,"objectid":152,"SHAPE__Area":33102.67889086396}},{"geometry":{"type":"Polygon","coordinates":[[[-76.62113,39.329786],[-76.621131,39.329786],[-76.621114,39.329517],[-76.621118,39.329517],[-76.621114,39.329455],[-76.621114,39.329454],[-76.621134,39.329453],[-76.621134,39.329452],[-76.621153,39.329451],[-76.621153,39.329452],[-76.621159,39.329452],[-76.621169,39.329452],[-76.621168,39.329437],[-76.621167,39.329426],[-76.621163,39.329356],[-76.621108,39.329358],[-76.621108,39.32935],[-76.621098,39.329351],[-76.620997,39.329355],[-76.620586,39.32937],[-76.620587,39.329375],[-76.620587,39.329385],[-76.620566,39.329385],[-76.620533,39.329387],[-76.620533,39.329391],[-76.620533,39.329396],[-76.620537,39.32945],[-76.620537,39.329455],[-76.620537,39.329461],[-76.620538,39.329475],[-76.620593,39.329473],[-76.620597,39.329536],[-76.6206,39.329536],[-76.620601,39.329546],[-76.620603,39.329546],[-76.620603,39.32956],[-76.620602,39.32956],[-76.620614,39.329759],[-76.620617,39.329805],[-76.620683,39.329803],[-76.620683,39.329803],[-76.620688,39.329803],[-76.620697,39.329802],[-76.620707,39.329802],[-76.620712,39.329802],[-76.620712,39.329801],[-76.620778,39.329799],[-76.620778,39.329798],[-76.620865,39.329795],[-76.620865,39.329795],[-76.620883,39.329795],[-76.620883,39.329794],[-76.62097,39.329791],[-76.62097,39.329792],[-76.621036,39.329789],[-76.621036,39.32979],[-76.621041,39.32979],[-76.62106,39.329789],[-76.621066,39.329789],[-76.621066,39.329788],[-76.62113,39.329786]]],"crs":null},"id":153,"type":"Feature","properties":{"address":"3400 North Charles Street","below_grade":"N","levels_above_ground":null,"created_user":"portaladmin","name_alias":null,"primary_use":"Research","campus":"Homewood","image_url":"https://map.jhu.edu/Docs/Photos/BuildingPhotos/HomewoodCampus/MergenthallerHallandRemsenHall.jpg","height_relative":null,"globalid":"{5A127ABC-EFA2-4E30-98EB-DB4973B3BC07}","last_edited_user":"portaladmin","archibus_id":"0016","name_long":"Jenkins-Mergenthaler Hall","name":"Jenkins-Mergenthaler Hall","site_id":"Homewood Campus","facility_id":"0016","last_edited_date":1762290934000,"validationstatus":2,"created_date":1762290934000,"SHAPE__Length":677.7104843500293,"objectid":153,"SHAPE__Area":24244.472841761144}},{"geometry":{"type":"Polygon","coordinates":[[[-76.620332,39.329606],[-76.62033,39.329585],[-76.620329,39.329576],[-76.620329,39.329576],[-76.620328,39.329576],[-76.620328,39.329571],[-76.620327,39.329555],[-76.620326,39.329551],[-76.620328,39.329551],[-76.620327,39.329543],[-76.620333,39.329542],[-76.620328,39.329477],[-76.620333,39.329477],[-76.620333,39.329479],[-76.62039,39.329477],[-76.620399,39.329476],[-76.620397,39.329435],[-76.620393,39.329388],[-76.620384,39.329389],[-76.620327,39.329391],[-76.620327,39.329393],[-76.620323,39.329394],[-76.620322,39.329377],[-76.6198,39.329399],[-76.619805,39.329467],[-76.619804,39.329467],[-76.619804,39.329468],[-76.619803,39.329468],[-76.619804,39.329471],[-76.619807,39.329471],[-76.619807,39.329473],[-76.619808,39.329491],[-76.619808,39.329493],[-76.619805,39.329493],[-76.619805,39.329496],[-76.619806,39.329496],[-76.619806,39.329497],[-76.619808,39.329497],[-76.619808,39.329499],[-76.619813,39.329565],[-76.619819,39.329565],[-76.619819,39.329573],[-76.619821,39.329573],[-76.619822,39.329598],[-76.619821,39.329598],[-76.619823,39.329628],[-76.619824,39.329628],[-76.619825,39.329642],[-76.619826,39.329652],[-76.619825,39.329653],[-76.619827,39.329683],[-76.619828,39.329683],[-76.61983,39.329707],[-76.619829,39.329707],[-76.619831,39.329737],[-76.619832,39.329737],[-76.619834,39.329762],[-76.619833,39.329762],[-76.619835,39.329792],[-76.619836,39.329792],[-76.619838,39.329817],[-76.619837,39.329817],[-76.619838,39.329835],[-76.619867,39.329834],[-76.619867,39.329833],[-76.619883,39.329832],[-76.619883,39.329833],[-76.6199,39.329832],[-76.6199,39.329831],[-76.619933,39.32983],[-76.619933,39.329831],[-76.61995,39.32983],[-76.619949,39.329829],[-76.619965,39.329828],[-76.619965,39.329829],[-76.619995,39.329828],[-76.619993,39.32981],[-76.619992,39.32981],[-76.61999,39.329786],[-76.619992,39.329786],[-76.619991,39.329781],[-76.620039,39.329779],[-76.620041,39.329805],[-76.620042,39.329811],[-76.620044,39.329817],[-76.620048,39.329822],[-76.620047,39.329823],[-76.62005,39.329827],[-76.620055,39.329831],[-76.62006,39.329834],[-76.620066,39.329837],[-76.620067,39.329836],[-76.620073,39.329839],[-76.62008,39.32984],[-76.62008,39.329841],[-76.620087,39.329842],[-76.620094,39.329842],[-76.6201,39.329842],[-76.620107,39.32984],[-76.620107,39.329839],[-76.620113,39.329837],[-76.62012,39.329834],[-76.62012,39.329835],[-76.620126,39.329832],[-76.62013,39.329828],[-76.620134,39.329823],[-76.620138,39.329819],[-76.620136,39.329818],[-76.620138,39.329814],[-76.62014,39.32981],[-76.62014,39.329809],[-76.620141,39.329805],[-76.620141,39.3298],[-76.620139,39.329777],[-76.620139,39.329775],[-76.620187,39.329773],[-76.620187,39.329777],[-76.620188,39.329777],[-76.62019,39.329802],[-76.620189,39.329802],[-76.62019,39.32982],[-76.620219,39.329818],[-76.620219,39.329817],[-76.620235,39.329817],[-76.620235,39.329818],[-76.620252,39.329817],[-76.620252,39.329816],[-76.620284,39.329815],[-76.620285,39.329815],[-76.620301,39.329815],[-76.620301,39.329814],[-76.620317,39.329813],[-76.620317,39.329814],[-76.620346,39.329813],[-76.620345,39.329795],[-76.620344,39.329795],[-76.620342,39.32977],[-76.620343,39.32977],[-76.620341,39.32974],[-76.62034,39.32974],[-76.620338,39.329716],[-76.620339,39.329715],[-76.620337,39.329685],[-76.620336,39.329685],[-76.620334,39.329661],[-76.620336,39.329661],[-76.620333,39.32963],[-76.620332,39.329631],[-76.62033,39.329606],[-76.620332,39.329606]]],"crs":null},"id":154,"type":"Feature","properties":{"address":"3400 North Charles Street","below_grade":"N","levels_above_ground":null,"created_user":"portaladmin","name_alias":null,"primary_use":"Research","campus":"Homewood","image_url":"https://map.jhu.edu/Docs/Photos/BuildingPhotos/HomewoodCampus/RemsenHall.jpg","height_relative":null,"globalid":"{63FD7690-17E9-4F51-BAF4-503AFA567A45}","last_edited_user":"portaladmin","archibus_id":"0017","name_long":"Remsen Hall","name":"Remsen Hall","site_id":"Homewood Campus","facility_id":"0017","last_edited_date":1762290934000,"validationstatus":2,"created_date":1762290934000,"SHAPE__Length":742.2643185167533,"objectid":154,"SHAPE__Area":23334.45267730338}},{"geometry":{"type":"Polygon","coordinates":[[[-76.619187,39.329694],[-76.619188,39.329694],[-76.619115,39.329617],[-76.619114,39.329618],[-76.619057,39.329651],[-76.619064,39.329658],[-76.619056,39.329662],[-76.619017,39.329685],[-76.618967,39.329633],[-76.618964,39.329635],[-76.618914,39.329664],[-76.618912,39.329662],[-76.618894,39.329643],[-76.61884,39.329674],[-76.61884,39.329674],[-76.61886,39.329695],[-76.618807,39.329726],[-76.618857,39.329778],[-76.618851,39.329782],[-76.61881,39.329805],[-76.618804,39.329798],[-76.618803,39.329799],[-76.618746,39.329832],[-76.61882,39.329908],[-76.618877,39.329875],[-76.618877,39.329874],[-76.618859,39.329856],[-76.618853,39.32985],[-76.6189,39.329822],[-76.618913,39.329836],[-76.618961,39.329808],[-76.618983,39.32983],[-76.619003,39.329818],[-76.619025,39.329805],[-76.619026,39.329805],[-76.619046,39.329793],[-76.619026,39.329772],[-76.619025,39.329771],[-76.619071,39.329745],[-76.619073,39.329743],[-76.619064,39.329733],[-76.61906,39.329729],[-76.619107,39.329702],[-76.619131,39.329727],[-76.619167,39.329706],[-76.619171,39.329704],[-76.619175,39.329701],[-76.619183,39.329697],[-76.619187,39.329694]]],"crs":null},"id":155,"type":"Feature","properties":{"address":"3400 North Charles Street","below_grade":"N","levels_above_ground":null,"created_user":"portaladmin","name_alias":null,"primary_use":"Library","campus":"Homewood","image_url":"https://map.jhu.edu/Docs/Photos/BuildingPhotos/HomewoodCampus/HomewoodMuseumBuilding.jpg","height_relative":null,"globalid":"{3A9C4790-DCB6-42B4-B8A9-3504FD7B02A6}","last_edited_user":"portaladmin","archibus_id":"0018","name_long":"Homewood House","name":"Homewood House","site_id":"Homewood Campus","facility_id":"0018","last_edited_date":1762290934000,"validationstatus":2,"created_date":1762290934000,"SHAPE__Length":457.8325737131468,"objectid":155,"SHAPE__Area":5314.049861915476}},{"geometry":{"type":"Polygon","coordinates":[[[-76.618889,39.331022],[-76.618878,39.330874],[-76.618829,39.330876],[-76.618823,39.330877],[-76.618818,39.330877],[-76.618769,39.330879],[-76.618769,39.330886],[-76.61877,39.3309],[-76.618771,39.330904],[-76.618771,39.330908],[-76.618774,39.330951],[-76.618765,39.330952],[-76.618765,39.330952],[-76.618753,39.330952],[-76.618728,39.330954],[-76.618724,39.330952],[-76.618719,39.330951],[-76.618714,39.330951],[-76.618709,39.330952],[-76.618704,39.330953],[-76.6187,39.330955],[-76.618606,39.330959],[-76.618605,39.330959],[-76.618601,39.330958],[-76.618596,39.330957],[-76.618591,39.330957],[-76.618586,39.330957],[-76.618581,39.330959],[-76.618577,39.33096],[-76.618551,39.330962],[-76.618546,39.330962],[-76.61854,39.330962],[-76.618531,39.330962],[-76.618528,39.330926],[-76.61853,39.330923],[-76.618531,39.330919],[-76.618531,39.330915],[-76.61853,39.330911],[-76.618528,39.330907],[-76.618526,39.330904],[-76.618525,39.330884],[-76.618524,39.330879],[-76.618524,39.330876],[-76.618524,39.330875],[-76.618523,39.330867],[-76.618533,39.330867],[-76.61854,39.330866],[-76.618531,39.330748],[-76.61853,39.330739],[-76.618539,39.330738],[-76.618538,39.330726],[-76.618539,39.330726],[-76.618538,39.330713],[-76.618537,39.330713],[-76.618537,39.330706],[-76.618536,39.330699],[-76.618536,39.330697],[-76.618535,39.330684],[-76.618535,39.330677],[-76.618534,39.330671],[-76.618534,39.33067],[-76.618535,39.33067],[-76.618534,39.330657],[-76.618533,39.330657],[-76.618532,39.330647],[-76.618532,39.330645],[-76.618523,39.330645],[-76.618514,39.330517],[-76.618498,39.330518],[-76.618497,39.330518],[-76.618497,39.33051],[-76.618496,39.330506],[-76.618496,39.330501],[-76.618496,39.330495],[-76.618495,39.330486],[-76.618495,39.330482],[-76.618496,39.330478],[-76.618497,39.330474],[-76.618497,39.33047],[-76.618497,39.330466],[-76.618495,39.330463],[-76.618493,39.330459],[-76.61849,39.330423],[-76.6185,39.330423],[-76.618511,39.330422],[-76.618536,39.330421],[-76.618536,39.330421],[-76.618537,39.330421],[-76.618541,39.330422],[-76.618546,39.330423],[-76.618551,39.330423],[-76.618556,39.330423],[-76.61856,39.330422],[-76.618565,39.33042],[-76.618565,39.33042],[-76.618566,39.33042],[-76.618659,39.330415],[-76.618664,39.330417],[-76.618669,39.330417],[-76.618674,39.330418],[-76.618679,39.330417],[-76.618683,39.330416],[-76.618688,39.330414],[-76.618688,39.330414],[-76.618734,39.330412],[-76.618739,39.330484],[-76.618789,39.330482],[-76.618795,39.330482],[-76.618799,39.330482],[-76.618849,39.330479],[-76.618838,39.330339],[-76.618838,39.330331],[-76.618728,39.330336],[-76.618729,39.33034],[-76.618485,39.330351],[-76.618485,39.330347],[-76.618375,39.330352],[-76.618376,39.330358],[-76.618388,39.330524],[-76.618382,39.330524],[-76.61838,39.330524],[-76.618381,39.330527],[-76.61839,39.330651],[-76.618382,39.330652],[-76.618381,39.330652],[-76.618381,39.330654],[-76.618329,39.330656],[-76.618329,39.330649],[-76.618241,39.330653],[-76.618241,39.330657],[-76.618248,39.330757],[-76.618337,39.330753],[-76.618336,39.330746],[-76.618388,39.330743],[-76.618388,39.330745],[-76.618397,39.330745],[-76.618406,39.330873],[-76.618413,39.330872],[-76.618414,39.330872],[-76.618427,39.331043],[-76.618536,39.331038],[-76.618536,39.331034],[-76.61878,39.331023],[-76.61878,39.331027],[-76.618887,39.331022],[-76.618887,39.331022],[-76.618889,39.331022]]],"crs":null},"id":156,"type":"Feature","properties":{"address":"3400 North Charles Street","below_grade":"N","levels_above_ground":null,"created_user":"portaladmin","name_alias":"AMR 1","primary_use":"Residence Hall","campus":"Homewood Housing","image_url":"https://map.jhu.edu/Docs/Photos/BuildingPhotos/HomewoodCampus/AMR1.jpg","height_relative":null,"globalid":"{24B523C3-68D2-424E-AE46-37AC1532E261}","last_edited_user":"portaladmin","archibus_id":"0019","name_long":"Alumni Memorial Residence 1","name":"Alumni Memorial Residence 1","site_id":"Homewood Campus","facility_id":"0019","last_edited_date":1762290934000,"validationstatus":2,"created_date":1762290934000,"SHAPE__Length":1193.6108441985662,"objectid":156,"SHAPE__Area":17277.32737966154}},{"geometry":{"type":"Polygon","coordinates":[[[-76.619516,39.33162],[-76.619569,39.331618],[-76.619569,39.331618],[-76.619561,39.331498],[-76.619564,39.331498],[-76.619572,39.331498],[-76.619566,39.331405],[-76.619558,39.331405],[-76.619555,39.331405],[-76.619542,39.331209],[-76.619546,39.331209],[-76.619553,39.331208],[-76.619547,39.331115],[-76.61954,39.331115],[-76.61934,39.331123],[-76.619338,39.331123],[-76.619339,39.331125],[-76.619339,39.331128],[-76.619315,39.331129],[-76.619291,39.33113],[-76.619297,39.331213],[-76.619344,39.331212],[-76.619345,39.331217],[-76.619406,39.331214],[-76.619417,39.331214],[-76.619422,39.331214],[-76.61943,39.331337],[-76.619431,39.331346],[-76.619434,39.331396],[-76.619435,39.331405],[-76.619435,39.33141],[-76.619326,39.331414],[-76.619316,39.331415],[-76.619205,39.331419],[-76.619204,39.331414],[-76.619142,39.331416],[-76.619125,39.331417],[-76.619063,39.331419],[-76.619063,39.331425],[-76.618952,39.331429],[-76.618942,39.33143],[-76.618833,39.331434],[-76.618832,39.331428],[-76.618832,39.331425],[-76.618832,39.33142],[-76.618829,39.331371],[-76.618828,39.331366],[-76.618828,39.331362],[-76.61882,39.331237],[-76.618825,39.331237],[-76.61883,39.331237],[-76.618836,39.331237],[-76.618894,39.331234],[-76.618897,39.331234],[-76.618897,39.331229],[-76.618945,39.331227],[-76.618939,39.331144],[-76.618892,39.331146],[-76.618891,39.331142],[-76.618891,39.331141],[-76.618891,39.331141],[-76.618683,39.331149],[-76.618686,39.331192],[-76.618686,39.331196],[-76.618686,39.3312],[-76.618689,39.331243],[-76.6187,39.331242],[-76.618713,39.331439],[-76.618702,39.331439],[-76.618708,39.331532],[-76.618719,39.331532],[-76.618727,39.331651],[-76.618727,39.331652],[-76.61878,39.33165],[-76.618787,39.331649],[-76.618794,39.331649],[-76.618847,39.331647],[-76.618847,39.331646],[-76.618839,39.331527],[-76.619021,39.33152],[-76.619021,39.331526],[-76.619024,39.331561],[-76.619024,39.331562],[-76.619021,39.331562],[-76.619027,39.331644],[-76.61914,39.331639],[-76.619156,39.331639],[-76.619266,39.331634],[-76.61927,39.331634],[-76.619264,39.331552],[-76.619262,39.331552],[-76.61926,39.331516],[-76.619259,39.33151],[-76.619441,39.331503],[-76.619449,39.331622],[-76.619449,39.331623],[-76.61946,39.331623],[-76.619469,39.331622],[-76.619483,39.331622],[-76.619502,39.331621],[-76.619516,39.33162],[-76.619516,39.33162]]],"crs":null},"id":157,"type":"Feature","properties":{"address":"3400 North Charles Street","below_grade":"N","levels_above_ground":null,"created_user":"portaladmin","name_alias":"AMR 2","primary_use":"Residence Hall","campus":"Homewood Housing","image_url":"https://map.jhu.edu/Docs/Photos/BuildingPhotos/HomewoodCampus/AMR2.jpg","height_relative":null,"globalid":"{9310C165-077D-4C5C-BDA0-BBBBB8889CA0}","last_edited_user":"portaladmin","archibus_id":"0020","name_long":"Alumni Memorial Residence 2","name":"Alumni Memorial Residence 2","site_id":"Homewood Campus","facility_id":"0020","last_edited_date":1762290934000,"validationstatus":2,"created_date":1762290934000,"SHAPE__Length":1405.716081722377,"objectid":157,"SHAPE__Area":24162.024922551413}},{"geometry":{"type":"Polygon","coordinates":[[[-76.620378,39.330205],[-76.620378,39.330204],[-76.620377,39.330201],[-76.620377,39.330201],[-76.620377,39.330198],[-76.620375,39.330179],[-76.620374,39.330179],[-76.620373,39.330166],[-76.620375,39.330166],[-76.620372,39.330132],[-76.620352,39.330133],[-76.620352,39.330134],[-76.620335,39.330135],[-76.620335,39.330134],[-76.620316,39.330135],[-76.620316,39.330134],[-76.620316,39.330133],[-76.620293,39.330134],[-76.620293,39.330135],[-76.620276,39.330136],[-76.620276,39.330134],[-76.620236,39.330136],[-76.620236,39.330137],[-76.620219,39.330138],[-76.620219,39.330137],[-76.62018,39.330138],[-76.62018,39.330139],[-76.620164,39.33014],[-76.620163,39.33014],[-76.620163,39.330139],[-76.620123,39.33014],[-76.620123,39.330142],[-76.620106,39.330142],[-76.620106,39.330141],[-76.620067,39.330143],[-76.620067,39.330144],[-76.62005,39.330145],[-76.62005,39.330143],[-76.62001,39.330145],[-76.62001,39.330146],[-76.619993,39.330147],[-76.619993,39.330145],[-76.61997,39.330146],[-76.61997,39.330148],[-76.619951,39.330149],[-76.619951,39.330149],[-76.619951,39.33015],[-76.619934,39.330151],[-76.619934,39.33015],[-76.619934,39.33015],[-76.619914,39.33015],[-76.619914,39.330151],[-76.619916,39.330184],[-76.619918,39.330184],[-76.619919,39.330197],[-76.619917,39.330197],[-76.619919,39.330219],[-76.619918,39.330219],[-76.619918,39.330223],[-76.619918,39.330224],[-76.619919,39.330232],[-76.619919,39.33024],[-76.61992,39.330245],[-76.61992,39.330245],[-76.61992,39.330248],[-76.619922,39.330266],[-76.619923,39.330266],[-76.619924,39.33028],[-76.619923,39.33028],[-76.619925,39.330313],[-76.619981,39.330311],[-76.619981,39.330313],[-76.620004,39.330312],[-76.620004,39.330311],[-76.620021,39.33031],[-76.620021,39.330311],[-76.620061,39.33031],[-76.620061,39.330309],[-76.620078,39.330308],[-76.620078,39.330309],[-76.620117,39.330308],[-76.620117,39.330306],[-76.620134,39.330306],[-76.620134,39.330307],[-76.620174,39.330305],[-76.620174,39.330304],[-76.620191,39.330303],[-76.620191,39.330305],[-76.62023,39.330303],[-76.62023,39.330302],[-76.620247,39.330301],[-76.620247,39.330303],[-76.620287,39.330301],[-76.620287,39.3303],[-76.620304,39.330299],[-76.620304,39.3303],[-76.620327,39.330299],[-76.620327,39.330298],[-76.620383,39.330295],[-76.620381,39.330262],[-76.620379,39.330262],[-76.620378,39.330248],[-76.62038,39.330248],[-76.620379,39.330227],[-76.620379,39.330227],[-76.620379,39.330225],[-76.620379,39.330222],[-76.620378,39.330214],[-76.620378,39.330206],[-76.620378,39.330205]]],"crs":null},"id":158,"type":"Feature","properties":{"address":"3400 North Charles Street","below_grade":"N","levels_above_ground":null,"created_user":"portaladmin","name_alias":null,"primary_use":"Research","campus":"Homewood","image_url":"https://map.jhu.edu/Docs/Photos/BuildingPhotos/HomewoodCampus/DunningHall.jpg","height_relative":null,"globalid":"{AC15B205-82FD-4687-9420-A30974B40B6A}","last_edited_user":"portaladmin","archibus_id":"0021","name_long":"Dunning Hall","name":"Dunning Hall","site_id":"Homewood Campus","facility_id":"0021","last_edited_date":1762290934000,"validationstatus":2,"created_date":1762290934000,"SHAPE__Length":399.0299826258373,"objectid":158,"SHAPE__Area":7809.181763959398}},{"geometry":{"type":"Polygon","coordinates":[[[-76.621028,39.330106],[-76.620729,39.330118],[-76.620729,39.330115],[-76.620656,39.330118],[-76.620656,39.33012],[-76.620656,39.330124],[-76.620653,39.330125],[-76.620658,39.330201],[-76.620663,39.330277],[-76.620666,39.330276],[-76.620667,39.330283],[-76.620739,39.33028],[-76.620739,39.330276],[-76.621038,39.330265],[-76.621038,39.330262],[-76.621048,39.330262],[-76.621049,39.33027],[-76.621075,39.330269],[-76.621074,39.330261],[-76.621109,39.33026],[-76.621099,39.330108],[-76.621028,39.33011],[-76.621028,39.330106]]],"crs":null},"id":159,"type":"Feature","properties":{"address":"3400 North Charles Street","below_grade":"N","levels_above_ground":null,"created_user":"portaladmin","name_alias":null,"primary_use":"Research","campus":"Homewood","image_url":"https://map.jhu.edu/Docs/Photos/BuildingPhotos/HomewoodCampus/MacaulayHall.Jpg","height_relative":null,"globalid":"{17849431-AAB2-495A-A9B3-E2A1EEA08633}","last_edited_user":"portaladmin","archibus_id":"0022","name_long":"Macaulay Hall","name":"Macaulay Hall","site_id":"Homewood Campus","facility_id":"0022","last_edited_date":1762290934000,"validationstatus":2,"created_date":1762290934000,"SHAPE__Length":379.6437959059449,"objectid":159,"SHAPE__Area":7335.1775607197005}},{"geometry":{"type":"Polygon","coordinates":[[[-76.622202,39.330061],[-76.622171,39.330055],[-76.62217,39.330055],[-76.622169,39.330055],[-76.622169,39.330054],[-76.622168,39.330053],[-76.622167,39.330053],[-76.622167,39.330052],[-76.622166,39.330051],[-76.622166,39.33005],[-76.622166,39.330049],[-76.622166,39.330049],[-76.622169,39.33004],[-76.6221,39.330027],[-76.622095,39.330026],[-76.622085,39.330059],[-76.622083,39.330065],[-76.622081,39.330065],[-76.62208,39.330065],[-76.622073,39.330087],[-76.62207,39.330097],[-76.622037,39.330091],[-76.622027,39.330089],[-76.621998,39.330083],[-76.622001,39.330075],[-76.621916,39.330059],[-76.621911,39.330058],[-76.621879,39.330159],[-76.621968,39.330176],[-76.621969,39.330176],[-76.621969,39.330174],[-76.621983,39.330177],[-76.621998,39.330179],[-76.621981,39.330232],[-76.622096,39.330254],[-76.622097,39.330249],[-76.622112,39.330203],[-76.622124,39.330205],[-76.622136,39.330208],[-76.622155,39.330211],[-76.622147,39.330236],[-76.622155,39.330237],[-76.62224,39.330253],[-76.622247,39.330231],[-76.622264,39.330234],[-76.622281,39.330237],[-76.622258,39.330309],[-76.622255,39.330308],[-76.62225,39.330307],[-76.622229,39.330376],[-76.622317,39.330392],[-76.622317,39.330391],[-76.622333,39.330394],[-76.622335,39.330397],[-76.622336,39.330397],[-76.622338,39.330399],[-76.622341,39.3304],[-76.622344,39.330402],[-76.622348,39.330403],[-76.622351,39.330404],[-76.622354,39.330404],[-76.622358,39.330404],[-76.622362,39.330404],[-76.622365,39.330403],[-76.622367,39.330403],[-76.62237,39.330402],[-76.622386,39.330405],[-76.622386,39.330405],[-76.622474,39.330422],[-76.622474,39.33042],[-76.622496,39.330353],[-76.622475,39.330349],[-76.622497,39.330278],[-76.622508,39.33028],[-76.622521,39.330282],[-76.622521,39.330281],[-76.622553,39.33018],[-76.622465,39.330164],[-76.622462,39.330172],[-76.622434,39.330166],[-76.622428,39.330165],[-76.622423,39.330164],[-76.622394,39.330158],[-76.622404,39.330127],[-76.6224,39.330126],[-76.622413,39.330087],[-76.622344,39.330074],[-76.622336,39.330072],[-76.622334,39.330081],[-76.622333,39.330081],[-76.622333,39.330082],[-76.622332,39.330083],[-76.622331,39.330083],[-76.62233,39.330084],[-76.622329,39.330084],[-76.622328,39.330085],[-76.622327,39.330085],[-76.622326,39.330085],[-76.622325,39.330085],[-76.62232,39.330084],[-76.622318,39.330083],[-76.622308,39.330081],[-76.622295,39.330079],[-76.622303,39.330053],[-76.622213,39.330036],[-76.62221,39.330036],[-76.622204,39.330057],[-76.622202,39.330061]]],"crs":null},"id":160,"type":"Feature","properties":{"address":"3400 North Charles Street","below_grade":"N","levels_above_ground":null,"created_user":"portaladmin","name_alias":"Milton S. Eisenhower Library","primary_use":"Library","campus":"Homewood","image_url":"https://map.jhu.edu/Docs/Photos/BuildingPhotos/HomewoodCampus/JohnsHopkinsClubBuilding.jpg","height_relative":null,"globalid":"{FDC63D41-F020-43F8-99E8-69860AB2F91B}","last_edited_user":"portaladmin","archibus_id":"0024","name_long":"MSEL Annex- Johns Hopkins Club","name":"MSEL Annex- Johns Hopkins Club","site_id":"Homewood Campus","facility_id":"0024","last_edited_date":1762290934000,"validationstatus":2,"created_date":1762290934000,"SHAPE__Length":717.8782310328471,"objectid":160,"SHAPE__Area":13614.780742930923}},{"geometry":{"type":"Polygon","coordinates":[[[-76.622862,39.329288],[-76.622861,39.329288],[-76.622638,39.329246],[-76.622632,39.329245],[-76.62262,39.329243],[-76.622604,39.329239],[-76.622605,39.329234],[-76.622606,39.329232],[-76.622604,39.329232],[-76.622585,39.329228],[-76.622575,39.329226],[-76.622576,39.329222],[-76.622595,39.329161],[-76.622593,39.329161],[-76.622509,39.329145],[-76.622488,39.32921],[-76.622456,39.329204],[-76.622454,39.329211],[-76.622408,39.329202],[-76.622409,39.3292],[-76.622428,39.329138],[-76.622428,39.329138],[-76.622347,39.329123],[-76.622338,39.329121],[-76.62229,39.329112],[-76.62229,39.329115],[-76.622287,39.329123],[-76.62227,39.329176],[-76.622193,39.329161],[-76.622195,39.329155],[-76.622181,39.329153],[-76.622159,39.329148],[-76.622112,39.329139],[-76.622091,39.329204],[-76.62215,39.329215],[-76.622149,39.329216],[-76.622154,39.329216],[-76.622161,39.329218],[-76.622162,39.329217],[-76.622175,39.32922],[-76.622176,39.329214],[-76.622177,39.329214],[-76.622415,39.329259],[-76.62242,39.32926],[-76.622422,39.329261],[-76.622428,39.329262],[-76.622434,39.329263],[-76.622437,39.329264],[-76.622435,39.329271],[-76.622502,39.329284],[-76.622518,39.329287],[-76.622583,39.329299],[-76.622585,39.329299],[-76.622587,39.329293],[-76.622603,39.329296],[-76.62261,39.329297],[-76.622612,39.329298],[-76.622787,39.329331],[-76.622792,39.329332],[-76.622799,39.329333],[-76.622845,39.329342],[-76.622862,39.329288]]],"crs":null},"id":161,"type":"Feature","properties":{"address":"3400 North Charles Street","below_grade":"N","levels_above_ground":null,"created_user":"portaladmin","name_alias":null,"primary_use":"Office","campus":"Homewood","image_url":"https://map.jhu.edu/Docs/Photos/BuildingPhotos/HomewoodCampus/GreenhouseBuilding.jpg","height_relative":null,"globalid":"{07DAFF9E-CAC6-4CE0-B1DE-9E61A14FB6DD}","last_edited_user":"portaladmin","archibus_id":"0025","name_long":"Greenhouse","name":"Greenhouse","site_id":"Homewood Campus","facility_id":"0025","last_edited_date":1762290934000,"validationstatus":2,"created_date":1762290934000,"SHAPE__Length":594.5692511664265,"objectid":161,"SHAPE__Area":6285.126363718657}},{"geometry":{"type":"Polygon","coordinates":[[[-76.623154,39.329881],[-76.623159,39.329865],[-76.623172,39.329824],[-76.623177,39.329808],[-76.62318,39.329798],[-76.623182,39.329792],[-76.623211,39.329797],[-76.623226,39.3298],[-76.623266,39.329808],[-76.623282,39.329811],[-76.623316,39.329817],[-76.623318,39.329809],[-76.623317,39.329809],[-76.62332,39.3298],[-76.623321,39.3298],[-76.62333,39.329771],[-76.623329,39.329771],[-76.623331,39.329762],[-76.623333,39.329762],[-76.623335,39.329755],[-76.623335,39.329754],[-76.623312,39.32975],[-76.623296,39.329747],[-76.623286,39.329745],[-76.623286,39.329746],[-76.623283,39.329744],[-76.623278,39.329741],[-76.623271,39.32974],[-76.623264,39.329739],[-76.623258,39.329739],[-76.623254,39.329739],[-76.623253,39.329739],[-76.623253,39.329739],[-76.623253,39.329739],[-76.623238,39.329736],[-76.623235,39.329736],[-76.623219,39.329733],[-76.623201,39.329729],[-76.623201,39.329729],[-76.623204,39.329719],[-76.623203,39.329719],[-76.623206,39.329709],[-76.623207,39.32971],[-76.623211,39.329696],[-76.623195,39.329693],[-76.6232,39.329675],[-76.623205,39.329659],[-76.623211,39.329639],[-76.623235,39.329643],[-76.623237,39.329634],[-76.623236,39.329634],[-76.623238,39.329627],[-76.62324,39.329627],[-76.623246,39.329607],[-76.623244,39.329607],[-76.623247,39.3296],[-76.623248,39.3296],[-76.62325,39.329593],[-76.623251,39.329591],[-76.623239,39.329589],[-76.623238,39.329589],[-76.623229,39.329588],[-76.62323,39.329587],[-76.623211,39.329583],[-76.623211,39.329584],[-76.623202,39.329583],[-76.623202,39.329582],[-76.623168,39.329575],[-76.623168,39.329576],[-76.623167,39.329578],[-76.623157,39.329576],[-76.623158,39.329574],[-76.623158,39.329574],[-76.623134,39.329569],[-76.623134,39.32957],[-76.623131,39.329578],[-76.623132,39.329578],[-76.62313,39.329585],[-76.623129,39.329585],[-76.623123,39.329605],[-76.623124,39.329605],[-76.623122,39.329612],[-76.623121,39.329612],[-76.623118,39.329622],[-76.623146,39.329627],[-76.623142,39.32964],[-76.623143,39.32964],[-76.62314,39.329648],[-76.623139,39.329648],[-76.623135,39.329663],[-76.623136,39.329664],[-76.623133,39.329672],[-76.623132,39.329672],[-76.623129,39.329681],[-76.623117,39.329678],[-76.623113,39.329691],[-76.623114,39.329691],[-76.623111,39.329701],[-76.62311,39.329701],[-76.623106,39.329714],[-76.623107,39.329715],[-76.623104,39.329724],[-76.623103,39.329724],[-76.6231,39.329734],[-76.623101,39.329734],[-76.623099,39.329738],[-76.623098,39.329738],[-76.623096,39.329745],[-76.623099,39.329746],[-76.623095,39.329762],[-76.623091,39.329761],[-76.623085,39.329782],[-76.623086,39.329782],[-76.623083,39.329792],[-76.623082,39.329792],[-76.623077,39.329806],[-76.623079,39.329806],[-76.623076,39.329815],[-76.623074,39.329815],[-76.623071,39.329828],[-76.623084,39.32983],[-76.623081,39.32984],[-76.623082,39.32984],[-76.62308,39.329847],[-76.623079,39.329847],[-76.623074,39.329864],[-76.623075,39.329865],[-76.623073,39.329872],[-76.623072,39.329871],[-76.623069,39.329881],[-76.623041,39.329876],[-76.623038,39.329884],[-76.623039,39.329884],[-76.623037,39.329891],[-76.623036,39.329891],[-76.623029,39.329913],[-76.62303,39.329913],[-76.623028,39.32992],[-76.623027,39.32992],[-76.623024,39.329929],[-76.623039,39.329932],[-76.623039,39.329931],[-76.623081,39.329939],[-76.623081,39.32994],[-76.623137,39.32995],[-76.623136,39.329954],[-76.623137,39.329954],[-76.623135,39.329959],[-76.623134,39.329959],[-76.623132,39.329966],[-76.623169,39.329973],[-76.623169,39.329972],[-76.623176,39.329973],[-76.623176,39.329974],[-76.6232,39.329979],[-76.623201,39.329978],[-76.623207,39.329979],[-76.623207,39.32998],[-76.623237,39.329986],[-76.623245,39.329987],[-76.623248,39.329978],[-76.623246,39.329978],[-76.623248,39.329973],[-76.623249,39.329973],[-76.623258,39.329945],[-76.623257,39.329945],[-76.62326,39.329935],[-76.623261,39.329936],[-76.623266,39.329918],[-76.623193,39.329904],[-76.623192,39.329905],[-76.623192,39.329905],[-76.623156,39.329899],[-76.623156,39.329898],[-76.623156,39.329897],[-76.62315,39.329896],[-76.623154,39.329881]]],"crs":null},"id":162,"type":"Feature","properties":{"address":"3400 North Charles Street","below_grade":"N","levels_above_ground":null,"created_user":"portaladmin","name_alias":null,"primary_use":"Administration","campus":"Homewood","image_url":"https://map.jhu.edu/Docs/Photos/BuildingPhotos/HomewoodCampus/NicholsHouse.jpg","height_relative":null,"globalid":"{C4D39A93-14E1-4B8F-A62B-D6B540E7BAEA}","last_edited_user":"portaladmin","archibus_id":"0026","name_long":"Nichols House","name":"Nichols House","site_id":"Homewood Campus","facility_id":"0026","last_edited_date":1762290934000,"validationstatus":2,"created_date":1762290934000,"SHAPE__Length":551.7309429191336,"objectid":162,"SHAPE__Area":5425.327314545889}},{"geometry":{"type":"Polygon","coordinates":[[[-76.620911,39.332372],[-76.620896,39.332385],[-76.620898,39.332387],[-76.620889,39.332395],[-76.620887,39.332394],[-76.620865,39.332414],[-76.620867,39.332415],[-76.620858,39.332423],[-76.620856,39.332422],[-76.620835,39.332442],[-76.620836,39.332443],[-76.620827,39.332452],[-76.620825,39.33245],[-76.620782,39.332491],[-76.620767,39.332481],[-76.62074,39.332463],[-76.620698,39.332502],[-76.62065,39.332546],[-76.620689,39.332572],[-76.620691,39.332573],[-76.620657,39.332604],[-76.620647,39.332613],[-76.620649,39.332615],[-76.62064,39.332623],[-76.620638,39.332622],[-76.620616,39.332642],[-76.620618,39.332643],[-76.620609,39.332651],[-76.620607,39.33265],[-76.620586,39.33267],[-76.620588,39.332671],[-76.620578,39.33268],[-76.620576,39.332678],[-76.620562,39.332692],[-76.620581,39.332705],[-76.620583,39.332703],[-76.620593,39.33271],[-76.620592,39.332712],[-76.620615,39.332727],[-76.620617,39.332726],[-76.620628,39.332733],[-76.620626,39.332734],[-76.620683,39.332772],[-76.620729,39.332802],[-76.620728,39.332802],[-76.620646,39.332877],[-76.621694,39.333565],[-76.621796,39.333471],[-76.62181,39.333481],[-76.621823,39.333477],[-76.62186,39.333466],[-76.62186,39.333465],[-76.621859,39.333465],[-76.621859,39.333464],[-76.621858,39.333463],[-76.621858,39.333462],[-76.621857,39.333461],[-76.621857,39.33346],[-76.621857,39.333459],[-76.621856,39.333459],[-76.621856,39.333458],[-76.621855,39.333457],[-76.621855,39.333456],[-76.621854,39.333455],[-76.621854,39.333454],[-76.621853,39.333454],[-76.621853,39.333453],[-76.621852,39.333452],[-76.621851,39.333451],[-76.621851,39.33345],[-76.62185,39.333449],[-76.62185,39.333449],[-76.621849,39.333448],[-76.621849,39.333447],[-76.621848,39.333446],[-76.621848,39.333445],[-76.621847,39.333445],[-76.621846,39.333444],[-76.621846,39.333443],[-76.621845,39.333442],[-76.621845,39.333441],[-76.621844,39.333441],[-76.621843,39.33344],[-76.621843,39.333439],[-76.621842,39.333438],[-76.621841,39.333438],[-76.621841,39.333437],[-76.62184,39.333436],[-76.621839,39.333435],[-76.621839,39.333435],[-76.621838,39.333434],[-76.621837,39.333433],[-76.621837,39.333432],[-76.621836,39.333432],[-76.621835,39.333431],[-76.621835,39.33343],[-76.621834,39.333429],[-76.621833,39.333429],[-76.621832,39.333428],[-76.621832,39.333427],[-76.621831,39.333426],[-76.62183,39.333426],[-76.62183,39.333425],[-76.621829,39.333424],[-76.621828,39.333424],[-76.621827,39.333423],[-76.621826,39.333422],[-76.621826,39.333421],[-76.621825,39.333421],[-76.621824,39.33342],[-76.621823,39.333419],[-76.621823,39.333419],[-76.621822,39.333418],[-76.621821,39.333417],[-76.62182,39.333417],[-76.621819,39.333416],[-76.621819,39.333415],[-76.621818,39.333415],[-76.621817,39.333414],[-76.621816,39.333413],[-76.621815,39.333413],[-76.621814,39.333412],[-76.621813,39.333412],[-76.621813,39.333411],[-76.621812,39.33341],[-76.621811,39.33341],[-76.62181,39.333409],[-76.621809,39.333408],[-76.621808,39.333408],[-76.621807,39.333407],[-76.621806,39.333407],[-76.621806,39.333406],[-76.621805,39.333405],[-76.621802,39.333403],[-76.621797,39.333401],[-76.621792,39.333397],[-76.621786,39.333393],[-76.621763,39.333378],[-76.621758,39.333374],[-76.621753,39.333372],[-76.621747,39.333367],[-76.621741,39.333364],[-76.621724,39.333352],[-76.621718,39.333349],[-76.621712,39.333344],[-76.621709,39.333343],[-76.621694,39.333333],[-76.621689,39.333329],[-76.621674,39.33332],[-76.621672,39.333318],[-76.621668,39.333316],[-76.62165,39.333304],[-76.621645,39.3333],[-76.621629,39.33329],[-76.621621,39.333285],[-76.62162,39.333284],[-76.621619,39.333283],[-76.621618,39.333283],[-76.621617,39.333282],[-76.621616,39.333281],[-76.621615,39.33328],[-76.621614,39.333281],[-76.621613,39.333281],[-76.621612,39.33328],[-76.621611,39.333279],[-76.62161,39.333279],[-76.62161,39.333278],[-76.621609,39.333277],[-76.621608,39.333276],[-76.621607,39.333276],[-76.621607,39.333275],[-76.621606,39.333274],[-76.621605,39.333274],[-76.621604,39.333273],[-76.621604,39.333272],[-76.621603,39.333271],[-76.621602,39.333271],[-76.621601,39.33327],[-76.621601,39.333269],[-76.6216,39.333268],[-76.621599,39.333267],[-76.621599,39.333267],[-76.6216,39.333266],[-76.621599,39.333265],[-76.621599,39.333264],[-76.621598,39.333263],[-76.621597,39.333264],[-76.621596,39.333263],[-76.621596,39.333262],[-76.621595,39.333261],[-76.621594,39.333261],[-76.621594,39.33326],[-76.621593,39.333259],[-76.621593,39.333258],[-76.621592,39.333257],[-76.621592,39.333256],[-76.621592,39.333256],[-76.621591,39.333255],[-76.621591,39.333254],[-76.62159,39.333253],[-76.62159,39.333252],[-76.621589,39.333251],[-76.621589,39.33325],[-76.621589,39.333249],[-76.621588,39.333249],[-76.621588,39.333248],[-76.621588,39.333247],[-76.621587,39.333246],[-76.621589,39.333245],[-76.621588,39.333244],[-76.621588,39.333244],[-76.621588,39.333243],[-76.621587,39.333242],[-76.621587,39.333241],[-76.621587,39.33324],[-76.621586,39.33324],[-76.621585,39.333239],[-76.621585,39.333238],[-76.621585,39.333237],[-76.621584,39.333237],[-76.621584,39.333236],[-76.621583,39.333235],[-76.621583,39.333234],[-76.621582,39.333233],[-76.621582,39.333232],[-76.621581,39.333231],[-76.621581,39.333231],[-76.62158,39.33323],[-76.62158,39.333229],[-76.621579,39.333228],[-76.621579,39.333227],[-76.621578,39.333227],[-76.621577,39.333226],[-76.621577,39.333225],[-76.621576,39.333224],[-76.621577,39.333224],[-76.621577,39.333223],[-76.621576,39.333222],[-76.621575,39.333221],[-76.621575,39.33322],[-76.621574,39.333219],[-76.621573,39.333219],[-76.621572,39.333219],[-76.621571,39.333218],[-76.62157,39.333217],[-76.62157,39.333217],[-76.621569,39.333216],[-76.621568,39.333215],[-76.621567,39.333214],[-76.621568,39.333214],[-76.621567,39.333213],[-76.621567,39.333212],[-76.621566,39.333211],[-76.621565,39.33321],[-76.621564,39.33321],[-76.621556,39.333204],[-76.621547,39.333199],[-76.621546,39.333198],[-76.621545,39.333197],[-76.621544,39.333197],[-76.621543,39.333196],[-76.621542,39.333196],[-76.621541,39.333195],[-76.62154,39.333196],[-76.621534,39.333194],[-76.621534,39.333193],[-76.621527,39.33319],[-76.621525,39.333193],[-76.621525,39.333193],[-76.621505,39.333212],[-76.621492,39.333203],[-76.621492,39.333203],[-76.621476,39.333192],[-76.621479,39.333189],[-76.621482,39.333186],[-76.62148,39.333185],[-76.621489,39.333177],[-76.621491,39.333178],[-76.6215,39.33317],[-76.621498,39.333168],[-76.621507,39.33316],[-76.621509,39.333161],[-76.621518,39.333153],[-76.621516,39.333152],[-76.621525,39.333143],[-76.621527,39.333144],[-76.621536,39.333136],[-76.621535,39.333135],[-76.621544,39.333126],[-76.621546,39.333128],[-76.621555,39.333119],[-76.621553,39.333118],[-76.621562,39.33311],[-76.621564,39.333111],[-76.621573,39.333102],[-76.621571,39.333101],[-76.62158,39.333093],[-76.621582,39.333094],[-76.621591,39.333086],[-76.621589,39.333084],[-76.621598,39.333076],[-76.6216,39.333077],[-76.621609,39.333069],[-76.621608,39.333068],[-76.621617,39.333059],[-76.621619,39.333061],[-76.621628,39.333052],[-76.621626,39.333051],[-76.621635,39.333043],[-76.621637,39.333044],[-76.621646,39.333035],[-76.621644,39.333034],[-76.621653,39.333026],[-76.621655,39.333027],[-76.621664,39.333019],[-76.621662,39.333017],[-76.621672,39.333009],[-76.621673,39.33301],[-76.621683,39.333002],[-76.621681,39.333001],[-76.62169,39.332992],[-76.621692,39.332993],[-76.621694,39.332991],[-76.621702,39.332996],[-76.621705,39.332998],[-76.621709,39.332994],[-76.621789,39.332921],[-76.621804,39.332906],[-76.621526,39.332724],[-76.62152,39.332719],[-76.621513,39.332715],[-76.621507,39.332711],[-76.621515,39.332704],[-76.621641,39.332588],[-76.621581,39.332548],[-76.621567,39.332539],[-76.621516,39.332506],[-76.621502,39.332497],[-76.621452,39.332463],[-76.621446,39.33246],[-76.621442,39.332457],[-76.621437,39.332454],[-76.621387,39.332421],[-76.621382,39.332417],[-76.621378,39.332415],[-76.621372,39.332411],[-76.621322,39.332378],[-76.621317,39.332375],[-76.621313,39.332372],[-76.621308,39.332369],[-76.621257,39.332336],[-76.621252,39.332332],[-76.621249,39.332331],[-76.621248,39.33233],[-76.621224,39.332352],[-76.621174,39.332398],[-76.621126,39.332441],[-76.621089,39.332476],[-76.621081,39.332483],[-76.621074,39.332479],[-76.621063,39.332472],[-76.621029,39.33245],[-76.621007,39.332435],[-76.620991,39.332425],[-76.620963,39.332406],[-76.62094,39.332391],[-76.620929,39.332384],[-76.620915,39.332375],[-76.620911,39.332372]]],"crs":null},"id":163,"type":"Feature","properties":{"address":"3400 North Charles Street","below_grade":"N","levels_above_ground":null,"created_user":"portaladmin","name_alias":null,"primary_use":"Recreation","campus":"Homewood","image_url":"https://map.jhu.edu/Docs/Photos/BuildingPhotos/HomewoodCampus/NewtonH.WhiteJr.AthleticCenterBuilding.jpg","height_relative":null,"globalid":"{0A6D4A25-2E26-4537-BD55-6B791809307C}","last_edited_user":"portaladmin","archibus_id":"0027","name_long":"Newton H. White, Jr. Athletic Center","name":"Newton H. White, Jr. Athletic Center","site_id":"Homewood Campus","facility_id":"0027","last_edited_date":1762290934000,"validationstatus":2,"created_date":1762290934000,"SHAPE__Length":1521.0718287195414,"objectid":163,"SHAPE__Area":79276.47122339492}},{"geometry":{"type":"Polygon","coordinates":[[[-76.622174,39.333359],[-76.622116,39.333321],[-76.622098,39.333309],[-76.621866,39.333161],[-76.62186,39.333166],[-76.621763,39.333103],[-76.621768,39.333099],[-76.62172,39.333067],[-76.621683,39.3331],[-76.621675,39.333108],[-76.621672,39.333111],[-76.621635,39.333145],[-76.621683,39.333177],[-76.621688,39.333172],[-76.621785,39.333235],[-76.621751,39.333267],[-76.621746,39.333271],[-76.621742,39.333275],[-76.621696,39.333318],[-76.621717,39.333331],[-76.621727,39.333338],[-76.621786,39.333377],[-76.621867,39.333302],[-76.621977,39.333373],[-76.621999,39.333388],[-76.622013,39.333397],[-76.622083,39.333443],[-76.622174,39.333359]]],"crs":null},"id":164,"type":"Feature","properties":{"address":"3400 North Charles Street","below_grade":"N","levels_above_ground":null,"created_user":"portaladmin","name_alias":null,"primary_use":"Office","campus":"Homewood","image_url":"https://map.jhu.edu/Docs/Photos/BuildingPhotos/HomewoodCampus/ArmyROTCBuilding.jpg","height_relative":null,"globalid":"{31885E50-D279-41C5-8F4A-7FF545D01CDC}","last_edited_user":"portaladmin","archibus_id":"0028","name_long":"ROTC Building","name":"ROTC Building","site_id":"Homewood Campus","facility_id":"0028","last_edited_date":1762290934000,"validationstatus":2,"created_date":1762290934000,"SHAPE__Length":492.9173929201756,"objectid":164,"SHAPE__Area":7516.430158311003}},{"geometry":{"type":"Polygon","coordinates":[[[-76.619141,39.328156],[-76.619137,39.328153],[-76.619138,39.328153],[-76.619131,39.328148],[-76.619131,39.328148],[-76.619124,39.328142],[-76.619124,39.328142],[-76.619117,39.328137],[-76.619117,39.328138],[-76.619094,39.32812],[-76.619094,39.32812],[-76.619087,39.328114],[-76.619087,39.328114],[-76.619069,39.3281],[-76.619069,39.3281],[-76.619061,39.328094],[-76.619061,39.328094],[-76.619047,39.328083],[-76.619047,39.328083],[-76.619039,39.328077],[-76.619039,39.328077],[-76.619018,39.328061],[-76.619018,39.328061],[-76.619011,39.328055],[-76.61901,39.328055],[-76.618989,39.328038],[-76.618989,39.328038],[-76.618982,39.328033],[-76.618982,39.328033],[-76.618974,39.328027],[-76.618974,39.328027],[-76.618968,39.328022],[-76.618967,39.328022],[-76.618964,39.328019],[-76.618963,39.328019],[-76.618882,39.328082],[-76.618882,39.328082],[-76.618893,39.328091],[-76.618893,39.328091],[-76.618902,39.328097],[-76.618902,39.328097],[-76.618928,39.328117],[-76.618927,39.328117],[-76.61894,39.328127],[-76.618941,39.328127],[-76.618972,39.328151],[-76.619004,39.328176],[-76.619004,39.328176],[-76.619017,39.328186],[-76.619017,39.328186],[-76.619041,39.328205],[-76.619041,39.328205],[-76.61905,39.328212],[-76.61905,39.328212],[-76.61906,39.328219],[-76.619141,39.328156]]],"crs":null},"id":165,"type":"Feature","properties":{"address":"3400 North Charles Street","below_grade":"N","levels_above_ground":null,"created_user":"portaladmin","name_alias":null,"primary_use":"Mixed Use","campus":"Homewood","image_url":"https://map.jhu.edu/Docs/Photos/BuildingPhotos/HomewoodCampus/MerrickBarn.jpg","height_relative":null,"globalid":"{E84B7A9B-60C9-4043-894A-2540B83815B8}","last_edited_user":"portaladmin","archibus_id":"0029","name_long":"Merrick Barn Theatre","name":"Merrick Barn Theatre","site_id":"Homewood Campus","facility_id":"0029","last_edited_date":1762290934000,"validationstatus":2,"created_date":1762290934000,"SHAPE__Length":208.415289955011,"objectid":165,"SHAPE__Area":2308.6565683165163}},{"geometry":{"type":"Polygon","coordinates":[[[-76.620213,39.333051],[-76.620223,39.333043],[-76.620223,39.333043],[-76.620233,39.333035],[-76.620234,39.333035],[-76.620245,39.333028],[-76.620245,39.333028],[-76.620256,39.333021],[-76.620257,39.33302],[-76.620275,39.333009],[-76.620285,39.333003],[-76.620292,39.332998],[-76.620314,39.332982],[-76.620337,39.332964],[-76.620337,39.332964],[-76.620347,39.332956],[-76.620348,39.332954],[-76.620349,39.332953],[-76.620353,39.33295],[-76.62036,39.332943],[-76.62036,39.332943],[-76.6204,39.332908],[-76.620258,39.332813],[-76.620214,39.332852],[-76.620209,39.332848],[-76.620195,39.33284],[-76.620051,39.332969],[-76.619925,39.333082],[-76.619939,39.333091],[-76.619944,39.333094],[-76.6199,39.333134],[-76.620042,39.333229],[-76.620051,39.33322],[-76.620066,39.333207],[-76.620084,39.333191],[-76.620084,39.333191],[-76.620086,39.33319],[-76.620087,39.333188],[-76.620089,39.333186],[-76.620091,39.333185],[-76.620093,39.333183],[-76.620095,39.333181],[-76.620121,39.333155],[-76.620145,39.333128],[-76.620146,39.333127],[-76.620149,39.333123],[-76.620149,39.333123],[-76.620153,39.333118],[-76.620157,39.333112],[-76.620164,39.333103],[-76.620165,39.333103],[-76.620172,39.333093],[-76.620172,39.333093],[-76.62018,39.333083],[-76.62018,39.333083],[-76.620189,39.333074],[-76.620189,39.333074],[-76.620198,39.333065],[-76.620213,39.333051]]],"crs":null},"id":166,"type":"Feature","properties":{"address":"3400 North Charles Street","below_grade":"N","levels_above_ground":null,"created_user":"portaladmin","name_alias":null,"primary_use":"Recreation","campus":"Homewood","image_url":"https://map.jhu.edu/Docs/Photos/BuildingPhotos/HomewoodCampus/CordishLacrosseCenterBuilding.JPG","height_relative":null,"globalid":"{F2EA2C6D-91B6-4D8A-9B92-A42A1A9807D2}","last_edited_user":"portaladmin","archibus_id":"0033","name_long":"Cordish Lacrosse Center","name":"Cordish Lacrosse Center","site_id":"Homewood Campus","facility_id":"0033","last_edited_date":1762290934000,"validationstatus":2,"created_date":1762290934000,"SHAPE__Length":430.1075273465519,"objectid":166,"SHAPE__Area":8715.961236770088}},{"geometry":{"type":"Polygon","coordinates":[[[-76.621024,39.32643],[-76.621021,39.326383],[-76.621016,39.326313],[-76.621008,39.326216],[-76.621007,39.326197],[-76.620992,39.326005],[-76.620995,39.326005],[-76.620994,39.326],[-76.620992,39.326],[-76.62099,39.325974],[-76.620992,39.325974],[-76.620992,39.325969],[-76.62099,39.325969],[-76.620989,39.325956],[-76.62093,39.325958],[-76.62093,39.325954],[-76.62093,39.325953],[-76.620815,39.325958],[-76.620815,39.325958],[-76.620816,39.325964],[-76.620758,39.325966],[-76.620761,39.326018],[-76.620761,39.326018],[-76.620761,39.326019],[-76.620747,39.32602],[-76.620746,39.326019],[-76.620746,39.326019],[-76.620746,39.32602],[-76.620731,39.32602],[-76.620731,39.32602],[-76.62073,39.32602],[-76.62073,39.32602],[-76.620716,39.326021],[-76.620715,39.32602],[-76.620715,39.32602],[-76.620715,39.326021],[-76.6207,39.326022],[-76.6207,39.326021],[-76.620699,39.326021],[-76.620699,39.326022],[-76.620694,39.326022],[-76.620694,39.326022],[-76.620693,39.326022],[-76.620693,39.326022],[-76.620692,39.326022],[-76.620691,39.326025],[-76.62069,39.326025],[-76.62069,39.326026],[-76.620691,39.326026],[-76.620685,39.326039],[-76.620684,39.326038],[-76.620684,39.326039],[-76.620684,39.326039],[-76.620679,39.326052],[-76.620678,39.326052],[-76.620678,39.326052],[-76.620679,39.326052],[-76.620673,39.326065],[-76.620672,39.326065],[-76.620672,39.326065],[-76.620673,39.326065],[-76.620668,39.326078],[-76.620667,39.326078],[-76.620667,39.326079],[-76.620668,39.326079],[-76.620664,39.326092],[-76.620663,39.326092],[-76.620663,39.326092],[-76.620664,39.326092],[-76.620659,39.326105],[-76.620659,39.326105],[-76.620658,39.326106],[-76.620659,39.326106],[-76.620656,39.326119],[-76.620655,39.326119],[-76.620655,39.326119],[-76.620656,39.326119],[-76.620652,39.326132],[-76.620651,39.326132],[-76.620651,39.326133],[-76.620652,39.326133],[-76.620649,39.326146],[-76.620648,39.326146],[-76.620648,39.326147],[-76.620649,39.326147],[-76.620647,39.32616],[-76.620646,39.32616],[-76.620646,39.32616],[-76.620646,39.32616],[-76.620644,39.326174],[-76.620643,39.326174],[-76.620643,39.326174],[-76.620644,39.326174],[-76.620642,39.326188],[-76.620642,39.326188],[-76.620642,39.326188],[-76.620642,39.326188],[-76.620641,39.326201],[-76.62064,39.326201],[-76.62064,39.326202],[-76.620641,39.326202],[-76.62064,39.326215],[-76.620639,39.326215],[-76.620639,39.326216],[-76.62064,39.326216],[-76.620639,39.326229],[-76.620639,39.326229],[-76.620639,39.32623],[-76.620639,39.32623],[-76.620639,39.326243],[-76.620638,39.326243],[-76.620638,39.326244],[-76.620639,39.326244],[-76.620639,39.326257],[-76.620639,39.326257],[-76.620639,39.326257],[-76.620639,39.326257],[-76.62064,39.326271],[-76.620639,39.326271],[-76.620639,39.326271],[-76.62064,39.326271],[-76.620641,39.326285],[-76.62064,39.326285],[-76.62064,39.326285],[-76.620641,39.326285],[-76.620643,39.326299],[-76.620642,39.326299],[-76.620642,39.326299],[-76.620643,39.326299],[-76.620644,39.326312],[-76.620644,39.326313],[-76.620644,39.326313],[-76.620644,39.326313],[-76.620647,39.326326],[-76.620646,39.326326],[-76.620646,39.326327],[-76.620647,39.326327],[-76.620649,39.32634],[-76.620648,39.32634],[-76.620649,39.326341],[-76.620649,39.32634],[-76.620652,39.326354],[-76.620652,39.326354],[-76.620652,39.326354],[-76.620652,39.326354],[-76.620656,39.326367],[-76.620655,39.326368],[-76.620655,39.326368],[-76.620656,39.326368],[-76.62066,39.326381],[-76.620659,39.326381],[-76.620659,39.326382],[-76.62066,39.326381],[-76.620664,39.326394],[-76.620663,39.326395],[-76.620663,39.326395],[-76.620664,39.326395],[-76.620669,39.326408],[-76.620668,39.326408],[-76.620668,39.326408],[-76.620669,39.326408],[-76.620674,39.326421],[-76.620673,39.326421],[-76.620673,39.326422],[-76.620674,39.326422],[-76.620679,39.326435],[-76.620678,39.326435],[-76.620678,39.326435],[-76.620679,39.326435],[-76.620681,39.32644],[-76.620689,39.32644],[-76.620689,39.32644],[-76.62069,39.32644],[-76.62069,39.32644],[-76.620707,39.326439],[-76.620707,39.326439],[-76.620707,39.326439],[-76.620707,39.326439],[-76.620724,39.326438],[-76.620724,39.326438],[-76.620725,39.326438],[-76.620725,39.326438],[-76.620742,39.326437],[-76.620742,39.326438],[-76.620743,39.326438],[-76.620743,39.326437],[-76.62076,39.326436],[-76.62076,39.326437],[-76.62076,39.326437],[-76.62076,39.326436],[-76.620777,39.326436],[-76.620777,39.326436],[-76.620778,39.326436],[-76.620778,39.326436],[-76.620793,39.326435],[-76.620793,39.326435],[-76.620793,39.326435],[-76.620793,39.32644],[-76.620865,39.326437],[-76.620865,39.326437],[-76.620865,39.326437],[-76.620874,39.326436],[-76.620882,39.326436],[-76.620882,39.326436],[-76.620882,39.326436],[-76.621024,39.32643]]],"crs":null},"id":167,"type":"Feature","properties":{"address":"3400 North Charles Street","below_grade":"N","levels_above_ground":null,"created_user":"portaladmin","name_alias":null,"primary_use":"Research","campus":"Homewood","image_url":"https://map.jhu.edu/Docs/Photos/BuildingPhotos/HomewoodCampus/MaloneHall.jpg","height_relative":null,"globalid":"{DC2096E4-4466-486A-878F-514FCFDD2694}","last_edited_user":"portaladmin","archibus_id":"0038","name_long":"Malone Hall","name":"Malone Hall","site_id":"Homewood Campus","facility_id":"0038","last_edited_date":1762290934000,"validationstatus":2,"created_date":1762290934000,"SHAPE__Length":558.0521060329742,"objectid":167,"SHAPE__Area":16643.994410362997}},{"geometry":{"type":"Polygon","coordinates":[[[-76.620812,39.331027],[-76.620817,39.331095],[-76.620938,39.331089],[-76.620994,39.331087],[-76.620992,39.331057],[-76.621069,39.331054],[-76.621039,39.33062],[-76.62086,39.330628],[-76.62086,39.330635],[-76.620855,39.330635],[-76.620856,39.330641],[-76.620825,39.330642],[-76.620794,39.330643],[-76.620794,39.330643],[-76.620795,39.330668],[-76.62079,39.330668],[-76.620793,39.330739],[-76.620793,39.330748],[-76.620812,39.331027]]],"crs":null},"id":168,"type":"Feature","properties":{"address":"3400 North Charles Street","below_grade":"N","levels_above_ground":null,"created_user":"portaladmin","name_alias":null,"primary_use":"Research","campus":"Homewood","image_url":"https://map.jhu.edu/Docs/Photos/BuildingPhotos/HomewoodCampus/LeviBuilding.jpg","height_relative":null,"globalid":"{4745771E-A3A8-4B51-85D7-C7D751CCDE56}","last_edited_user":"portaladmin","archibus_id":"0040","name_long":"Levi Hall","name":"Levi Hall","site_id":"Homewood Campus","facility_id":"0040","last_edited_date":1762290934000,"validationstatus":2,"created_date":1762290934000,"SHAPE__Length":481.2830608938168,"objectid":168,"SHAPE__Area":11803.137658706977}},{"geometry":{"type":"Polygon","coordinates":[[[-76.620296,39.330664],[-76.620267,39.330665],[-76.620233,39.330667],[-76.620233,39.330661],[-76.62023,39.330661],[-76.620229,39.330654],[-76.62005,39.330662],[-76.620058,39.330769],[-76.62006,39.330795],[-76.62008,39.331095],[-76.620157,39.331092],[-76.620157,39.331095],[-76.620159,39.331122],[-76.620215,39.33112],[-76.620234,39.331119],[-76.620233,39.331107],[-76.620254,39.331106],[-76.620255,39.331118],[-76.620336,39.331115],[-76.620332,39.331047],[-76.620312,39.330768],[-76.620312,39.330766],[-76.620309,39.330767],[-76.620304,39.330688],[-76.620298,39.330689],[-76.620297,39.330664],[-76.620296,39.330664]]],"crs":null},"id":169,"type":"Feature","properties":{"address":"3400 North Charles Street","below_grade":"N","levels_above_ground":null,"created_user":"portaladmin","name_alias":null,"primary_use":"Research","campus":"Homewood","image_url":"https://map.jhu.edu/Docs/Photos/BuildingPhotos/HomewoodCampus/BiologyEastBuilding.JPG","height_relative":null,"globalid":"{55CF1E08-C852-410F-9D90-FC553FC505B6}","last_edited_user":"portaladmin","archibus_id":"0041","name_long":"Biology III","name":"Biology III","site_id":"Homewood Campus","facility_id":"0041","last_edited_date":1762290934000,"validationstatus":2,"created_date":1762290934000,"SHAPE__Length":490.79126122559046,"objectid":169,"SHAPE__Area":11753.299100578737}},{"geometry":{"type":"Polygon","coordinates":[[[-76.620218,39.331156],[-76.620178,39.331164],[-76.62019,39.331339],[-76.620201,39.331338],[-76.620202,39.331353],[-76.620216,39.331349],[-76.620217,39.331349],[-76.620234,39.331345],[-76.620234,39.331345],[-76.620251,39.331341],[-76.620251,39.331341],[-76.620269,39.331337],[-76.620286,39.331334],[-76.620286,39.331334],[-76.620304,39.33133],[-76.620304,39.33133],[-76.620321,39.331327],[-76.620321,39.331327],[-76.620339,39.331324],[-76.62034,39.331324],[-76.620357,39.331321],[-76.620374,39.331318],[-76.620387,39.331316],[-76.620399,39.331314],[-76.620411,39.331313],[-76.620428,39.33131],[-76.620446,39.331308],[-76.620463,39.331306],[-76.62048,39.331304],[-76.620493,39.331303],[-76.620499,39.331303],[-76.620512,39.331302],[-76.620519,39.331301],[-76.620534,39.3313],[-76.620546,39.331299],[-76.620559,39.331298],[-76.620568,39.331298],[-76.620577,39.331297],[-76.620583,39.331297],[-76.62059,39.331297],[-76.620598,39.331296],[-76.620608,39.331296],[-76.620616,39.331296],[-76.620626,39.331296],[-76.620634,39.331295],[-76.620644,39.331295],[-76.620655,39.331295],[-76.620669,39.331295],[-76.62068,39.331295],[-76.620693,39.331295],[-76.620704,39.331295],[-76.620715,39.331296],[-76.620727,39.331296],[-76.620745,39.331297],[-76.620754,39.331297],[-76.620764,39.331297],[-76.620771,39.331298],[-76.620783,39.331299],[-76.620799,39.331299],[-76.620807,39.3313],[-76.620824,39.331301],[-76.62084,39.331303],[-76.620845,39.331303],[-76.620861,39.331304],[-76.620874,39.331306],[-76.620885,39.331307],[-76.620904,39.331309],[-76.620915,39.331311],[-76.620922,39.331312],[-76.620932,39.331313],[-76.620949,39.331315],[-76.620964,39.331317],[-76.620969,39.331318],[-76.620979,39.33132],[-76.620984,39.331321],[-76.620982,39.331306],[-76.620993,39.331305],[-76.620991,39.331265],[-76.620985,39.331184],[-76.620983,39.331153],[-76.620981,39.331131],[-76.62094,39.331126],[-76.62094,39.331116],[-76.620939,39.331103],[-76.620938,39.331089],[-76.620817,39.331095],[-76.620814,39.331056],[-76.620812,39.331027],[-76.620787,39.331028],[-76.620787,39.331026],[-76.620356,39.331044],[-76.620357,39.331046],[-76.620332,39.331047],[-76.620336,39.331115],[-76.620255,39.331118],[-76.620254,39.331106],[-76.620233,39.331107],[-76.620234,39.331119],[-76.620215,39.33112],[-76.620216,39.331133],[-76.620218,39.331156]]],"crs":null},"id":170,"type":"Feature","properties":{"address":"3400 North Charles Street","below_grade":"N","levels_above_ground":null,"created_user":"portaladmin","name_alias":null,"primary_use":"Research","campus":"Homewood","image_url":"https://map.jhu.edu/Docs/Photos/BuildingPhotos/HomewoodCampus/UndergraduateTeachingLabs.JPG","height_relative":null,"globalid":"{349C982E-EFAE-4E38-B59A-AC4AF8840AC2}","last_edited_user":"portaladmin","archibus_id":"0042","name_long":"Bascom Undergraduate Teaching Labs","name":"Bascom Undergraduate Teaching Labs","site_id":"Homewood Campus","facility_id":"0042","last_edited_date":1762290934000,"validationstatus":2,"created_date":1762290934000,"SHAPE__Length":681.6356681081865,"objectid":170,"SHAPE__Area":20207.38844510581}},{"geometry":{"type":"Polygon","coordinates":[[[-76.620312,39.330768],[-76.620365,39.330765],[-76.620364,39.330754],[-76.620377,39.330754],[-76.620378,39.330765],[-76.620385,39.330765],[-76.620384,39.330755],[-76.620473,39.330751],[-76.620473,39.330763],[-76.620474,39.330763],[-76.620478,39.330808],[-76.620393,39.330882],[-76.62057,39.331005],[-76.620729,39.330868],[-76.620635,39.330803],[-76.620631,39.330745],[-76.620719,39.330741],[-76.62072,39.330751],[-76.620727,39.33075],[-76.620726,39.330738],[-76.620738,39.330738],[-76.620739,39.33075],[-76.620793,39.330748],[-76.620793,39.330739],[-76.62079,39.330668],[-76.620795,39.330668],[-76.620794,39.330643],[-76.620794,39.330643],[-76.620793,39.330638],[-76.620789,39.330638],[-76.620783,39.330551],[-76.620706,39.330554],[-76.620618,39.330557],[-76.620583,39.330559],[-76.620495,39.330562],[-76.620295,39.330571],[-76.620301,39.330658],[-76.620296,39.330659],[-76.620296,39.330664],[-76.620297,39.330664],[-76.620298,39.330689],[-76.620304,39.330688],[-76.620309,39.330767],[-76.620312,39.330766],[-76.620312,39.330768]]],"crs":null},"id":171,"type":"Feature","properties":{"address":"3400 North Charles Street","below_grade":"N","levels_above_ground":null,"created_user":"portaladmin","name_alias":null,"primary_use":"Research","campus":"Homewood","image_url":"https://map.jhu.edu/Docs/Photos/BuildingPhotos/HomewoodCampus/SeelyG.MuddHall.jpg","height_relative":null,"globalid":"{4FB7B1A4-080A-48D7-B563-2380ABA8F17E}","last_edited_user":"portaladmin","archibus_id":"0045","name_long":"Mudd Hall","name":"Mudd Hall","site_id":"Homewood Campus","facility_id":"0045","last_edited_date":1762290934000,"validationstatus":2,"created_date":1762290934000,"SHAPE__Length":651.7801698821218,"objectid":171,"SHAPE__Area":14534.067748670943}},{"geometry":{"type":"Polygon","coordinates":[[[-76.622913,39.331832],[-76.622899,39.331842],[-76.622956,39.331888],[-76.622997,39.331921],[-76.623018,39.331938],[-76.623028,39.331931],[-76.623032,39.331928],[-76.623239,39.332094],[-76.623239,39.332094],[-76.623329,39.332166],[-76.623349,39.332183],[-76.623513,39.33206],[-76.623405,39.331974],[-76.623449,39.33194],[-76.623457,39.331935],[-76.623465,39.331929],[-76.623514,39.331892],[-76.623592,39.331834],[-76.623592,39.331834],[-76.623593,39.331834],[-76.62361,39.331821],[-76.62361,39.33182],[-76.62363,39.331805],[-76.623631,39.331805],[-76.623644,39.331796],[-76.623643,39.331796],[-76.623661,39.331782],[-76.623661,39.331783],[-76.623674,39.331773],[-76.623674,39.331773],[-76.623694,39.331757],[-76.623694,39.331758],[-76.623712,39.331744],[-76.623712,39.331744],[-76.623735,39.331727],[-76.623735,39.331727],[-76.623753,39.331714],[-76.623753,39.331714],[-76.623773,39.331698],[-76.623773,39.331699],[-76.623786,39.331689],[-76.623786,39.331689],[-76.623803,39.331675],[-76.623804,39.331676],[-76.623817,39.331666],[-76.623816,39.331666],[-76.623837,39.33165],[-76.623837,39.331651],[-76.623855,39.331637],[-76.623855,39.331637],[-76.623912,39.331594],[-76.623896,39.331582],[-76.623897,39.331581],[-76.623879,39.331567],[-76.623879,39.331568],[-76.623863,39.331554],[-76.623863,39.331554],[-76.623856,39.331549],[-76.623856,39.331549],[-76.623842,39.331538],[-76.623842,39.331538],[-76.62383,39.331528],[-76.62383,39.331528],[-76.623815,39.331516],[-76.623815,39.331516],[-76.623803,39.331506],[-76.623803,39.331506],[-76.623778,39.331486],[-76.623779,39.331486],[-76.623772,39.331481],[-76.623772,39.331481],[-76.623764,39.331475],[-76.623764,39.331475],[-76.623732,39.331448],[-76.623731,39.331449],[-76.623724,39.331442],[-76.623724,39.331442],[-76.623717,39.331437],[-76.623717,39.331437],[-76.623693,39.331418],[-76.623693,39.331417],[-76.623681,39.331407],[-76.62368,39.331408],[-76.623677,39.331405],[-76.623722,39.331371],[-76.623609,39.331281],[-76.62318,39.331602],[-76.623198,39.331617],[-76.623197,39.331617],[-76.623195,39.331619],[-76.623201,39.331622],[-76.623204,39.331625],[-76.623205,39.331624],[-76.623206,39.331623],[-76.623241,39.331651],[-76.623064,39.331784],[-76.623046,39.33177],[-76.62303,39.331757],[-76.623029,39.331758],[-76.623028,39.331758],[-76.623026,39.331757],[-76.623008,39.33177],[-76.62297,39.331798],[-76.622962,39.331796],[-76.622913,39.331832]]],"crs":null},"id":172,"type":"Feature","properties":{"address":"3400 North Charles Street","below_grade":"N","levels_above_ground":null,"created_user":"portaladmin","name_alias":null,"primary_use":"Research","campus":"Homewood","image_url":"https://map.jhu.edu/Docs/Photos/BuildingPhotos/HomewoodCampus/BloombergCenterforPhysicsandAstronomy.jpg","height_relative":null,"globalid":"{5217F01A-37FF-41CF-8164-C9E7DD8CBA6F}","last_edited_user":"portaladmin","archibus_id":"0046","name_long":"Bloomberg Research Center","name":"Bloomberg Research Center","site_id":"Homewood Campus","facility_id":"0046","last_edited_date":1762290934000,"validationstatus":2,"created_date":1762290934000,"SHAPE__Length":984.7648656104286,"objectid":172,"SHAPE__Area":39105.623062510625}},{"geometry":{"type":"Polygon","coordinates":[[[-76.622913,39.331832],[-76.622962,39.331796],[-76.62297,39.331798],[-76.623008,39.33177],[-76.622993,39.331761],[-76.622992,39.331762],[-76.622915,39.331723],[-76.622955,39.331674],[-76.6227,39.331545],[-76.62256,39.331711],[-76.622816,39.331841],[-76.622859,39.331789],[-76.622913,39.331832]]],"crs":null},"id":173,"type":"Feature","properties":{"address":"3400 North Charles Street","below_grade":"N","levels_above_ground":null,"created_user":"portaladmin","name_alias":null,"primary_use":"Instruction","campus":"Homewood","image_url":"https://map.jhu.edu/Docs/Photos/BuildingPhotos/HomewoodCampus/BloombergCenterforPhysicsandAstronomy.jpg","height_relative":null,"globalid":"{A430F462-3A51-4D8A-8E9F-0DB0271D2273}","last_edited_user":"portaladmin","archibus_id":"0051","name_long":"Bloomberg Instruction Center","name":"Bloomberg Instruction Center","site_id":"Homewood Campus","facility_id":"0051","last_edited_date":1762290934000,"validationstatus":2,"created_date":1762290934000,"SHAPE__Length":378.93891618936493,"objectid":173,"SHAPE__Area":7071.488465942695}},{"geometry":{"type":"Polygon","coordinates":[[[-76.623753,39.332378],[-76.623709,39.332343],[-76.623712,39.33234],[-76.623712,39.33234],[-76.623712,39.33234],[-76.623712,39.33234],[-76.623713,39.33234],[-76.623713,39.33234],[-76.623713,39.33234],[-76.623712,39.332339],[-76.623712,39.332339],[-76.623712,39.332339],[-76.623712,39.332339],[-76.623709,39.332336],[-76.623709,39.332336],[-76.623709,39.332336],[-76.623709,39.332336],[-76.623708,39.332336],[-76.623708,39.332336],[-76.623708,39.332336],[-76.623708,39.332336],[-76.623708,39.332336],[-76.623707,39.332336],[-76.623707,39.332336],[-76.623704,39.332339],[-76.623679,39.332318],[-76.623675,39.332314],[-76.623678,39.332312],[-76.623678,39.332312],[-76.623678,39.332312],[-76.623678,39.332312],[-76.623678,39.332311],[-76.623678,39.332311],[-76.623678,39.332311],[-76.623678,39.332311],[-76.623678,39.332311],[-76.623678,39.332311],[-76.623675,39.332308],[-76.623674,39.332308],[-76.623674,39.332308],[-76.623674,39.332308],[-76.623674,39.332308],[-76.623674,39.332308],[-76.623674,39.332308],[-76.623673,39.332308],[-76.623673,39.332308],[-76.623673,39.332308],[-76.62367,39.332311],[-76.623669,39.332311],[-76.623669,39.332311],[-76.623669,39.332311],[-76.623669,39.332311],[-76.623669,39.332311],[-76.623669,39.332311],[-76.623669,39.332312],[-76.623669,39.332312],[-76.62367,39.332312],[-76.623672,39.332314],[-76.623626,39.332348],[-76.623618,39.332342],[-76.623608,39.332333],[-76.623447,39.33245],[-76.623455,39.332456],[-76.623499,39.332493],[-76.623497,39.332494],[-76.623489,39.3325],[-76.623481,39.332505],[-76.623455,39.332524],[-76.623458,39.332526],[-76.623457,39.332527],[-76.623442,39.332538],[-76.623433,39.332544],[-76.623431,39.332542],[-76.623396,39.332568],[-76.623399,39.33257],[-76.623393,39.332573],[-76.623391,39.332571],[-76.623387,39.332569],[-76.622976,39.33287],[-76.622928,39.33283],[-76.622767,39.332948],[-76.62277,39.33295],[-76.622782,39.33296],[-76.622781,39.33296],[-76.62273,39.332997],[-76.622731,39.332998],[-76.622842,39.333089],[-76.622844,39.333091],[-76.622863,39.333107],[-76.622866,39.333109],[-76.622866,39.333109],[-76.622866,39.333109],[-76.622867,39.333109],[-76.622867,39.33311],[-76.622867,39.33311],[-76.622867,39.333109],[-76.622867,39.333109],[-76.622868,39.333109],[-76.622868,39.333109],[-76.622871,39.333107],[-76.622871,39.333107],[-76.622871,39.333107],[-76.622872,39.333106],[-76.622872,39.333106],[-76.622872,39.333106],[-76.622872,39.333106],[-76.622872,39.333106],[-76.622871,39.333106],[-76.622871,39.333106],[-76.622871,39.333105],[-76.622868,39.333103],[-76.622879,39.333096],[-76.622882,39.333098],[-76.622882,39.333098],[-76.622882,39.333098],[-76.622882,39.333098],[-76.622882,39.333098],[-76.622882,39.333098],[-76.622883,39.333098],[-76.622883,39.333098],[-76.622883,39.333098],[-76.622883,39.333098],[-76.622883,39.333098],[-76.622886,39.333096],[-76.622887,39.333097],[-76.62293,39.333132],[-76.622927,39.333134],[-76.622927,39.333134],[-76.622927,39.333134],[-76.622927,39.333134],[-76.622926,39.333135],[-76.622926,39.333135],[-76.622927,39.333135],[-76.622927,39.333135],[-76.622927,39.333135],[-76.622927,39.333135],[-76.62293,39.333138],[-76.62293,39.333138],[-76.62293,39.333138],[-76.622931,39.333138],[-76.622931,39.333138],[-76.622931,39.333138],[-76.622931,39.333138],[-76.622931,39.333138],[-76.622932,39.333138],[-76.622932,39.333138],[-76.622935,39.333135],[-76.622935,39.333135],[-76.622935,39.333135],[-76.622935,39.333135],[-76.622935,39.333135],[-76.622936,39.333135],[-76.622935,39.333135],[-76.622935,39.333135],[-76.622935,39.333134],[-76.622935,39.333134],[-76.622935,39.333134],[-76.622932,39.333132],[-76.622934,39.333131],[-76.622964,39.333109],[-76.622967,39.333111],[-76.622967,39.333111],[-76.622967,39.333111],[-76.622967,39.333111],[-76.622967,39.333112],[-76.622967,39.333112],[-76.622968,39.333112],[-76.622968,39.333112],[-76.622968,39.333111],[-76.622968,39.333111],[-76.622968,39.333111],[-76.622972,39.333109],[-76.622972,39.333109],[-76.622972,39.333109],[-76.622972,39.333108],[-76.622972,39.333108],[-76.622972,39.333108],[-76.622972,39.333108],[-76.622972,39.333108],[-76.622972,39.333108],[-76.622972,39.333107],[-76.622969,39.333105],[-76.623015,39.333071],[-76.623018,39.333074],[-76.623018,39.333074],[-76.623018,39.333074],[-76.623019,39.333074],[-76.623019,39.333074],[-76.623019,39.333074],[-76.623019,39.333074],[-76.623019,39.333074],[-76.623019,39.333074],[-76.62302,39.333074],[-76.623023,39.333071],[-76.623023,39.333071],[-76.623023,39.333071],[-76.623023,39.333071],[-76.623023,39.333071],[-76.623023,39.33307],[-76.623023,39.33307],[-76.623023,39.33307],[-76.623023,39.33307],[-76.623023,39.33307],[-76.62302,39.333068],[-76.623067,39.333034],[-76.623069,39.333036],[-76.62307,39.333036],[-76.62307,39.333036],[-76.62307,39.333036],[-76.62307,39.333036],[-76.62307,39.333036],[-76.623071,39.333036],[-76.623071,39.333036],[-76.623071,39.333036],[-76.623071,39.333036],[-76.623075,39.333033],[-76.623075,39.333033],[-76.623075,39.333033],[-76.623075,39.333033],[-76.623075,39.333033],[-76.623075,39.333033],[-76.623075,39.333033],[-76.623075,39.333032],[-76.623075,39.333032],[-76.623075,39.333032],[-76.623075,39.333032],[-76.623072,39.33303],[-76.623118,39.332996],[-76.623121,39.332998],[-76.623121,39.332998],[-76.623122,39.332998],[-76.623122,39.332998],[-76.623122,39.332998],[-76.623122,39.332998],[-76.623122,39.332998],[-76.623123,39.332998],[-76.623123,39.332998],[-76.623123,39.332998],[-76.623127,39.332996],[-76.623127,39.332995],[-76.623127,39.332995],[-76.623127,39.332995],[-76.623127,39.332995],[-76.623127,39.332995],[-76.623127,39.332995],[-76.623127,39.332995],[-76.623127,39.332995],[-76.623127,39.332994],[-76.623127,39.332994],[-76.623124,39.332992],[-76.623133,39.332985],[-76.62316,39.333008],[-76.62316,39.333008],[-76.623161,39.333008],[-76.623161,39.333008],[-76.623161,39.333008],[-76.623161,39.333008],[-76.623161,39.333008],[-76.623161,39.333008],[-76.623162,39.333008],[-76.623162,39.333008],[-76.623215,39.332968],[-76.623231,39.332981],[-76.623233,39.332982],[-76.623235,39.332984],[-76.623237,39.332985],[-76.62324,39.332985],[-76.623243,39.332986],[-76.623245,39.332986],[-76.623248,39.332985],[-76.62325,39.332985],[-76.623252,39.332984],[-76.623254,39.332983],[-76.623256,39.332982],[-76.623257,39.332981],[-76.623258,39.332981],[-76.623259,39.33298],[-76.623266,39.332975],[-76.62327,39.332972],[-76.623271,39.332971],[-76.623272,39.332971],[-76.623272,39.33297],[-76.623273,39.332969],[-76.623274,39.332968],[-76.623276,39.332966],[-76.623276,39.332965],[-76.623277,39.332963],[-76.623277,39.332961],[-76.623277,39.33296],[-76.623277,39.332958],[-76.623276,39.332956],[-76.623275,39.332953],[-76.623273,39.332952],[-76.623258,39.332939],[-76.623256,39.332938],[-76.623566,39.332712],[-76.62357,39.332715],[-76.623577,39.332721],[-76.623582,39.332725],[-76.623583,39.332726],[-76.623585,39.332727],[-76.623588,39.332728],[-76.62359,39.332729],[-76.623593,39.332729],[-76.623595,39.332729],[-76.623597,39.332729],[-76.623599,39.332729],[-76.623601,39.332728],[-76.623603,39.332727],[-76.623605,39.332726],[-76.623607,39.332725],[-76.623611,39.332722],[-76.623618,39.332717],[-76.623624,39.332713],[-76.623625,39.332711],[-76.623627,39.332709],[-76.623627,39.332707],[-76.623628,39.332706],[-76.623628,39.332704],[-76.623627,39.332702],[-76.623627,39.3327],[-76.623627,39.332699],[-76.623626,39.332698],[-76.623624,39.332696],[-76.623623,39.332695],[-76.623612,39.332686],[-76.623607,39.332682],[-76.623657,39.332645],[-76.623661,39.332642],[-76.623661,39.332642],[-76.623661,39.332642],[-76.623661,39.332642],[-76.623661,39.332642],[-76.623661,39.332642],[-76.623661,39.332642],[-76.623661,39.332641],[-76.623661,39.332641],[-76.623661,39.332641],[-76.623639,39.332623],[-76.623634,39.332619],[-76.623643,39.332612],[-76.623646,39.332614],[-76.623646,39.332614],[-76.623646,39.332614],[-76.623647,39.332614],[-76.623647,39.332615],[-76.623647,39.332615],[-76.623647,39.332615],[-76.623647,39.332614],[-76.623647,39.332614],[-76.623648,39.332614],[-76.623648,39.332614],[-76.623839,39.332474],[-76.623842,39.332472],[-76.623843,39.332472],[-76.623843,39.332472],[-76.623843,39.332471],[-76.623843,39.332471],[-76.623843,39.332471],[-76.623843,39.332471],[-76.623843,39.332471],[-76.623843,39.332471],[-76.623843,39.332471],[-76.62384,39.332469],[-76.623802,39.332437],[-76.623795,39.332432],[-76.623807,39.332422],[-76.623809,39.332421],[-76.62381,39.332421],[-76.62381,39.33242],[-76.62381,39.33242],[-76.62381,39.33242],[-76.62381,39.33242],[-76.62381,39.33242],[-76.62381,39.33242],[-76.62381,39.332419],[-76.62381,39.332419],[-76.623804,39.332415],[-76.623757,39.332376],[-76.623757,39.332376],[-76.623757,39.332376],[-76.623757,39.332376],[-76.623757,39.332376],[-76.623757,39.332376],[-76.623756,39.332376],[-76.623756,39.332376],[-76.623756,39.332376],[-76.623756,39.332376],[-76.623754,39.332378],[-76.623753,39.332378]]],"crs":null},"id":174,"type":"Feature","properties":{"address":"3400 North Charles Street","below_grade":"N","levels_above_ground":null,"created_user":"portaladmin","name_alias":null,"primary_use":"Office","campus":"Homewood","image_url":"https://map.jhu.edu/Docs/Photos/BuildingPhotos/HomewoodCampus/StevenMullerBuilding.jpg","height_relative":null,"globalid":"{C51CCD96-BEEC-48A1-8F72-FCDEBD53D213}","last_edited_user":"portaladmin","archibus_id":"0050","name_long":"Muller Building","name":"Muller Building","site_id":"Homewood Campus","facility_id":"0050","last_edited_date":1762290934000,"validationstatus":2,"created_date":1762290934000,"SHAPE__Length":1031.0289381251007,"objectid":174,"SHAPE__Area":27707.398859636574}},{"geometry":{"type":"Polygon","coordinates":[[[-76.623393,39.328258],[-76.623564,39.328257],[-76.623604,39.328257],[-76.623607,39.328257],[-76.623657,39.328257],[-76.62366,39.328257],[-76.62371,39.328257],[-76.623713,39.328257],[-76.623763,39.328257],[-76.623766,39.328257],[-76.623816,39.328257],[-76.623819,39.328257],[-76.623869,39.328257],[-76.623872,39.328257],[-76.623922,39.328257],[-76.623925,39.328257],[-76.623976,39.328257],[-76.62398,39.328257],[-76.62398,39.328255],[-76.62398,39.328246],[-76.623979,39.328246],[-76.623979,39.328213],[-76.623982,39.328213],[-76.623991,39.328213],[-76.623993,39.32821],[-76.623997,39.328208],[-76.624003,39.328203],[-76.624005,39.328201],[-76.624012,39.328196],[-76.624012,39.328195],[-76.624012,39.328154],[-76.623979,39.328154],[-76.623979,39.32809],[-76.623979,39.32809],[-76.623979,39.328084],[-76.62398,39.328084],[-76.62398,39.328073],[-76.623976,39.328073],[-76.623976,39.328074],[-76.623957,39.328074],[-76.623935,39.328074],[-76.623927,39.328074],[-76.623882,39.328074],[-76.623882,39.32803],[-76.623884,39.32803],[-76.623924,39.327998],[-76.623924,39.327994],[-76.623927,39.327994],[-76.623926,39.327976],[-76.623926,39.327972],[-76.623926,39.327966],[-76.623926,39.32793],[-76.623926,39.327907],[-76.623495,39.327908],[-76.623495,39.32792],[-76.623495,39.327931],[-76.623496,39.327931],[-76.623496,39.327938],[-76.623496,39.327938],[-76.623496,39.327967],[-76.623496,39.327967],[-76.623496,39.327974],[-76.623496,39.327974],[-76.623496,39.327997],[-76.623539,39.32803],[-76.62359,39.32803],[-76.623593,39.32803],[-76.623593,39.328036],[-76.62359,39.328036],[-76.623566,39.328036],[-76.623566,39.328039],[-76.623569,39.328039],[-76.623569,39.328052],[-76.623569,39.328066],[-76.623566,39.328066],[-76.623566,39.328069],[-76.62359,39.328069],[-76.62359,39.328069],[-76.623593,39.328069],[-76.623593,39.328074],[-76.623554,39.328074],[-76.623554,39.328072],[-76.62355,39.328072],[-76.62355,39.328074],[-76.623389,39.328074],[-76.623389,39.328154],[-76.623356,39.328154],[-76.623357,39.328197],[-76.623359,39.328199],[-76.623377,39.328213],[-76.62339,39.328213],[-76.62339,39.328216],[-76.62339,39.328258],[-76.623393,39.328258],[-76.623393,39.328258]]],"crs":null},"id":175,"type":"Feature","properties":{"address":"3400 North Charles Street","below_grade":"N","levels_above_ground":null,"created_user":"portaladmin","name_alias":null,"primary_use":"Research","campus":"Homewood","image_url":"https://map.jhu.edu/Docs/Photos/BuildingPhotos/HomewoodCampus/OlinHall.jpg","height_relative":null,"globalid":"{D39EE65B-6F74-4C9D-8A00-1F2067A3B6FA}","last_edited_user":"portaladmin","archibus_id":"0052","name_long":"Olin Hall","name":"Olin Hall","site_id":"Homewood Campus","facility_id":"0052","last_edited_date":1762290934000,"validationstatus":2,"created_date":1762290934000,"SHAPE__Length":705.1132476969186,"objectid":175,"SHAPE__Area":18184.40290936102}},{"geometry":{"type":"Polygon","coordinates":[[[-76.619811,39.331367],[-76.619812,39.331366],[-76.619817,39.331422],[-76.619828,39.331421],[-76.619828,39.331426],[-76.619843,39.331601],[-76.619843,39.331609],[-76.619833,39.33161],[-76.619834,39.331622],[-76.619834,39.331622],[-76.619837,39.331657],[-76.619841,39.331703],[-76.619852,39.331703],[-76.619854,39.331726],[-76.619855,39.331738],[-76.619856,39.331748],[-76.619856,39.331749],[-76.619889,39.331748],[-76.619901,39.331747],[-76.619977,39.331743],[-76.61998,39.331743],[-76.61998,39.331743],[-76.619984,39.331743],[-76.61998,39.331697],[-76.61998,39.331696],[-76.619981,39.331696],[-76.619991,39.331696],[-76.619983,39.331602],[-76.619975,39.331603],[-76.619972,39.331603],[-76.619972,39.331599],[-76.619965,39.331522],[-76.619956,39.331415],[-76.619964,39.331414],[-76.619967,39.331414],[-76.619964,39.331381],[-76.619963,39.331381],[-76.619963,39.331378],[-76.619962,39.331378],[-76.619962,39.331376],[-76.619961,39.331359],[-76.61996,39.331357],[-76.619961,39.331357],[-76.619961,39.331354],[-76.619962,39.331354],[-76.619959,39.331321],[-76.619958,39.331321],[-76.619949,39.331321],[-76.619945,39.33128],[-76.619945,39.331276],[-76.619945,39.331274],[-76.619864,39.331279],[-76.619816,39.331281],[-76.619816,39.331281],[-76.619816,39.331282],[-76.619816,39.331286],[-76.61981,39.331286],[-76.61981,39.331285],[-76.619806,39.331285],[-76.619783,39.331287],[-76.619789,39.331367],[-76.619811,39.331367]]],"crs":null},"id":176,"type":"Feature","properties":{"address":"3400 North Charles Street","below_grade":"N","levels_above_ground":null,"created_user":"portaladmin","name_alias":"AMR 3-A","primary_use":"Residence Hall","campus":"Homewood Housing","image_url":"https://map.jhu.edu/Docs/Photos/BuildingPhotos/HomewoodCampus/AMRDiningHall.jpg","height_relative":null,"globalid":"{21A21D57-313C-433B-9825-FF1B751EF0F3}","last_edited_user":"portaladmin","archibus_id":"0058","name_long":"Alumni Memorial Residence 3-A","name":"Alumni Memorial Residence 3-A","site_id":"Homewood Campus","facility_id":"0058","last_edited_date":1762290934000,"validationstatus":2,"created_date":1762290934000,"SHAPE__Length":453.4587721304286,"objectid":176,"SHAPE__Area":6876.205160680226}},{"geometry":{"type":"Polygon","coordinates":[[[-76.619695,39.331764],[-76.619667,39.331753],[-76.619667,39.331753],[-76.619636,39.331741],[-76.619635,39.331744],[-76.619631,39.331742],[-76.619629,39.331746],[-76.619613,39.331739],[-76.61961,39.331744],[-76.619607,39.331749],[-76.619604,39.331748],[-76.619602,39.331751],[-76.619593,39.331747],[-76.619581,39.331742],[-76.61956,39.331734],[-76.61956,39.331734],[-76.619555,39.331734],[-76.619552,39.331738],[-76.619549,39.331743],[-76.619547,39.331742],[-76.619545,39.331741],[-76.61954,39.331748],[-76.619529,39.331766],[-76.619526,39.331764],[-76.619522,39.331769],[-76.619515,39.331781],[-76.619511,39.331786],[-76.619515,39.331787],[-76.619493,39.33182],[-76.619494,39.331821],[-76.619546,39.331842],[-76.619542,39.331848],[-76.619542,39.331849],[-76.619649,39.331892],[-76.61965,39.331891],[-76.619653,39.331885],[-76.619869,39.331971],[-76.619866,39.331977],[-76.619865,39.331978],[-76.619919,39.331999],[-76.619973,39.33202],[-76.619973,39.33202],[-76.619978,39.332013],[-76.620029,39.332034],[-76.620031,39.332034],[-76.620059,39.331992],[-76.620057,39.331991],[-76.620056,39.331991],[-76.620057,39.33199],[-76.620062,39.331983],[-76.620082,39.331952],[-76.620083,39.331952],[-76.620084,39.331953],[-76.62009,39.331945],[-76.620049,39.331929],[-76.620053,39.331924],[-76.620055,39.331921],[-76.62005,39.331919],[-76.620045,39.331917],[-76.620045,39.331917],[-76.620044,39.331918],[-76.619987,39.331895],[-76.619975,39.33189],[-76.61996,39.331884],[-76.61995,39.33188],[-76.619938,39.331875],[-76.619938,39.331875],[-76.61994,39.331872],[-76.619936,39.33187],[-76.619934,39.331873],[-76.619927,39.331883],[-76.619925,39.331882],[-76.619916,39.331878],[-76.619907,39.331875],[-76.619909,39.331872],[-76.619859,39.331852],[-76.619856,39.331857],[-76.61983,39.331846],[-76.619832,39.331842],[-76.619826,39.33184],[-76.619825,39.331841],[-76.619814,39.331837],[-76.619815,39.331835],[-76.619814,39.331835],[-76.619796,39.331828],[-76.619777,39.33182],[-76.619776,39.331821],[-76.619775,39.33182],[-76.619765,39.331816],[-76.619754,39.331812],[-76.619739,39.331805],[-76.619723,39.331799],[-76.619713,39.331795],[-76.619712,39.331794],[-76.619716,39.331787],[-76.619716,39.331787],[-76.619712,39.331785],[-76.619712,39.331785],[-76.619713,39.331783],[-76.619711,39.331782],[-76.619711,39.331782],[-76.619712,39.331781],[-76.619715,39.331777],[-76.619715,39.331777],[-76.619708,39.331774],[-76.619697,39.33177],[-76.619693,39.331768],[-76.619692,39.331768],[-76.619693,39.331767],[-76.619695,39.331764]]],"crs":null},"id":177,"type":"Feature","properties":{"address":"3400 North Charles Street","below_grade":"N","levels_above_ground":null,"created_user":"portaladmin","name_alias":"AMR 3-B","primary_use":"Residence Hall","campus":"Homewood Housing","image_url":"https://map.jhu.edu/Docs/Photos/BuildingPhotos/HomewoodCampus/AMRC.jpg","height_relative":null,"globalid":"{0D7FE4D4-0FC3-47B5-B9E7-499318238598}","last_edited_user":"portaladmin","archibus_id":"0057","name_long":"Alumni Memorial Residence 3-B","name":"Alumni Memorial Residence 3-B","site_id":"Homewood Campus","facility_id":"0057","last_edited_date":1762290934000,"validationstatus":2,"created_date":1762290934000,"SHAPE__Length":462.0172486531178,"objectid":177,"SHAPE__Area":6804.471226971297}},{"geometry":{"type":"Polygon","coordinates":[[[-76.621883,39.332573],[-76.621945,39.332623],[-76.621952,39.332629],[-76.622014,39.332678],[-76.622016,39.33268],[-76.622115,39.332606],[-76.622171,39.332564],[-76.622218,39.332529],[-76.622256,39.3325],[-76.622299,39.332467],[-76.622306,39.332462],[-76.62235,39.33243],[-76.622351,39.332428],[-76.622385,39.332403],[-76.622552,39.332278],[-76.622632,39.332218],[-76.622671,39.332188],[-76.622705,39.332163],[-76.622744,39.332134],[-76.622797,39.332094],[-76.622828,39.332071],[-76.622834,39.332066],[-76.622844,39.332059],[-76.622869,39.332039],[-76.622913,39.332007],[-76.622868,39.331971],[-76.622835,39.331945],[-76.622824,39.331935],[-76.622817,39.33193],[-76.62278,39.3319],[-76.622766,39.33191],[-76.622767,39.331911],[-76.622762,39.331915],[-76.622725,39.331943],[-76.622724,39.331942],[-76.622704,39.331957],[-76.622705,39.331958],[-76.622662,39.33199],[-76.622661,39.331989],[-76.622641,39.332004],[-76.622642,39.332005],[-76.622633,39.332011],[-76.622623,39.332019],[-76.622618,39.332023],[-76.622599,39.332037],[-76.622599,39.332036],[-76.622578,39.332051],[-76.622579,39.332052],[-76.622537,39.332084],[-76.622536,39.332083],[-76.622516,39.332099],[-76.622516,39.332099],[-76.622474,39.332131],[-76.622473,39.33213],[-76.622453,39.332146],[-76.622454,39.332146],[-76.622411,39.332178],[-76.622411,39.332177],[-76.62239,39.332193],[-76.622391,39.332193],[-76.622349,39.332225],[-76.622348,39.332224],[-76.622336,39.332233],[-76.622337,39.332234],[-76.622295,39.332266],[-76.622294,39.332265],[-76.622283,39.332273],[-76.622274,39.33228],[-76.622264,39.332287],[-76.622264,39.332288],[-76.622253,39.332295],[-76.622254,39.332296],[-76.622254,39.332296],[-76.622249,39.3323],[-76.622238,39.332308],[-76.622218,39.332323],[-76.622209,39.33233],[-76.622208,39.332329],[-76.622194,39.33234],[-76.622194,39.33234],[-76.622189,39.332344],[-76.62219,39.332345],[-76.622181,39.332351],[-76.622172,39.332358],[-76.62217,39.332359],[-76.622161,39.332366],[-76.622151,39.332373],[-76.622151,39.332373],[-76.622151,39.332373],[-76.622146,39.332376],[-76.622136,39.332384],[-76.622137,39.332384],[-76.622119,39.332398],[-76.622084,39.332424],[-76.622083,39.332424],[-76.622083,39.332423],[-76.622078,39.332427],[-76.622069,39.332434],[-76.622069,39.332435],[-76.622034,39.332462],[-76.622021,39.332471],[-76.62202,39.332471],[-76.622013,39.332476],[-76.622006,39.332481],[-76.622007,39.332482],[-76.621984,39.332499],[-76.621958,39.332518],[-76.621958,39.332518],[-76.621943,39.332528],[-76.621944,39.332529],[-76.621897,39.332565],[-76.621896,39.332564],[-76.621883,39.332573]]],"crs":null},"id":178,"type":"Feature","properties":{"address":"3400 North Charles Street","below_grade":"N","levels_above_ground":null,"created_user":"portaladmin","name_alias":null,"primary_use":"Power Plant","campus":"Homewood","image_url":"https://map.jhu.edu/Docs/Photos/BuildingPhotos/HomewoodCampus/ChillerPlantBuilding.jpg","height_relative":null,"globalid":"{F398B6AC-066A-4459-ABAC-D148228A4DEA}","last_edited_user":"portaladmin","archibus_id":"0060","name_long":"North Chiller Plant","name":"North Chiller Plant","site_id":"Homewood Campus","facility_id":"0060","last_edited_date":1762290934000,"validationstatus":2,"created_date":1762290934000,"SHAPE__Length":823.0937256760144,"objectid":178,"SHAPE__Area":18998.686875163094}},{"geometry":{"type":"Polygon","coordinates":[[[-76.622301,39.332934],[-76.623243,39.332238],[-76.623251,39.332232],[-76.622948,39.331988],[-76.622712,39.332162],[-76.622707,39.332166],[-76.622655,39.332204],[-76.622576,39.332263],[-76.622525,39.3323],[-76.622351,39.332428],[-76.622014,39.332678],[-76.621929,39.33274],[-76.622081,39.332864],[-76.622158,39.332814],[-76.622301,39.332934]]],"crs":null},"id":179,"type":"Feature","properties":{"address":"3400 North Charles Street","below_grade":"N","levels_above_ground":null,"created_user":"portaladmin","name_alias":null,"primary_use":"Parking Garage","campus":"Homewood","image_url":"https://map.jhu.edu/Docs/Photos/BuildingPhotos/HomewoodCampus/STSCIParkingGarage.jpg","height_relative":null,"globalid":"{BBD0A4CF-ED75-40F7-A3E8-074116E46E78}","last_edited_user":"portaladmin","archibus_id":"0061","name_long":"STSCI Parking Garage","name":"STSCI Parking Garage","site_id":"Homewood Campus","facility_id":"0061","last_edited_date":1762290934000,"validationstatus":2,"created_date":1762290934000,"SHAPE__Length":1041.9980992647288,"objectid":179,"SHAPE__Area":47442.78129738997}},{"geometry":{"type":"Polygon","coordinates":[[[-76.62114,39.334107],[-76.621111,39.334088],[-76.621074,39.334064],[-76.62103,39.334035],[-76.620997,39.334014],[-76.620962,39.333991],[-76.620939,39.333976],[-76.620901,39.333951],[-76.620843,39.333913],[-76.620838,39.33391],[-76.620814,39.333895],[-76.620785,39.333875],[-76.6207,39.33382],[-76.620661,39.333795],[-76.620572,39.333737],[-76.620532,39.333711],[-76.620448,39.333656],[-76.620419,39.333637],[-76.620395,39.333621],[-76.620294,39.333556],[-76.620271,39.33354],[-76.620159,39.333468],[-76.620122,39.333443],[-76.620095,39.333426],[-76.620093,39.333425],[-76.619977,39.333533],[-76.619975,39.333535],[-76.619967,39.333542],[-76.619978,39.333549],[-76.61998,39.33355],[-76.619982,39.333551],[-76.619985,39.333553],[-76.619986,39.333554],[-76.620007,39.333568],[-76.620025,39.33358],[-76.620035,39.333586],[-76.620046,39.333593],[-76.620077,39.333613],[-76.62008,39.333615],[-76.62009,39.333622],[-76.620134,39.33365],[-76.620144,39.333657],[-76.620175,39.333677],[-76.620188,39.333686],[-76.620198,39.333692],[-76.620213,39.333702],[-76.620263,39.333735],[-76.620296,39.333756],[-76.620299,39.333758],[-76.620307,39.333764],[-76.620357,39.333796],[-76.620379,39.33381],[-76.620433,39.333846],[-76.62048,39.333876],[-76.6205,39.333889],[-76.620546,39.333919],[-76.620602,39.333955],[-76.620665,39.333997],[-76.620673,39.334002],[-76.620684,39.334009],[-76.620712,39.334027],[-76.620728,39.334038],[-76.620738,39.334044],[-76.620771,39.334066],[-76.620782,39.334073],[-76.620792,39.334079],[-76.620837,39.334108],[-76.620847,39.334115],[-76.620891,39.334144],[-76.620901,39.33415],[-76.620945,39.334179],[-76.620955,39.334186],[-76.620999,39.334214],[-76.621013,39.334223],[-76.621024,39.334213],[-76.621037,39.334201],[-76.621072,39.334169],[-76.621132,39.334114],[-76.62114,39.334107]]],"crs":null},"id":181,"type":"Feature","properties":{"address":"3400 N Charles St","below_grade":"N","levels_above_ground":null,"created_user":"portaladmin","name_alias":null,"primary_use":"Recreation","campus":"Homewood","image_url":"https://map.jhu.edu/Docs/Photos/BuildingPhotos/HomewoodCampus/StadiumPavillion.JPG\r\n","height_relative":null,"globalid":"{BA22DE59-12B4-4688-9E48-34443E8E2AE7}","last_edited_user":"portaladmin","archibus_id":"0071","name_long":"Schelle Pavilion at Homewood Field","name":"Schelle Pavilion at Homewood Field","site_id":"Homewood Campus","facility_id":"0071","last_edited_date":1762290934000,"validationstatus":2,"created_date":1762290934000,"SHAPE__Length":883.6873416672541,"objectid":181,"SHAPE__Area":21461.98293675035}},{"geometry":{"type":"Polygon","coordinates":[[[-76.623012,39.323392],[-76.622892,39.323242],[-76.622816,39.323278],[-76.622722,39.323324],[-76.622713,39.323328],[-76.622562,39.323401],[-76.622555,39.323404],[-76.622551,39.323406],[-76.622515,39.323424],[-76.622454,39.323453],[-76.622456,39.323455],[-76.622456,39.323455],[-76.622559,39.323584],[-76.622581,39.323612],[-76.622602,39.323638],[-76.622593,39.323643],[-76.622562,39.323657],[-76.622558,39.323659],[-76.62255,39.323664],[-76.622381,39.323745],[-76.622389,39.323755],[-76.622394,39.323761],[-76.622452,39.323834],[-76.622453,39.323835],[-76.622524,39.3238],[-76.622674,39.323728],[-76.622706,39.323768],[-76.623143,39.323557],[-76.623021,39.323404],[-76.62302,39.323405],[-76.623018,39.323403],[-76.623013,39.323396],[-76.62301,39.323393],[-76.623012,39.323392]]],"crs":null},"id":182,"type":"Feature","properties":{"address":"3001 Remington Ave","below_grade":"N","levels_above_ground":null,"created_user":"portaladmin","name_alias":null,"primary_use":"Administration","campus":"Homewood","image_url":"https://map.jhu.edu/Docs/Photos/BuildingPhotos/HomewoodCampus/CampusSecurityBuilding.jpg","height_relative":null,"globalid":"{0FF61D05-214A-413D-A124-117DD13A34F2}","last_edited_user":"portaladmin","archibus_id":"0073","name_long":"3001 Remington Ave","name":"3001 Remington Ave","site_id":"Homewood Campus","facility_id":"0073","last_edited_date":1762290934000,"validationstatus":2,"created_date":1762290934000,"SHAPE__Length":710.1247378089686,"objectid":182,"SHAPE__Area":22492.923130515144}},{"geometry":{"type":"Polygon","coordinates":[[[-76.622202,39.326496],[-76.622202,39.326496],[-76.622201,39.326496],[-76.6222,39.326496],[-76.6222,39.326495],[-76.622196,39.326496],[-76.622196,39.326496],[-76.622125,39.326499],[-76.622089,39.326501],[-76.622102,39.326662],[-76.622113,39.326804],[-76.622114,39.326803],[-76.622114,39.326806],[-76.622114,39.326806],[-76.622114,39.326808],[-76.622113,39.326808],[-76.622114,39.326812],[-76.622114,39.326812],[-76.622115,39.326813],[-76.622116,39.326813],[-76.622116,39.326814],[-76.622117,39.326821],[-76.622118,39.32683],[-76.622116,39.32683],[-76.622116,39.326832],[-76.622115,39.326832],[-76.622115,39.326836],[-76.622116,39.326836],[-76.622116,39.326837],[-76.622117,39.326837],[-76.622117,39.32684],[-76.622116,39.32684],[-76.622139,39.327141],[-76.622139,39.327142],[-76.622246,39.327137],[-76.622246,39.327138],[-76.62225,39.327138],[-76.62225,39.327137],[-76.622251,39.327137],[-76.622252,39.327137],[-76.622252,39.327136],[-76.622253,39.327136],[-76.622274,39.327135],[-76.622274,39.327136],[-76.622275,39.327136],[-76.622275,39.327136],[-76.622276,39.327136],[-76.62228,39.327136],[-76.62228,39.327136],[-76.62234,39.327133],[-76.622386,39.327131],[-76.62238,39.327055],[-76.622366,39.326874],[-76.622336,39.326491],[-76.622336,39.326489],[-76.62223,39.326494],[-76.62223,39.326494],[-76.622226,39.326494],[-76.622226,39.326495],[-76.622225,39.326495],[-76.622224,39.326495],[-76.622224,39.326495],[-76.622224,39.326495],[-76.622223,39.326495],[-76.622213,39.326496],[-76.622202,39.326496]]],"crs":null},"id":183,"type":"Feature","properties":{"address":"3400 North Charles Street","below_grade":"N","levels_above_ground":null,"created_user":"portaladmin","name_alias":null,"primary_use":"Research","campus":"Homewood","image_url":"https://map.jhu.edu/Docs/Photos/BuildingPhotos/HomewoodCampus/ClarkHall.jpg","height_relative":null,"globalid":"{4C4DDA6F-6327-47BF-A826-B1D3BE861E34}","last_edited_user":"portaladmin","archibus_id":"0076","name_long":"Clark Hall","name":"Clark Hall","site_id":"Homewood Campus","facility_id":"0076","last_edited_date":1762290934000,"validationstatus":2,"created_date":1762290934000,"SHAPE__Length":612.713935051841,"objectid":183,"SHAPE__Area":16368.97361461055}},{"geometry":{"type":"Polygon","coordinates":[[[-76.622432,39.327396],[-76.622424,39.327294],[-76.622146,39.327305],[-76.622183,39.327822],[-76.622267,39.327818],[-76.622267,39.327818],[-76.622269,39.327818],[-76.622269,39.327818],[-76.622311,39.327816],[-76.622311,39.327816],[-76.622329,39.327816],[-76.622329,39.327815],[-76.622334,39.327815],[-76.622335,39.327818],[-76.622335,39.327824],[-76.622344,39.327824],[-76.622343,39.327818],[-76.622343,39.327814],[-76.62235,39.327813],[-76.622357,39.327813],[-76.622371,39.327812],[-76.622378,39.327812],[-76.622379,39.327817],[-76.622379,39.327822],[-76.622387,39.327822],[-76.622387,39.327816],[-76.622387,39.327813],[-76.622392,39.327813],[-76.622405,39.327812],[-76.622461,39.32781],[-76.622449,39.327636],[-76.62245,39.327636],[-76.622451,39.327636],[-76.622465,39.327632],[-76.622467,39.327632],[-76.622479,39.327628],[-76.622491,39.327623],[-76.622511,39.327612],[-76.622529,39.327598],[-76.62254,39.327588],[-76.622549,39.327577],[-76.622557,39.327563],[-76.622563,39.327549],[-76.622567,39.327536],[-76.622569,39.327523],[-76.622568,39.327508],[-76.622566,39.327494],[-76.62256,39.327478],[-76.622552,39.327463],[-76.622541,39.327449],[-76.622525,39.327433],[-76.622505,39.327419],[-76.622482,39.327408],[-76.622458,39.327401],[-76.622432,39.327396]]],"crs":null},"id":184,"type":"Feature","properties":{"address":"3400 North Charles Street","below_grade":"N","levels_above_ground":null,"created_user":"portaladmin","name_alias":null,"primary_use":"Instruction","campus":"Homewood","image_url":"https://map.jhu.edu/Docs/Photos/BuildingPhotos/HomewoodCampus/HodsonHall.jpg","height_relative":null,"globalid":"{16611393-B522-415A-8383-E873909D8C86}","last_edited_user":"portaladmin","archibus_id":"0077","name_long":"Hodson Hall","name":"Hodson Hall","site_id":"Homewood Campus","facility_id":"0077","last_edited_date":1762290934000,"validationstatus":2,"created_date":1762290934000,"SHAPE__Length":584.7216610768357,"objectid":184,"SHAPE__Area":17232.229889835864}},{"geometry":{"type":"Polygon","coordinates":[[[-76.620911,39.332372],[-76.620915,39.332375],[-76.620929,39.332384],[-76.62094,39.332391],[-76.620963,39.332406],[-76.620991,39.332425],[-76.621007,39.332435],[-76.621029,39.33245],[-76.621063,39.332472],[-76.621074,39.332479],[-76.621081,39.332483],[-76.621089,39.332476],[-76.621126,39.332441],[-76.621174,39.332398],[-76.621224,39.332352],[-76.621248,39.33233],[-76.621249,39.332331],[-76.621252,39.332332],[-76.621257,39.332336],[-76.621308,39.332369],[-76.621313,39.332372],[-76.621317,39.332375],[-76.621322,39.332378],[-76.621372,39.332411],[-76.621378,39.332415],[-76.621382,39.332417],[-76.621387,39.332421],[-76.621437,39.332454],[-76.621442,39.332457],[-76.621451,39.332452],[-76.621456,39.332447],[-76.621457,39.332446],[-76.621459,39.332444],[-76.621469,39.332435],[-76.621473,39.332431],[-76.621477,39.332427],[-76.621509,39.332398],[-76.621584,39.332459],[-76.621586,39.332461],[-76.621593,39.332467],[-76.621822,39.332299],[-76.621825,39.332298],[-76.621723,39.332214],[-76.621719,39.332211],[-76.621726,39.332206],[-76.621727,39.332205],[-76.621706,39.332188],[-76.621682,39.332168],[-76.62161,39.332109],[-76.621517,39.332032],[-76.621492,39.332012],[-76.62137,39.331912],[-76.621346,39.331892],[-76.621205,39.331775],[-76.621203,39.331774],[-76.621191,39.331783],[-76.621175,39.331793],[-76.621094,39.331725],[-76.621067,39.331744],[-76.621004,39.33179],[-76.620929,39.331845],[-76.620894,39.33187],[-76.620823,39.331922],[-76.620697,39.332013],[-76.620907,39.332149],[-76.620947,39.332175],[-76.621056,39.332246],[-76.621053,39.332249],[-76.621012,39.332285],[-76.621005,39.332281],[-76.620918,39.332363],[-76.620917,39.332363],[-76.620911,39.332372]]],"crs":null},"id":185,"type":"Feature","properties":{"address":"3400 North Charles Street","below_grade":"N","levels_above_ground":null,"created_user":"portaladmin","name_alias":null,"primary_use":"Recreation","campus":"Homewood","image_url":"https://map.jhu.edu/Docs/Photos/BuildingPhotos/HomewoodCampus/RalphSOConnorRecreationalCenterBuilding.jpg","height_relative":null,"globalid":"{39326DCB-1A7F-43D7-9524-3A07DC2A7EDC}","last_edited_user":"portaladmin","archibus_id":"0078","name_long":"Ralph S. O'Connor Recreation Center","name":"Ralph S. O'Connor Recreation Center","site_id":"Homewood Campus","facility_id":"0078","last_edited_date":1762290934000,"validationstatus":2,"created_date":1762290934000,"SHAPE__Length":1018.3783284533199,"objectid":185,"SHAPE__Area":44397.922238472696}},{"geometry":{"type":"Polygon","coordinates":[[[-76.621363,39.330539],[-76.621365,39.330559],[-76.621365,39.330566],[-76.621366,39.330573],[-76.621366,39.330581],[-76.621367,39.330597],[-76.621347,39.3306],[-76.621347,39.330598],[-76.621343,39.330599],[-76.621339,39.3306],[-76.62134,39.330602],[-76.621338,39.330604],[-76.621379,39.330743],[-76.621565,39.33071],[-76.621522,39.330565],[-76.621491,39.330571],[-76.62149,39.330566],[-76.621489,39.33054],[-76.621488,39.330536],[-76.621549,39.330534],[-76.621524,39.330148],[-76.621434,39.330151],[-76.621434,39.330151],[-76.621427,39.330151],[-76.621375,39.330153],[-76.621369,39.330153],[-76.621278,39.330157],[-76.621281,39.330199],[-76.621281,39.330203],[-76.621282,39.330203],[-76.621283,39.33022],[-76.621284,39.330242],[-76.621288,39.330302],[-76.621288,39.330302],[-76.621288,39.330306],[-76.621303,39.330538],[-76.621303,39.330541],[-76.621304,39.330541],[-76.621363,39.330539]]],"crs":null},"id":186,"type":"Feature","properties":{"address":"3400 North Charles Street","below_grade":"N","levels_above_ground":null,"created_user":"portaladmin","name_alias":null,"primary_use":"Research","campus":"Homewood","image_url":"https://map.jhu.edu/Docs/Photos/BuildingPhotos/HomewoodCampus/ChemistryBuilding.jpg","height_relative":null,"globalid":"{3AA81007-2CE3-47BC-A2AA-C95A0A06A48A}","last_edited_user":"portaladmin","archibus_id":"0081","name_long":"Chemistry Building","name":"Chemistry Building","site_id":"Homewood Campus","facility_id":"0081","last_edited_date":1762290934000,"validationstatus":2,"created_date":1762290934000,"SHAPE__Length":598.423316127702,"objectid":186,"SHAPE__Area":13239.66936117602}},{"geometry":{"type":"Polygon","coordinates":[[[-76.62222,39.330308],[-76.621796,39.330227],[-76.621681,39.33059],[-76.621679,39.33059],[-76.621678,39.330595],[-76.621681,39.330599],[-76.621682,39.330599],[-76.621714,39.330639],[-76.621713,39.33064],[-76.621715,39.330643],[-76.621716,39.330644],[-76.621723,39.330645],[-76.621723,39.330645],[-76.62195,39.330688],[-76.621963,39.330691],[-76.621981,39.330694],[-76.621994,39.330697],[-76.622012,39.3307],[-76.622024,39.330702],[-76.622034,39.330704],[-76.622034,39.330705],[-76.62204,39.330706],[-76.622043,39.330705],[-76.622046,39.330704],[-76.622045,39.330703],[-76.622098,39.330678],[-76.622098,39.330679],[-76.622104,39.330677],[-76.622105,39.330672],[-76.622104,39.330672],[-76.622108,39.330659],[-76.622119,39.330626],[-76.622122,39.330616],[-76.622132,39.330584],[-76.622137,39.330569],[-76.62214,39.33056],[-76.62222,39.330308]]],"crs":null},"id":187,"type":"Feature","properties":{"address":"3400 North Charles Street","below_grade":"N","levels_above_ground":null,"created_user":"portaladmin","name_alias":null,"primary_use":"Parking Garage","campus":"Homewood","image_url":"https://map.jhu.edu/Docs/Photos/BuildingPhotos/HomewoodCampus/JohnsHopkinsClubGarage.jpg","height_relative":null,"globalid":"{6CAB039B-BD54-4AAE-9836-AC0DF97C738B}","last_edited_user":"portaladmin","archibus_id":"0082","name_long":"West Gate Garage","name":"West Gate Garage","site_id":"Homewood Campus","facility_id":"0082","last_edited_date":1762290934000,"validationstatus":2,"created_date":1762290934000,"SHAPE__Length":538.7888352628779,"objectid":187,"SHAPE__Area":18632.918407031353}},{"geometry":{"type":"Polygon","coordinates":[[[-76.621063,39.326996],[-76.621056,39.326903],[-76.621056,39.326899],[-76.621057,39.326899],[-76.621058,39.326898],[-76.621058,39.326897],[-76.621056,39.326897],[-76.621055,39.326887],[-76.621052,39.326842],[-76.621051,39.326826],[-76.621038,39.326625],[-76.621021,39.326625],[-76.621016,39.326543],[-76.62088,39.326549],[-76.62088,39.326551],[-76.620854,39.326552],[-76.620854,39.32655],[-76.620849,39.32655],[-76.620804,39.326552],[-76.620806,39.326582],[-76.62069,39.326587],[-76.620692,39.326621],[-76.620692,39.326625],[-76.620698,39.326715],[-76.620698,39.326719],[-76.620705,39.326816],[-76.620815,39.326811],[-76.620821,39.326811],[-76.620824,39.326851],[-76.620827,39.326896],[-76.620831,39.326955],[-76.620824,39.326955],[-76.620804,39.326956],[-76.620804,39.326958],[-76.620805,39.326958],[-76.620816,39.327122],[-76.620817,39.327144],[-76.620817,39.327149],[-76.62084,39.327148],[-76.620844,39.327148],[-76.620847,39.327195],[-76.620897,39.327193],[-76.62091,39.327193],[-76.620923,39.327192],[-76.621059,39.327187],[-76.621053,39.327104],[-76.62107,39.327104],[-76.621063,39.326996]]],"crs":null},"id":188,"type":"Feature","properties":{"address":"3400 North Charles Street","below_grade":"N","levels_above_ground":null,"created_user":"portaladmin","name_alias":null,"primary_use":"Research","campus":"Homewood","image_url":"https://map.jhu.edu/Docs/Photos/BuildingPhotos/HomewoodCampus/HackermanHall.jpg","height_relative":null,"globalid":"{C92EDDF0-76AB-4EC9-BF82-05C98CF65C03}","last_edited_user":"portaladmin","archibus_id":"0089","name_long":"Hackerman Hall","name":"Hackerman Hall","site_id":"Homewood Campus","facility_id":"0089","last_edited_date":1762290934000,"validationstatus":2,"created_date":1762290934000,"SHAPE__Length":682.7925677861588,"objectid":188,"SHAPE__Area":18160.83580518282}},{"geometry":{"type":"Polygon","coordinates":[[[-76.621483,39.325992],[-76.621482,39.325985],[-76.621516,39.325984],[-76.621554,39.325982],[-76.621554,39.325989],[-76.621556,39.325989],[-76.621556,39.325991],[-76.621567,39.325991],[-76.621567,39.325986],[-76.621581,39.325985],[-76.621582,39.325985],[-76.621639,39.325983],[-76.6217,39.32598],[-76.6217,39.325977],[-76.621706,39.325976],[-76.621717,39.325976],[-76.621786,39.325973],[-76.621847,39.325971],[-76.621848,39.325989],[-76.621952,39.325985],[-76.621948,39.325924],[-76.621844,39.325929],[-76.621844,39.325934],[-76.621755,39.325938],[-76.621754,39.325936],[-76.621754,39.325934],[-76.621757,39.325934],[-76.621751,39.325838],[-76.621691,39.32584],[-76.62169,39.325826],[-76.621688,39.325826],[-76.621688,39.325824],[-76.621687,39.325816],[-76.621687,39.325811],[-76.621689,39.325811],[-76.621688,39.325796],[-76.621624,39.325799],[-76.621555,39.325802],[-76.621554,39.325793],[-76.621552,39.325763],[-76.621455,39.325767],[-76.621457,39.325797],[-76.621457,39.325806],[-76.621324,39.325811],[-76.621325,39.325826],[-76.621326,39.325826],[-76.621326,39.325831],[-76.621327,39.325839],[-76.621327,39.32584],[-76.621326,39.32584],[-76.621327,39.325855],[-76.621267,39.325857],[-76.621268,39.325878],[-76.621269,39.32589],[-76.621271,39.325921],[-76.621272,39.325927],[-76.621272,39.325933],[-76.621273,39.325953],[-76.621276,39.325953],[-76.621277,39.325957],[-76.621277,39.325957],[-76.621187,39.325961],[-76.621187,39.325955],[-76.621083,39.325959],[-76.621087,39.32602],[-76.621108,39.326019],[-76.621151,39.326017],[-76.621191,39.326016],[-76.621189,39.325997],[-76.621239,39.325995],[-76.621287,39.325993],[-76.621332,39.325991],[-76.621333,39.325991],[-76.621336,39.325991],[-76.621336,39.325995],[-76.621362,39.325994],[-76.621365,39.325994],[-76.621367,39.325994],[-76.621414,39.325992],[-76.621445,39.32599],[-76.621469,39.325989],[-76.62147,39.325995],[-76.621482,39.325994],[-76.621481,39.325992],[-76.621483,39.325992]]],"crs":null},"id":189,"type":"Feature","properties":{"address":"3400 North Charles Street","below_grade":"N","levels_above_ground":null,"created_user":"portaladmin","name_alias":null,"primary_use":"Administration","campus":"Homewood","image_url":"https://map.jhu.edu/Docs/Photos/BuildingPhotos/HomewoodCampus/MasonHall.jpg","height_relative":null,"globalid":"{B56045EB-96A2-4A78-9366-D35908D3E88F}","last_edited_user":"portaladmin","archibus_id":"0090","name_long":"Mason Hall","name":"Mason Hall","site_id":"Homewood Campus","facility_id":"0090","last_edited_date":1762290934000,"validationstatus":2,"created_date":1762290934000,"SHAPE__Length":702.6625387498968,"objectid":189,"SHAPE__Area":10918.42725816604}},{"geometry":{"type":"Polygon","coordinates":[[[-76.622613,39.328994],[-76.62241,39.328957],[-76.62241,39.328957],[-76.622408,39.328957],[-76.622408,39.328957],[-76.622403,39.328973],[-76.622396,39.328996],[-76.622395,39.329001],[-76.622393,39.329005],[-76.622392,39.329009],[-76.622381,39.329044],[-76.622379,39.329052],[-76.622443,39.329064],[-76.62249,39.329072],[-76.622557,39.329084],[-76.622562,39.329085],[-76.622568,39.329086],[-76.622584,39.329089],[-76.622586,39.329084],[-76.622586,39.329083],[-76.622588,39.329075],[-76.622597,39.329046],[-76.622607,39.329014],[-76.622613,39.328994]]],"crs":null},"id":190,"type":"Feature","properties":{"address":"3400 North Charles Street","below_grade":"N","levels_above_ground":null,"created_user":"portaladmin","name_alias":"Greenhouse South","primary_use":"Office","campus":"Homewood","image_url":"https://map.jhu.edu/Docs/Photos/BuildingPhotos/HomewoodCampus/CenterForGovernmentExcellenceBuilding.jpg","height_relative":null,"globalid":"{EE689C7B-C533-4C61-82E4-DD9FD028AE8F}","last_edited_user":"portaladmin","archibus_id":"0092","name_long":"Greenhouse South","name":"Greenhouse South","site_id":"Homewood Campus","facility_id":"0092","last_edited_date":1764967252245,"validationstatus":2,"created_date":1762290934000,"SHAPE__Length":190.29015591741555,"objectid":190,"SHAPE__Area":2120.8927427789463}},{"geometry":{"type":"Polygon","coordinates":[[[-76.622043,39.334513],[-76.621942,39.334445],[-76.621885,39.334409],[-76.62188,39.334406],[-76.621869,39.334417],[-76.621804,39.334374],[-76.621747,39.334427],[-76.621779,39.334448],[-76.621812,39.334469],[-76.621804,39.334476],[-76.6218,39.33448],[-76.621834,39.334502],[-76.621766,39.334564],[-76.621739,39.334546],[-76.621723,39.334561],[-76.621707,39.334576],[-76.621741,39.334598],[-76.621729,39.334609],[-76.621722,39.334616],[-76.621706,39.33463],[-76.621685,39.334649],[-76.621686,39.33465],[-76.621679,39.334656],[-76.621678,39.334656],[-76.621677,39.334657],[-76.621675,39.334659],[-76.621675,39.33466],[-76.621676,39.33466],[-76.621739,39.334701],[-76.621741,39.334702],[-76.621753,39.33471],[-76.62174,39.334722],[-76.621736,39.334725],[-76.62175,39.334734],[-76.621766,39.334745],[-76.62178,39.334754],[-76.621796,39.334738],[-76.621816,39.334751],[-76.621848,39.334772],[-76.621875,39.334789],[-76.621876,39.334792],[-76.621987,39.33469],[-76.622043,39.334638],[-76.622039,39.334635],[-76.621964,39.334586],[-76.621965,39.334584],[-76.622001,39.334551],[-76.622031,39.334524],[-76.622043,39.334513]]],"crs":null},"id":191,"type":"Feature","properties":{"address":"113 W University Pkwy","below_grade":"N","levels_above_ground":null,"created_user":"portaladmin","name_alias":null,"primary_use":"Office","campus":"Homewood","image_url":"https://map.jhu.edu/Docs/Photos/BuildingPhotos/HomewoodCampus/115WUniversityParkway.jpg","height_relative":null,"globalid":"{14FFC964-669E-46EC-8DF2-F2329980DB2D}","last_edited_user":"portaladmin","archibus_id":"0806","name_long":"Imagine Center","name":"Imagine Center","site_id":"Homewood Campus","facility_id":"0806","last_edited_date":1762290934000,"validationstatus":2,"created_date":1762290934000,"SHAPE__Length":479.076061790118,"objectid":191,"SHAPE__Area":8525.716025500855}},{"geometry":{"type":"Polygon","coordinates":[[[-76.623352,39.32441],[-76.62331,39.32443],[-76.623206,39.324479],[-76.623203,39.32448],[-76.623203,39.324479],[-76.623187,39.324486],[-76.623186,39.324487],[-76.623187,39.324488],[-76.623121,39.324519],[-76.623118,39.324514],[-76.623069,39.324537],[-76.623051,39.324546],[-76.623075,39.324576],[-76.623073,39.324577],[-76.62306,39.324583],[-76.62308,39.324609],[-76.62308,39.324609],[-76.623095,39.324602],[-76.6231,39.324608],[-76.623119,39.324632],[-76.623149,39.324618],[-76.623181,39.324603],[-76.623183,39.324605],[-76.623185,39.324608],[-76.623186,39.324607],[-76.623187,39.324608],[-76.623188,39.324608],[-76.623195,39.324617],[-76.623197,39.324616],[-76.623196,39.324615],[-76.623195,39.324613],[-76.62322,39.324601],[-76.623221,39.324602],[-76.623221,39.324603],[-76.623222,39.324604],[-76.623228,39.324601],[-76.623227,39.3246],[-76.623226,39.324598],[-76.62325,39.324587],[-76.623252,39.324589],[-76.623252,39.32459],[-76.623258,39.324587],[-76.623258,39.324586],[-76.623256,39.324584],[-76.62328,39.324573],[-76.623282,39.324575],[-76.623282,39.324575],[-76.623288,39.324572],[-76.623288,39.324572],[-76.623286,39.32457],[-76.62331,39.324558],[-76.623312,39.32456],[-76.623313,39.324561],[-76.623319,39.324558],[-76.623318,39.324557],[-76.623317,39.324555],[-76.623341,39.324544],[-76.623342,39.324546],[-76.623343,39.324547],[-76.623349,39.324544],[-76.623348,39.324543],[-76.623347,39.324541],[-76.623371,39.32453],[-76.623372,39.324532],[-76.623373,39.324533],[-76.623379,39.32453],[-76.623378,39.324529],[-76.623377,39.324527],[-76.623401,39.324516],[-76.623403,39.324518],[-76.623403,39.324518],[-76.623409,39.324515],[-76.623409,39.324515],[-76.623407,39.324513],[-76.623431,39.324501],[-76.623433,39.324503],[-76.623433,39.324504],[-76.623439,39.324501],[-76.623439,39.3245],[-76.623437,39.324498],[-76.623461,39.324487],[-76.623463,39.324489],[-76.623464,39.32449],[-76.62347,39.324487],[-76.623469,39.324486],[-76.623468,39.324484],[-76.623492,39.324473],[-76.623493,39.324475],[-76.623494,39.324475],[-76.6235,39.324473],[-76.623499,39.324472],[-76.623498,39.32447],[-76.623522,39.324458],[-76.623524,39.324461],[-76.623524,39.324461],[-76.62353,39.324458],[-76.62353,39.324458],[-76.623528,39.324456],[-76.623552,39.324444],[-76.623554,39.324446],[-76.623554,39.324447],[-76.62356,39.324444],[-76.62356,39.324444],[-76.623558,39.324441],[-76.623583,39.32443],[-76.623585,39.324432],[-76.623585,39.324432],[-76.623588,39.324431],[-76.623587,39.324431],[-76.623581,39.324422],[-76.623582,39.324422],[-76.623581,39.32442],[-76.623582,39.32442],[-76.623578,39.324415],[-76.623609,39.324401],[-76.62364,39.324386],[-76.623632,39.324375],[-76.623631,39.324374],[-76.623616,39.324356],[-76.623632,39.324349],[-76.623611,39.324323],[-76.623602,39.324328],[-76.623596,39.32433],[-76.623572,39.3243],[-76.623537,39.324316],[-76.623506,39.324331],[-76.623509,39.324335],[-76.62349,39.324345],[-76.623444,39.324366],[-76.623444,39.324365],[-76.623443,39.324366],[-76.623428,39.324373],[-76.623427,39.324373],[-76.623428,39.324374],[-76.623401,39.324387],[-76.623352,39.32441]]],"crs":null},"id":192,"type":"Feature","properties":{"address":"3100 Wyman Park Dr","below_grade":"N","levels_above_ground":null,"created_user":"portaladmin","name_alias":null,"primary_use":"Office","campus":"Homewood","image_url":"https://map.jhu.edu/Docs/Photos/BuildingPhotos/HomewoodCampus/WymanBuilding2.jpg","height_relative":null,"globalid":"{25442F20-7E2E-492F-A616-40FF22D92C12}","last_edited_user":"portaladmin","archibus_id":"0097","name_long":"Wyman Building 2","name":"Wyman Building 2","site_id":"Homewood Campus","facility_id":"0097","last_edited_date":1762290934000,"validationstatus":2,"created_date":1762290934000,"SHAPE__Length":486.66563494264165,"objectid":192,"SHAPE__Area":6937.097681113692}},{"geometry":{"type":"MultiPolygon","coordinates":[[[[-76.624017,39.325011],[-76.624032,39.325003],[-76.624035,39.325002],[-76.624036,39.325003],[-76.624056,39.324993],[-76.624077,39.324983],[-76.62408,39.324981],[-76.624102,39.324971],[-76.624148,39.324949],[-76.624172,39.324937],[-76.624189,39.324929],[-76.624164,39.324897],[-76.624126,39.324849],[-76.624104,39.324822],[-76.624089,39.324804],[-76.624064,39.324772],[-76.624057,39.324763],[-76.62406,39.324762],[-76.624051,39.32475],[-76.624036,39.324732],[-76.624026,39.324719],[-76.624011,39.324701],[-76.623986,39.324669],[-76.623985,39.324667],[-76.623982,39.324668],[-76.623982,39.324669],[-76.623979,39.324665],[-76.623973,39.324658],[-76.623969,39.324652],[-76.623961,39.324643],[-76.623953,39.324632],[-76.623947,39.324625],[-76.623944,39.324622],[-76.623938,39.324614],[-76.623929,39.324603],[-76.623924,39.324596],[-76.62392,39.324591],[-76.623909,39.324577],[-76.623896,39.324561],[-76.62389,39.324553],[-76.623881,39.324542],[-76.623875,39.324535],[-76.623872,39.324531],[-76.623866,39.324524],[-76.623859,39.324515],[-76.623859,39.324514],[-76.623857,39.324512],[-76.623856,39.324511],[-76.623855,39.32451],[-76.623855,39.32451],[-76.623854,39.324508],[-76.62385,39.324503],[-76.623849,39.324503],[-76.623743,39.324554],[-76.623724,39.32453],[-76.623727,39.324529],[-76.62373,39.32452],[-76.623719,39.324506],[-76.623707,39.324504],[-76.623689,39.324513],[-76.623685,39.324522],[-76.623697,39.324536],[-76.623708,39.324537],[-76.623711,39.324536],[-76.62373,39.32456],[-76.623714,39.324568],[-76.623689,39.324538],[-76.623632,39.324565],[-76.623629,39.324576],[-76.623631,39.324579],[-76.623637,39.324586],[-76.623651,39.324589],[-76.623659,39.324585],[-76.623666,39.324594],[-76.623698,39.324579],[-76.623733,39.324622],[-76.623808,39.324716],[-76.623834,39.32475],[-76.623845,39.324764],[-76.623867,39.324791],[-76.623889,39.324818],[-76.623889,39.324819],[-76.6239,39.324833],[-76.623913,39.324848],[-76.623937,39.324879],[-76.623936,39.32488],[-76.623934,39.324881],[-76.623934,39.324881],[-76.623931,39.324882],[-76.623919,39.324888],[-76.623927,39.324898],[-76.623933,39.324905],[-76.62394,39.324915],[-76.623955,39.324908],[-76.623959,39.324906],[-76.623962,39.324904],[-76.623965,39.324908],[-76.62398,39.324927],[-76.62398,39.324928],[-76.623977,39.324929],[-76.62398,39.324932],[-76.623976,39.324934],[-76.623961,39.324941],[-76.624,39.324989],[-76.624005,39.324996],[-76.624017,39.325011]]],[[[-76.624056,39.325028],[-76.624244,39.325264],[-76.624397,39.32519],[-76.62421,39.324955],[-76.624056,39.325028]]]],"crs":null},"id":193,"type":"Feature","properties":{"address":"3100 Wyman Park Dr","below_grade":"N","levels_above_ground":null,"created_user":"portaladmin","name_alias":null,"primary_use":"Power Plant","campus":"Homewood","image_url":"https://map.jhu.edu/Docs/Photos/BuildingPhotos/HomewoodCampus/WymanBuilding3.jpg","height_relative":null,"globalid":"{1AF2C209-3210-4A01-A85C-A44F667FCF8B}","last_edited_user":"portaladmin","archibus_id":"0099","name_long":"Wyman Building 3","name":"Wyman Building 3","site_id":"Homewood Campus","facility_id":"0099","last_edited_date":1762290934000,"validationstatus":2,"created_date":1762290934000,"SHAPE__Length":903.8004097931354,"objectid":193,"SHAPE__Area":15160.326702294627}},{"geometry":{"type":"Polygon","coordinates":[[[-76.61876,39.327466],[-76.619005,39.327456],[-76.619003,39.327417],[-76.619196,39.32741],[-76.619196,39.327409],[-76.619193,39.327366],[-76.619193,39.327362],[-76.61919,39.327319],[-76.619189,39.327301],[-76.619186,39.32726],[-76.619186,39.327256],[-76.619182,39.32721],[-76.619182,39.327207],[-76.619187,39.327206],[-76.619215,39.327205],[-76.61924,39.327204],[-76.619254,39.327207],[-76.619263,39.327207],[-76.619272,39.327206],[-76.619273,39.327205],[-76.619279,39.327202],[-76.619284,39.327195],[-76.619284,39.327187],[-76.619282,39.32718],[-76.619281,39.327179],[-76.619279,39.327177],[-76.619278,39.327176],[-76.619278,39.327175],[-76.619277,39.327175],[-76.619277,39.327174],[-76.619274,39.327173],[-76.619274,39.327173],[-76.619272,39.327173],[-76.61927,39.327172],[-76.619269,39.327171],[-76.619268,39.327171],[-76.619264,39.327171],[-76.61926,39.327171],[-76.619255,39.327171],[-76.619247,39.327172],[-76.619247,39.327172],[-76.619246,39.327173],[-76.619244,39.327174],[-76.619243,39.327174],[-76.619242,39.327175],[-76.61924,39.327176],[-76.619238,39.327177],[-76.619237,39.327177],[-76.61918,39.327179],[-76.61918,39.327178],[-76.61918,39.327177],[-76.61918,39.327177],[-76.61918,39.327176],[-76.61918,39.327175],[-76.61918,39.327174],[-76.61918,39.327174],[-76.61918,39.327173],[-76.61918,39.327172],[-76.61918,39.327172],[-76.61918,39.327172],[-76.61918,39.327171],[-76.61918,39.32717],[-76.61918,39.327169],[-76.619172,39.327058],[-76.619172,39.327057],[-76.619172,39.327055],[-76.619172,39.327054],[-76.619172,39.327052],[-76.619172,39.327052],[-76.619172,39.327051],[-76.619172,39.327051],[-76.619172,39.32705],[-76.619172,39.327049],[-76.619172,39.327049],[-76.619172,39.327048],[-76.619172,39.327047],[-76.619172,39.327046],[-76.619172,39.327046],[-76.619172,39.327045],[-76.619171,39.327044],[-76.619171,39.327041],[-76.619171,39.327034],[-76.619171,39.327031],[-76.619169,39.327003],[-76.619169,39.327002],[-76.619169,39.327],[-76.619168,39.326999],[-76.619168,39.326998],[-76.619168,39.326998],[-76.619168,39.326997],[-76.619168,39.326996],[-76.619168,39.326996],[-76.619168,39.326995],[-76.619168,39.326995],[-76.619168,39.326995],[-76.619168,39.326994],[-76.619168,39.326994],[-76.619163,39.326994],[-76.619163,39.326994],[-76.619163,39.326994],[-76.619159,39.326994],[-76.619152,39.326994],[-76.618917,39.327004],[-76.618893,39.327005],[-76.618885,39.327005],[-76.618834,39.327007],[-76.618718,39.327012],[-76.618719,39.327024],[-76.618721,39.327054],[-76.618725,39.327107],[-76.618721,39.327107],[-76.618723,39.327134],[-76.618725,39.327169],[-76.618728,39.327213],[-76.61873,39.327241],[-76.618737,39.327349],[-76.618753,39.327348],[-76.61876,39.327466]]],"crs":null},"id":194,"type":"Feature","properties":{"address":"3400 North Charles Street","below_grade":"N","levels_above_ground":null,"created_user":"portaladmin","name_alias":null,"primary_use":"Power Plant","campus":"Homewood","image_url":"https://map.jhu.edu/Docs/Photos/BuildingPhotos/HomewoodCampus/PowerplantBuilding.jpg","height_relative":null,"globalid":"{13321F1D-304E-4CB5-9033-887694E7FD78}","last_edited_user":"portaladmin","archibus_id":"0009","name_long":"Power Plant","name":"Power Plant","site_id":"Homewood Campus","facility_id":"0009","last_edited_date":1762290934000,"validationstatus":2,"created_date":1762290934000,"SHAPE__Length":646.0299154922507,"objectid":194,"SHAPE__Area":20626.1396483118}},{"geometry":{"type":"Polygon","coordinates":[[[-76.619757,39.328691],[-76.619758,39.328708],[-76.619913,39.328701],[-76.620279,39.328684],[-76.620278,39.328667],[-76.620278,39.328667],[-76.620278,39.328667],[-76.620281,39.328667],[-76.620282,39.328667],[-76.620282,39.328669],[-76.620332,39.328667],[-76.620326,39.328581],[-76.620275,39.328583],[-76.620275,39.328585],[-76.620275,39.328586],[-76.620271,39.328586],[-76.620271,39.328585],[-76.620266,39.328523],[-76.620262,39.328524],[-76.620247,39.328317],[-76.620247,39.328317],[-76.620233,39.328317],[-76.620233,39.328315],[-76.620233,39.328315],[-76.620233,39.328315],[-76.620103,39.328321],[-76.620104,39.328323],[-76.62009,39.328324],[-76.620091,39.328332],[-76.619892,39.328341],[-76.619892,39.328339],[-76.619885,39.32825],[-76.619892,39.32825],[-76.619884,39.328141],[-76.619877,39.328141],[-76.619877,39.328137],[-76.619874,39.328099],[-76.61987,39.328043],[-76.61987,39.328043],[-76.61987,39.32804],[-76.6197,39.328048],[-76.619693,39.328048],[-76.619693,39.328046],[-76.619693,39.328045],[-76.619648,39.328047],[-76.619649,39.328053],[-76.619656,39.328151],[-76.619653,39.328151],[-76.619656,39.328196],[-76.619661,39.32826],[-76.619664,39.32826],[-76.619676,39.328413],[-76.619676,39.328415],[-76.619735,39.328412],[-76.619739,39.328412],[-76.61974,39.328429],[-76.619738,39.328429],[-76.619739,39.328439],[-76.619736,39.328439],[-76.619733,39.328439],[-76.619734,39.328453],[-76.619735,39.328467],[-76.619737,39.328467],[-76.619741,39.328466],[-76.619749,39.328572],[-76.619751,39.328591],[-76.619752,39.32861],[-76.619757,39.328691]]],"crs":null},"id":195,"type":"Feature","properties":{"address":"3400 North Charles Street","below_grade":"N","levels_above_ground":null,"created_user":"portaladmin","name_alias":null,"primary_use":"Research","campus":"Homewood","image_url":"https://map.jhu.edu/Docs/Photos/BuildingPhotos/HomewoodCampus/KreigerHall.jpg","height_relative":null,"globalid":"{E279C228-85B2-4AD3-86AC-995AADDF5A99}","last_edited_user":"portaladmin","archibus_id":"0012","name_long":"Krieger Hall","name":"Krieger Hall","site_id":"Homewood Campus","facility_id":"0012","last_edited_date":1762290934000,"validationstatus":2,"created_date":1762290934000,"SHAPE__Length":866.1745075843261,"objectid":195,"SHAPE__Area":27284.504056122318}},{"geometry":{"type":"Polygon","coordinates":[[[-76.619449,39.327337],[-76.619458,39.327337],[-76.619458,39.327336],[-76.619557,39.327332],[-76.619557,39.327333],[-76.619613,39.327331],[-76.619613,39.32733],[-76.619629,39.32733],[-76.619629,39.32733],[-76.619634,39.32733],[-76.619634,39.327329],[-76.61965,39.327329],[-76.61965,39.327329],[-76.619656,39.327329],[-76.619656,39.327328],[-76.619671,39.327328],[-76.619671,39.327328],[-76.619698,39.327327],[-76.619698,39.327327],[-76.619713,39.327326],[-76.619713,39.327327],[-76.619719,39.327326],[-76.619719,39.327326],[-76.619734,39.327325],[-76.619734,39.327326],[-76.61974,39.327326],[-76.61974,39.327325],[-76.619755,39.327325],[-76.619756,39.327325],[-76.619796,39.327323],[-76.619798,39.327323],[-76.619777,39.327001],[-76.619774,39.327001],[-76.619744,39.327002],[-76.61974,39.326949],[-76.619717,39.32695],[-76.619717,39.326951],[-76.619701,39.326951],[-76.619701,39.326951],[-76.619696,39.326951],[-76.619696,39.326952],[-76.61968,39.326952],[-76.61968,39.326952],[-76.619674,39.326952],[-76.619674,39.326952],[-76.619659,39.326953],[-76.619659,39.326953],[-76.619646,39.326953],[-76.619646,39.326954],[-76.619631,39.326954],[-76.619631,39.326954],[-76.619625,39.326954],[-76.619625,39.326954],[-76.61961,39.326955],[-76.61961,39.326955],[-76.619604,39.326955],[-76.619604,39.326955],[-76.619589,39.326956],[-76.619589,39.326955],[-76.619576,39.326956],[-76.619576,39.326956],[-76.61956,39.326957],[-76.61956,39.326956],[-76.619555,39.326957],[-76.619555,39.326957],[-76.619539,39.326958],[-76.619539,39.326957],[-76.619533,39.326958],[-76.619533,39.326958],[-76.619518,39.326959],[-76.619518,39.326958],[-76.619505,39.326959],[-76.619505,39.326959],[-76.61949,39.32696],[-76.61949,39.326959],[-76.619484,39.32696],[-76.619484,39.32696],[-76.619469,39.326961],[-76.619469,39.32696],[-76.619463,39.32696],[-76.619463,39.326961],[-76.619448,39.326961],[-76.619448,39.326961],[-76.619424,39.326962],[-76.619425,39.326975],[-76.619425,39.326975],[-76.619426,39.326987],[-76.619426,39.326987],[-76.619426,39.326991],[-76.619427,39.326991],[-76.619427,39.327003],[-76.619427,39.327003],[-76.619428,39.327029],[-76.619429,39.327029],[-76.61943,39.32704],[-76.619429,39.32704],[-76.619429,39.327045],[-76.61943,39.327045],[-76.619431,39.327057],[-76.61943,39.327057],[-76.619431,39.327061],[-76.619431,39.327061],[-76.619432,39.327073],[-76.619431,39.327073],[-76.619433,39.327094],[-76.619433,39.327094],[-76.619434,39.327106],[-76.619434,39.327106],[-76.619434,39.327111],[-76.619434,39.327111],[-76.619435,39.327123],[-76.619435,39.327123],[-76.619435,39.327127],[-76.619435,39.327127],[-76.619436,39.327139],[-76.619436,39.327139],[-76.619437,39.32716],[-76.619438,39.32716],[-76.619438,39.327172],[-76.619438,39.327172],[-76.619438,39.327176],[-76.619439,39.327176],[-76.61944,39.327188],[-76.619439,39.327188],[-76.619439,39.327193],[-76.61944,39.327193],[-76.619441,39.327205],[-76.61944,39.327205],[-76.619441,39.327226],[-76.619442,39.327226],[-76.619443,39.327238],[-76.619442,39.327238],[-76.619442,39.327242],[-76.619443,39.327242],[-76.619444,39.327254],[-76.619443,39.327254],[-76.619444,39.327259],[-76.619444,39.327259],[-76.619445,39.32727],[-76.619444,39.32727],[-76.619446,39.327291],[-76.619446,39.327291],[-76.619449,39.32733],[-76.619448,39.32733],[-76.619449,39.327337]]],"crs":null},"id":196,"type":"Feature","properties":{"address":"3400 North Charles Street","below_grade":"N","levels_above_ground":null,"created_user":"portaladmin","name_alias":null,"primary_use":"Research","campus":"Homewood","image_url":"https://map.jhu.edu/Docs/Photos/BuildingPhotos/HomewoodCampus/CroftHall.jpg","height_relative":null,"globalid":"{17E7A32D-9309-44FE-AC7E-06D0740B3AB4}","last_edited_user":"portaladmin","archibus_id":"0053","name_long":"Croft Hall","name":"Croft Hall","site_id":"Homewood Campus","facility_id":"0053","last_edited_date":1762290934000,"validationstatus":2,"created_date":1762290934000,"SHAPE__Length":482.8103757919533,"objectid":196,"SHAPE__Area":13325.597739115796}},{"geometry":{"type":"Polygon","coordinates":[[[-76.617238,39.329483],[-76.617233,39.329393],[-76.617231,39.329393],[-76.61723,39.329379],[-76.617232,39.329379],[-76.617224,39.32925],[-76.617083,39.329255],[-76.61709,39.329379],[-76.616999,39.329382],[-76.616982,39.329383],[-76.616974,39.329259],[-76.616833,39.329265],[-76.61684,39.329388],[-76.616825,39.329389],[-76.616798,39.32939],[-76.616798,39.329391],[-76.616786,39.329392],[-76.616774,39.329392],[-76.616774,39.329391],[-76.616732,39.329392],[-76.616724,39.329269],[-76.616583,39.329274],[-76.616591,39.329398],[-76.616482,39.329402],[-76.616474,39.329278],[-76.616333,39.329284],[-76.616348,39.329517],[-76.617238,39.329483]]],"crs":null},"id":198,"type":"Feature","properties":{"address":"2 E 34th St","below_grade":"N","levels_above_ground":null,"created_user":"portaladmin","name_alias":null,"primary_use":"Residence Hall","campus":"Homewood Housing","image_url":"https://map.jhu.edu/Docs/Photos/BuildingPhotos/HomewoodCampus/McCoyHall.jpg","height_relative":null,"globalid":"{F962CA9A-D3FD-49F8-AF4D-FFE5C692328D}","last_edited_user":"portaladmin","archibus_id":"0034","name_long":"McCoy Hall","name":"McCoy Hall","site_id":"Homewood Campus","facility_id":"0034","last_edited_date":1762290934000,"validationstatus":2,"created_date":1762290934000,"SHAPE__Length":946.5531151198917,"objectid":198,"SHAPE__Area":17306.297350551344}},{"geometry":{"type":"Polygon","coordinates":[[[-76.617169,39.328828],[-76.617107,39.328831],[-76.617107,39.328832],[-76.617107,39.328832],[-76.617096,39.328832],[-76.617095,39.328832],[-76.617095,39.328831],[-76.617008,39.328834],[-76.617007,39.328822],[-76.616581,39.328838],[-76.616586,39.328922],[-76.616487,39.328926],[-76.616483,39.328854],[-76.616352,39.328858],[-76.616356,39.32892],[-76.616354,39.32892],[-76.616357,39.328968],[-76.61636,39.328968],[-76.61636,39.328968],[-76.616361,39.328982],[-76.616361,39.328982],[-76.616358,39.328982],[-76.616361,39.32903],[-76.616362,39.32903],[-76.616366,39.329092],[-76.616497,39.329087],[-76.616493,39.329014],[-76.616534,39.329012],[-76.616534,39.329011],[-76.616536,39.329011],[-76.616546,39.329011],[-76.61655,39.329011],[-76.61655,39.329011],[-76.616593,39.32901],[-76.616597,39.329072],[-76.616721,39.329067],[-76.616722,39.329071],[-76.616723,39.329071],[-76.616731,39.329077],[-76.616731,39.329078],[-76.616752,39.329077],[-76.616752,39.329076],[-76.616763,39.329076],[-76.616774,39.329075],[-76.616784,39.329075],[-76.616796,39.329075],[-76.616796,39.329076],[-76.616816,39.329075],[-76.616816,39.329074],[-76.616824,39.329067],[-76.616825,39.329067],[-76.616825,39.329063],[-76.61695,39.329058],[-76.616946,39.328998],[-76.616989,39.328996],[-76.616989,39.328994],[-76.616993,39.328994],[-76.617004,39.328994],[-76.617006,39.328994],[-76.617006,39.328995],[-76.617048,39.328994],[-76.617052,39.329067],[-76.617183,39.329062],[-76.617183,39.329053],[-76.617257,39.329051],[-76.617257,39.32905],[-76.617275,39.329034],[-76.617276,39.329034],[-76.617273,39.328991],[-76.61729,39.328991],[-76.61729,39.328989],[-76.617303,39.328977],[-76.617306,39.328977],[-76.617305,39.328972],[-76.617305,39.328972],[-76.617304,39.328971],[-76.617304,39.32897],[-76.617309,39.328961],[-76.617309,39.32896],[-76.617311,39.32896],[-76.617312,39.328954],[-76.617311,39.328954],[-76.617311,39.328953],[-76.617312,39.328943],[-76.617312,39.328942],[-76.617314,39.328942],[-76.617313,39.328937],[-76.617312,39.328937],[-76.617311,39.328936],[-76.617309,39.328926],[-76.617309,39.328926],[-76.617311,39.328925],[-76.617308,39.328919],[-76.617307,39.328919],[-76.617306,39.328919],[-76.617301,39.328909],[-76.6173,39.328909],[-76.617301,39.328908],[-76.617301,39.328908],[-76.617301,39.328902],[-76.617298,39.328903],[-76.617284,39.328892],[-76.617284,39.32889],[-76.617267,39.328891],[-76.617264,39.328848],[-76.617264,39.328848],[-76.617243,39.328834],[-76.617243,39.328833],[-76.617169,39.328836],[-76.617169,39.328828]]],"crs":null},"id":199,"type":"Feature","properties":{"address":"3339 North Charles Street","below_grade":"N","levels_above_ground":null,"created_user":"portaladmin","name_alias":null,"primary_use":"Residence Hall","campus":"Homewood Housing","image_url":"https://map.jhu.edu/Docs/Photos/BuildingPhotos/HomewoodCampus/CharlesStreetMarketBuilding.jpg","height_relative":null,"globalid":"{047CB8F8-A7BF-41D6-9FE1-8BC3DA147AAA}","last_edited_user":"portaladmin","archibus_id":"0032","name_long":"Wolman Hall","name":"Wolman Hall","site_id":"Homewood Campus","facility_id":"0032","last_edited_date":1762290934000,"validationstatus":2,"created_date":1762290934000,"SHAPE__Length":870.3363481718959,"objectid":199,"SHAPE__Area":20108.99579847136}},{"geometry":{"type":"Polygon","coordinates":[[[-76.616938,39.328755],[-76.617092,39.328749],[-76.617092,39.328748],[-76.617243,39.328742],[-76.617243,39.328743],[-76.617398,39.328736],[-76.617395,39.328696],[-76.617397,39.328696],[-76.617397,39.328689],[-76.617394,39.328689],[-76.617393,39.328669],[-76.617395,39.328669],[-76.617395,39.328661],[-76.617393,39.328661],[-76.617391,39.32864],[-76.61739,39.328619],[-76.617392,39.328619],[-76.617391,39.328612],[-76.617389,39.328612],[-76.617388,39.328592],[-76.61739,39.328592],[-76.617389,39.328584],[-76.617387,39.328584],[-76.617385,39.328544],[-76.61723,39.32855],[-76.617234,39.328609],[-76.617083,39.328616],[-76.617079,39.328557],[-76.616925,39.328563],[-76.616938,39.328755]]],"crs":null},"id":200,"type":"Feature","properties":{"address":"3333 N Charles St","below_grade":"N","levels_above_ground":null,"created_user":"portaladmin","name_alias":null,"primary_use":"Residence Hall","campus":"Homewood Off","image_url":"https://map.jhu.edu/Docs/Photos/BuildingPhotos/HomewoodCampus/TheCharlesApartments.jpg","height_relative":null,"globalid":"{089061AD-225F-48B3-B05D-AD4B7234A14A}","last_edited_user":"portaladmin","archibus_id":"0015","name_long":"Charles Apartments","name":"Charles Apartments","site_id":"Homewood Campus","facility_id":"0015","last_edited_date":1762290934000,"validationstatus":2,"created_date":1762290934000,"SHAPE__Length":449.21020950972525,"objectid":200,"SHAPE__Area":8207.657004826766}},{"geometry":{"type":"Polygon","coordinates":[[[-76.617387,39.328446],[-76.617384,39.328405],[-76.617387,39.328405],[-76.617383,39.32835],[-76.61738,39.328294],[-76.617377,39.328295],[-76.617375,39.328253],[-76.617204,39.32826],[-76.617204,39.328262],[-76.617084,39.328267],[-76.617084,39.328265],[-76.617014,39.328268],[-76.617014,39.328271],[-76.616984,39.328272],[-76.616984,39.328269],[-76.616914,39.328271],[-76.616917,39.328313],[-76.616914,39.328313],[-76.616919,39.328379],[-76.616929,39.328379],[-76.616931,39.328402],[-76.61692,39.328402],[-76.616921,39.328422],[-76.616924,39.328422],[-76.616926,39.328463],[-76.617096,39.328457],[-76.617096,39.328455],[-76.617217,39.32845],[-76.617217,39.328453],[-76.617387,39.328446]]],"crs":null},"id":201,"type":"Feature","properties":{"address":"3301 North Charles Street","below_grade":"N","levels_above_ground":null,"created_user":"portaladmin","name_alias":null,"primary_use":"Residence Hall","campus":"Homewood Housing","image_url":"https://map.jhu.edu/Docs/Photos/BuildingPhotos/HomewoodCampus/CharlesCommonsBuilding.jpg","height_relative":null,"globalid":"{23EB42F5-94DC-4DBE-9860-D716A9376C84}","last_edited_user":"portaladmin","archibus_id":"0086","name_long":"Scott Tower","name":"Scott Tower","site_id":"Homewood Campus","facility_id":"0086","last_edited_date":1762290934000,"validationstatus":2,"created_date":1762290934000,"SHAPE__Length":415.22118163631535,"objectid":201,"SHAPE__Area":9120.620369111664}},{"geometry":{"type":"Polygon","coordinates":[[[-76.617053,39.327646],[-76.617218,39.327639],[-76.617218,39.32764],[-76.617334,39.327635],[-76.617332,39.327617],[-76.617325,39.327519],[-76.61721,39.327525],[-76.617215,39.327594],[-76.617138,39.327597],[-76.617135,39.327562],[-76.617047,39.327566],[-76.617053,39.327646]]],"crs":null},"id":202,"type":"Feature","properties":{"address":"3211 N Charles St","below_grade":"N","levels_above_ground":null,"created_user":"portaladmin","name_alias":null,"primary_use":"Office","campus":"Homewood Off","image_url":"https://map.jhu.edu/Docs/Photos/BuildingPhotos/HomewoodCampus/SteinwaldHouse.jpg","height_relative":null,"globalid":"{95E41073-A1D2-40D7-B634-AC17D70A125A}","last_edited_user":"portaladmin","archibus_id":"0030","name_long":"Steinwald Alumni House","name":"Steinwald Alumni House","site_id":"Homewood Campus","facility_id":"0030","last_edited_date":1762290934000,"validationstatus":2,"created_date":1762290934000,"SHAPE__Length":269.35089582912946,"objectid":202,"SHAPE__Area":2478.522875387042}},{"geometry":{"type":"Polygon","coordinates":[[[-76.617001,39.32458],[-76.616992,39.324587],[-76.616845,39.324593],[-76.616849,39.324651],[-76.617021,39.324644],[-76.617134,39.32464],[-76.617134,39.324629],[-76.617132,39.324601],[-76.617133,39.324601],[-76.617134,39.3246],[-76.617135,39.3246],[-76.617136,39.324599],[-76.617136,39.324598],[-76.617137,39.324598],[-76.617138,39.324597],[-76.617138,39.324596],[-76.617139,39.324595],[-76.61714,39.324595],[-76.61714,39.324594],[-76.61714,39.324593],[-76.617141,39.324592],[-76.617141,39.324591],[-76.617141,39.32459],[-76.617141,39.324589],[-76.617141,39.324588],[-76.617141,39.324587],[-76.617141,39.324586],[-76.617141,39.324586],[-76.617141,39.324585],[-76.61714,39.324584],[-76.61714,39.324583],[-76.617139,39.324582],[-76.617139,39.324581],[-76.617138,39.32458],[-76.617138,39.32458],[-76.617137,39.324579],[-76.617136,39.324578],[-76.617135,39.324578],[-76.617134,39.324577],[-76.617133,39.324576],[-76.617133,39.324576],[-76.617131,39.324575],[-76.61713,39.324575],[-76.617129,39.324575],[-76.617128,39.324574],[-76.617127,39.324574],[-76.617126,39.324574],[-76.617125,39.324574],[-76.617124,39.324573],[-76.617122,39.324573],[-76.617121,39.324573],[-76.61712,39.324573],[-76.617119,39.324574],[-76.617118,39.324574],[-76.617117,39.324574],[-76.617115,39.324574],[-76.617114,39.324575],[-76.617113,39.324575],[-76.617112,39.324575],[-76.617111,39.324576],[-76.61711,39.324576],[-76.617109,39.324577],[-76.617108,39.324578],[-76.617108,39.324578],[-76.617107,39.324579],[-76.617106,39.32458],[-76.617106,39.324581],[-76.617105,39.324581],[-76.617104,39.324582],[-76.617104,39.324583],[-76.617056,39.324585],[-76.617055,39.324584],[-76.617055,39.324583],[-76.617054,39.324582],[-76.617054,39.324581],[-76.617053,39.324581],[-76.617052,39.32458],[-76.617051,39.324579],[-76.61705,39.324579],[-76.617049,39.324579],[-76.617047,39.324578],[-76.617046,39.324578],[-76.617045,39.324578],[-76.617001,39.32458]]],"crs":null},"id":203,"type":"Feature","properties":{"address":"3001 N Charles St","below_grade":"N","levels_above_ground":null,"created_user":"portaladmin","name_alias":null,"primary_use":"Multifamily","campus":"Homewood Off","image_url":"https://map.jhu.edu/Docs/Photos/BuildingPhotos/HomewoodCampus/3001NorthCharlesStreetBuilding.jpg","height_relative":null,"globalid":"{7A7376B1-C164-40A7-A13C-B447BA9C7556}","last_edited_user":"portaladmin","archibus_id":"0049","name_long":"3001 N Charles St","name":"3001 N Charles St","site_id":"Homewood Campus","facility_id":"0049","last_edited_date":1762290934000,"validationstatus":2,"created_date":1762290934000,"SHAPE__Length":212.1357362514148,"objectid":203,"SHAPE__Area":1779.8587201330784}},{"geometry":{"type":"Polygon","coordinates":[[[-76.617096,39.327743],[-76.617233,39.327738],[-76.617233,39.327741],[-76.617256,39.32774],[-76.617255,39.327737],[-76.617288,39.327735],[-76.617284,39.32768],[-76.617182,39.327684],[-76.617092,39.327687],[-76.617096,39.327743]]],"crs":null},"id":204,"type":"Feature","properties":{"address":"3213 N Charles St","below_grade":"N","levels_above_ground":null,"created_user":"portaladmin","name_alias":null,"primary_use":"Office","campus":"Homewood Off","image_url":"https://map.jhu.edu/Docs/Photos/BuildingPhotos/HomewoodCampus/AbelWolmanHouse.jpg","height_relative":null,"globalid":"{33C14440-FAD3-42CA-9DFE-0DA553D5060F}","last_edited_user":"portaladmin","archibus_id":"0067","name_long":"Abel Wolman House","name":"Abel Wolman House","site_id":"Homewood Campus","facility_id":"0067","last_edited_date":1762290934000,"validationstatus":2,"created_date":1762290934000,"SHAPE__Length":151.32009287514106,"objectid":204,"SHAPE__Area":1110.0136076193858}},{"geometry":{"type":"MultiPolygon","coordinates":[[[[-76.617069,39.326099],[-76.617068,39.326099],[-76.617069,39.326113],[-76.61707,39.326116],[-76.617229,39.32611],[-76.617227,39.326089],[-76.617224,39.326038],[-76.617218,39.326039],[-76.617216,39.326014],[-76.617176,39.326015],[-76.61717,39.326015],[-76.61717,39.326016],[-76.617156,39.326016],[-76.617156,39.326016],[-76.617109,39.326018],[-76.617111,39.326042],[-76.617092,39.326043],[-76.617092,39.326044],[-76.617065,39.326045],[-76.617068,39.326086],[-76.617068,39.326086],[-76.617069,39.326099]]],[[[-76.616791,39.326124],[-76.616789,39.326125],[-76.61679,39.326129],[-76.616867,39.326126],[-76.616867,39.326122],[-76.616862,39.326049],[-76.616784,39.326053],[-76.616785,39.326057],[-76.616786,39.326057],[-76.616789,39.326098],[-76.616787,39.326098],[-76.616788,39.326103],[-76.616789,39.326103],[-76.616791,39.326124]]]],"crs":null},"id":205,"type":"Feature","properties":{"address":"3103 N Charles St","below_grade":"N","levels_above_ground":null,"created_user":"portaladmin","name_alias":null,"primary_use":"Office","campus":"Homewood Off","image_url":"https://map.jhu.edu/Docs/Photos/BuildingPhotos/HomewoodCampus/3103NorthCharlesStreetBuilding.jpg","height_relative":null,"globalid":"{E692CA53-F64D-4E0F-81C5-ED01B4C5BAF9}","last_edited_user":"portaladmin","archibus_id":"0074","name_long":"3103 N Charles St","name":"3103 N Charles St","site_id":"Homewood Campus","facility_id":"0074","last_edited_date":1762290934000,"validationstatus":2,"created_date":1762290934000,"SHAPE__Length":261.8153740468741,"objectid":205,"SHAPE__Area":2055.127321962829}},{"geometry":{"type":"MultiPolygon","coordinates":[[[[-76.61708,39.326217],[-76.617078,39.326217],[-76.617079,39.326235],[-76.617238,39.326229],[-76.617237,39.32621],[-76.617233,39.326157],[-76.617227,39.326157],[-76.617227,39.326156],[-76.617226,39.326132],[-76.617119,39.326137],[-76.61712,39.326161],[-76.617101,39.326161],[-76.617101,39.326162],[-76.617074,39.326164],[-76.617077,39.326205],[-76.617079,39.326205],[-76.61708,39.326217]]],[[[-76.616801,39.326243],[-76.616799,39.326243],[-76.6168,39.326247],[-76.616877,39.326244],[-76.616873,39.326181],[-76.616873,39.326181],[-76.616872,39.326172],[-76.616872,39.326172],[-76.616872,39.326172],[-76.616872,39.326168],[-76.616794,39.326171],[-76.616795,39.326175],[-76.616796,39.326175],[-76.616799,39.326216],[-76.616798,39.326217],[-76.616798,39.326221],[-76.616799,39.326221],[-76.616801,39.326243]]]],"crs":null},"id":206,"type":"Feature","properties":{"address":"3105 N Charles St","below_grade":"N","levels_above_ground":null,"created_user":"portaladmin","name_alias":null,"primary_use":"Office","campus":"Homewood Off","image_url":"https://map.jhu.edu/Docs/Photos/BuildingPhotos/HomewoodCampus/3105NorthCharlesStreetBuilding.jpg","height_relative":null,"globalid":"{0B0FE9FC-B1A4-4B13-8D08-A8889D0F1FFA}","last_edited_user":"portaladmin","archibus_id":"0075","name_long":"3105 N Charles St","name":"3105 N Charles St","site_id":"Homewood Campus","facility_id":"0075","last_edited_date":1762290934000,"validationstatus":2,"created_date":1762290934000,"SHAPE__Length":263.2455713303462,"objectid":206,"SHAPE__Area":2053.959073853149}},{"geometry":{"type":"Polygon","coordinates":[[[-76.61724,39.326572],[-76.617237,39.326528],[-76.61724,39.326528],[-76.617238,39.326489],[-76.617174,39.326492],[-76.617173,39.326479],[-76.617172,39.326465],[-76.617092,39.326468],[-76.617093,39.326482],[-76.617002,39.326486],[-76.616999,39.326486],[-76.616999,39.326472],[-76.616995,39.326472],[-76.616996,39.326486],[-76.616823,39.326493],[-76.61683,39.326588],[-76.616839,39.326588],[-76.61685,39.326588],[-76.616947,39.326584],[-76.616957,39.326583],[-76.617139,39.326576],[-76.617139,39.326576],[-76.61724,39.326572]]],"crs":null},"id":207,"type":"Feature","properties":{"address":"3109 N Charles St","below_grade":"N","levels_above_ground":null,"created_user":"portaladmin","name_alias":null,"primary_use":"Office","campus":"Homewood Off","image_url":"https://map.jhu.edu/Docs/Photos/BuildingPhotos/HomewoodCampus/SmoklerCenterForJewishStudiesBuilding.JPG","height_relative":null,"globalid":"{95F168C0-8DB6-4F36-80A4-D79333A65D44}","last_edited_user":"portaladmin","archibus_id":"0079","name_long":"Smokler Center for Jewish Life","name":"Smokler Center for Jewish Life","site_id":"Homewood Campus","facility_id":"0079","last_edited_date":1762290934000,"validationstatus":2,"created_date":1762290934000,"SHAPE__Length":324.11485399768844,"objectid":207,"SHAPE__Area":4087.386621017698}},{"geometry":{"type":"Polygon","coordinates":[[[-76.616913,39.324729],[-76.616928,39.324729],[-76.616928,39.324728],[-76.616929,39.324728],[-76.616929,39.324729],[-76.616945,39.324728],[-76.616944,39.324727],[-76.616956,39.324727],[-76.616956,39.324726],[-76.61696,39.324726],[-76.61696,39.324726],[-76.616966,39.324726],[-76.616966,39.324725],[-76.616983,39.324725],[-76.616983,39.324725],[-76.616998,39.324725],[-76.616998,39.324724],[-76.61702,39.324723],[-76.61702,39.324722],[-76.617034,39.324722],[-76.617034,39.324723],[-76.617049,39.324722],[-76.617049,39.324723],[-76.617062,39.324722],[-76.617062,39.324722],[-76.617087,39.324721],[-76.617087,39.324722],[-76.617104,39.324721],[-76.617104,39.324722],[-76.61712,39.324721],[-76.61712,39.324721],[-76.61714,39.32472],[-76.617139,39.324702],[-76.61714,39.324702],[-76.617139,39.32469],[-76.617139,39.32469],[-76.617137,39.324669],[-76.617138,39.324669],[-76.617137,39.324657],[-76.617136,39.324657],[-76.617136,39.324642],[-76.617134,39.324642],[-76.617134,39.32464],[-76.617021,39.324644],[-76.617021,39.324647],[-76.617021,39.324647],[-76.617021,39.324658],[-76.617022,39.324658],[-76.617022,39.324658],[-76.617021,39.324658],[-76.61702,39.324657],[-76.617008,39.324658],[-76.617008,39.324658],[-76.616991,39.324659],[-76.616991,39.324658],[-76.616974,39.324659],[-76.616974,39.32466],[-76.61695,39.324661],[-76.61695,39.32466],[-76.616939,39.32466],[-76.616939,39.324661],[-76.616904,39.324662],[-76.616904,39.32466],[-76.616824,39.324663],[-76.616825,39.324671],[-76.616827,39.324671],[-76.616828,39.324681],[-76.616825,39.324681],[-76.616828,39.324716],[-76.616828,39.324717],[-76.616835,39.324717],[-76.616835,39.324716],[-76.616835,39.324712],[-76.616844,39.324712],[-76.616847,39.324712],[-76.616847,39.324717],[-76.616873,39.324716],[-76.616874,39.324722],[-76.61688,39.324721],[-76.61688,39.32472],[-76.616881,39.32472],[-76.616902,39.32472],[-76.616902,39.324729],[-76.616913,39.324729],[-76.616913,39.324729]]],"crs":null},"id":208,"type":"Feature","properties":{"address":"3003 North Charles Street","below_grade":"N","levels_above_ground":null,"created_user":"portaladmin","name_alias":null,"primary_use":"Residence Hall","campus":"Homewood Housing","image_url":"https://map.jhu.edu/Docs/Photos/BuildingPhotos/HomewoodCampus/3003NorthCharlesStreetBuilding.jpg","height_relative":null,"globalid":"{F8A6C47F-587A-4523-96CD-51663E811117}","last_edited_user":"portaladmin","archibus_id":"0080","name_long":"Homewood Apartments Annex","name":"Homewood Apartments Annex","site_id":"Homewood Campus","facility_id":"0080","last_edited_date":1762290934000,"validationstatus":2,"created_date":1762290934000,"SHAPE__Length":250.45104419391112,"objectid":208,"SHAPE__Area":2212.3079622259197}},{"geometry":{"type":"Polygon","coordinates":[[[-76.617905,39.323089],[-76.617898,39.322978],[-76.617535,39.322992],[-76.617542,39.323103],[-76.617588,39.323101],[-76.617588,39.323093],[-76.617646,39.323091],[-76.617646,39.323099],[-76.617905,39.323089]]],"crs":null},"id":209,"type":"Feature","properties":{"address":"2850 N Charles St","below_grade":"N","levels_above_ground":null,"created_user":"portaladmin","name_alias":null,"primary_use":"Office","campus":"Homewood Off","image_url":"https://map.jhu.edu/Docs/Photos/BuildingPhotos/HomewoodCampus/DellHouse.JPG","height_relative":null,"globalid":"{836D7C3B-4E8F-4754-B726-33A6E23C059C}","last_edited_user":"portaladmin","archibus_id":"0915","name_long":"Dell House","name":"Dell House","site_id":"Homewood Campus","facility_id":"0915","last_edited_date":1762290934000,"validationstatus":2,"created_date":1762290934000,"SHAPE__Length":292.8603267629597,"objectid":209,"SHAPE__Area":4116.521294631914}},{"geometry":{"type":"Polygon","coordinates":[[[-76.617482,39.322355],[-76.617482,39.322356],[-76.617482,39.322357],[-76.617481,39.322358],[-76.617481,39.322359],[-76.61748,39.32236],[-76.61748,39.32236],[-76.61748,39.322361],[-76.617479,39.322362],[-76.617479,39.322363],[-76.617479,39.322364],[-76.617478,39.322365],[-76.617478,39.322366],[-76.617478,39.322367],[-76.617477,39.322368],[-76.617477,39.322368],[-76.617477,39.322369],[-76.617477,39.32237],[-76.617476,39.322371],[-76.617476,39.322372],[-76.617476,39.322373],[-76.617476,39.322374],[-76.617476,39.322375],[-76.617475,39.322376],[-76.617475,39.322377],[-76.617475,39.322377],[-76.617475,39.322378],[-76.617475,39.322379],[-76.617475,39.32238],[-76.617475,39.322381],[-76.617475,39.322382],[-76.617474,39.322383],[-76.617474,39.322384],[-76.617474,39.322385],[-76.617474,39.322386],[-76.617474,39.322387],[-76.617474,39.322388],[-76.617474,39.322388],[-76.617474,39.322389],[-76.617474,39.32239],[-76.617474,39.322391],[-76.617474,39.322392],[-76.617474,39.322393],[-76.617474,39.322394],[-76.617475,39.322395],[-76.617475,39.322396],[-76.617475,39.322397],[-76.617475,39.322398],[-76.617475,39.322399],[-76.617475,39.3224],[-76.617475,39.3224],[-76.617475,39.322401],[-76.617476,39.322402],[-76.617476,39.322403],[-76.617476,39.322404],[-76.617476,39.322405],[-76.617477,39.322406],[-76.617477,39.322407],[-76.617477,39.322408],[-76.617477,39.322409],[-76.617478,39.322409],[-76.617478,39.32241],[-76.617478,39.322411],[-76.617479,39.322412],[-76.617479,39.322413],[-76.617479,39.322414],[-76.61748,39.322415],[-76.61748,39.322416],[-76.61748,39.322417],[-76.617481,39.322417],[-76.617481,39.322418],[-76.617482,39.322419],[-76.617482,39.32242],[-76.617482,39.322421],[-76.617483,39.322422],[-76.617483,39.322423],[-76.617484,39.322423],[-76.617484,39.322424],[-76.617485,39.322425],[-76.617485,39.322426],[-76.617486,39.322427],[-76.617486,39.322428],[-76.617487,39.322428],[-76.617487,39.322429],[-76.617488,39.322445],[-76.6175,39.322445],[-76.6175,39.322444],[-76.617896,39.322428],[-76.617896,39.322422],[-76.617895,39.322422],[-76.61789,39.322346],[-76.617914,39.322345],[-76.61791,39.322285],[-76.617898,39.322103],[-76.617874,39.322104],[-76.617869,39.322029],[-76.61787,39.322029],[-76.617869,39.322022],[-76.617751,39.322027],[-76.61775,39.322025],[-76.617616,39.32203],[-76.617616,39.322032],[-76.617473,39.322038],[-76.617473,39.322037],[-76.617461,39.322038],[-76.617462,39.322054],[-76.617462,39.322055],[-76.617462,39.322055],[-76.617461,39.322056],[-76.617461,39.322057],[-76.61746,39.322058],[-76.61746,39.322059],[-76.61746,39.32206],[-76.617459,39.322061],[-76.617459,39.322062],[-76.617459,39.322062],[-76.617458,39.322063],[-76.617458,39.322064],[-76.617458,39.322065],[-76.617457,39.322066],[-76.617457,39.322067],[-76.617457,39.322068],[-76.617457,39.322069],[-76.617456,39.32207],[-76.617456,39.32207],[-76.617456,39.322071],[-76.617456,39.322072],[-76.617455,39.322073],[-76.617455,39.322074],[-76.617455,39.322075],[-76.617455,39.322076],[-76.617455,39.322077],[-76.617455,39.322078],[-76.617455,39.322079],[-76.617455,39.32208],[-76.617454,39.322081],[-76.617454,39.322081],[-76.617454,39.322082],[-76.617454,39.322083],[-76.617454,39.322084],[-76.617454,39.322085],[-76.617454,39.322086],[-76.617454,39.322087],[-76.617454,39.322088],[-76.617454,39.322089],[-76.617454,39.32209],[-76.617454,39.322091],[-76.617454,39.322092],[-76.617454,39.322092],[-76.617454,39.322093],[-76.617455,39.322094],[-76.617455,39.322095],[-76.617455,39.322096],[-76.617455,39.322097],[-76.617455,39.322098],[-76.617455,39.322099],[-76.617455,39.3221],[-76.617456,39.322101],[-76.617456,39.322102],[-76.617456,39.322103],[-76.617456,39.322103],[-76.617456,39.322104],[-76.617457,39.322105],[-76.617457,39.322106],[-76.617457,39.322107],[-76.617458,39.322108],[-76.617458,39.322109],[-76.617458,39.32211],[-76.617458,39.322111],[-76.617459,39.322111],[-76.617459,39.322112],[-76.61746,39.322113],[-76.61746,39.322114],[-76.61746,39.322115],[-76.617461,39.322116],[-76.617461,39.322117],[-76.617461,39.322118],[-76.617462,39.322118],[-76.617462,39.322119],[-76.617463,39.32212],[-76.617463,39.322121],[-76.617464,39.322122],[-76.617464,39.322123],[-76.617465,39.322124],[-76.617465,39.322124],[-76.617466,39.322125],[-76.617466,39.322126],[-76.617467,39.322127],[-76.617467,39.322128],[-76.617468,39.322144],[-76.61749,39.322143],[-76.617491,39.322166],[-76.617472,39.322167],[-76.617473,39.322178],[-76.617471,39.322178],[-76.617473,39.322217],[-76.617474,39.322217],[-76.617478,39.322266],[-76.617477,39.322266],[-76.617479,39.322305],[-76.617481,39.322305],[-76.617482,39.322316],[-76.617501,39.322315],[-76.617503,39.322338],[-76.617481,39.322339],[-76.617482,39.322355]],[[-76.617779,39.322286],[-76.617779,39.322287],[-76.617682,39.322291],[-76.617679,39.322247],[-76.617707,39.322246],[-76.617705,39.322218],[-76.617677,39.322219],[-76.617674,39.322176],[-76.61774,39.322173],[-76.617742,39.322195],[-76.617773,39.322194],[-76.617779,39.322286]]],"crs":null},"id":210,"type":"Feature","properties":{"address":"2800 N Charles St","below_grade":"N","levels_above_ground":null,"created_user":"portaladmin","name_alias":null,"primary_use":"Office","campus":"Homewood Off","image_url":"https://map.jhu.edu/Docs/Photos/BuildingPhotos/HomewoodCampus/EducationBuilding.jpg","height_relative":null,"globalid":"{60326EFC-A450-4AB4-8C74-77E4868B0186}","last_edited_user":"portaladmin","archibus_id":"0085","name_long":"School of Education","name":"School of Education","site_id":"Homewood Campus","facility_id":"0085","last_edited_date":1764967326603,"validationstatus":2,"created_date":1762290934000,"SHAPE__Length":724.1462189478705,"objectid":210,"SHAPE__Area":16680.19413975506}},{"geometry":{"type":"Polygon","coordinates":[[[-76.618056,39.326572],[-76.618054,39.326538],[-76.618059,39.326538],[-76.618056,39.326493],[-76.618023,39.326495],[-76.618022,39.326491],[-76.618005,39.326491],[-76.617988,39.326492],[-76.617988,39.326496],[-76.617955,39.326497],[-76.617958,39.326542],[-76.617963,39.326542],[-76.617965,39.326575],[-76.618056,39.326572]]],"crs":null},"id":211,"type":"Feature","properties":{"address":"3400 North Charles Street","below_grade":"N","levels_above_ground":null,"created_user":"portaladmin","name_alias":"Gate House","primary_use":"Office","campus":"Homewood","image_url":"https://map.jhu.edu/Docs/Photos/BuildingPhotos/HomewoodCampus/GateHouse.JPG","height_relative":null,"globalid":"{3462C111-B5EA-40F7-8F3E-CDDFC7FDA88F}","last_edited_user":"portaladmin","archibus_id":"0044","name_long":"Gatehouse News-Letter Office","name":"Gatehouse News-Letter Office","site_id":"Homewood Campus","facility_id":"0044","last_edited_date":1764967296632,"validationstatus":2,"created_date":1762290934000,"SHAPE__Length":117.33332143627598,"objectid":211,"SHAPE__Area":795.7038648668648}},{"geometry":{"type":"Polygon","coordinates":[[[-76.616852,39.325712],[-76.616871,39.325711],[-76.61687,39.32571],[-76.616892,39.325709],[-76.616892,39.325711],[-76.616911,39.32571],[-76.616909,39.325679],[-76.617024,39.325675],[-76.617024,39.325674],[-76.617046,39.325673],[-76.617046,39.325674],[-76.617066,39.325673],[-76.617066,39.325673],[-76.617088,39.325672],[-76.617088,39.325672],[-76.6171,39.325672],[-76.617101,39.32569],[-76.617189,39.325686],[-76.617186,39.325643],[-76.617186,39.325643],[-76.617184,39.325626],[-76.617185,39.325626],[-76.617183,39.325588],[-76.617182,39.325588],[-76.617181,39.325571],[-76.617182,39.325571],[-76.617179,39.325524],[-76.617091,39.325527],[-76.617092,39.325545],[-76.616941,39.325551],[-76.616928,39.325344],[-76.617079,39.325338],[-76.61708,39.325356],[-76.617168,39.325353],[-76.617158,39.325196],[-76.61707,39.325199],[-76.617071,39.325217],[-76.616899,39.325224],[-76.616898,39.325223],[-76.616899,39.325223],[-76.616898,39.325207],[-76.616897,39.325207],[-76.616897,39.325206],[-76.616935,39.325204],[-76.616932,39.325156],[-76.616931,39.325156],[-76.616927,39.325095],[-76.616923,39.325034],[-76.616892,39.325035],[-76.61689,39.325005],[-76.617063,39.324999],[-76.617065,39.325026],[-76.617158,39.325023],[-76.617147,39.324863],[-76.617053,39.324866],[-76.617055,39.324893],[-76.616886,39.3249],[-76.61688,39.324811],[-76.616887,39.324811],[-76.616884,39.324769],[-76.616883,39.324769],[-76.616883,39.324768],[-76.616882,39.324768],[-76.616882,39.324766],[-76.616881,39.324766],[-76.616881,39.324761],[-76.61688,39.324747],[-76.616881,39.324747],[-76.616881,39.324746],[-76.616882,39.324746],[-76.616881,39.324744],[-76.616882,39.324744],[-76.616881,39.32472],[-76.61688,39.32471],[-76.616844,39.324711],[-76.616844,39.324712],[-76.616844,39.324715],[-76.616835,39.324716],[-76.616828,39.324716],[-76.616827,39.324716],[-76.616826,39.324712],[-76.616793,39.324713],[-76.616792,39.3247],[-76.61669,39.324703],[-76.61669,39.324708],[-76.616691,39.324708],[-76.616696,39.324792],[-76.616743,39.32479],[-76.616743,39.324792],[-76.616746,39.324792],[-76.616749,39.324841],[-76.616731,39.324841],[-76.616732,39.324856],[-76.61675,39.324856],[-76.616759,39.324999],[-76.616747,39.325009],[-76.616711,39.32501],[-76.616715,39.325073],[-76.616733,39.325072],[-76.616733,39.325072],[-76.616752,39.325071],[-76.616752,39.325071],[-76.61676,39.325071],[-76.616761,39.325073],[-76.616767,39.325073],[-76.616771,39.325141],[-76.616731,39.325142],[-76.616736,39.325216],[-76.616748,39.325216],[-76.616752,39.325278],[-76.616773,39.325277],[-76.616782,39.325424],[-76.616766,39.325424],[-76.61678,39.325638],[-76.616773,39.325638],[-76.616761,39.325649],[-76.616762,39.325673],[-76.616776,39.325683],[-76.616781,39.325683],[-76.616781,39.325684],[-76.61685,39.325682],[-76.616852,39.325712]]],"crs":null},"id":212,"type":"Feature","properties":{"address":"3003 North Charles Street","below_grade":"N","levels_above_ground":null,"created_user":"portaladmin","name_alias":null,"primary_use":"Residence Hall","campus":"Homewood Housing","image_url":"https://map.jhu.edu/Docs/Photos/BuildingPhotos/HomewoodCampus/HomewoodApartments.jpg","height_relative":null,"globalid":"{CD2C43E7-1D58-4F34-BEC5-589DBE967AB9}","last_edited_user":"portaladmin","archibus_id":"0047","name_long":"Homewood Apartments","name":"Homewood Apartments","site_id":"Homewood Campus","facility_id":"0047","last_edited_date":1762290934000,"validationstatus":2,"created_date":1762290934000,"SHAPE__Length":1470.1985569889457,"objectid":212,"SHAPE__Area":26808.18620754638}},{"geometry":{"type":"Polygon","coordinates":[[[-76.616886,39.327947],[-76.617284,39.327931],[-76.617322,39.32793],[-76.617345,39.327929],[-76.617341,39.327865],[-76.617341,39.327856],[-76.61734,39.327848],[-76.617336,39.327784],[-76.617324,39.327784],[-76.617312,39.327785],[-76.617298,39.327785],[-76.617286,39.327786],[-76.617283,39.327786],[-76.617271,39.327786],[-76.617241,39.327787],[-76.617229,39.327788],[-76.617227,39.327788],[-76.617215,39.327788],[-76.617199,39.327789],[-76.617187,39.32779],[-76.617185,39.32779],[-76.617173,39.32779],[-76.617156,39.327791],[-76.617145,39.327791],[-76.617142,39.327791],[-76.617131,39.327792],[-76.617114,39.327792],[-76.617102,39.327793],[-76.617086,39.327794],[-76.617074,39.327794],[-76.617072,39.327794],[-76.61706,39.327795],[-76.617043,39.327795],[-76.617032,39.327796],[-76.617029,39.327796],[-76.617018,39.327796],[-76.616999,39.327797],[-76.616987,39.327797],[-76.616985,39.327797],[-76.616973,39.327798],[-76.616966,39.327798],[-76.616957,39.327799],[-76.616942,39.327799],[-76.616931,39.3278],[-76.616905,39.327801],[-76.616893,39.327801],[-76.616877,39.327802],[-76.616878,39.327825],[-76.616879,39.327835],[-76.616882,39.327882],[-76.616882,39.327889],[-76.616884,39.327914],[-76.616885,39.327924],[-76.616886,39.327947]]],"crs":null},"id":213,"type":"Feature","properties":{"address":"3215 N Charles St","below_grade":"N","levels_above_ground":null,"created_user":"portaladmin","name_alias":null,"primary_use":"Residence Hall","campus":"Homewood Off","image_url":"https://map.jhu.edu/Docs/Photos/BuildingPhotos/HomewoodCampus/THeBlackstoneApartments.jpg","height_relative":null,"globalid":"{16CF8FC3-58E4-448F-AA4C-EE19F48AC555}","last_edited_user":"portaladmin","archibus_id":"0002","name_long":"The Study","name":"The Study","site_id":"Homewood Campus","facility_id":"0002","last_edited_date":1762290934000,"validationstatus":2,"created_date":1762290934000,"SHAPE__Length":366.19383151869584,"objectid":213,"SHAPE__Area":6895.247527793332}},{"geometry":{"type":"MultiPolygon","coordinates":[[[[-76.617448,39.33127],[-76.617589,39.331265],[-76.617586,39.331214],[-76.617583,39.331214],[-76.617583,39.331201],[-76.617582,39.331198],[-76.617585,39.331198],[-76.617582,39.331146],[-76.61755,39.331148],[-76.61755,39.331143],[-76.617547,39.331143],[-76.617546,39.331125],[-76.617549,39.331125],[-76.617548,39.331117],[-76.617374,39.331124],[-76.617377,39.33117],[-76.617418,39.331169],[-76.617418,39.331175],[-76.617329,39.331179],[-76.617332,39.331228],[-76.617335,39.331228],[-76.617335,39.331239],[-76.617333,39.331239],[-76.617333,39.331251],[-76.617447,39.331247],[-76.617448,39.33127]]],[[[-76.617101,39.331267],[-76.6171,39.331267],[-76.617105,39.331328],[-76.61719,39.331324],[-76.617185,39.331263],[-76.617184,39.331263],[-76.617177,39.33118],[-76.617095,39.331184],[-76.617099,39.331234],[-76.617101,39.331234],[-76.617102,39.331253],[-76.617104,39.331253],[-76.617105,39.331261],[-76.617101,39.331261],[-76.617101,39.331267]]]],"crs":null},"id":214,"type":"Feature","properties":{"address":"3505 N Charles St","below_grade":"N","levels_above_ground":null,"created_user":"portaladmin","name_alias":null,"primary_use":"Office","campus":"Homewood Off","image_url":"https://map.jhu.edu/Docs/Photos/BuildingPhotos/HomewoodCampus/3505NCharlesStreetBuilding.jpg","height_relative":null,"globalid":"{DCC683CE-9CD6-4394-8E82-961AE8ADDD1F}","last_edited_user":"portaladmin","archibus_id":"0035","name_long":"3505 N Charles St","name":"3505 N Charles St","site_id":"Homewood Campus","facility_id":"0035","last_edited_date":1762290934000,"validationstatus":2,"created_date":1762290934000,"SHAPE__Length":435.6942683830821,"objectid":214,"SHAPE__Area":4475.923442036252}},{"geometry":{"type":"Polygon","coordinates":[[[-76.616823,39.331192],[-76.616819,39.331116],[-76.616695,39.33112],[-76.616693,39.331093],[-76.616662,39.331094],[-76.616663,39.331121],[-76.616571,39.331125],[-76.616576,39.331202],[-76.616823,39.331192]]],"crs":null},"id":215,"type":"Feature","properties":{"address":"3506 E Greenway Rd","below_grade":"N","levels_above_ground":null,"created_user":"portaladmin","name_alias":null,"primary_use":"Residence Hall","campus":"Homewood Housing","image_url":"https://map.jhu.edu/Docs/Photos/BuildingPhotos/HomewoodCampus/RogersHouse.jpg","height_relative":null,"globalid":"{453D9EBA-7498-407B-AC70-CCED3189A7CB}","last_edited_user":"portaladmin","archibus_id":"0036","name_long":"Rogers House","name":"Rogers House","site_id":"Homewood Campus","facility_id":"0036","last_edited_date":1762290934000,"validationstatus":2,"created_date":1762290934000,"SHAPE__Length":215.99508220117193,"objectid":215,"SHAPE__Area":2049.675216801089}},{"geometry":{"type":"Polygon","coordinates":[[[-76.617216,39.331776],[-76.617222,39.331879],[-76.617275,39.331916],[-76.617281,39.331916],[-76.617281,39.331917],[-76.617285,39.331917],[-76.617285,39.331918],[-76.617286,39.331918],[-76.617287,39.331926],[-76.617285,39.331927],[-76.617285,39.331927],[-76.617286,39.331927],[-76.617286,39.331929],[-76.617282,39.331929],[-76.617282,39.331932],[-76.617306,39.331931],[-76.617307,39.331945],[-76.617624,39.331933],[-76.617622,39.331903],[-76.617626,39.331903],[-76.617626,39.331897],[-76.61762,39.331897],[-76.61762,39.331894],[-76.617616,39.331894],[-76.617616,39.331893],[-76.617617,39.331893],[-76.617617,39.33189],[-76.617614,39.33189],[-76.617613,39.331875],[-76.617616,39.331875],[-76.617616,39.331872],[-76.617615,39.331872],[-76.617615,39.331871],[-76.617618,39.331871],[-76.617618,39.331868],[-76.61762,39.331868],[-76.617619,39.331862],[-76.617618,39.331862],[-76.617617,39.331859],[-76.617614,39.331859],[-76.617614,39.331857],[-76.617615,39.331857],[-76.617615,39.331854],[-76.617612,39.331855],[-76.617611,39.33184],[-76.617614,39.33184],[-76.617614,39.331837],[-76.617613,39.331837],[-76.617613,39.331836],[-76.617616,39.331836],[-76.617616,39.331833],[-76.617618,39.331833],[-76.617617,39.331827],[-76.617616,39.331827],[-76.617615,39.331824],[-76.617612,39.331824],[-76.617612,39.331822],[-76.617613,39.331822],[-76.617612,39.331819],[-76.61761,39.33182],[-76.617609,39.331805],[-76.617612,39.331805],[-76.617611,39.331802],[-76.61761,39.331802],[-76.61761,39.331801],[-76.617614,39.3318],[-76.617614,39.331798],[-76.61762,39.331797],[-76.617619,39.331791],[-76.617615,39.331791],[-76.617613,39.331761],[-76.617216,39.331776]]],"crs":null},"id":216,"type":"Feature","properties":{"address":"3509 N Charles St","below_grade":"N","levels_above_ground":null,"created_user":"portaladmin","name_alias":null,"primary_use":"Instruction","campus":"Homewood Off","image_url":"https://map.jhu.edu/Docs/Photos/BuildingPhotos/HomewoodCampus/InterfaithBuilding.jpg","height_relative":null,"globalid":"{1872D72F-C88E-4559-A64C-227BD617E941}","last_edited_user":"portaladmin","archibus_id":"0068","name_long":"Interfaith Community Center","name":"Interfaith Community Center","site_id":"Homewood Campus","facility_id":"0068","last_edited_date":1762290934000,"validationstatus":2,"created_date":1762290934000,"SHAPE__Length":364.9926216527475,"objectid":216,"SHAPE__Area":6722.494247409959}},{"geometry":{"type":"Polygon","coordinates":[[[-76.624978,39.331273],[-76.625014,39.331272],[-76.625013,39.331255],[-76.625076,39.331253],[-76.625078,39.331253],[-76.625086,39.331253],[-76.625084,39.331222],[-76.625093,39.331222],[-76.625091,39.331197],[-76.625082,39.331197],[-76.625077,39.33111],[-76.625085,39.331109],[-76.625084,39.331085],[-76.625075,39.331085],[-76.625071,39.331024],[-76.62508,39.331024],[-76.625077,39.330975],[-76.625261,39.330968],[-76.625262,39.33098],[-76.625294,39.330979],[-76.625293,39.330972],[-76.625406,39.330967],[-76.625407,39.330974],[-76.625439,39.330973],[-76.625438,39.330966],[-76.625479,39.330964],[-76.625478,39.330953],[-76.625498,39.330952],[-76.625499,39.330964],[-76.62553,39.330962],[-76.62553,39.330951],[-76.62553,39.330951],[-76.625528,39.330914],[-76.625527,39.330914],[-76.625527,39.330906],[-76.625535,39.330905],[-76.625533,39.330877],[-76.625512,39.330878],[-76.625509,39.330829],[-76.625509,39.330828],[-76.625509,39.330821],[-76.6255,39.330822],[-76.6255,39.330815],[-76.625482,39.330815],[-76.625468,39.330816],[-76.625468,39.330823],[-76.625325,39.330828],[-76.625324,39.330822],[-76.625292,39.330823],[-76.625293,39.33083],[-76.625212,39.330833],[-76.625211,39.330826],[-76.625148,39.330828],[-76.625148,39.330835],[-76.625031,39.33084],[-76.625031,39.330854],[-76.62496,39.330857],[-76.624956,39.330787],[-76.624896,39.330789],[-76.624898,39.330782],[-76.624801,39.330766],[-76.624805,39.330761],[-76.624764,39.330745],[-76.6247,39.330841],[-76.624765,39.330867],[-76.624761,39.330884],[-76.624503,39.330893],[-76.624507,39.330961],[-76.624567,39.330959],[-76.624568,39.330961],[-76.624568,39.330975],[-76.624571,39.331009],[-76.624571,39.331013],[-76.624571,39.331018],[-76.624564,39.331018],[-76.624566,39.331051],[-76.624592,39.33105],[-76.624595,39.331105],[-76.624634,39.331103],[-76.624635,39.33111],[-76.624667,39.331109],[-76.624666,39.331102],[-76.624779,39.331098],[-76.624779,39.331104],[-76.624811,39.331103],[-76.624811,39.331096],[-76.624894,39.331093],[-76.624899,39.331173],[-76.624891,39.331173],[-76.624894,39.33123],[-76.624909,39.331229],[-76.62491,39.331245],[-76.624895,39.331245],[-76.624897,39.33127],[-76.624912,39.331269],[-76.624912,39.33127],[-76.624966,39.331267],[-76.624966,39.331267],[-76.624977,39.331267],[-76.624978,39.331273]]],"crs":null},"id":217,"type":"Feature","properties":{"address":"3520 San Martin Dr","below_grade":"N","levels_above_ground":null,"created_user":"portaladmin","name_alias":"Carnegie Institute","primary_use":"Research","campus":"Homewood","image_url":"https://map.jhu.edu/Docs/Photos/BuildingPhotos/HomewoodCampus/CarnegieInstituteBuilding.jpg","height_relative":null,"globalid":"{6AF1378C-2F76-494C-946D-0893233B964F}","last_edited_user":"skline20@jh.edu","archibus_id":"0803","name_long":"Maxine F. Singer Building","name":"Maxine F. Singer Building","site_id":"Homewood Campus","facility_id":"0803","last_edited_date":1783526770268,"validationstatus":2,"created_date":1762290934000,"SHAPE__Length":1061.936423033284,"objectid":217,"SHAPE__Area":24293.914431744088}},{"geometry":{"type":"Polygon","coordinates":[[[-76.622694,39.324949],[-76.622615,39.324847],[-76.622634,39.324838],[-76.622688,39.324814],[-76.622713,39.324851],[-76.622765,39.324826],[-76.622748,39.324804],[-76.622737,39.32479],[-76.622795,39.324762],[-76.622743,39.324695],[-76.622637,39.324745],[-76.622635,39.324743],[-76.62251,39.324802],[-76.622512,39.324804],[-76.622486,39.324816],[-76.62247,39.324795],[-76.622429,39.324815],[-76.622445,39.324835],[-76.622406,39.324854],[-76.622472,39.324938],[-76.622475,39.324937],[-76.622623,39.325127],[-76.622618,39.32513],[-76.622659,39.325183],[-76.622743,39.32529],[-76.622749,39.325288],[-76.622896,39.325476],[-76.622893,39.325478],[-76.622897,39.325482],[-76.62296,39.325563],[-76.623066,39.325513],[-76.623067,39.325515],[-76.623192,39.325456],[-76.623191,39.325454],[-76.623297,39.325404],[-76.623244,39.325337],[-76.623184,39.325365],[-76.623173,39.325351],[-76.623155,39.325328],[-76.623096,39.325357],[-76.623114,39.325379],[-76.623115,39.325379],[-76.623126,39.325392],[-76.623064,39.325422],[-76.622981,39.325316],[-76.622969,39.325322],[-76.622958,39.325308],[-76.623051,39.325264],[-76.622998,39.325195],[-76.622947,39.325219],[-76.622933,39.325202],[-76.622964,39.325187],[-76.622946,39.325165],[-76.62325,39.325022],[-76.623305,39.325092],[-76.623446,39.325025],[-76.623385,39.324946],[-76.623387,39.324945],[-76.623334,39.324877],[-76.623308,39.324844],[-76.623306,39.324845],[-76.623246,39.324769],[-76.623105,39.324836],[-76.623114,39.324847],[-76.623102,39.324852],[-76.623133,39.324892],[-76.623073,39.32492],[-76.62306,39.324904],[-76.62308,39.324895],[-76.623047,39.324853],[-76.622982,39.324884],[-76.623013,39.324924],[-76.622976,39.324942],[-76.622994,39.324964],[-76.622996,39.324963],[-76.623005,39.324975],[-76.622794,39.325074],[-76.622779,39.325055],[-76.622747,39.325015],[-76.622715,39.324975],[-76.622694,39.324949]]],"crs":null},"id":218,"type":"Feature","properties":{"address":"3100 Wyman Park Dr","below_grade":"N","levels_above_ground":null,"created_user":"portaladmin","name_alias":null,"primary_use":"Office","campus":"Homewood","image_url":"https://map.jhu.edu/Docs/Photos/BuildingPhotos/HomewoodCampus/WymanBuilding1.jpg","height_relative":null,"globalid":"{6CA3DCE7-6CF5-4639-86C7-6ED46B571365}","last_edited_user":"portaladmin","archibus_id":"0969","name_long":"Wyman Building 1","name":"Wyman Building 1","site_id":"Homewood Campus","facility_id":"0969","last_edited_date":1762290934000,"validationstatus":2,"created_date":1762290934000,"SHAPE__Length":1594.8502058465886,"objectid":218,"SHAPE__Area":33030.26606007359}},{"geometry":{"type":"MultiPolygon","coordinates":[[[[-76.619088,39.332027],[-76.619128,39.331986],[-76.619347,39.331969],[-76.61942,39.332015],[-76.619428,39.332008],[-76.619429,39.332007],[-76.619432,39.332004],[-76.619435,39.332001],[-76.619439,39.331997],[-76.619441,39.331996],[-76.619443,39.331993],[-76.619456,39.331982],[-76.619412,39.331954],[-76.619369,39.331926],[-76.619326,39.331929],[-76.619325,39.331922],[-76.619325,39.331917],[-76.619281,39.331921],[-76.619281,39.331921],[-76.619283,39.331935],[-76.619284,39.331946],[-76.619285,39.331956],[-76.619284,39.331956],[-76.619192,39.331963],[-76.619192,39.331962],[-76.619191,39.331952],[-76.619189,39.331942],[-76.619189,39.331939],[-76.619163,39.331941],[-76.619103,39.331945],[-76.619057,39.331988],[-76.619047,39.331997],[-76.619045,39.331999],[-76.619042,39.332002],[-76.619052,39.332008],[-76.619053,39.332008],[-76.619058,39.332011],[-76.61906,39.332012],[-76.619082,39.332025],[-76.619083,39.332024],[-76.619088,39.332027]]],[[[-76.619442,39.332029],[-76.619568,39.332111],[-76.619599,39.332083],[-76.619473,39.332001],[-76.619442,39.332029]]],[[[-76.61887,39.332154],[-76.618905,39.332175],[-76.619027,39.332055],[-76.618992,39.332034],[-76.61887,39.332154]]],[[[-76.618664,39.332147],[-76.618809,39.332239],[-76.618864,39.332187],[-76.618719,39.332096],[-76.618664,39.332147]]]],"crs":null},"id":221,"type":"Feature","properties":{"address":"3400 N Charles St","below_grade":"N","levels_above_ground":null,"created_user":"portaladmin","name_alias":null,"primary_use":"Recreation","campus":"Homewood","image_url":"https://map.jhu.edu/Docs/Photos/BuildingPhotos/HomewoodCampus/BaseballBleachers.Jpg","height_relative":null,"globalid":"{A969B742-2298-43B8-8B88-8C98C758EE49}","last_edited_user":"portaladmin","archibus_id":"0055","name_long":"Babb Field at Stromberg Stadium","name":"Babb Field at Stromberg Stadium","site_id":"Homewood Campus","facility_id":"0055","last_edited_date":1762290934000,"validationstatus":2,"created_date":1762290934000,"SHAPE__Length":711.5726031939106,"objectid":221,"SHAPE__Area":4295.614837926751}},{"geometry":{"type":"MultiPolygon","coordinates":[[[[-76.617191,39.327113],[-76.6173,39.32711],[-76.617299,39.327092],[-76.617324,39.327091],[-76.61732,39.32702],[-76.617054,39.327029],[-76.617051,39.326986],[-76.616977,39.326988],[-76.616977,39.326994],[-76.616948,39.326995],[-76.616953,39.327072],[-76.616983,39.327071],[-76.616985,39.327102],[-76.61719,39.327095],[-76.617191,39.327113]]],[[[-76.616828,39.326987],[-76.616831,39.327066],[-76.616917,39.327064],[-76.616914,39.326985],[-76.616828,39.326987]]]],"crs":null},"id":222,"type":"Feature","properties":{"address":"3201 N Charles St","below_grade":"N","levels_above_ground":null,"created_user":"portaladmin","name_alias":null,"primary_use":"Multifamily","campus":"Homewood Off","image_url":null,"height_relative":null,"globalid":"{8A81B802-329F-41A0-8301-570DD4DE7DA1}","last_edited_user":"portaladmin","archibus_id":"0744","name_long":"3201 N Charles St","name":"3201 N Charles St","site_id":"Homewood Campus","facility_id":"0744","last_edited_date":1762290934000,"validationstatus":2,"created_date":1762290934000,"SHAPE__Length":411.53562195197696,"objectid":222,"SHAPE__Area":3943.488818635059}},{"geometry":{"type":"MultiPolygon","coordinates":[[[[-76.624095,39.330748],[-76.624095,39.330749],[-76.624105,39.330745],[-76.624184,39.330719],[-76.624189,39.330717],[-76.624197,39.330714],[-76.624272,39.330689],[-76.624277,39.330687],[-76.624285,39.330685],[-76.624364,39.330658],[-76.624367,39.330657],[-76.624375,39.330654],[-76.624454,39.330628],[-76.624457,39.330627],[-76.624465,39.330624],[-76.624544,39.330597],[-76.624549,39.330595],[-76.624555,39.330594],[-76.624634,39.330567],[-76.624644,39.330564],[-76.624622,39.330525],[-76.624684,39.330504],[-76.62468,39.330497],[-76.624645,39.330435],[-76.624642,39.330431],[-76.62464,39.330426],[-76.6246,39.330354],[-76.624597,39.33035],[-76.624595,39.330346],[-76.624556,39.330276],[-76.624494,39.330297],[-76.624473,39.330259],[-76.624463,39.330262],[-76.624384,39.330289],[-76.624294,39.330319],[-76.624289,39.330321],[-76.624283,39.330323],[-76.624204,39.330349],[-76.624199,39.330351],[-76.624193,39.330353],[-76.624109,39.330381],[-76.624019,39.330412],[-76.623934,39.33044],[-76.623924,39.330444],[-76.623925,39.330444],[-76.623946,39.330482],[-76.623884,39.330503],[-76.623926,39.330577],[-76.623971,39.330657],[-76.624012,39.330731],[-76.624074,39.33071],[-76.624095,39.330748]]],[[[-76.623555,39.33069],[-76.623582,39.330675],[-76.623587,39.330672],[-76.623602,39.330688],[-76.62361,39.330683],[-76.623524,39.330588],[-76.623516,39.330592],[-76.623515,39.330592],[-76.62352,39.330597],[-76.623487,39.330615],[-76.623555,39.33069]]]],"crs":null},"id":223,"type":"Feature","properties":{"address":"3400 North Charles Street","below_grade":"N","levels_above_ground":null,"created_user":"portaladmin","name_alias":null,"primary_use":"Administration","campus":"Homewood","image_url":"https://map.jhu.edu/Docs/Photos/BuildingPhotos/HomewoodCampus/SanMartinCenter(BuildingandGarage).JPG","height_relative":null,"globalid":"{E399C28A-0613-4191-8D71-B54508EEEBE5}","last_edited_user":"portaladmin","archibus_id":"0084","name_long":"San Martin Center","name":"San Martin Center","site_id":"Homewood Campus","facility_id":"0084","last_edited_date":1762290934000,"validationstatus":2,"created_date":1762290934000,"SHAPE__Length":770.3653500636585,"objectid":223,"SHAPE__Area":24441.935055488706}},{"geometry":{"type":"Polygon","coordinates":[[[-76.623747,39.330865],[-76.624095,39.330748],[-76.624095,39.330749],[-76.624105,39.330745],[-76.624105,39.330746],[-76.624184,39.330719],[-76.624184,39.330719],[-76.624189,39.330717],[-76.624197,39.330714],[-76.624208,39.330735],[-76.624245,39.330722],[-76.624283,39.330709],[-76.624272,39.330689],[-76.624277,39.330687],[-76.624285,39.330685],[-76.624285,39.330685],[-76.624364,39.330658],[-76.624364,39.330658],[-76.624367,39.330657],[-76.624375,39.330654],[-76.624375,39.330655],[-76.624454,39.330628],[-76.624454,39.330628],[-76.624457,39.330627],[-76.624465,39.330624],[-76.624465,39.330624],[-76.624544,39.330598],[-76.624544,39.330597],[-76.624549,39.330595],[-76.624555,39.330594],[-76.624555,39.330594],[-76.624634,39.330567],[-76.624634,39.330567],[-76.624644,39.330564],[-76.624622,39.330525],[-76.624684,39.330504],[-76.62468,39.330497],[-76.62468,39.330497],[-76.624645,39.330435],[-76.624645,39.330435],[-76.624642,39.330431],[-76.62464,39.330426],[-76.62464,39.330426],[-76.6246,39.330354],[-76.6246,39.330354],[-76.624597,39.33035],[-76.624595,39.330346],[-76.624595,39.330346],[-76.624561,39.330284],[-76.62456,39.330284],[-76.624556,39.330276],[-76.624494,39.330297],[-76.624473,39.330259],[-76.624463,39.330262],[-76.624463,39.330262],[-76.624384,39.330288],[-76.624384,39.330289],[-76.624343,39.330302],[-76.624343,39.330302],[-76.624294,39.330319],[-76.624294,39.330319],[-76.624289,39.330321],[-76.624283,39.330323],[-76.624283,39.330322],[-76.624204,39.330349],[-76.624204,39.330349],[-76.624199,39.330351],[-76.624193,39.330353],[-76.624193,39.330353],[-76.624114,39.330379],[-76.624114,39.33038],[-76.624013,39.330414],[-76.624013,39.330413],[-76.623934,39.33044],[-76.623934,39.33044],[-76.623924,39.330444],[-76.623925,39.330444],[-76.623541,39.330574],[-76.62351,39.330584],[-76.623516,39.330592],[-76.623516,39.330592],[-76.623515,39.330592],[-76.62352,39.330597],[-76.623522,39.3306],[-76.623522,39.3306],[-76.623522,39.3306],[-76.623521,39.3306],[-76.623521,39.3306],[-76.623492,39.330616],[-76.623556,39.330686],[-76.623566,39.33068],[-76.623567,39.33068],[-76.623567,39.33068],[-76.623567,39.33068],[-76.62358,39.330672],[-76.623582,39.330675],[-76.623679,39.330848],[-76.623728,39.330831],[-76.623747,39.330865]]],"crs":null},"id":224,"type":"Feature","properties":{"address":"3400 North Charles Street","below_grade":"N","levels_above_ground":null,"created_user":"portaladmin","name_alias":null,"primary_use":"Parking Garage","campus":"Homewood","image_url":"https://map.jhu.edu/Docs/Photos/BuildingPhotos/HomewoodCampus/SanMartinCenter(BuildingandGarage).JPG","height_relative":null,"globalid":"{3C85036F-376A-4C17-AC00-5B60E6C72B10}","last_edited_user":"portaladmin","archibus_id":"0091","name_long":"San Martin Garage","name":"San Martin Garage","site_id":"Homewood Campus","facility_id":"0091","last_edited_date":1762290934000,"validationstatus":2,"created_date":1762290934000,"SHAPE__Length":907.9784341611314,"objectid":224,"SHAPE__Area":37407.05950413586}},{"geometry":{"type":"Polygon","coordinates":[[[-76.615347,39.326437],[-76.615355,39.326565],[-76.615762,39.326549],[-76.615754,39.326421],[-76.615347,39.326437]]],"crs":null},"id":225,"type":"Feature","properties":{"address":"3115-3117 St Paul St","below_grade":"N","levels_above_ground":null,"created_user":"portaladmin","name_alias":null,"primary_use":"Mixed Use","campus":"Homewood Off","image_url":null,"height_relative":null,"globalid":"{D034CC42-2A6B-42F3-8E4A-F90C030F323A}","last_edited_user":"portaladmin","archibus_id":"0746","name_long":"3115-3117 St Paul St","name":"3115-3117 St Paul St","site_id":"Homewood Campus","facility_id":"0746","last_edited_date":1762290934000,"validationstatus":2,"created_date":1762290934000,"SHAPE__Length":324.2970092313669,"objectid":225,"SHAPE__Area":5391.612845554823}},{"geometry":{"type":"Polygon","coordinates":[[[-76.615765,39.326584],[-76.615436,39.326599],[-76.615456,39.32687],[-76.615785,39.326856],[-76.615765,39.326584]]],"crs":null},"id":226,"type":"Feature","properties":{"address":"3121 St Paul St","below_grade":"N","levels_above_ground":null,"created_user":"portaladmin","name_alias":null,"primary_use":"Mixed Use","campus":"Homewood Off","image_url":null,"height_relative":null,"globalid":"{8AA0995E-AD97-4494-97AC-5D00964BD676}","last_edited_user":"portaladmin","archibus_id":"0745","name_long":"3121 St Paul St","name":"3121 St Paul St","site_id":"Homewood Campus","facility_id":"0745","last_edited_date":1762290934000,"validationstatus":2,"created_date":1762290934000,"SHAPE__Length":384.41487911608556,"objectid":226,"SHAPE__Area":9227.676032970394}},{"geometry":{"type":"Polygon","coordinates":[[[-76.619008,39.330361],[-76.619032,39.33034],[-76.61901,39.330326],[-76.618987,39.330347],[-76.619008,39.330361]]],"crs":null},"id":227,"type":"Feature","properties":{"address":"3400 North Charles Street","below_grade":"N","levels_above_ground":null,"created_user":"portaladmin","name_alias":null,"primary_use":"Library","campus":"Homewood","image_url":"https://map.jhu.edu/Docs/Photos/BuildingPhotos/HomewoodCampus/HomewoodPrivy.JPG","height_relative":null,"globalid":"{00FFCBFC-0C3E-479D-948F-0E689F4B4B06}","last_edited_user":"portaladmin","archibus_id":"0048","name_long":"Privy","name":"Privy","site_id":"Homewood Campus","facility_id":"0048","last_edited_date":1762290934000,"validationstatus":2,"created_date":1762290934000,"SHAPE__Length":36.56390570414552,"objectid":227,"SHAPE__Area":82.17946033866723}},{"geometry":{"type":"Polygon","coordinates":[[[-76.616888,39.327419],[-76.616892,39.327476],[-76.617034,39.32747],[-76.617031,39.327423],[-76.61717,39.327417],[-76.617173,39.327464],[-76.617317,39.327458],[-76.617305,39.327288],[-76.61712,39.327295],[-76.617123,39.327338],[-76.617064,39.32734],[-76.617061,39.327297],[-76.61688,39.327305],[-76.616888,39.327419]]],"crs":null},"id":229,"type":"Feature","properties":{"address":"3209 North Charles St","below_grade":"N","levels_above_ground":null,"created_user":"portaladmin","name_alias":null,"primary_use":null,"campus":"Homewood Off","image_url":null,"height_relative":null,"globalid":"{FF9101C2-0443-4D42-924A-024094DBDD93}","last_edited_user":"portaladmin","archibus_id":"0951","name_long":"3209 North Charles St","name":"3209 North Charles St","site_id":"Homewood Campus","facility_id":"0951","last_edited_date":1762290934000,"validationstatus":2,"created_date":1762290934000,"SHAPE__Length":431.6448930313608,"objectid":229,"SHAPE__Area":6566.8397732750855}},{"geometry":{"type":"Polygon","coordinates":[[[-76.623386,39.32634],[-76.623401,39.326293],[-76.623415,39.326246],[-76.623411,39.326241],[-76.623416,39.326239],[-76.623453,39.326286],[-76.623479,39.326273],[-76.623464,39.326253],[-76.623462,39.326252],[-76.62346,39.326249],[-76.62346,39.326249],[-76.623458,39.326247],[-76.623456,39.326244],[-76.623454,39.326241],[-76.623452,39.326239],[-76.62345,39.326236],[-76.623446,39.326231],[-76.623444,39.326229],[-76.623442,39.326226],[-76.623447,39.326224],[-76.623457,39.326236],[-76.62349,39.326131],[-76.623355,39.326105],[-76.623364,39.326118],[-76.623361,39.32612],[-76.623295,39.326035],[-76.623452,39.325962],[-76.62341,39.325908],[-76.623262,39.325977],[-76.623253,39.325966],[-76.623366,39.325912],[-76.623365,39.325911],[-76.623368,39.325909],[-76.623201,39.325694],[-76.623099,39.325742],[-76.6231,39.325743],[-76.623102,39.325743],[-76.623105,39.325748],[-76.623106,39.325747],[-76.623111,39.325755],[-76.623111,39.325755],[-76.623121,39.325767],[-76.623113,39.325771],[-76.623113,39.325771],[-76.623104,39.325775],[-76.623104,39.325775],[-76.623095,39.325779],[-76.623088,39.325771],[-76.623083,39.325764],[-76.623081,39.325761],[-76.623079,39.325758],[-76.623077,39.325756],[-76.623075,39.325753],[-76.623073,39.325751],[-76.623071,39.325748],[-76.623069,39.325746],[-76.623067,39.325743],[-76.623065,39.32574],[-76.623063,39.325738],[-76.623061,39.325735],[-76.623059,39.325733],[-76.623058,39.325732],[-76.62305,39.325721],[-76.623023,39.325734],[-76.623048,39.325766],[-76.623062,39.325784],[-76.623068,39.325792],[-76.623058,39.325796],[-76.623058,39.325797],[-76.623049,39.325801],[-76.623049,39.325801],[-76.623042,39.325804],[-76.623032,39.325792],[-76.623032,39.325792],[-76.623026,39.325785],[-76.623027,39.325784],[-76.623023,39.32578],[-76.623024,39.325779],[-76.623023,39.325778],[-76.622923,39.325825],[-76.622924,39.325826],[-76.622923,39.325826],[-76.623061,39.326004],[-76.623139,39.326019],[-76.623207,39.325987],[-76.623215,39.325997],[-76.623161,39.326023],[-76.623205,39.326079],[-76.623267,39.32605],[-76.623332,39.326133],[-76.623329,39.326135],[-76.623325,39.326129],[-76.623248,39.326115],[-76.623193,39.32614],[-76.623145,39.326294],[-76.623386,39.32634]]],"crs":null},"id":230,"type":"Feature","properties":{"address":null,"below_grade":"N","levels_above_ground":null,"created_user":"portaladmin","name_alias":null,"primary_use":null,"campus":"Homewood","image_url":"https://map.jhu.edu/Docs/Photos/BuildingPhotos/HomewoodCampus/SNFAgoraDesign.JPG","height_relative":null,"globalid":"{0BE48BE8-38C8-4FA8-B8D5-1CEC39DCAEDC}","last_edited_user":"skline20@jh.edu","archibus_id":"0056","name_long":"SNF Agora","name":"SNF Agora","site_id":"Homewood Campus","facility_id":"0056","last_edited_date":1782835370430,"validationstatus":2,"created_date":1762290934000,"SHAPE__Length":1037.587455471251,"objectid":230,"SHAPE__Area":16348.067253463287}},{"geometry":{"type":"Polygon","coordinates":[[[-76.619049,39.334225],[-76.619049,39.334228],[-76.619049,39.334229],[-76.619057,39.334229],[-76.619059,39.334229],[-76.619062,39.334229],[-76.619065,39.334229],[-76.619069,39.334229],[-76.61911,39.334227],[-76.619123,39.334226],[-76.619138,39.334226],[-76.619164,39.334225],[-76.619183,39.334224],[-76.619219,39.334222],[-76.619223,39.334222],[-76.619227,39.334222],[-76.619227,39.334222],[-76.619232,39.334222],[-76.619235,39.334222],[-76.619238,39.334222],[-76.61924,39.334221],[-76.61924,39.334221],[-76.61924,39.33422],[-76.61924,39.334219],[-76.61924,39.334216],[-76.61924,39.334212],[-76.619236,39.334154],[-76.61923,39.334075],[-76.619226,39.334012],[-76.619221,39.333942],[-76.619216,39.333872],[-76.619212,39.333805],[-76.619207,39.33373],[-76.619203,39.333675],[-76.619088,39.33368],[-76.619073,39.333681],[-76.619065,39.333681],[-76.619056,39.333681],[-76.619047,39.333682],[-76.619038,39.333682],[-76.619028,39.333682],[-76.619019,39.333683],[-76.619015,39.333683],[-76.61902,39.333749],[-76.61903,39.333901],[-76.619042,39.3339],[-76.619058,39.333899],[-76.619059,39.333899],[-76.61906,39.333915],[-76.619057,39.333915],[-76.618924,39.33392],[-76.618855,39.333923],[-76.618847,39.333798],[-76.618679,39.333805],[-76.618687,39.333923],[-76.618623,39.333926],[-76.618623,39.333931],[-76.61837,39.333941],[-76.618379,39.334071],[-76.618692,39.334058],[-76.618701,39.334184],[-76.61887,39.334177],[-76.618862,39.334054],[-76.618925,39.334051],[-76.618996,39.334048],[-76.619057,39.334046],[-76.61907,39.334045],[-76.619071,39.334057],[-76.619062,39.334058],[-76.619038,39.334059],[-76.619038,39.334059],[-76.61904,39.334099],[-76.619044,39.334148],[-76.619046,39.334179],[-76.619046,39.334184],[-76.619046,39.334185],[-76.619046,39.334188],[-76.619046,39.334188],[-76.619047,39.33419],[-76.619047,39.334191],[-76.619047,39.334192],[-76.619047,39.334195],[-76.619049,39.334225],[-76.619049,39.334225]]],"crs":null},"id":233,"type":"Feature","properties":{"address":"3700 North Charles Street","below_grade":"N","levels_above_ground":null,"created_user":"portaladmin","name_alias":null,"primary_use":"Residence Hall","campus":"Homewood Off","image_url":"https://map.jhu.edu/Docs/Photos/BuildingPhotos/HomewoodCampus/TheAcademy.JPG","height_relative":null,"globalid":"{B52C3C32-441B-4BE7-BEF8-1AFD4924797A}","last_edited_user":"portaladmin","archibus_id":"0749","name_long":"The Academy on Charles","name":"The Academy on Charles","site_id":"Homewood Campus","facility_id":"0749","last_edited_date":1762290934000,"validationstatus":2,"created_date":1762290934000,"SHAPE__Length":1095.782298467808,"objectid":233,"SHAPE__Area":23800.251664267777}},{"geometry":{"type":"Polygon","coordinates":[[[-76.619561,39.33145],[-76.619765,39.331443],[-76.619764,39.331387],[-76.619558,39.331395],[-76.619561,39.33145]]],"crs":null},"id":235,"type":"Feature","properties":{"address":"3400 North Charles Street","below_grade":"Y","levels_above_ground":null,"created_user":"portaladmin","name_alias":"AMR 3-C","primary_use":"Residence Hall","campus":"Homewood Housing","image_url":null,"height_relative":null,"globalid":"{07C34076-AAD8-4A0B-94AF-C8A19EEB18AD}","last_edited_user":"portaladmin","archibus_id":"0059","name_long":"Alumni Memorial Residence 3-C","name":"Alumni Memorial Residence 3-C","site_id":"Homewood Campus","facility_id":"0059","last_edited_date":1762290934000,"validationstatus":6,"created_date":1762290934000,"SHAPE__Length":156.86831854395462,"objectid":235,"SHAPE__Area":1182.5962419694517}},{"geometry":{"type":"Polygon","coordinates":[[[-76.621104,39.326116],[-76.621954,39.326077],[-76.621948,39.325977],[-76.621965,39.325976],[-76.621963,39.325929],[-76.621771,39.325936],[-76.621769,39.32591],[-76.62161,39.325916],[-76.621609,39.325897],[-76.621571,39.325898],[-76.621572,39.325917],[-76.621271,39.325927],[-76.621273,39.325951],[-76.621077,39.325957],[-76.62108,39.32601],[-76.621098,39.326009],[-76.621104,39.326116]]],"crs":null},"id":236,"type":"Feature","properties":{"address":"3400 North Charles Street","below_grade":"Y","levels_above_ground":null,"created_user":"portaladmin","name_alias":null,"primary_use":"Parking Garage","campus":"Homewood","image_url":null,"height_relative":null,"globalid":"{382BFC44-F125-47C5-A6BE-6409C74A6C94}","last_edited_user":"portaladmin","archibus_id":"0083","name_long":"South Garage","name":"South Garage","site_id":"Homewood Campus","facility_id":"0083","last_edited_date":1762290934000,"validationstatus":6,"created_date":1762290934000,"SHAPE__Length":644.7576594293871,"objectid":236,"SHAPE__Area":14963.931775798806}},{"geometry":{"type":"Polygon","coordinates":[[[-76.618374,39.328195],[-76.618444,39.328141],[-76.618514,39.328195],[-76.618584,39.328141],[-76.61861,39.328162],[-76.618646,39.328135],[-76.618663,39.328148],[-76.618781,39.328057],[-76.61878,39.328057],[-76.618772,39.328051],[-76.618775,39.328049],[-76.618875,39.327971],[-76.618878,39.327969],[-76.618843,39.327942],[-76.618913,39.327888],[-76.618843,39.327833],[-76.618866,39.327816],[-76.618914,39.327779],[-76.618855,39.327733],[-76.618882,39.327713],[-76.618836,39.327677],[-76.618853,39.327664],[-76.618736,39.327572],[-76.618727,39.327579],[-76.618623,39.327497],[-76.618588,39.327524],[-76.618518,39.327469],[-76.618448,39.327523],[-76.618404,39.327489],[-76.618395,39.327482],[-76.618378,39.327469],[-76.618303,39.327527],[-76.618277,39.327506],[-76.618246,39.32753],[-76.618229,39.327516],[-76.618111,39.327607],[-76.61812,39.327614],[-76.618012,39.327696],[-76.618047,39.327724],[-76.617979,39.327776],[-76.618049,39.327831],[-76.617978,39.327885],[-76.618037,39.327931],[-76.61801,39.327951],[-76.618056,39.327987],[-76.618039,39.328],[-76.618121,39.328065],[-76.61813,39.328058],[-76.618269,39.328167],[-76.618304,39.32814],[-76.61835,39.328176],[-76.618374,39.328195]]],"crs":null},"id":238,"type":"Feature","properties":{"address":"3290 North Charles Street","below_grade":"N","levels_above_ground":null,"created_user":"portaladmin","name_alias":"The Mike","primary_use":null,"campus":"Homewood","image_url":"https://map.jhu.edu/Docs/Photos/BuildingPhotos/HomewoodCampus/HopkinsStudentCenterDesign.JPG","height_relative":null,"globalid":"{4F023A72-3203-434A-AF5D-08C1707D39BE}","last_edited_user":"portaladmin","archibus_id":"0062","name_long":"Bloomberg Student Center","name":"Bloomberg Student Center","site_id":"Homewood Campus","facility_id":"0062","last_edited_date":1762290934000,"validationstatus":6,"created_date":1762290934000,"SHAPE__Length":999.8270420497365,"objectid":238,"SHAPE__Area":49350.06582745217}},{"geometry":{"type":"Polygon","coordinates":[[[-76.623062,39.335628],[-76.623126,39.335569],[-76.623093,39.335547],[-76.623092,39.335547],[-76.623115,39.335526],[-76.623113,39.335525],[-76.623083,39.335505],[-76.622833,39.335341],[-76.622902,39.335278],[-76.622852,39.335246],[-76.62291,39.335193],[-76.622984,39.335124],[-76.623125,39.335175],[-76.623182,39.335081],[-76.623123,39.335059],[-76.623074,39.335041],[-76.623107,39.335011],[-76.623004,39.334944],[-76.622986,39.33496],[-76.622995,39.334966],[-76.622983,39.334978],[-76.622974,39.334972],[-76.622974,39.334972],[-76.6229,39.334923],[-76.622794,39.335021],[-76.622867,39.33507],[-76.622823,39.33511],[-76.622749,39.335179],[-76.622703,39.335149],[-76.622702,39.33515],[-76.622702,39.33515],[-76.622681,39.335169],[-76.62268,39.335169],[-76.622649,39.335198],[-76.622547,39.335291],[-76.623062,39.335628]]],"crs":null},"id":239,"type":"Feature","properties":{"address":null,"below_grade":"N","levels_above_ground":2,"created_user":"skline20@jh.edu","name_alias":"New ELC","primary_use":"Instruction","campus":null,"image_url":null,"height_relative":null,"globalid":"{59C2DF8C-2BD3-49E4-AE1E-F5AB1340C07F}","last_edited_user":"skline20@jh.edu","archibus_id":null,"name_long":"Homewood Early Learning Center","name":"Homewood Early Learning Center","site_id":"Homewood Campus","facility_id":"0095","last_edited_date":1784661919037,"validationstatus":null,"created_date":1784661579757,"SHAPE__Length":878.1305426405894,"objectid":239,"SHAPE__Area":16299.958594939477}}]}